{
"__comment": "Designed by Samasaurus6 with BDcraft Cubik PRO 0.96 Beta - http://bdcraft.net",
"elements": [ 
{
    "from": [ 4.5, 0, 4 ],
    "to": [ 12, 1.5, 12 ],
    "faces": {
        "down":  { "uv": [ 6, 0, 11, 6 ], "texture": "#ditto" },
        "up":    { "uv": [ 5, 0, 10, 6 ], "texture": "#ditto" },
        "north": { "uv": [ 5, 4.5, 10, 6 ], "texture": "#ditto" },
        "south": { "uv": [ 7, 5, 12, 6.5 ], "texture": "#ditto" },
        "west":  { "uv": [ 3.5, 3.5, 9.5, 5 ], "texture": "#ditto" },
        "east":  { "uv": [ 0, 1.5, 6, 3 ], "texture": "#ditto" }
    }
},
{
    "from": [ 4.6875, 0.0625, 3.125 ],
    "to": [ 10.1875, 1.3125, 10.125 ],
    "faces": {
        "down":  { "uv": [ 6, 0, 11, 6 ], "texture": "#ditto" },
        "up":    { "uv": [ 5, 0, 10, 6 ], "texture": "#ditto" },
        "north": { "uv": [ 5, 4.5, 10, 6 ], "texture": "#ditto" },
        "south": { "uv": [ 7, 5, 12, 6.5 ], "texture": "#ditto" },
        "west":  { "uv": [ 3.5, 3.5, 9.5, 5 ], "texture": "#ditto" },
        "east":  { "uv": [ 0, 1.5, 6, 3 ], "texture": "#ditto" }
    }
},
{
    "from": [ 5.375, 0, 6.4375 ],
    "to": [ 10.6875, 1.3125, 12.9375 ],
    "faces": {
        "down":  { "uv": [ 6, 0, 11, 6 ], "texture": "#ditto" },
        "up":    { "uv": [ 5, 0, 10, 6 ], "texture": "#ditto" },
        "north": { "uv": [ 5, 4.5, 10, 6 ], "texture": "#ditto" },
        "south": { "uv": [ 7, 5, 12, 6.5 ], "texture": "#ditto" },
        "west":  { "uv": [ 3.5, 3.5, 9.5, 5 ], "texture": "#ditto" },
        "east":  { "uv": [ 0, 1.5, 6, 3 ], "texture": "#ditto" }
    }
},
{
    "from": [ 5, 1.5, 4.5 ],
    "to": [ 10.875, 4.5, 11.5 ],
    "faces": {
        "down":  { "uv": [ 6, 0, 11, 6 ], "texture": "#ditto" },
        "up":    { "uv": [ 5, 0, 10, 6 ], "texture": "#ditto" },
        "north": { "uv": [ 5, 4.5, 10, 6 ], "texture": "#ditto" },
        "south": { "uv": [ 7, 5, 12, 6.5 ], "texture": "#ditto" },
        "west":  { "uv": [ 3.5, 3.5, 9.5, 5 ], "texture": "#ditto" },
        "east":  { "uv": [ 0, 1.5, 6, 3 ], "texture": "#ditto" }
    }
},
{
    "from": [ 6, 1.125, 5.5 ],
    "to": [ 9.9375, 4.0625, 12.5 ],
    "faces": {
        "down":  { "uv": [ 6, 0, 11, 6 ], "texture": "#ditto" },
        "up":    { "uv": [ 5, 0, 10, 6 ], "texture": "#ditto" },
        "north": { "uv": [ 5, 4.5, 10, 6 ], "texture": "#ditto" },
        "south": { "uv": [ 7, 5, 12, 6.5 ], "texture": "#ditto" },
        "west":  { "uv": [ 3.5, 3.5, 9.5, 5 ], "texture": "#ditto" },
        "east":  { "uv": [ 0, 1.5, 6, 3 ], "texture": "#ditto" }
    }
},
{
    "from": [ 5.125, 1.0625, 3.5625 ],
    "to": [ 9.625, 4.0625, 10.5625 ],
    "faces": {
        "down":  { "uv": [ 6, 0, 11, 6 ], "texture": "#ditto" },
        "up":    { "uv": [ 5, 0, 10, 6 ], "texture": "#ditto" },
        "north": { "uv": [ 5, 4.5, 10, 6 ], "texture": "#ditto" },
        "south": { "uv": [ 7, 5, 12, 6.5 ], "texture": "#ditto" },
        "west":  { "uv": [ 3.5, 3.5, 9.5, 5 ], "texture": "#ditto" },
        "east":  { "uv": [ 0, 1.5, 6, 3 ], "texture": "#ditto" }
    }
},
{
    "from": [ 5.5, 4.5, 4.75 ],
    "to": [ 10.375, 7.5, 10.75 ],
    "faces": {
        "down":  { "uv": [ 6, 0, 11, 6 ], "texture": "#ditto" },
        "up":    { "uv": [ 5, 0, 10, 6 ], "texture": "#ditto" },
        "north": { "uv": [ 5, 4.5, 10, 6 ], "texture": "#ditto" },
        "south": { "uv": [ 7, 5, 12, 6.5 ], "texture": "#ditto" },
        "west":  { "uv": [ 3.5, 3.5, 9.5, 5 ], "texture": "#ditto" },
        "east":  { "uv": [ 0, 1.5, 6, 3 ], "texture": "#ditto" }
    }
},
{
    "from": [ 6, 6.4375, 9.3125 ],
    "to": [ 10, 8.4375, 11.3125 ],
    "rotation": { "origin": [ 6, 8.4375, 9.3125 ], "axis": "x", "angle": 45 },
    "faces": {
        "down":  { "uv": [ 6.5, 2, 10.5, 4.5 ], "texture": "#ditto" },
        "up":    { "uv": [ 6.5, 2, 10.5, 4.5 ], "texture": "#ditto" },
        "north": { "uv": [ 6.5, 6, 10.5, 7 ], "texture": "#ditto" },
        "south": { "uv": [ 6.5, 6, 10.5, 7 ], "texture": "#ditto" },
        "west":  { "uv": [ 8.5, 6.5, 11, 7.5 ], "texture": "#ditto" },
        "east":  { "uv": [ 8.5, 6.5, 11, 7.5 ], "texture": "#ditto" }
    }
},
{
    "from": [ 6, 4.75, 4.875 ],
    "to": [ 10, 7.25, 7.375 ],
    "rotation": { "origin": [ 6, 7.25, 4.875 ], "axis": "x", "angle": -45 },
    "faces": {
        "down":  { "uv": [ 6.5, 2, 10.5, 4.5 ], "texture": "#ditto" },
        "up":    { "uv": [ 6.5, 2, 10.5, 4.5 ], "texture": "#ditto" },
        "north": { "uv": [ 6.5, 6, 10.5, 7 ], "texture": "#ditto" },
        "south": { "uv": [ 6.5, 6, 10.5, 7 ], "texture": "#ditto" },
        "west":  { "uv": [ 8.5, 6.5, 11, 7.5 ], "texture": "#ditto" },
        "east":  { "uv": [ 8.5, 6.5, 11, 7.5 ], "texture": "#ditto" }
    }
},
{
    "from": [ 5.4375, 5, 5 ],
    "to": [ 5.5, 6.75, 10.375 ],
    "faces": {
        "west":  { "uv": [ 2.5, 10.5, 15, 15 ], "texture": "#ditto" },
        "east":  { "uv": [ 6, 9, 10.5, 11 ], "texture": "#ditto" }
    }
},
{
    "from": [ 6.0625, 4, 5.8125 ],
    "to": [ 10.0625, 7, 11.8125 ],
    "faces": {
        "down":  { "uv": [ 6, 0, 11, 6 ], "texture": "#ditto" },
        "up":    { "uv": [ 5, 0, 10, 6 ], "texture": "#ditto" },
        "north": { "uv": [ 5, 4.5, 10, 6 ], "texture": "#ditto" },
        "south": { "uv": [ 7, 5, 12, 6.5 ], "texture": "#ditto" },
        "west":  { "uv": [ 3.5, 3.5, 9.5, 5 ], "texture": "#ditto" },
        "east":  { "uv": [ 0, 1.5, 6, 3 ], "texture": "#ditto" }
    }
},
{
    "from": [ 5.5625, 3.4375, 4.0625 ],
    "to": [ 9.5625, 6.4375, 10.0625 ],
    "faces": {
        "down":  { "uv": [ 6, 0, 11, 6 ], "texture": "#ditto" },
        "up":    { "uv": [ 5, 0, 10, 6 ], "texture": "#ditto" },
        "north": { "uv": [ 5, 4.5, 10, 6 ], "texture": "#ditto" },
        "south": { "uv": [ 7, 5, 12, 6.5 ], "texture": "#ditto" },
        "west":  { "uv": [ 3.5, 3.5, 9.5, 5 ], "texture": "#ditto" },
        "east":  { "uv": [ 0, 1.5, 6, 3 ], "texture": "#ditto" }
    }
},
{
    "from": [ 4.375, 0, 5.0625 ],
    "to": [ 6.625, 4.0625, 10.5625 ],
    "faces": {
        "down":  { "uv": [ 6, 0, 11, 6 ], "texture": "#ditto" },
        "up":    { "uv": [ 5, 0, 10, 6 ], "texture": "#ditto" },
        "north": { "uv": [ 5, 4.5, 10, 6 ], "texture": "#ditto" },
        "south": { "uv": [ 7, 5, 12, 6.5 ], "texture": "#ditto" },
        "west":  { "uv": [ 3.5, 3.5, 9.5, 5 ], "texture": "#ditto" },
        "east":  { "uv": [ 0, 1.5, 6, 3 ], "texture": "#ditto" }
    }
},
{
    "from": [ 6.3125, 3.4375, 10.4375 ],
    "to": [ 9.8125, 6.4375, 11.9375 ],
    "rotation": { "origin": [ 6.3125, 6.4375, 10.4375 ], "axis": "x", "angle": -22.5 },
    "faces": {
        "down":  { "uv": [ 6, 0, 11, 6 ], "texture": "#ditto" },
        "up":    { "uv": [ 5, 0, 10, 6 ], "texture": "#ditto" },
        "north": { "uv": [ 5, 4.5, 10, 6 ], "texture": "#ditto" },
        "south": { "uv": [ 7, 5, 12, 6.5 ], "texture": "#ditto" },
        "west":  { "uv": [ 3.5, 3.5, 9.5, 5 ], "texture": "#ditto" },
        "east":  { "uv": [ 0, 1.5, 6, 3 ], "texture": "#ditto" }
    }
},
{
    "from": [ 6.5, 3.9375, 11.125 ],
    "to": [ 9.4375, 6.4375, 13.625 ],
    "rotation": { "origin": [ 6.5, 6.4375, 11.125 ], "axis": "x", "angle": -22.5 },
    "faces": {
        "down":  { "uv": [ 6, 0, 11, 6 ], "texture": "#ditto" },
        "up":    { "uv": [ 5, 0, 10, 6 ], "texture": "#ditto" },
        "north": { "uv": [ 5, 4.5, 10, 6 ], "texture": "#ditto" },
        "south": { "uv": [ 7, 5, 12, 6.5 ], "texture": "#ditto" },
        "west":  { "uv": [ 3.5, 3.5, 9.5, 5 ], "texture": "#ditto" },
        "east":  { "uv": [ 0, 1.5, 6, 3 ], "texture": "#ditto" }
    }
},
{
    "from": [ 6.1875, 5.0625, 5.125 ],
    "to": [ 9.6875, 8.0625, 7.625 ],
    "rotation": { "origin": [ 6.1875, 8.0625, 5.125 ], "axis": "x", "angle": 45 },
    "faces": {
        "down":  { "uv": [ 6, 0, 11, 6 ], "texture": "#ditto" },
        "up":    { "uv": [ 5, 0, 10, 6 ], "texture": "#ditto" },
        "north": { "uv": [ 5, 4.5, 10, 6 ], "texture": "#ditto" },
        "south": { "uv": [ 7, 5, 12, 6.5 ], "texture": "#ditto" },
        "west":  { "uv": [ 3.5, 3.5, 9.5, 5 ], "texture": "#ditto" },
        "east":  { "uv": [ 0, 1.5, 6, 3 ], "texture": "#ditto" }
    }
},
{
    "from": [ 6.4375, 4.25, 2 ],
    "to": [ 9.375, 7.25, 4.5 ],
    "rotation": { "origin": [ 6.4375, 7.25, 2 ], "axis": "x", "angle": -45 },
    "faces": {
        "down":  { "uv": [ 6, 0, 11, 6 ], "texture": "#ditto" },
        "up":    { "uv": [ 5, 0, 10, 6 ], "texture": "#ditto" },
        "north": { "uv": [ 5, 4.5, 10, 6 ], "texture": "#ditto" },
        "south": { "uv": [ 7, 5, 12, 6.5 ], "texture": "#ditto" },
        "west":  { "uv": [ 3.5, 3.5, 9.5, 5 ], "texture": "#ditto" },
        "east":  { "uv": [ 0, 1.5, 6, 3 ], "texture": "#ditto" }
    }
},
{
    "from": [ 3.875, 0, 4.5 ],
    "to": [ 6.125, 2.4375, 11.1875 ],
    "faces": {
        "down":  { "uv": [ 6, 0, 11, 6 ], "texture": "#ditto" },
        "up":    { "uv": [ 5, 0, 10, 6 ], "texture": "#ditto" },
        "north": { "uv": [ 5, 4.5, 10, 6 ], "texture": "#ditto" },
        "south": { "uv": [ 7, 5, 12, 6.5 ], "texture": "#ditto" },
        "west":  { "uv": [ 3.5, 3.5, 9.5, 5 ], "texture": "#ditto" },
        "east":  { "uv": [ 0, 1.5, 6, 3 ], "texture": "#ditto" }
    }
},
{
    "from": [ 9.875, 2.1875, 5.8125 ],
    "to": [ 11.1875, 6.1875, 10.3125 ],
    "faces": {
        "down":  { "uv": [ 6, 0, 11, 6 ], "texture": "#ditto" },
        "up":    { "uv": [ 5, 0, 10, 6 ], "texture": "#ditto" },
        "north": { "uv": [ 5, 4.5, 10, 6 ], "texture": "#ditto" },
        "south": { "uv": [ 7, 5, 12, 6.5 ], "texture": "#ditto" },
        "west":  { "uv": [ 3.5, 3.5, 9.5, 5 ], "texture": "#ditto" },
        "east":  { "uv": [ 0, 1.5, 6, 3 ], "texture": "#ditto" }
    }
},
{
    "from": [ 10.5, 0.4375, 5 ],
    "to": [ 11.5, 3.4375, 11 ],
    "faces": {
        "down":  { "uv": [ 6, 0, 11, 6 ], "texture": "#ditto" },
        "up":    { "uv": [ 5, 0, 10, 6 ], "texture": "#ditto" },
        "north": { "uv": [ 5, 4.5, 10, 6 ], "texture": "#ditto" },
        "south": { "uv": [ 7, 5, 12, 6.5 ], "texture": "#ditto" },
        "west":  { "uv": [ 3.5, 3.5, 9.5, 5 ], "texture": "#ditto" },
        "east":  { "uv": [ 0, 1.5, 6, 3 ], "texture": "#ditto" }
    }
}
],
	"display": {
		"thirdperson_lefthand": {
			"rotation":  [ 70, 90, 0 ],
			"translation":  [ -6, -2.8, 8.3 ],
			"scale":  [ 1.8, 2.5, 1.8 ]
		},
		"head": {
			"rotation":  [ 0, -90, 0 ],
			"translation":  [ 0, -14.6, 0.25 ],
			"scale":  [ 3, 4, 3 ]
		},
        "thirdperson_righthand": {
			"rotation":  [ 70, -90, 0 ],
			"translation":  [ -6, -2.8, 8.3 ],
			"scale":  [ 1.8, 2.5, 1.8 ]
		},
        "firstperson_righthand": {
			"scale":  [ 0, 0, 0 ]
		},
		"firstperson_lefthand": {
			"scale":  [ 0, 0, 0 ]
		},
		"gui": {
			"scale":  [ 0, 0, 0 ]
		},
		"ground": {
			"scale":  [ 0, 0, 0 ]
		}
	}
}