{
	"__comment": "Designed by Samasaurus6 with BDcraft Cubik PRO 0.96 Beta - http://bdcraft.net",
	"elements": [ 	 
		{
			"from": [ 3.5, 2.625, 7 ],
			"to": [ 6.625, 5.5, 10 ],
			"faces": {
				"down": { "uv": [ 7, 9, 4, 6 ], "texture": "#eeveebody", "rotation": 180 },
				"up": { "uv": [ 9, 6, 12, 9 ], "texture": "#eeveebody", "rotation": 180 },
				"north": { "uv": [ 9, 10.5, 12, 13.5 ], "texture": "#eeveebody" },
				"south": { "uv": [ 4, 10.5, 7, 13.5 ], "texture": "#eeveebody" },
				"west": { "uv": [ 7, 10.5, 10, 13.5 ], "texture": "#eeveebody" },
				"east": { "uv": [ 6, 10.5, 9, 13.5 ], "texture": "#eeveebody" }
			}
		},
		{
			"from": [ 3.5, 3, 10 ],
			"to": [ 6, 5.5, 10.5 ],
			"faces": {
				"down": { "uv": [ 7, 6, 4, 5.5 ], "texture": "#eeveebody", "rotation": 180 },
				"up": { "uv": [ 9, 5.5, 12, 6 ], "texture": "#eeveebody", "rotation": 180 },
				"north": { "uv": [ 9, 10.5, 12, 13.5 ], "texture": "#eeveebody" },
				"south": { "uv": [ 4, 10.5, 7, 13.5 ], "texture": "#eeveebody" },
				"west": { "uv": [ 10, 10.5, 10.5, 13.5 ], "texture": "#eeveebody" },
				"east": { "uv": [ 5.5, 10.5, 6, 13.5 ], "texture": "#eeveebody" }
			}
		},
		{
			"from": [ 3.5, 3, 6.5 ],
			"to": [ 6.5, 5.5, 7 ],
			"faces": {
				"down": { "uv": [ 7, 9.5, 4, 9 ], "texture": "#eeveebody", "rotation": 180 },
				"up": { "uv": [ 9, 9, 12, 9.5 ], "texture": "#eeveebody", "rotation": 180 },
				"north": { "uv": [ 9, 10.5, 12, 13.5 ], "texture": "#eeveebody" },
				"south": { "uv": [ 4, 10.5, 7, 13.5 ], "texture": "#eeveebody" },
				"west": { "uv": [ 6.5, 10.5, 7, 13.5 ], "texture": "#eeveebody" },
				"east": { "uv": [ 9, 10.5, 9.5, 13.5 ], "texture": "#eeveebody" }
			}
		},
		{
			"from": [ 3.5, 5.3125, 6.9375 ],
			"to": [ 6.0625, 6.125, 9.9375 ],
			"faces": {
				"down": { "uv": [ 7, 9, 4, 6 ], "texture": "#eeveebody", "rotation": 180 },
				"up": { "uv": [ 9, 6, 12, 9 ], "texture": "#eeveebody", "rotation": 180 },
				"north": { "uv": [ 9, 10, 12, 10.5 ], "texture": "#eeveebody" },
				"south": { "uv": [ 4, 10, 7, 10.5 ], "texture": "#eeveebody" },
				"west": { "uv": [ 7, 10, 10, 10.5 ], "texture": "#eeveebody" },
				"east": { "uv": [ 6, 10, 9, 10.5 ], "texture": "#eeveebody" }
			}
		},
		{
			"from": [ 3.5, 2.9375, 7.1875 ],
			"to": [ 5, 3.4375, 9.6875 ],
			"rotation": { "origin": [ 3.5, 3.4375, 7.1875 ], "axis": "z", "angle": -45 },
			"faces": {
				"down": { "uv": [ 7, 9, 4, 6 ], "texture": "#eeveebody", "rotation": 180 },
				"up": { "uv": [ 9, 6, 12, 9 ], "texture": "#eeveebody", "rotation": 180 },
				"north": { "uv": [ 9, 13.5, 12, 14 ], "texture": "#eeveebody" },
				"south": { "uv": [ 4, 13.5, 7, 14 ], "texture": "#eeveebody" },
				"west": { "uv": [ 7, 13.5, 10, 14 ], "texture": "#eeveebody" },
				"east": { "uv": [ 6, 13.5, 9, 14 ], "texture": "#eeveebody" }
			}
		},
		{
			"from": [ 5.9375, 2.75, 7 ],
			"to": [ 6.375, 5.8125, 10 ],
			"faces": {
				"down": { "uv": [ 7.5, 9, 7, 6 ], "texture": "#eeveebody", "rotation": 180 },
				"up": { "uv": [ 8.5, 6, 9, 9 ], "texture": "#eeveebody", "rotation": 180 },
				"north": { "uv": [ 8.5, 10.5, 9, 13.5 ], "texture": "#eeveebody" },
				"south": { "uv": [ 7, 10.5, 7.5, 13.5 ], "texture": "#eeveebody" },
				"west": { "uv": [ 7, 10.5, 10, 13.5 ], "texture": "#eeveebody" },
				"east": { "uv": [ 6, 10.5, 9, 13.5 ], "texture": "#eeveebody" }
			}
		},
		{
			"from": [ 2.5, 2.625, 7 ],
			"to": [ 3.5625, 4, 10 ],
			"faces": {
				"down": { "uv": [ 4, 9, 3, 6 ], "texture": "#eeveebody", "rotation": 180 },
				"up": { "uv": [ 12, 6, 13, 9 ], "texture": "#eeveebody", "rotation": 180 },
				"north": { "uv": [ 12, 11.5, 13, 13.5 ], "texture": "#eeveebody" },
				"south": { "uv": [ 3, 11.5, 4, 13.5 ], "texture": "#eeveebody" },
				"west": { "uv": [ 7, 11.5, 10, 13.5 ], "texture": "#eeveebody" },
				"east": { "uv": [ 6, 11.5, 9, 13.5 ], "texture": "#eeveebody" }
			}
		},
		{
			"from": [ 3, 4, 7 ],
			"to": [ 3.5, 5.5, 10 ],
			"faces": {
				"down": { "uv": [ 4, 9, 3.5, 6 ], "texture": "#eeveebody", "rotation": 180 },
				"up": { "uv": [ 12, 6, 12.5, 9 ], "texture": "#eeveebody", "rotation": 180 },
				"north": { "uv": [ 12, 10.5, 12.5, 11.5 ], "texture": "#eeveebody" },
				"south": { "uv": [ 3.5, 10.5, 4, 11.5 ], "texture": "#eeveebody" },
				"west": { "uv": [ 7, 10.5, 10, 11.5 ], "texture": "#eeveebody" },
				"east": { "uv": [ 6, 10.5, 9, 11.5 ], "texture": "#eeveebody" }
			}
		},
		{
			"from": [ 5.5, 0.5, 6.75 ],
			"to": [ 9.5, 3.5, 10.25 ],
			"faces": {
				"down": { "uv": [ 7.5, 10.25, 3.5, 6.75 ], "texture": "#eeveebody" },
				"up": { "uv": [ 8.5, 6.75, 12.5, 10.25 ], "texture": "#eeveebody" },
				"north": { "uv": [ 3.5, 10.9375, 7.5, 14.9375 ], "texture": "#eeveebody" },
				"south": { "uv": [ 8.5, 10.9375, 12.5, 14.9375 ], "texture": "#eeveebody" },
				"west": { "uv": [ 6.75, 10.9375, 10.25, 14.9375 ], "texture": "#eeveebody" },
				"east": { "uv": [ 5.75, 10.9375, 9.25, 14.9375 ], "texture": "#eeveebody" }
			}
		},
		{
			"from": [ 8.125, 0.375, 6.6875 ],
			"to": [ 11.3125, 3.5, 10.3125 ],
			"faces": {
				"down": { "uv": [ 7.5, 10.25, 3.5, 6.75 ], "texture": "#eeveebody" },
				"up": { "uv": [ 8.5, 6.75, 12.5, 10.25 ], "texture": "#eeveebody" },
				"north": { "uv": [ 3.5, 10.9375, 7.5, 14.9375 ], "texture": "#eeveebody" },
				"south": { "uv": [ 8.5, 10.9375, 12.5, 14.9375 ], "texture": "#eeveebody" },
				"west": { "uv": [ 6.75, 10.9375, 10.25, 14.9375 ], "texture": "#eeveebody" },
				"east": { "uv": [ 5.75, 10.9375, 9.25, 14.9375 ], "texture": "#eeveebody" }
			}
		},
		{
			"from": [ 3.5, -0.3125, 6.9375 ],
			"to": [ 8.4375, 1.875, 10.0625 ],
			"rotation": { "origin": [ 3.5, 1.875, 6.9375 ], "axis": "z", "angle": 45 },
			"faces": {
				"down": { "uv": [ 12.5, 6.5, 8, 2.5 ], "texture": "#eeveehairs" },
				"up": { "uv": [ 3.5, 2.5, 8, 6.5 ], "texture": "#eeveehairs" },
				"north": { "uv": [ 8, 3, 12.5, 5.5 ], "texture": "#eeveehairs" },
				"south": { "uv": [ 3.5, 3, 8, 5.5 ], "texture": "#eeveehairs" },
				"west": { "uv": [ 2.5, 3, 6.5, 5.5 ], "texture": "#eeveehairs" },
				"east": { "uv": [ 9.5, 3, 13.5, 5.5 ], "texture": "#eeveehairs" }
			}
		},
		{
			"from": [ 11.5625, 3.125, 6.8125 ],
			"to": [ 14.5, 5.5, 10.125 ],
			"rotation": { "origin": [ 11.5625, 5.5, 6.8125 ], "axis": "z", "angle": -45 },
			"faces": {
				"down": { "uv": [ 5.75, 10, 3.25, 7 ], "texture": "#eeveebody" },
				"up": { "uv": [ 10.25, 7, 12.75, 10 ], "texture": "#eeveebody" },
				"north": { "uv": [ 3.25, 11.5, 5.75, 14 ], "texture": "#eeveebody" },
				"south": { "uv": [ 10.25, 11.5, 12.75, 14 ], "texture": "#eeveebody" },
				"west": { "uv": [ 7, 11.5, 10, 14 ], "texture": "#eeveebody" },
				"east": { "uv": [ 6, 11.5, 9, 14 ], "texture": "#eeveebody" }
			}
		},
		{
			"from": [ 11.5, 3.5, 7.3125 ],
			"to": [ 13.5, 6, 9.6875 ],
			"faces": {
				"down": { "uv": [ 5.1875, 9.6875, 2.8125, 7.3125 ], "texture": "#eeveehairs" },
				"up": { "uv": [ 10.8125, 7.3125, 13.1875, 9.6875 ], "texture": "#eeveehairs" },
				"north": { "uv": [ 2.8125, 10.5625, 5.1875, 12.3125 ], "texture": "#eeveehairs" },
				"south": { "uv": [ 10.8125, 10.5625, 13.1875, 12.3125 ], "texture": "#eeveehairs" },
				"west": { "uv": [ 7.3125, 10.5625, 9.6875, 12.3125 ], "texture": "#eeveehairs" },
				"east": { "uv": [ 6.3125, 10.5625, 8.6875, 12.3125 ], "texture": "#eeveehairs" }
			}
		},
		{
			"from": [ 10.9375, 4.125, 8 ],
			"to": [ 12.4375, 6.125, 9 ],
			"rotation": { "origin": [ 10.9375, 6.125, 8 ], "axis": "z", "angle": 45 },
			"faces": {
				"down": { "uv": [ 4.875, 9, 3.4375, 8 ], "texture": "#eeveehairs" },
				"up": { "uv": [ 11.125, 8, 12.5625, 9 ], "texture": "#eeveehairs" },
				"north": { "uv": [ 3.4375, 8.9375, 4.875, 10.4375 ], "texture": "#eeveehairs" },
				"south": { "uv": [ 11.125, 8.9375, 12.5625, 10.4375 ], "texture": "#eeveehairs" },
				"west": { "uv": [ 8, 8.9375, 9, 10.4375 ], "texture": "#eeveehairs" },
				"east": { "uv": [ 7, 8.9375, 8, 10.4375 ], "texture": "#eeveehairs" }
			}
		},
		{
			"from": [ 6, -0.5, 7 ],
			"to": [ 7, 1, 8 ],
			"faces": {
				"down": { "uv": [ 10, 8, 9, 7 ], "texture": "#eeveebody" },
				"up": { "uv": [ 6, 7, 7, 8 ], "texture": "#eeveebody" },
				"north": { "uv": [ 9, 15, 10, 16 ], "texture": "#eeveebody" },
				"south": { "uv": [ 6, 15, 7, 16 ], "texture": "#eeveebody" },
				"west": { "uv": [ 7, 15, 8, 16 ], "texture": "#eeveebody" },
				"east": { "uv": [ 8, 15, 9, 16 ], "texture": "#eeveebody" }
			}
		},
		{
			"from": [ 10, -0.5, 7 ],
			"to": [ 11, 1, 8 ],
			"faces": {
				"down": { "uv": [ 6, 8, 5, 7 ], "texture": "#eeveebody" },
				"up": { "uv": [ 10, 7, 11, 8 ], "texture": "#eeveebody" },
				"north": { "uv": [ 5, 15, 6, 16 ], "texture": "#eeveebody" },
				"south": { "uv": [ 10, 15, 11, 16 ], "texture": "#eeveebody" },
				"west": { "uv": [ 7, 15, 8, 16 ], "texture": "#eeveebody" },
				"east": { "uv": [ 8, 15, 9, 16 ], "texture": "#eeveebody" }
			}
		},
		{
			"from": [ 6, -0.5, 9 ],
			"to": [ 7, 1, 10 ],
			"faces": {
				"down": { "uv": [ 10, 10, 9, 9 ], "texture": "#eeveebody" },
				"up": { "uv": [ 6, 9, 7, 10 ], "texture": "#eeveebody" },
				"north": { "uv": [ 9, 15, 10, 16 ], "texture": "#eeveebody" },
				"south": { "uv": [ 6, 15, 7, 16 ], "texture": "#eeveebody" },
				"west": { "uv": [ 9, 15, 10, 16 ], "texture": "#eeveebody" },
				"east": { "uv": [ 6, 15, 7, 16 ], "texture": "#eeveebody" }
			}
		},
		{
			"from": [ 10, -0.5, 9 ],
			"to": [ 11, 1, 10 ],
			"faces": {
				"down": { "uv": [ 6, 10, 5, 9 ], "texture": "#eeveebody" },
				"up": { "uv": [ 10, 9, 11, 10 ], "texture": "#eeveebody" },
				"north": { "uv": [ 5, 15, 6, 16 ], "texture": "#eeveebody" },
				"south": { "uv": [ 10, 15, 11, 16 ], "texture": "#eeveebody" },
				"west": { "uv": [ 9, 15, 10, 16 ], "texture": "#eeveebody" },
				"east": { "uv": [ 6, 15, 7, 16 ], "texture": "#eeveebody" }
			}
		},
		{
			"from": [ 2.4375, 3.4375, 8.625 ],
			"to": [ 2.5, 3.5, 9.125 ],
			"faces": {
				"west": { "uv": [ 6, 5, 7, 6 ], "texture": "#eeveeeye" }
			}
		},
		{
			"from": [ 2.4375, 3.4375, 7.875 ],
			"to": [ 2.5, 3.5, 8.375 ],
			"faces": {
				"west": { "uv": [ 6, 5, 7, 6 ], "texture": "#eeveeeye" }
			}
		},
		{
			"from": [ 2.4375, 3.5, 8.375 ],
			"to": [ 2.5, 3.5625, 8.625 ],
			"faces": {
				"west": { "uv": [ 6, 5, 7, 6 ], "texture": "#eeveeeye" }
			}
		},
		{
			"from": [ 2.4375, 3.5, 9.125 ],
			"to": [ 2.5, 3.625, 9.1875 ],
			"faces": {
				"west": { "uv": [ 6, 5, 7, 6 ], "texture": "#eeveeeye" }
			}
		},
		{
			"from": [ 2.4375, 3.5, 7.8125 ],
			"to": [ 2.5, 3.625, 7.875 ],
			"faces": {
				"west": { "uv": [ 6, 5, 7, 6 ], "texture": "#eeveeeye" }
			}
		},
		{
			"from": [ 4.625, -0.0115, 7.1875 ],
			"to": [ 8.125, 2.238497, 11 ],
			"rotation": { "origin": [ 4.625, 2.23851, 7.1875 ], "axis": "z", "angle": 45 },
			"faces": {
				"down": { "uv": [ 12.5, 6.5, 8, 2.5 ], "texture": "#eeveehairs" },
				"up": { "uv": [ 3.5, 2.5, 8, 6.5 ], "texture": "#eeveehairs" },
				"north": { "uv": [ 8, 3, 12.5, 5.5 ], "texture": "#eeveehairs" },
				"south": { "uv": [ 3.5, 3, 8, 5.5 ], "texture": "#eeveehairs" },
				"west": { "uv": [ 2.5, 3, 6.5, 5.5 ], "texture": "#eeveehairs" },
				"east": { "uv": [ 9.5, 3, 13.5, 5.5 ], "texture": "#eeveehairs" }
			}
		},
		{
			"from": [ 4.625, -0.0115, 6.0625 ],
			"to": [ 8, 2.238497, 9.875 ],
			"rotation": { "origin": [ 4.625, 2.23851, 6.0625 ], "axis": "z", "angle": 45 },
			"faces": {
				"down": { "uv": [ 12.5, 6.5, 8, 2.5 ], "texture": "#eeveehairs" },
				"up": { "uv": [ 3.5, 2.5, 8, 6.5 ], "texture": "#eeveehairs" },
				"north": { "uv": [ 8, 3, 12.5, 5.5 ], "texture": "#eeveehairs" },
				"south": { "uv": [ 3.5, 3, 8, 5.5 ], "texture": "#eeveehairs" },
				"west": { "uv": [ 2.5, 3, 6.5, 5.5 ], "texture": "#eeveehairs" },
				"east": { "uv": [ 9.5, 3, 13.5, 5.5 ], "texture": "#eeveehairs" }
			}
		},
		{
			"from": [ 2.4375, 3.875, 8.3125 ],
			"to": [ 3, 4.25, 8.6875 ],
			"faces": {
				"down": { "uv": [ 13.5625, 8.75, 13, 8.1875 ], "texture": "#eeveeeye" },
				"up": { "uv": [ 2.4375, 8.1875, 3, 8.75 ], "texture": "#eeveeeye" },
				"north": { "uv": [ 13, 11.8125, 13.5625, 12.125 ], "texture": "#eeveeeye" },
				"south": { "uv": [ 2.4375, 11.8125, 3, 12.125 ], "texture": "#eeveeeye" },
				"west": { "uv": [ 8.1875, 11.8125, 8.75, 12.125 ], "texture": "#eeveeeye" },
				"east": { "uv": [ 7.25, 11.8125, 7.8125, 12.125 ], "texture": "#eeveeeye" }
			}
		},
		{
			"from": [ 10, 2, 7.3125 ],
			"to": [ 11.9375, 3.3125, 9.8125 ],
			"faces": {
				"down": { "uv": [ 5.75, 10, 3.25, 7 ], "texture": "#eeveebody" },
				"up": { "uv": [ 10.25, 7, 12.75, 10 ], "texture": "#eeveebody" },
				"north": { "uv": [ 3.25, 11.5, 5.75, 14 ], "texture": "#eeveebody" },
				"south": { "uv": [ 10.25, 11.5, 12.75, 14 ], "texture": "#eeveebody" },
				"west": { "uv": [ 7, 11.5, 10, 14 ], "texture": "#eeveebody" },
				"east": { "uv": [ 6, 11.5, 9, 14 ], "texture": "#eeveebody" }
			}
		},
		{
			"from": [ 8.625, 3.1875, 7 ],
			"to": [ 11.125, 3.6875, 10.0625 ],
			"faces": {
				"down": { "uv": [ 7.375, 10.0625, 4.875, 7 ], "texture": "#eeveebody" },
				"up": { "uv": [ 8.625, 7, 11.125, 10.0625 ], "texture": "#eeveebody" },
				"north": { "uv": [ 4.875, 12.3125, 7.375, 12.8125 ], "texture": "#eeveebody" },
				"south": { "uv": [ 8.625, 12.3125, 11.125, 12.8125 ], "texture": "#eeveebody" },
				"west": { "uv": [ 7, 12.3125, 10.0625, 12.8125 ], "texture": "#eeveebody" },
				"east": { "uv": [ 5.9375, 12.3125, 9, 12.8125 ], "texture": "#eeveebody" }
			}
		},
		{
			"from": [ 11.118, 6.125, 8 ],
			"to": [ 12.1805, 7.25, 9 ],
			"rotation": { "origin": [ 11.118, 7.25, 8 ], "axis": "z", "angle": -22.5 },
			"faces": {
				"down": { "uv": [ 4.375, 5.5, 3.375, 4.5 ], "texture": "#eeveehairs" },
				"up": { "uv": [ 11.625, 4.5, 12.625, 5.5 ], "texture": "#eeveehairs" },
				"north": { "uv": [ 3.375, 8.875, 4.375, 9.875 ], "texture": "#eeveehairs" },
				"south": { "uv": [ 11.625, 8.875, 12.625, 9.875 ], "texture": "#eeveehairs" },
				"west": { "uv": [ 4.5, 8.875, 5.5, 9.875 ], "texture": "#eeveehairs" },
				"east": { "uv": [ 10.5, 8.875, 11.5, 9.875 ], "texture": "#eeveehairs" }
			}
		},
		{
			"from": [ 2.9375, 4, 7.1875 ],
			"to": [ 3, 5.0625, 7.8125 ],
			"faces": {
				"west": { "uv": [ 5, 3, 12, 13 ], "texture": "#eeveeeye3" }
			}
		},
		{
			"from": [ 2.9375, 4, 9.1875 ],
			"to": [ 3, 5.0625, 9.8125 ],
			"faces": {
				"west": { "uv": [ 12, 3, 5, 13 ], "texture": "#eeveeeye3" }
			}
		},
		{
			"from": [ 4.9375, 4.75, 9.125 ],
			"to": [ 5, 9.25, 12.625 ],
			"faces": {
				"west": { "uv": [ 0, 0, 15.5, 16 ], "texture": "#eeveeear" },
				"east": { "uv": [ 15.5, 0, 0, 16 ], "texture": "#eeveeear2" }
			}
		},
		{
			"from": [ 4.9375, 4.75, 4.4375 ],
			"to": [ 5, 9.25, 7.9375 ],
			"faces": {
				"west": { "uv": [ 15.5, 0, 0, 16 ], "texture": "#eeveeear" },
				"east": { "uv": [ 0, 0, 15.5, 16 ], "texture": "#eeveeear2" }
			}
		}
	],
	"display": {
		"thirdperson_lefthand": {
			"rotation":  [ 70, 90, 0 ],
			"translation":  [ -7.4, -10.4, 11.082 ],
			"scale":  [ 2.4, 2.4, 2.4 ]
		},
		"thirdperson_righthand": {
			"rotation":  [ 70, -90, 0 ],
			"translation":  [ -4.75, -10.4, 11.082 ],
			"scale":  [ 2.4, 2.4, 2.4 ]
		},
		"head": {
			"rotation":  [ 0, -90, 0 ],
			"translation":  [ 2, -10, 13.91 ],
			"scale":  [ 4, 4.3, 4 ]
		},
		"firstperson_righthand": {
			"scale":  [ 0, 0, 0 ]
		},
		"firstperson_lefthand": {
			"scale":  [ 0, 0, 0 ]
		},
		"gui": {
			"scale":  [ 0, 0, 0 ]
		},
		"ground": {
			"scale":  [ 0, 0, 0 ]
		}
	}
}