{
	"__comment": "Designed by Ramonaskye with BDcraft Cubik PRO 0.96 Beta - http://bdcraft.net",
	"elements": [
		{
			"from": [ 3.5, 7.5, 9 ],
			"to": [ 11.5, 17, 16 ],
			"faces": {
				"down": { "uv": [ 3.75, 3, 5.75, 4.75 ], "texture": "#texture" },
				"up": { "uv": [ 1.75, 3, 3.75, 4.75 ], "texture": "#texture" },
				"north": { "uv": [ 1.75, 4.75, 3.75, 7.25 ], "texture": "#texture" },
				"south": { "uv": [ 3.75, 4.75, 5.75, 7.25 ], "texture": "#texture" },
				"west": { "uv": [ 0, 4.75, 1.75, 7.25 ], "texture": "#texture" },
				"east": { "uv": [ 5.75, 4.75, 7.5, 7.25 ], "texture": "#texture" }
			}
		},
		{
			"from": [ 5, 8.5, 17 ],
			"to": [ 10, 11.75, 19 ],
			"faces": {
				"down": { "uv": [ 14, 0.25, 15.25, 0.75 ], "texture": "#texture" },
				"up": { "uv": [ 12.75, 0.25, 14, 0.75 ], "texture": "#texture" },
				"north": { "uv": [ 12.75, 0.75, 14, 1.75 ], "texture": "#texture" },
				"south": { "uv": [ 14, 0.75, 15.25, 1.75 ], "texture": "#texture" },
				"west": { "uv": [ 12.25, 0.75, 12.75, 1.75 ], "texture": "#texture" },
				"east": { "uv": [ 15.25, 0.75, 15.75, 1.75 ], "texture": "#texture" }
			}
		},
		{
			"from": [ 6.75, 15, 17 ],
			"to": [ 8.25, 16.5, 18 ],
			"faces": {
				"down": { "uv": [ 13, 1, 13.5, 1.5 ], "texture": "#texture" },
				"up": { "uv": [ 13, 1, 13.5, 1.5 ], "texture": "#texture" },
				"north": { "uv": [ 13.75, 1.25, 14.25, 1.75 ], "texture": "#texture" },
				"south": { "uv": [ 13.75, 1.25, 14.25, 1.75 ], "texture": "#texture" },
				"west": { "uv": [ 14, 1.25, 14.5, 1.75 ], "texture": "#texture" },
				"east": { "uv": [ 14, 1.25, 14.5, 1.75 ], "texture": "#texture" }
			}
		},
		{
			"from": [ 4, 2, 9 ],
			"to": [ 11, 8.5, 14.5 ],
			"faces": {
				"down": { "uv": [ 11, 3.25, 12.75, 4.75 ], "texture": "#texture" },
				"up": { "uv": [ 9.25, 3.25, 11, 4.75 ], "texture": "#texture" },
				"north": { "uv": [ 9.25, 4.75, 11, 6.5 ], "texture": "#texture" },
				"south": { "uv": [ 11, 4.75, 12.75, 6.5 ], "texture": "#texture" },
				"west": { "uv": [ 7.75, 4.75, 9.25, 6.5 ], "texture": "#texture" },
				"east": { "uv": [ 12.75, 4.75, 14.25, 6.5 ], "texture": "#texture" }
			}
		},
		{
			"from": [ 4.5, -1, 11 ],
			"to": [ 10.5, 5.5, 16 ],
			"rotation": { "origin": [ 4.5, 5.5, 11 ], "axis": "x", "angle": 45 },
			"faces": {
				"down": { "uv": [ 9.5, 6.5, 11, 7.75 ], "texture": "#texture" },
				"up": { "uv": [ 9.5, 6.5, 11, 7.75 ], "texture": "#texture" },
				"north": { "uv": [ 9.5, 7.75, 11, 9.5 ], "texture": "#texture" },
				"south": { "uv": [ 11, 7.75, 12.5, 9.5 ], "texture": "#texture" },
				"west": { "uv": [ 8.25, 7.75, 9.5, 9.5 ], "texture": "#texture" },
				"east": { "uv": [ 12.5, 7.75, 13.75, 9.5 ], "texture": "#texture" }
			}
		},
		{
			"from": [ 5, -3, 1 ],
			"to": [ 10, 1.5, 10 ],
			"faces": {
				"down": { "uv": [ 11, 9.5, 12.25, 11.75 ], "texture": "#texture" },
				"up": { "uv": [ 9.75, 9.5, 11, 11.75 ], "texture": "#texture" },
				"north": { "uv": [ 9.75, 11.75, 11, 13 ], "texture": "#texture" },
				"south": { "uv": [ 11, 11.75, 12.25, 13 ], "texture": "#texture" },
				"west": { "uv": [ 7.5, 11.75, 9.75, 13 ], "texture": "#texture" },
				"east": { "uv": [ 12.25, 11.75, 14.5, 13 ], "texture": "#texture" }
			}
		},
		{
			"from": [ 5.5, 0, -4.5 ],
			"to": [ 9.5, 3.5, 3.5 ],
			"rotation": { "origin": [ 5.5, 3.5, -4.5 ], "axis": "x", "angle": 22.5 },
			"faces": {
				"down": { "uv": [ 11, 13, 12, 15 ], "texture": "#texture" },
				"up": { "uv": [ 10, 13, 11, 15 ], "texture": "#texture" },
				"north": { "uv": [ 10, 15, 11, 16 ], "texture": "#texture" },
				"south": { "uv": [ 11, 15, 12, 16 ], "texture": "#texture" },
				"west": { "uv": [ 8, 15, 10, 16 ], "texture": "#texture" },
				"east": { "uv": [ 12, 15, 14, 16 ], "texture": "#texture" }
			}
		},
		{
			"from": [ 6, 0, -11 ],
			"to": [ 9, 3, -3.5 ],
			"faces": {
				"down": { "uv": [ 2.75, 10.5, 3.5, 12.5 ], "texture": "#texture" },
				"up": { "uv": [ 2, 10.5, 2.75, 12.5 ], "texture": "#texture" },
				"north": { "uv": [ 2, 12.5, 2.75, 13.25 ], "texture": "#texture" },
				"south": { "uv": [ 2.75, 12.5, 3.5, 13.25 ], "texture": "#texture" },
				"west": { "uv": [ 0, 12.5, 2, 13.25 ], "texture": "#texture" },
				"east": { "uv": [ 3.5, 12.5, 5.5, 13.25 ], "texture": "#texture" }
			}
		},
		{
			"from": [ 6.5, -1.5, -15.5 ],
			"to": [ 8.5, 0.5, -9.5 ],
			"rotation": { "origin": [ 6.5, 0.5, -15.5 ], "axis": "x", "angle": -22.5 },
			"faces": {
				"down": { "uv": [ 2, 13.25, 2.5, 14.75 ], "texture": "#texture" },
				"up": { "uv": [ 1.5, 13.25, 2, 14.75 ], "texture": "#texture" },
				"north": { "uv": [ 1.5, 14.75, 2, 15.25 ], "texture": "#texture" },
				"south": { "uv": [ 2, 14.75, 2.5, 15.25 ], "texture": "#texture" },
				"west": { "uv": [ 0, 14.75, 1.5, 15.25 ], "texture": "#texture" },
				"east": { "uv": [ 2.5, 14.75, 4, 15.25 ], "texture": "#texture" }
			}
		},
		{
			"from": [ 4, 8, 14.75 ],
			"to": [ 7, 16.5, 16.25 ],
			"rotation": { "origin": [ 4, 8, 14.75 ], "axis": "y", "angle": -22.5 },
			"faces": {
				"down": { "uv": [ 1.25, 7.25, 2, 7.75 ], "texture": "#texture" },
				"up": { "uv": [ 0.5, 7.25, 1.25, 7.75 ], "texture": "#texture" },
				"north": { "uv": [ 1.5, 7.75, 2.25, 10 ], "texture": "#texture" },
				"south": { "uv": [ 0.5, 7.75, 1.25, 10 ], "texture": "#texture" },
				"west": { "uv": [ 0, 7.75, 0.5, 10 ], "texture": "#texture" },
				"east": { "uv": [ 2, 7.75, 2.5, 10 ], "texture": "#texture" }
			}
		},
		{
			"from": [ 6, 7.5, 16 ],
			"to": [ 9, 17, 17.5 ],
			"faces": {
				"down": { "uv": [ 3.75, 7.25, 4.5, 7.75 ], "texture": "#texture" },
				"up": { "uv": [ 3, 7.25, 3.75, 7.75 ], "texture": "#texture" },
				"north": { "uv": [ 3, 7.75, 3.75, 10.25 ], "texture": "#texture" },
				"south": { "uv": [ 3.75, 7.75, 4.5, 10.25 ], "texture": "#texture" },
				"west": { "uv": [ 2.5, 7.75, 3, 10.25 ], "texture": "#texture" },
				"east": { "uv": [ 4.5, 7.75, 5, 10.25 ], "texture": "#texture" }
			}
		},
		{
			"from": [ 8.25, 8, 16 ],
			"to": [ 11.25, 16.5, 17.5 ],
			"rotation": { "origin": [ 8.25, 8, 16 ], "axis": "y", "angle": 22.5 },
			"faces": {
				"down": { "uv": [ 6.25, 7.25, 7, 7.75 ], "texture": "#texture" },
				"up": { "uv": [ 5.5, 7.25, 6.25, 7.75 ], "texture": "#texture" },
				"north": { "uv": [ 5.5, 7.75, 6.25, 10 ], "texture": "#texture" },
				"south": { "uv": [ 6.25, 7.75, 7, 10 ], "texture": "#texture" },
				"west": { "uv": [ 5, 7.75, 5.5, 10 ], "texture": "#texture" },
				"east": { "uv": [ 7, 7.75, 7.5, 10 ], "texture": "#texture" }
			}
		},
		{
			"from": [ 2.5, 8.5, 9.5 ],
			"to": [ 3.5, 16, 15.5 ],
			"faces": {
				"down": { "uv": [ 6, 12.5, 6.25, 14 ], "texture": "#texture" },
				"up": { "uv": [ 5.75, 12.5, 6, 14 ], "texture": "#texture" },
				"north": { "uv": [ 5.75, 14, 6, 16 ], "texture": "#texture" },
				"south": { "uv": [ 6, 14, 6.25, 16 ], "texture": "#texture" },
				"west": { "uv": [ 4.25, 14, 5.75, 16 ], "texture": "#texture" },
				"east": { "uv": [ 6.25, 14, 7.75, 16 ], "texture": "#texture" }
			}
		},
		{
			"from": [ 11.5, 8.5, 9.5 ],
			"to": [ 12.5, 16, 15.5 ],
			"faces": {
				"down": { "uv": [ 6, 12.5, 6.25, 14 ], "texture": "#texture" },
				"up": { "uv": [ 5.75, 12.5, 6, 14 ], "texture": "#texture" },
				"north": { "uv": [ 5.75, 14, 6, 16 ], "texture": "#texture" },
				"south": { "uv": [ 6, 14, 6.25, 16 ], "texture": "#texture" },
				"west": { "uv": [ 4.25, 14, 5.75, 16 ], "texture": "#texture" },
				"east": { "uv": [ 6.25, 14, 7.75, 16 ], "texture": "#texture" }
			}
		},
		{
			"from": [ 3.25, 8, 8.625 ],
			"to": [ 6.25, 16.5, 10.125 ],
			"rotation": { "origin": [ 3.25, 8, 8.625 ], "axis": "y", "angle": 22.5 },
			"faces": {
				"down": { "uv": [ 5.5, 0, 6.25, 0.5 ], "texture": "#texture" },
				"up": { "uv": [ 4.75, 0, 5.5, 0.5 ], "texture": "#texture" },
				"north": { "uv": [ 4.75, 0.5, 5.25, 2.75 ], "texture": "#texture" },
				"south": { "uv": [ 5.5, 0.5, 6, 2.75 ], "texture": "#texture" },
				"west": { "uv": [ 4.25, 0.5, 4.75, 2.75 ], "texture": "#texture" },
				"east": { "uv": [ 6.25, 0.5, 6.75, 2.75 ], "texture": "#texture" }
			}
		},
		{
			"from": [ 6, 7.5, 7.5 ],
			"to": [ 9, 17, 9 ],
			"faces": {
				"down": { "uv": [ 5.5, 0, 6.25, 0.5 ], "texture": "#texture" },
				"up": { "uv": [ 4.75, 0, 5.5, 0.5 ], "texture": "#texture" },
				"north": { "uv": [ 4.75, 0.5, 5.25, 2.75 ], "texture": "#texture" },
				"south": { "uv": [ 5.5, 0.5, 6, 2.75 ], "texture": "#texture" },
				"west": { "uv": [ 4.25, 0.5, 4.75, 2.75 ], "texture": "#texture" },
				"east": { "uv": [ 6.25, 0.5, 6.75, 2.75 ], "texture": "#texture" }
			}
		},
		{
			"from": [ 9, 8, 7.5 ],
			"to": [ 12, 16.5, 9 ],
			"rotation": { "origin": [ 9, 8, 7.5 ], "axis": "y", "angle": -22.5 },
			"faces": {
				"down": { "uv": [ 5.5, 0, 6.25, 0.5 ], "texture": "#texture" },
				"up": { "uv": [ 4.75, 0, 5.5, 0.5 ], "texture": "#texture" },
				"north": { "uv": [ 4.75, 0.5, 5.25, 2.75 ], "texture": "#texture" },
				"south": { "uv": [ 5.5, 0.5, 6, 2.75 ], "texture": "#texture" },
				"west": { "uv": [ 4.25, 0.5, 4.75, 2.75 ], "texture": "#texture" },
				"east": { "uv": [ 6.25, 0.5, 6.75, 2.75 ], "texture": "#texture" }
			}
		},
		{
			"from": [ 5.5, 9, 19 ],
			"to": [ 9.5, 11.25, 19.5 ],
			"faces": {
				"down": { "uv": [ 14, 1.75, 15, 2 ], "texture": "#texture" },
				"up": { "uv": [ 13, 1.75, 14, 2 ], "texture": "#texture" },
				"north": { "uv": [ 13, 2, 14, 2.75 ], "texture": "#texture" },
				"south": { "uv": [ 14, 2, 15, 2.75 ], "texture": "#texture" },
				"west": { "uv": [ 12.75, 2, 13, 2.75 ], "texture": "#texture" },
				"east": { "uv": [ 15, 2, 15.25, 2.75 ], "texture": "#texture" }
			}
		},
		{
			"from": [ -2.0625, 8.5, 10.5 ],
			"to": [ 4.9375, 18.5, 10.5625 ],
			"rotation": { "origin": [ -2.0625, 8.5, 10.5 ], "axis": "y", "angle": -45 },
			"faces": {
				"north": { "uv": [ 2, 0.25, 0, 2.5 ], "texture": "#texture" },
				"south": { "uv": [ 0, 0.25, 2, 2.5 ], "texture": "#texture" }
			}
		},
		{
			"from": [ 11.5, 8.5, 15.375 ],
			"to": [ 18.5, 18.75, 15.4375 ],
			"rotation": { "origin": [ 11.5, 8.5, 15.375 ], "axis": "y", "angle": 45 },
			"faces": {
				"north": { "uv": [ 0, 0.25, 2, 2.5 ], "texture": "#texture" },
				"south": { "uv": [ 2, 0.25, 0, 2.5 ], "texture": "#texture" }
			}
		}
	],
	"display": {
		"thirdperson_righthand": {
			"rotation":  [ 70, 180, 0 ],
			"translation":  [ -6.5, -5.564, 0.6959 ],
			"scale":  [ 1, 1.1, 1 ]
		},
		"thirdperson_lefthand": {
			"rotation":  [ 70, 180, 0 ],
			"translation":  [ -5.565, -5.564, 0.6959 ],
			"scale":  [ 1, 1.1, 1 ]
		},
		"head": {
			"rotation":  [ 0, 180, 0 ],
			"translation":  [ -0.57, -26.73, 1.2795 ],
			"scale":  [ 1.7, 1.9, 1.7 ]
		},
		"firstperson_righthand": {
			"scale":  [ 0, 0, 0 ]
		},
		"firstperson_lefthand": {
			"scale":  [ 0, 0, 0 ]
		},
		"gui": {
			"scale":  [ 0, 0, 0 ]
		},
		"ground": {
			"scale":  [ 0, 0, 0 ]
		}
	}
}