{
	"__comment": "Designed by Ramonaskye with BDcraft Cubik PRO 0.96 Beta - http://bdcraft.net",
	"elements": [
		{
			"from": [ 3.5, 16.25, 18 ],
			"to": [ 11.5, 25.75, 25 ],
			"faces": {
				"down": { "uv": [ 3.75, 3, 5.75, 4.75 ], "texture": "#texture" },
				"up": { "uv": [ 1.75, 3, 3.75, 4.75 ], "texture": "#texture" },
				"north": { "uv": [ 1.75, 4.75, 3.75, 7.25 ], "texture": "#texture" },
				"south": { "uv": [ 3.75, 4.75, 5.75, 7.25 ], "texture": "#texture" },
				"west": { "uv": [ 0, 4.75, 1.75, 7.25 ], "texture": "#texture" },
				"east": { "uv": [ 5.75, 4.75, 7.5, 7.25 ], "texture": "#texture" }
			}
		},
		{
			"from": [ 3.75, 16.25, 24.75 ],
			"to": [ 11.25, 20, 28.75 ],
			"rotation": { "origin": [ 3.75, 20, 24.75 ], "axis": "x", "angle": 22.5 },
			"faces": {
				"down": { "uv": [ 3.25, 3.75, 5.25, 5 ], "texture": "#texture" },
				"up": { "uv": [ 3.25, 3.75, 5.25, 5 ], "texture": "#texture" },
				"north": { "uv": [ 3, 3.5, 5, 4.75 ], "texture": "#texture" },
				"south": { "uv": [ 3, 3.5, 5, 4.75 ], "texture": "#texture" },
				"west": { "uv": [ 3, 3.75, 4.25, 4.75 ], "texture": "#texture" },
				"east": { "uv": [ 3, 3.75, 4.25, 4.75 ], "texture": "#texture" }
			}
		},
		{
			"from": [ 6.75, 16.75, 17 ],
			"to": [ 8.25, 18.25, 18 ],
			"faces": {
				"down": { "uv": [ 13, 1, 13.5, 1.5 ], "texture": "#texture" },
				"up": { "uv": [ 13, 1, 13.5, 1.5 ], "texture": "#texture" },
				"north": { "uv": [ 13.75, 1.25, 14.25, 1.75 ], "texture": "#texture" },
				"south": { "uv": [ 13.75, 1.25, 14.25, 1.75 ], "texture": "#texture" },
				"west": { "uv": [ 14, 1.25, 14.5, 1.75 ], "texture": "#texture" },
				"east": { "uv": [ 14, 1.25, 14.5, 1.75 ], "texture": "#texture" }
			}
		},
		{
			"from": [ 5.25, 9.25, 17.25 ],
			"to": [ 9.5, 14.5, 22.25 ],
			"rotation": { "origin": [ 5.25, 14.5, 17.25 ], "axis": "x", "angle": -22.5 },
			"faces": {
				"down": { "uv": [ 11, 3.25, 12.75, 4.75 ], "texture": "#texture" },
				"up": { "uv": [ 9.25, 3.25, 11, 4.75 ], "texture": "#texture" },
				"north": { "uv": [ 9.25, 4.75, 11, 6.5 ], "texture": "#texture" },
				"south": { "uv": [ 9, 4.75, 10.75, 6.5 ], "texture": "#texture" },
				"west": { "uv": [ 7.75, 4.75, 9.25, 6.5 ], "texture": "#texture" },
				"east": { "uv": [ 12.75, 4.75, 14.25, 6.5 ], "texture": "#texture" }
			}
		},
		{
			"from": [ 4.5, 4.25, 18.75 ],
			"to": [ 10.5, 10.75, 24.5 ],
			"rotation": { "origin": [ 4.5, 10.75, 18.75 ], "axis": "x", "angle": -22.5 },
			"faces": {
				"down": { "uv": [ 9.5, 6.5, 11, 7.75 ], "texture": "#texture" },
				"up": { "uv": [ 9.5, 5, 11, 6.5 ], "texture": "#texture" },
				"north": { "uv": [ 9.5, 7.75, 11, 9.5 ], "texture": "#texture" },
				"south": { "uv": [ 11, 7.75, 12.5, 9.5 ], "texture": "#texture" },
				"west": { "uv": [ 8.25, 7.75, 9.5, 9.5 ], "texture": "#texture" },
				"east": { "uv": [ 12.5, 7.75, 13.75, 9.5 ], "texture": "#texture" }
			}
		},
		{
			"from": [ 5, -3, 1 ],
			"to": [ 10, 1.5, 10 ],
			"faces": {
				"down": { "uv": [ 11, 9.5, 12.25, 11.75 ], "texture": "#texture" },
				"up": { "uv": [ 9.75, 9.5, 11, 11.75 ], "texture": "#texture" },
				"north": { "uv": [ 9.75, 11.75, 11, 13 ], "texture": "#texture" },
				"south": { "uv": [ 11, 11.75, 12.25, 13 ], "texture": "#texture" },
				"west": { "uv": [ 7.5, 11.75, 9.75, 13 ], "texture": "#texture" },
				"east": { "uv": [ 12.25, 11.75, 14.5, 13 ], "texture": "#texture" }
			}
		},
		{
			"from": [ 3.25, -2.75, -4.5 ],
			"to": [ 7.25, 1.25, 3.5 ],
			"rotation": { "origin": [ 3.25, -2.75, -4.5 ], "axis": "y", "angle": 22.5 },
			"faces": {
				"down": { "uv": [ 11, 13, 12, 15 ], "texture": "#texture" },
				"up": { "uv": [ 10, 13, 11, 15 ], "texture": "#texture" },
				"north": { "uv": [ 11, 16, 12, 14.75 ], "texture": "#texture" },
				"south": { "uv": [ 11, 15, 12, 16 ], "texture": "#texture" },
				"west": { "uv": [ 8, 15, 10, 16 ], "texture": "#texture" },
				"east": { "uv": [ 12, 15, 14, 16 ], "texture": "#texture" }
			}
		},
		{
			"from": [ -0.5, -2.5, -8.25 ],
			"to": [ 3, 1, -1 ],
			"rotation": { "origin": [ -0.5, -2.5, -8.25 ], "axis": "y", "angle": 45 },
			"faces": {
				"down": { "uv": [ 2.75, 10.5, 3.5, 12.5 ], "texture": "#texture" },
				"up": { "uv": [ 2, 10.5, 2.75, 12.5 ], "texture": "#texture" },
				"north": { "uv": [ 11.5, 7.25, 12.25, 6.25 ], "texture": "#texture" },
				"south": { "uv": [ 2.75, 12.5, 3.5, 13.25 ], "texture": "#texture" },
				"west": { "uv": [ 12.25, 11.75, 14.5, 12.75 ], "texture": "#texture" },
				"east": { "uv": [ 12.25, 11.75, 14.5, 12.75 ], "texture": "#texture" }
			}
		},
		{
			"from": [ 3.8125, 16.75, 24 ],
			"to": [ 6.8125, 25.25, 25.5 ],
			"rotation": { "origin": [ 3.8125, 16.75, 24 ], "axis": "y", "angle": -22.5 },
			"faces": {
				"down": { "uv": [ 1.25, 7.25, 2, 7.75 ], "texture": "#texture" },
				"up": { "uv": [ 0.5, 7.25, 1.25, 7.75 ], "texture": "#texture" },
				"north": { "uv": [ 1.5, 7.75, 2.25, 10 ], "texture": "#texture" },
				"south": { "uv": [ 0.5, 7.75, 1.25, 10 ], "texture": "#texture" },
				"west": { "uv": [ 0, 7.75, 0.5, 10 ], "texture": "#texture" },
				"east": { "uv": [ 2, 7.75, 2.5, 10 ], "texture": "#texture" }
			}
		},
		{
			"from": [ 6, 16.5, 25 ],
			"to": [ 9, 26, 26.5 ],
			"faces": {
				"down": { "uv": [ 3.75, 7.25, 4.5, 7.75 ], "texture": "#texture" },
				"up": { "uv": [ 3, 7.25, 3.75, 7.75 ], "texture": "#texture" },
				"north": { "uv": [ 3, 7.75, 3.75, 10.25 ], "texture": "#texture" },
				"south": { "uv": [ 3.75, 7.75, 4.5, 10.25 ], "texture": "#texture" },
				"west": { "uv": [ 2.5, 7.75, 3, 10.25 ], "texture": "#texture" },
				"east": { "uv": [ 4.5, 7.75, 5, 10.25 ], "texture": "#texture" }
			}
		},
		{
			"from": [ 8.375, 16.75, 25.125 ],
			"to": [ 11.375, 25.25, 26.625 ],
			"rotation": { "origin": [ 8.375, 16.75, 25.125 ], "axis": "y", "angle": 22.5 },
			"faces": {
				"down": { "uv": [ 6.25, 7.25, 7, 7.75 ], "texture": "#texture" },
				"up": { "uv": [ 5.5, 7.25, 6.25, 7.75 ], "texture": "#texture" },
				"north": { "uv": [ 5.5, 7.75, 6.25, 10 ], "texture": "#texture" },
				"south": { "uv": [ 6.25, 7.75, 7, 10 ], "texture": "#texture" },
				"west": { "uv": [ 5, 7.75, 5.5, 10 ], "texture": "#texture" },
				"east": { "uv": [ 7, 7.75, 7.5, 10 ], "texture": "#texture" }
			}
		},
		{
			"from": [ 2.5, 17.25, 18.5 ],
			"to": [ 3.5, 24.75, 24.5 ],
			"faces": {
				"down": { "uv": [ 6, 12.5, 6.25, 14 ], "texture": "#texture" },
				"up": { "uv": [ 5.75, 12.5, 6, 14 ], "texture": "#texture" },
				"north": { "uv": [ 5.75, 14, 6, 16 ], "texture": "#texture" },
				"south": { "uv": [ 6, 14, 6.25, 16 ], "texture": "#texture" },
				"west": { "uv": [ 4.25, 14, 5.75, 16 ], "texture": "#texture" },
				"east": { "uv": [ 6.25, 14, 7.75, 16 ], "texture": "#texture" }
			}
		},
		{
			"from": [ 11.5, 17.25, 17.5 ],
			"to": [ 12.5, 24.75, 23.5 ],
			"faces": {
				"down": { "uv": [ 6, 12.5, 6.25, 14 ], "texture": "#texture" },
				"up": { "uv": [ 5.75, 12.5, 6, 14 ], "texture": "#texture" },
				"north": { "uv": [ 5.75, 14, 6, 16 ], "texture": "#texture" },
				"south": { "uv": [ 6, 14, 6.25, 16 ], "texture": "#texture" },
				"west": { "uv": [ 4.25, 14, 5.75, 16 ], "texture": "#texture" },
				"east": { "uv": [ 6.25, 14, 7.75, 16 ], "texture": "#texture" }
			}
		},
		{
			"from": [ 3.25, 16.25, 17.3356 ],
			"to": [ 6.25, 24.75, 18.8356 ],
			"rotation": { "origin": [ 3.25, 16.25, 17.3356 ], "axis": "y", "angle": 22.5 },
			"faces": {
				"down": { "uv": [ 5.5, 0, 6.25, 0.5 ], "texture": "#texture" },
				"up": { "uv": [ 4.75, 0, 5.5, 0.5 ], "texture": "#texture" },
				"north": { "uv": [ 4.75, 0.5, 5.25, 2.75 ], "texture": "#texture" },
				"south": { "uv": [ 5.5, 0.5, 6, 2.75 ], "texture": "#texture" },
				"west": { "uv": [ 4.25, 0.5, 4.75, 2.75 ], "texture": "#texture" },
				"east": { "uv": [ 6.25, 0.5, 6.75, 2.75 ], "texture": "#texture" }
			}
		},
		{
			"from": [ 6, 16.25, 16.5 ],
			"to": [ 9, 25.75, 18 ],
			"faces": {
				"down": { "uv": [ 5.5, 0, 6.25, 0.5 ], "texture": "#texture" },
				"up": { "uv": [ 4.75, 0, 5.5, 0.5 ], "texture": "#texture" },
				"north": { "uv": [ 4.75, 0.5, 5.25, 2.75 ], "texture": "#texture" },
				"south": { "uv": [ 5.5, 0.5, 6, 2.75 ], "texture": "#texture" },
				"west": { "uv": [ 4.25, 0.5, 4.75, 2.75 ], "texture": "#texture" },
				"east": { "uv": [ 6.25, 0.5, 6.75, 2.75 ], "texture": "#texture" }
			}
		},
		{
			"from": [ 9, 16.75, 16.5 ],
			"to": [ 12, 25.25, 18 ],
			"rotation": { "origin": [ 9, 16.75, 16.5 ], "axis": "y", "angle": -22.5 },
			"faces": {
				"down": { "uv": [ 5.5, 0, 6.25, 0.5 ], "texture": "#texture" },
				"up": { "uv": [ 4.75, 0, 5.5, 0.5 ], "texture": "#texture" },
				"north": { "uv": [ 4.75, 0.5, 5.25, 2.75 ], "texture": "#texture" },
				"south": { "uv": [ 5.5, 0.5, 6, 2.75 ], "texture": "#texture" },
				"west": { "uv": [ 4.25, 0.5, 4.75, 2.75 ], "texture": "#texture" },
				"east": { "uv": [ 6.25, 0.5, 6.75, 2.75 ], "texture": "#texture" }
			}
		},
		{
			"from": [ -2.0625, 20.25, 19.5 ],
			"to": [ 4.9375, 30.25, 19.5625 ],
			"rotation": { "origin": [ -2.0625, 20.25, 19.5 ], "axis": "y", "angle": -45 },
			"faces": {
				"north": { "uv": [ 4, 0, 2, 2.5 ], "texture": "#texture" },
				"south": { "uv": [ 2, 0, 4, 2.5 ], "texture": "#texture" }
			}
		},
		{
			"from": [ 11.5, 20.25, 24.625 ],
			"to": [ 18.5, 30.5, 24.6875 ],
			"rotation": { "origin": [ 11.5, 20.25, 24.625 ], "axis": "y", "angle": 45 },
			"faces": {
				"north": { "uv": [ 2, 0, 4, 2.5 ], "texture": "#texture" },
				"south": { "uv": [ 4, 0, 2, 2.5 ], "texture": "#texture" }
			}
		},
		{
			"from": [ -3.75, -2.25, -12.75 ],
			"to": [ 2.75, 0.75, -9.5 ],
			"rotation": { "origin": [ -3.75, -2.25, -12.75 ], "axis": "y", "angle": -22.5 },
			"faces": {
				"down": { "uv": [ 11, 8.5, 12.25, 9.75 ], "texture": "#texture" },
				"up": { "uv": [ 0.25, 12.5, 2, 13.25 ], "texture": "#texture" },
				"north": { "uv": [ 2.75, 12.5, 4.75, 13.25 ], "texture": "#texture" },
				"south": { "uv": [ 3.25, 5.5, 5.25, 6.25 ], "texture": "#texture" },
				"west": { "uv": [ 11.5, 7.75, 12.25, 6.25 ], "texture": "#texture" },
				"east": { "uv": [ 11.5, 7.5, 12.25, 6 ], "texture": "#texture" }
			}
		},
		{
			"from": [ -9, -2, -10.25 ],
			"to": [ -3, 0.5, -7.25 ],
			"rotation": { "origin": [ -9, -2, -10.25 ], "axis": "y", "angle": 22.5 },
			"faces": {
				"down": { "uv": [ 11.25, 8.25, 12.25, 11.25 ], "texture": "#texture" },
				"up": { "uv": [ 3.25, 5, 5.5, 6 ], "texture": "#texture" },
				"north": { "uv": [ 2.75, 4.75, 5, 5.75 ], "texture": "#texture" },
				"south": { "uv": [ 9.75, 8, 11, 8.75 ], "texture": "#texture" },
				"west": { "uv": [ 11.25, 6.75, 12.25, 8 ], "texture": "#texture" },
				"east": { "uv": [ 3, 12.5, 4.5, 13.25 ], "texture": "#texture" }
			}
		},
		{
			"from": [ -8.5, -1.75, -10 ],
			"to": [ -6, 0.25, -3.5 ],
			"rotation": { "origin": [ -8.5, -1.75, -10 ], "axis": "y", "angle": -22.5 },
			"faces": {
				"down": { "uv": [ 2.75, 10.5, 3.5, 12.5 ], "texture": "#texture" },
				"up": { "uv": [ 2, 10.5, 2.75, 12.5 ], "texture": "#texture" },
				"north": { "uv": [ 2, 12.5, 2.75, 13.25 ], "texture": "#texture" },
				"south": { "uv": [ 11.25, 7.25, 12.25, 8 ], "texture": "#texture" },
				"west": { "uv": [ 0, 12.5, 2, 13.25 ], "texture": "#texture" },
				"east": { "uv": [ 3.5, 12.5, 5.5, 13.25 ], "texture": "#texture" }
			}
		},
		{
			"from": [ -10.75, -1.5, -4.5 ],
			"to": [ -8.5, 0.5, 2 ],
			"rotation": { "origin": [ -10.75, 0.5, -4.5 ], "axis": "x", "angle": -22.5 },
			"faces": {
				"down": { "uv": [ 2.75, 10.5, 3.5, 12.5 ], "texture": "#texture" },
				"up": { "uv": [ 2, 10.5, 2.75, 12.5 ], "texture": "#texture" },
				"north": { "uv": [ 2, 12.5, 2.75, 13.25 ], "texture": "#texture" },
				"south": { "uv": [ 11.25, 7.25, 12, 8 ], "texture": "#texture" },
				"west": { "uv": [ 0, 12.5, 2, 13 ], "texture": "#texture" },
				"east": { "uv": [ 3.5, 12.5, 5.5, 13 ], "texture": "#texture" }
			}
		},
		{
			"from": [ -10.5, 1, 1 ],
			"to": [ -8.75, 2.5, 6.5 ],
			"rotation": { "origin": [ -10.5, 2.5, 1 ], "axis": "x", "angle": -45 },
			"faces": {
				"down": { "uv": [ 2.75, 10.5, 3.5, 12.5 ], "texture": "#texture" },
				"up": { "uv": [ 2, 10.5, 2.75, 12.5 ], "texture": "#texture" },
				"north": { "uv": [ 2, 12.5, 2.75, 13.25 ], "texture": "#texture" },
				"south": { "uv": [ 2.75, 12.5, 3.5, 13.25 ], "texture": "#texture" },
				"west": { "uv": [ 0, 12.5, 2, 13 ], "texture": "#texture" },
				"east": { "uv": [ 3.5, 12.5, 5.5, 13 ], "texture": "#texture" }
			}
		},
		{
			"from": [ -10.25, 5.5, 6.5 ],
			"to": [ -9, 10.25, 8 ],
			"rotation": { "origin": [ -10.25, 10.25, 6.5 ], "axis": "x", "angle": 22.5 },
			"faces": {
				"down": { "uv": [ 2.75, 10.5, 3.5, 12.5 ], "texture": "#texture" },
				"up": { "uv": [ 2, 10.5, 2.75, 12.5 ], "texture": "#texture" },
				"north": { "uv": [ 4.25, 4.75, 4.75, 6.75 ], "texture": "#texture" },
				"south": { "uv": [ 11.5, 8.75, 12, 10.75 ], "texture": "#texture" },
				"west": { "uv": [ 4.25, 4.25, 4.75, 6.25 ], "texture": "#texture" },
				"east": { "uv": [ 4.25, 4.75, 4.75, 6.75 ], "texture": "#texture" }
			}
		},
		{
			"from": [ -10.25, 13.25, 10.25 ],
			"to": [ -9, 15.75, 11 ],
			"rotation": { "origin": [ -10.25, 15.75, 10.25 ], "axis": "x", "angle": 45 },
			"faces": {
				"down": { "uv": [ 2.75, 10.5, 3.5, 12.5 ], "texture": "#texture" },
				"up": { "uv": [ 2, 10.5, 2.75, 12.5 ], "texture": "#texture" },
				"north": { "uv": [ 2, 12.5, 2.75, 13.25 ], "texture": "#texture" },
				"south": { "uv": [ 2.75, 11.25, 3.25, 12.5 ], "texture": "#texture" },
				"west": { "uv": [ 0, 12.5, 2, 13.25 ], "texture": "#texture" },
				"east": { "uv": [ 3.5, 12.5, 5.5, 13.25 ], "texture": "#texture" }
			}
		},
		{
			"from": [ 4.25, 1, 21.25 ],
			"to": [ 10.75, 7.5, 27 ],
			"faces": {
				"down": { "uv": [ 11.25, 6.25, 12.5, 7.25 ], "texture": "#texture" },
				"up": { "uv": [ 12.5, 7.5, 11.25, 6.25 ], "texture": "#texture" },
				"north": { "uv": [ 9.5, 7.75, 11, 9.5 ], "texture": "#texture" },
				"south": { "uv": [ 11, 8.25, 12.5, 9.5 ], "texture": "#texture" },
				"west": { "uv": [ 10, 8.25, 11.25, 10 ], "texture": "#texture" },
				"east": { "uv": [ 11.25, 8.75, 10, 10.5 ], "texture": "#texture" }
			}
		},
		{
			"from": [ 4.5, -1.5, 22.5 ],
			"to": [ 10.5, 5, 28.25 ],
			"rotation": { "origin": [ 4.5, 5, 22.5 ], "axis": "x", "angle": 45 },
			"faces": {
				"down": { "uv": [ 11.25, 8.25, 12.25, 7 ], "texture": "#texture" },
				"up": { "uv": [ 9.5, 6.5, 11, 7.75 ], "texture": "#texture" },
				"north": { "uv": [ 9.5, 7.75, 11, 9.5 ], "texture": "#texture" },
				"south": { "uv": [ 11, 8.25, 12.25, 10 ], "texture": "#texture" },
				"west": { "uv": [ 10.25, 8.75, 11.5, 10.5 ], "texture": "#texture" },
				"east": { "uv": [ 11.5, 9.5, 10.25, 11.25 ], "texture": "#texture" }
			}
		},
		{
			"from": [ 5, -3.5, 8.5 ],
			"to": [ 10, 2, 21.75 ],
			"faces": {
				"down": { "uv": [ 11, 9.5, 12.25, 11.75 ], "texture": "#texture" },
				"up": { "uv": [ 9.75, 9.5, 11, 11.75 ], "texture": "#texture" },
				"north": { "uv": [ 9.75, 11.75, 11, 13 ], "texture": "#texture" },
				"south": { "uv": [ 11, 11.75, 12.25, 13 ], "texture": "#texture" },
				"west": { "uv": [ 7.5, 11.75, 9.75, 13 ], "texture": "#texture" },
				"east": { "uv": [ 12.25, 11.75, 14.5, 13 ], "texture": "#texture" }
			}
		},
		{
			"from": [ 5.25, 14.5, 17.25 ],
			"to": [ 9.5, 19.5, 21.5 ],
			"faces": {
				"down": { "uv": [ 11, 3.25, 12.75, 4.75 ], "texture": "#texture" },
				"up": { "uv": [ 9.25, 3.25, 11, 4.75 ], "texture": "#texture" },
				"north": { "uv": [ 9.25, 4.75, 11, 6.5 ], "texture": "#texture" },
				"south": { "uv": [ 11, 4.75, 12.75, 6.5 ], "texture": "#texture" },
				"west": { "uv": [ 7.75, 4.75, 9.25, 6.5 ], "texture": "#texture" },
				"east": { "uv": [ 12.75, 4.75, 14.25, 6.5 ], "texture": "#texture" }
			}
		},
		{
			"from": [ -10.75, 10, 6.75 ],
			"to": [ -8.5, 12.5, 9.25 ],
			"rotation": { "origin": [ -10.75, 12.5, 6.75 ], "axis": "x", "angle": 22.5 },
			"faces": {
				"down": { "uv": [ 6.75, 3.25, 7.5, 4.25 ], "texture": "#texture" },
				"up": { "uv": [ 6.75, 3.25, 7.5, 4.25 ], "texture": "#texture" },
				"north": { "uv": [ 6.75, 3.25, 7.5, 4.25 ], "texture": "#texture" },
				"south": { "uv": [ 8, 3.25, 8.75, 4.25 ], "texture": "#texture" },
				"west": { "uv": [ 6.75, 3.25, 7.5, 4.25 ], "texture": "#texture" },
				"east": { "uv": [ 6.75, 3.25, 7.5, 4.25 ], "texture": "#texture" }
			}
		},
		{
			"from": [ -10.75, 12.625, 8.1875 ],
			"to": [ -8.5, 14.625, 10.1875 ],
			"rotation": { "origin": [ -10.75, 14.625, 8.1875 ], "axis": "x", "angle": 22.5 },
			"faces": {
				"down": { "uv": [ 6.75, 3.25, 7.5, 4 ], "texture": "#texture" },
				"up": { "uv": [ 6.75, 3.25, 7.5, 4 ], "texture": "#texture" },
				"north": { "uv": [ 6.75, 3.25, 7.5, 4 ], "texture": "#texture" },
				"south": { "uv": [ 8, 3.25, 8.75, 4 ], "texture": "#texture" },
				"west": { "uv": [ 6.75, 3.25, 7.5, 4 ], "texture": "#texture" },
				"east": { "uv": [ 6.75, 3.25, 7.5, 4 ], "texture": "#texture" }
			}
		},
		{
			"from": [ -10.25, 11, 8.25 ],
			"to": [ -9, 13.5, 9 ],
			"rotation": { "origin": [ -10.25, 13.5, 8.25 ], "axis": "x", "angle": 22.5 },
			"faces": {
				"down": { "uv": [ 2.75, 10.5, 3.5, 12.5 ], "texture": "#texture" },
				"up": { "uv": [ 2, 10.5, 2.75, 12.5 ], "texture": "#texture" },
				"north": { "uv": [ 2, 12.5, 2.75, 13.25 ], "texture": "#texture" },
				"south": { "uv": [ 2.75, 11.25, 3.25, 12.25 ], "texture": "#texture" },
				"west": { "uv": [ 0, 12.5, 2, 13.25 ], "texture": "#texture" },
				"east": { "uv": [ 3.5, 12.5, 5.5, 13.25 ], "texture": "#texture" }
			}
		},
		{
			"from": [ 6.5, 12.75, 22.5 ],
			"to": [ 8.75, 14.75, 24 ],
			"rotation": { "origin": [ 6.5, 14.75, 22.5 ], "axis": "x", "angle": -22.5 },
			"faces": {
				"down": { "uv": [ 6.75, 3.25, 7.5, 4 ], "texture": "#texture" },
				"up": { "uv": [ 6.75, 3.25, 7.5, 4 ], "texture": "#texture" },
				"north": { "uv": [ 6.75, 3.25, 7.5, 4 ], "texture": "#texture" },
				"south": { "uv": [ 8, 3.25, 8.75, 4 ], "texture": "#texture" },
				"west": { "uv": [ 6.75, 3.25, 7.5, 4 ], "texture": "#texture" },
				"east": { "uv": [ 6.75, 3.25, 7.5, 4 ], "texture": "#texture" }
			}
		},
		{
			"from": [ 6.75, 23.25, 26.5 ],
			"to": [ 8.25, 24.75, 27.75 ],
			"faces": {
				"down": { "uv": [ 14, 0.25, 15.25, 0.75 ], "texture": "#texture" },
				"up": { "uv": [ 12.75, 0.25, 14, 0.75 ], "texture": "#texture" },
				"north": { "uv": [ 12.75, 0.75, 14, 1.75 ], "texture": "#texture" },
				"south": { "uv": [ 14, 0.75, 15.25, 1.75 ], "texture": "#texture" },
				"west": { "uv": [ 12.25, 0.75, 12.75, 1.75 ], "texture": "#texture" },
				"east": { "uv": [ 15.25, 0.75, 15.75, 1.75 ], "texture": "#texture" }
			}
		},
		{
			"from": [ 7, 23.5, 27.75 ],
			"to": [ 8, 24.5, 29 ],
			"faces": {
				"down": { "uv": [ 14, 0.25, 15.25, 0.75 ], "texture": "#texture" },
				"up": { "uv": [ 12.75, 0.25, 14, 0.75 ], "texture": "#texture" },
				"north": { "uv": [ 12.75, 0.75, 14, 1.75 ], "texture": "#texture" },
				"south": { "uv": [ 14, 0.75, 15.25, 1.75 ], "texture": "#texture" },
				"west": { "uv": [ 12.25, 0.75, 12.75, 1.75 ], "texture": "#texture" },
				"east": { "uv": [ 15.25, 0.75, 15.75, 1.75 ], "texture": "#texture" }
			}
		}
	],
	"display": {
		"thirdperson_righthand": {
			"rotation":  [ 70, 180, 0 ],
			"translation":  [ -6.5, -13.89, 2.7826 ],
			"scale":  [ 0.95, 0.95, 0.95 ]
		},
		"thirdperson_lefthand": {
			"rotation":  [ 70, 180, 0 ],
			"translation":  [ -5.4, -13.89, 2.7826 ],
			"scale":  [ 0.95, 0.95, 0.95 ]
		},
		"head": {
			"rotation":  [ 0, 180, 0 ],
			"translation":  [ -2.27, -26.5, 10.434 ],
			"scale":  [ 1.5, 1.5, 1.5 ]
		},
		"firstperson_righthand": {
			"scale":  [ 0, 0, 0 ]
		},
		"firstperson_lefthand": {
			"scale":  [ 0, 0, 0 ]
		},
		"gui": {
			"scale":  [ 0, 0, 0 ]
		},
		"ground": {
			"scale":  [ 0, 0, 0 ]
		}
	}
}