{
	"__comment": "Designed by Samasaurus6 with BDcraft Cubik PRO 0.96 Beta - http://bdcraft.net",
	"elements": [ 	 
		{
			"from": [ 0.4848, 4.3125, 3.8125 ],
			"to": [ 9.7348, 9.0625, 10.6875 ],
			"faces": {
				"down": { "uv": [ 12.5, 9.75, 4, 3.25 ], "texture": "#chikorita1" },
				"up": { "uv": [ 3.5, 6.3125, 12.5, 12.8125 ], "texture": "#chikorita1" },
				"north": { "uv": [ 2.5, 5, 15.5, 13 ], "texture": "#chikorita1" },
				"south": { "uv": [ 0.5, 2.5, 15, 11 ], "texture": "#chikorita1" },
				"west": { "uv": [ 0.5, 5, 13.5, 12.5 ], "texture": "#chikorita1" },
				"east": { "uv": [ 1, 2.5, 15, 11 ], "texture": "#chikorita1" }
			}
		},
		{
			"from": [ -0.6402, 4.8125, 4.1875 ],
			"to": [ 2.9848, 13.8125, 10.0625 ],
			"faces": {
				"down": { "uv": [ 15, 10, 11, 6 ], "texture": "#chikorita1" },
				"up": { "uv": [ 1, 6, 5, 10 ], "texture": "#chikorita1" },
				"north": { "uv": [ 11, 0, 15, 5.5 ], "texture": "#chikorita1" },
				"south": { "uv": [ 1, 0, 5, 5.5 ], "texture": "#chikorita1" },
				"west": { "uv": [ 6, 0, 10, 5.5 ], "texture": "#chikorita1" },
				"east": { "uv": [ 6, 0, 10, 5.5 ], "texture": "#chikorita1" }
			}
		},
		{
			"from": [ 4.4848, 8.3125, 4.8125 ],
			"to": [ 9.4848, 9.5625, 9.6875 ],
			"faces": {
				"down": { "uv": [ 12, 9.5, 7.5, 6.5 ], "texture": "#chikorita1" },
				"up": { "uv": [ 4, 6.5, 8.5, 9.5 ], "texture": "#chikorita1" },
				"north": { "uv": [ 7.5, 0, 12, 1 ], "texture": "#chikorita1" },
				"south": { "uv": [ 4, 0, 8.5, 1 ], "texture": "#chikorita1" },
				"west": { "uv": [ 6.5, 0, 9.5, 1 ], "texture": "#chikorita1" },
				"east": { "uv": [ 6.5, 0, 9.5, 1 ], "texture": "#chikorita1" }
			}
		},
		{
			"from": [ -0.6402, 13.9375, 4.6875 ],
			"to": [ 3.3598, 14.9375, 9.6875 ],
			"faces": {
				"down": { "uv": [ 14.5, 9.5, 11.5, 6.5 ], "texture": "#chikorita1" },
				"up": { "uv": [ 1.5, 6.5, 4.5, 9.5 ], "texture": "#chikorita1" },
				"north": { "uv": [ 11.5, 0, 14.5, 1 ], "texture": "#chikorita1" },
				"south": { "uv": [ 1.5, 0, 4.5, 1 ], "texture": "#chikorita1" },
				"west": { "uv": [ 6.5, 0, 9.5, 1 ], "texture": "#chikorita1" },
				"east": { "uv": [ 6.5, 0, 9.5, 1 ], "texture": "#chikorita1" }
			}
		},
		{
			"from": [ 1.6098, 6.3125, 4.1875 ],
			"to": [ 4.3598, 13.1875, 10.3125 ],
			"rotation": { "origin": [ 1.60984, 13.1875, 4.1875 ], "axis": "z", "angle": 22.5 },
			"faces": {
				"down": { "uv": [ 12, 9.5, 7.5, 6.5 ], "texture": "#chikorita1" },
				"up": { "uv": [ 4, 6.5, 8.5, 9.5 ], "texture": "#chikorita1" },
				"north": { "uv": [ 7.5, 0, 12, 1 ], "texture": "#chikorita1" },
				"south": { "uv": [ 4, 0, 8.5, 1 ], "texture": "#chikorita1" },
				"west": { "uv": [ 6.5, 0, 9.5, 1 ], "texture": "#chikorita1" },
				"east": { "uv": [ 6.5, 0, 9.5, 1 ], "texture": "#chikorita1" }
			}
		},
		{
			"from": [ 8.359799, 4.9375, 4.1875 ],
			"to": [ 10.3598, 8.4375, 10.1875 ],
			"faces": {
				"down": { "uv": [ 8.5625, 9.5, 7.5625, 6.5 ], "texture": "#chikorita1" },
				"up": { "uv": [ 7.4375, 6.5, 8.4375, 9.5 ], "texture": "#chikorita1" },
				"north": { "uv": [ 7.5625, 10.125, 8.5625, 11.875 ], "texture": "#chikorita1" },
				"south": { "uv": [ 7.4375, 10.125, 8.4375, 11.875 ], "texture": "#chikorita1" },
				"west": { "uv": [ 6.5, 10.125, 9.5, 11.875 ], "texture": "#chikorita1" },
				"east": { "uv": [ 6.5, 10.125, 9.5, 11.875 ], "texture": "#chikorita1" }
			}
		},
		{
			"from": [ -0.8902, 2.0625, 8.0625 ],
			"to": [ 2.1098, 5.0625, 10.6875 ],
			"rotation": { "origin": [ -0.8901601, 5.0625, 8.0625 ], "axis": "z", "angle": 22.5 },
			"faces": {
				"down": { "uv": [ 11, 8.5, 16, 14 ], "texture": "#chikorita1" },
				"up": { "uv": [ 3.5, 8.375, 8, 13.375 ], "texture": "#chikorita1" },
				"north": { "uv": [ 8, 9.5, 14.5, 16 ], "texture": "#chikorita1" },
				"south": { "uv": [ 3.5, 9.5, 9, 15 ], "texture": "#chikorita1" },
				"west": { "uv": [ 2.5, 10, 8, 16 ], "texture": "#chikorita1" },
				"east": { "uv": [ 5.5, 10, 11.5, 16 ], "texture": "#chikorita1" }
			}
		},
		{
			"from": [ 6.5152, 2.3125, 8.8125 ],
			"to": [ 7.2652, 2.8125, 9.5625 ],
			"rotation": { "origin": [ 6.51516, 2.3125, 8.8125 ], "axis": "y", "angle": -45 },
			"faces": {
				"down": { "uv": [ 14.375, 9.375, 13.875, 8.875 ], "texture": "#chikorita_nailfeetthing" },
				"up": { "uv": [ 1.625, 8.875, 2.125, 9.375 ], "texture": "#chikorita_nailfeetthing" },
				"north": { "uv": [ 13.875, 13.625, 14.375, 13.875 ], "texture": "#chikorita_nailfeetthing" },
				"south": { "uv": [ 1.625, 13.625, 2.125, 13.875 ], "texture": "#chikorita_nailfeetthing" },
				"west": { "uv": [ 8.875, 13.625, 9.375, 13.875 ], "texture": "#chikorita_nailfeetthing" },
				"east": { "uv": [ 6.625, 13.625, 7.125, 13.875 ], "texture": "#chikorita_nailfeetthing" }
			}
		},
		{
			"from": [ -1.8902, 4.9375, 6.1875 ],
			"to": [ 0.1098001, 13.9375, 8.1875 ],
			"faces": {
				"down": { "uv": [ 13.6875, 8.5, 12.6875, 7.5 ], "texture": "#chikorita1" },
				"up": { "uv": [ 2.3125, 7.5, 3.3125, 8.5 ], "texture": "#chikorita1" },
				"north": { "uv": [ 5, 2, 10, 15 ], "texture": "#chikorita1" },
				"south": { "uv": [ 5, 1, 10.5, 14 ], "texture": "#chikorita1" },
				"west": { "uv": [ 4.5, 1, 9.5, 14.5 ], "texture": "#chikorita1" },
				"east": { "uv": [ 7.5, 7.375, 8.5, 11.875 ], "texture": "#chikorita1" }
			}
		},
		{
			"from": [ -0.8902, 4.9375, 3.8125 ],
			"to": [ 1.1098, 13.9375, 6.4375 ],
			"rotation": { "origin": [ -0.8901601, 4.9375, 3.8125 ], "axis": "y", "angle": -22.5 },
			"faces": {
				"down": { "uv": [ 0, 4.5, 0.5, 4 ], "texture": "#chikorita1" },
				"up": { "uv": [ 0, 4, 0.5, 4.5 ], "texture": "#chikorita1" },
				"north": { "uv": [ 0, 4, 4, 15 ], "texture": "#chikorita1" },
				"south": { "uv": [ 0.5, 4, 4, 15 ], "texture": "#chikorita1" },
				"west": { "uv": [ 0, 4, 4, 16 ], "texture": "#chikorita1" },
				"east": { "uv": [ 0.5, 4, 4, 13.5 ], "texture": "#chikorita1" }
			}
		},
		{
			"from": [ 5.4848, 2.0625, 3.8125 ],
			"to": [ 8.4848, 5.0625, 6.4375 ],
			"rotation": { "origin": [ 5.48484, 5.0625, 3.8125 ], "axis": "z", "angle": 22.5 },
			"faces": {
				"down": { "uv": [ 12.5, 9.875, 11, 8.375 ], "texture": "#chikorita1" },
				"up": { "uv": [ 3.5, 8.375, 5, 9.875 ], "texture": "#chikorita1" },
				"north": { "uv": [ 11, 12.75, 12.5, 14.25 ], "texture": "#chikorita1" },
				"south": { "uv": [ 3.5, 12.75, 5, 14.25 ], "texture": "#chikorita1" },
				"west": { "uv": [ 8.375, 12.75, 9.875, 14.25 ], "texture": "#chikorita1" },
				"east": { "uv": [ 6.125, 12.75, 7.625, 14.25 ], "texture": "#chikorita1" }
			}
		},
		{
			"from": [ 5.3598, 2.0625, 8.0625 ],
			"to": [ 8.3598, 5.0625, 10.6875 ],
			"rotation": { "origin": [ 5.35984, 5.0625, 8.0625 ], "axis": "z", "angle": 22.5 },
			"faces": {
				"down": { "uv": [ 12.5, 9.875, 11, 8.375 ], "texture": "#chikorita1" },
				"up": { "uv": [ 3.5, 8.375, 5, 9.875 ], "texture": "#chikorita1" },
				"north": { "uv": [ 11, 12.75, 12.5, 14.25 ], "texture": "#chikorita1" },
				"south": { "uv": [ 3.5, 12.75, 5, 14.25 ], "texture": "#chikorita1" },
				"west": { "uv": [ 8.375, 12.75, 9.875, 14.25 ], "texture": "#chikorita1" },
				"east": { "uv": [ 6.125, 12.75, 7.625, 14.25 ], "texture": "#chikorita1" }
			}
		},
		{
			"from": [ -1.5152, 12.3125, 5.1875 ],
			"to": [ -0.1402, 13.9375, 9.1875 ],
			"rotation": { "origin": [ -1.51516, 13.9375, 5.1875 ], "axis": "z", "angle": 45 },
			"faces": {
				"down": { "uv": [ 14.5, 9.25, 13.5, 6.75 ], "texture": "#chikorita1" },
				"up": { "uv": [ 1.5, 6.75, 2.5, 9.25 ], "texture": "#chikorita1" },
				"north": { "uv": [ 13.5, 0, 14.5, 1 ], "texture": "#chikorita1" },
				"south": { "uv": [ 1.5, 0, 2.5, 1 ], "texture": "#chikorita1" },
				"west": { "uv": [ 6.75, 0, 9.25, 1 ], "texture": "#chikorita1" },
				"east": { "uv": [ 6.75, 0, 9.25, 1 ], "texture": "#chikorita1" }
			}
		},
		{
			"from": [ -1.8902, 4.9375, 8.2029 ],
			"to": [ 0.1098001, 13.9375, 10.8279 ],
			"rotation": { "origin": [ -1.89016, 4.9375, 8.20286 ], "axis": "y", "angle": 22.5 },
			"faces": {
				"down": { "uv": [ 0, 4.5, 0.5, 4 ], "texture": "#chikorita1" },
				"up": { "uv": [ 0, 4, 0.5, 4.5 ], "texture": "#chikorita1" },
				"north": { "uv": [ 3.5, 1, 7.5, 12.5 ], "texture": "#chikorita1" },
				"south": { "uv": [ 4, 3, 8, 14 ], "texture": "#chikorita1" },
				"west": { "uv": [ 2, 1.5, 6, 14 ], "texture": "#chikorita1" },
				"east": { "uv": [ 0.5, 4, 0, 4.5 ], "texture": "#chikorita1" }
			}
		},
		{
			"from": [ -1.683, 6.9375, 6.5625 ],
			"to": [ -0.683, 7.5625, 7.5625 ],
			"rotation": { "origin": [ -1.68304, 6.9375, 6.5625 ], "axis": "y", "angle": -45 },
			"faces": {
				"down": { "uv": [ 7.5, 12, 8, 11.5 ], "texture": "#chikorita_leaf" },
				"up": { "uv": [ 7.5, 11, 8, 11.5 ], "texture": "#chikorita_leaf" },
				"north": { "uv": [ 7.5, 10, 8, 10.5 ], "texture": "#chikorita_leaf" },
				"south": { "uv": [ 8, 11, 7.5, 11.5 ], "texture": "#chikorita_leaf" },
				"west": { "uv": [ 7.5, 11.5, 8, 12 ], "texture": "#chikorita_leaf" },
				"east": { "uv": [ 8, 11.5, 7.5, 12 ], "texture": "#chikorita_leaf" }
			}
		},
		{
			"from": [ -1.6402, 7.1875, 4.4452 ],
			"to": [ -0.6401999, 7.8125, 5.4452 ],
			"rotation": { "origin": [ -1.64016, 7.1875, 4.44518 ], "axis": "y", "angle": 22.5 },
			"faces": {
				"down": { "uv": [ 7.5, 12, 8, 11.5 ], "texture": "#chikorita_leaf" },
				"up": { "uv": [ 7.5, 11, 8, 11.5 ], "texture": "#chikorita_leaf" },
				"north": { "uv": [ 7.5, 10, 8, 10.5 ], "texture": "#chikorita_leaf" },
				"south": { "uv": [ 8, 11, 7.5, 11.5 ], "texture": "#chikorita_leaf" },
				"west": { "uv": [ 7.5, 11.5, 8, 12 ], "texture": "#chikorita_leaf" },
				"east": { "uv": [ 8, 11.5, 7.5, 12 ], "texture": "#chikorita_leaf" }
			}
		},
		{
			"from": [ -1.6402, 7.1875, 9.8125 ],
			"to": [ -0.6401999, 7.8125, 10.8125 ],
			"rotation": { "origin": [ -1.64016, 7.1875, 9.8125 ], "axis": "y", "angle": 45 },
			"faces": {
				"down": { "uv": [ 7.5, 12, 8, 11.5 ], "texture": "#chikorita_leaf" },
				"up": { "uv": [ 7.5, 11, 8, 11.5 ], "texture": "#chikorita_leaf" },
				"north": { "uv": [ 7.5, 10, 8, 10.5 ], "texture": "#chikorita_leaf" },
				"south": { "uv": [ 8, 11, 7.5, 11.5 ], "texture": "#chikorita_leaf" },
				"west": { "uv": [ 7.5, 11.5, 8, 12 ], "texture": "#chikorita_leaf" },
				"east": { "uv": [ 8, 11.5, 7.5, 12 ], "texture": "#chikorita_leaf" }
			}
		},
		{
			"from": [ 0.6098, 7.4375, 10.0625 ],
			"to": [ 1.6098, 8.0625, 11.0625 ],
			"rotation": { "origin": [ 0.6098399, 7.4375, 10.0625 ], "axis": "y", "angle": -45 },
			"faces": {
				"down": { "uv": [ 7.5, 12, 8, 11.5 ], "texture": "#chikorita_leaf" },
				"up": { "uv": [ 7.5, 11, 8, 11.5 ], "texture": "#chikorita_leaf" },
				"north": { "uv": [ 7.5, 10, 8, 10.5 ], "texture": "#chikorita_leaf" },
				"south": { "uv": [ 8, 11, 7.5, 11.5 ], "texture": "#chikorita_leaf" },
				"west": { "uv": [ 7.5, 11.5, 8, 12 ], "texture": "#chikorita_leaf" },
				"east": { "uv": [ 8, 11.5, 7.5, 12 ], "texture": "#chikorita_leaf" }
			}
		},
		{
			"from": [ 2.9419, 7.9375, 10.1875 ],
			"to": [ 3.9419, 8.5625, 11.1875 ],
			"rotation": { "origin": [ 2.94194, 7.9375, 10.1875 ], "axis": "y", "angle": -45 },
			"faces": {
				"down": { "uv": [ 7.5, 12, 8, 11.5 ], "texture": "#chikorita_leaf" },
				"up": { "uv": [ 7.5, 11, 8, 11.5 ], "texture": "#chikorita_leaf" },
				"north": { "uv": [ 7.5, 10, 8, 10.5 ], "texture": "#chikorita_leaf" },
				"south": { "uv": [ 8, 11, 7.5, 11.5 ], "texture": "#chikorita_leaf" },
				"west": { "uv": [ 7.5, 11.5, 8, 12 ], "texture": "#chikorita_leaf" },
				"east": { "uv": [ 8, 11.5, 7.5, 12 ], "texture": "#chikorita_leaf" }
			}
		},
		{
			"from": [ 4.8169, 8.8125, 9.6875 ],
			"to": [ 5.8169, 9.4375, 10.6875 ],
			"rotation": { "origin": [ 4.81694, 8.8125, 9.6875 ], "axis": "y", "angle": -45 },
			"faces": {
				"down": { "uv": [ 7.5, 12, 8, 11.5 ], "texture": "#chikorita_leaf" },
				"up": { "uv": [ 7.5, 11, 8, 11.5 ], "texture": "#chikorita_leaf" },
				"north": { "uv": [ 7.5, 10, 8, 10.5 ], "texture": "#chikorita_leaf" },
				"south": { "uv": [ 8, 11, 7.5, 11.5 ], "texture": "#chikorita_leaf" },
				"west": { "uv": [ 7.5, 11.5, 8, 12 ], "texture": "#chikorita_leaf" },
				"east": { "uv": [ 8, 11.5, 7.5, 12 ], "texture": "#chikorita_leaf" }
			}
		},
		{
			"from": [ -1.8902, 3.3125, 6.0625 ],
			"to": [ -0.7651999, 4.9375, 8.3125 ],
			"rotation": { "origin": [ -1.89016, 4.9375, 6.0625 ], "axis": "z", "angle": 45 },
			"faces": {
				"down": { "uv": [ 14.5, 9.25, 13.5, 6.75 ], "texture": "#chikorita1" },
				"up": { "uv": [ 1.5, 6.75, 2.5, 9.25 ], "texture": "#chikorita1" },
				"north": { "uv": [ 13.5, 0, 14.5, 1 ], "texture": "#chikorita1" },
				"south": { "uv": [ 1.5, 0, 2.5, 1 ], "texture": "#chikorita1" },
				"west": { "uv": [ 6.75, 0, 9.25, 1 ], "texture": "#chikorita1" },
				"east": { "uv": [ 6.75, 0, 9.25, 1 ], "texture": "#chikorita1" }
			}
		},
		{
			"from": [ -1.1402, 9.6875, 4.3125 ],
			"to": [ -1.0152, 12.6875, 6.3125 ],
			"rotation": { "origin": [ -1.14016, 9.6875, 4.3125 ], "axis": "y", "angle": -22.5 },
			"faces": {
				"west": { "uv": [ 2, 0, 13, 14 ], "texture": "#chikorita_eye" }
			}
		},
		{
			"from": [ -1.8902, 9.6875, 8.3125 ],
			"to": [ -1.7652, 12.6875, 10.3125 ],
			"rotation": { "origin": [ -1.89016, 9.6875, 8.3125 ], "axis": "y", "angle": 22.5 },
			"faces": {
				"west": { "uv": [ 13, 0, 2, 14 ], "texture": "#chikorita_eye" }
			}
		},
		{
			"from": [ -0.8902, 4.9375, 9.6875 ],
			"to": [ 3.1098, 13.9375, 10.6875 ],
			"faces": {
				"down": { "uv": [ 8, 7.5, 15, 10 ], "texture": "#chikorita1" },
				"up": { "uv": [ 2.8125, 9.25, 9.3125, 11.25 ], "texture": "#chikorita1" },
				"north": { "uv": [ 7, 2.5, 12.5, 14.5 ], "texture": "#chikorita1" },
				"south": { "uv": [ 3, 1.5, 8.5, 14.5 ], "texture": "#chikorita1" },
				"west": { "uv": [ 9.25, 7.375, 10.75, 16 ], "texture": "#chikorita1" },
				"east": { "uv": [ 6.25, 7.375, 8.75, 15.375 ], "texture": "#chikorita1" }
			}
		},
		{
			"from": [ 3.3839, 13.3125, 4.8125 ],
			"to": [ 4.3839, 14.9375, 9.6875 ],
			"rotation": { "origin": [ 3.38388, 14.9375, 4.8125 ], "axis": "z", "angle": -45 },
			"faces": {
				"down": { "uv": [ 14.5, 9.25, 13.5, 6.75 ], "texture": "#chikorita1" },
				"up": { "uv": [ 1.5, 6.75, 2.5, 9.25 ], "texture": "#chikorita1" },
				"north": { "uv": [ 13.5, 0, 14.5, 1 ], "texture": "#chikorita1" },
				"south": { "uv": [ 1.5, 0, 2.5, 1 ], "texture": "#chikorita1" },
				"west": { "uv": [ 6.75, 0, 9.25, 1 ], "texture": "#chikorita1" },
				"east": { "uv": [ 6.75, 0, 9.25, 1 ], "texture": "#chikorita1" }
			}
		},
		{
			"from": [ 0.2348, 14.1875, 6.8125 ],
			"to": [ 0.4848, 16.1875, 7.5625 ],
			"rotation": { "origin": [ 0.2348399, 16.1875, 6.8125 ], "axis": "z", "angle": -22.5 },
			"faces": {
				"down": { "uv": [ 8.5, 9.5, 8, 9 ], "texture": "#chikorita_leaf" },
				"up": { "uv": [ 8, 11, 8.5, 11.5 ], "texture": "#chikorita_leaf" },
				"north": { "uv": [ 7.5, 11.5, 8, 12.5 ], "texture": "#chikorita_leaf" },
				"south": { "uv": [ 7.5, 11, 8, 12 ], "texture": "#chikorita_leaf" },
				"west": { "uv": [ 7.5, 11, 8, 12 ], "texture": "#chikorita_leaf" },
				"east": { "uv": [ 7.5, 11, 8, 12 ], "texture": "#chikorita_leaf" }
			}
		},
		{
			"from": [ 0.2348, 16.0625, 4.1875 ],
			"to": [ 5.2348, 16.1875, 10.1875 ],
			"rotation": { "origin": [ 0.2348399, 16.1875, 4.1875 ], "axis": "z", "angle": 45 },
			"faces": {
				"down": { "uv": [ 12, 10, 4.5, 14.5 ], "texture": "#chikorita_leaf", "rotation": 90 },
				"up": { "uv": [ 4.5, 14.5, 12, 10.5 ], "texture": "#chikorita_leaf", "rotation": 270 }
			}
		},
		{
			"from": [ 3.7348, 19.5625, 4.1875 ],
			"to": [ 7.7348, 19.6875, 10.1875 ],
			"faces": {
				"down": { "uv": [ 12, 5.5, 4.5, 10 ], "texture": "#chikorita_leaf", "rotation": 90 },
				"up": { "uv": [ 4.5, 10, 12, 6 ], "texture": "#chikorita_leaf", "rotation": 270 }
			}
		},
		{
			"from": [ 7.7348, 19.5625, 4.1875 ],
			"to": [ 12.7348, 19.6875, 10.1875 ],
			"rotation": { "origin": [ 7.73484, 19.6875, 4.1875 ], "axis": "z", "angle": -22.5 },
			"faces": {
				"down": { "uv": [ 12, 0, 4.5, 5.5 ], "texture": "#chikorita_leaf", "rotation": 90 },
				"up": { "uv": [ 4.5, 5.5, 12, 0 ], "texture": "#chikorita_leaf", "rotation": 270 }
			}
		},
		{
			"from": [ 0.6098, 5.9375, 9.6875 ],
			"to": [ 3.3598, 12.8125, 10.6875 ],
			"rotation": { "origin": [ 0.6098399, 12.8125, 9.6875 ], "axis": "z", "angle": 22.5 },
			"faces": {
				"down": { "uv": [ 12, 9.5, 7.5, 6.5 ], "texture": "#chikorita1" },
				"up": { "uv": [ 4, 6.5, 8.5, 9.5 ], "texture": "#chikorita1" },
				"north": { "uv": [ 7.5, 0, 12, 1 ], "texture": "#chikorita1" },
				"south": { "uv": [ 4, 0, 8.5, 1 ], "texture": "#chikorita1" },
				"west": { "uv": [ 6.5, 0, 9.5, 1 ], "texture": "#chikorita1" },
				"east": { "uv": [ 6.5, 0, 9.5, 1 ], "texture": "#chikorita1" }
			}
		},
		{
			"from": [ -0.0152, 13.6875, 6.8125 ],
			"to": [ 0.2348, 15.5625, 7.5625 ],
			"faces": {
				"down": { "uv": [ 8.5, 9.5, 8, 9 ], "texture": "#chikorita_leaf" },
				"up": { "uv": [ 8, 11, 8.5, 11.5 ], "texture": "#chikorita_leaf" },
				"north": { "uv": [ 7.5, 11.5, 8, 12.5 ], "texture": "#chikorita_leaf" },
				"south": { "uv": [ 7.5, 11, 8, 12 ], "texture": "#chikorita_leaf" },
				"west": { "uv": [ 7.5, 11, 8, 12 ], "texture": "#chikorita_leaf" },
				"east": { "uv": [ 7.5, 11, 8, 12 ], "texture": "#chikorita_leaf" }
			}
		},
		{
			"from": [ -0.6402, 12.8125, 8.9375 ],
			"to": [ 3.1098, 14.0625, 10.0625 ],
			"rotation": { "origin": [ -0.6401601, 14.0625, 8.9375 ], "axis": "x", "angle": -45 },
			"faces": {
				"down": { "uv": [ 12, 14, 10, 13.5 ], "texture": "#chikorita1" },
				"up": { "uv": [ 4, 13.5, 6, 14 ], "texture": "#chikorita1" },
				"north": { "uv": [ 10, 7.375, 12, 8.0625 ], "texture": "#chikorita1" },
				"south": { "uv": [ 4, 7.375, 6, 8.0625 ], "texture": "#chikorita1" },
				"west": { "uv": [ 13.5, 7.375, 14, 8.0625 ], "texture": "#chikorita1" },
				"east": { "uv": [ 2, 7.375, 2.5, 8.0625 ], "texture": "#chikorita1" }
			}
		},
		{
			"from": [ 7.9848, 6.6875, 4.6875 ],
			"to": [ 9.8598, 8.1875, 9.6875 ],
			"rotation": { "origin": [ 7.98484, 8.1875, 4.6875 ], "axis": "z", "angle": 45 },
			"faces": {
				"down": { "uv": [ 4.5, 8, 3.5, 7 ], "texture": "#chikorita1" },
				"up": { "uv": [ 11.5, 7, 12.5, 8 ], "texture": "#chikorita1" },
				"north": { "uv": [ 3.5, 5, 4.5, 6 ], "texture": "#chikorita1" },
				"south": { "uv": [ 11.5, 5, 12.5, 6 ], "texture": "#chikorita1" },
				"west": { "uv": [ 7, 5, 8, 6 ], "texture": "#chikorita1" },
				"east": { "uv": [ 8, 5, 9, 6 ], "texture": "#chikorita1" }
			}
		},
		{
			"from": [ -2.0152, 8.9375, 6.4375 ],
			"to": [ -1.8902, 10.5625, 7.9375 ],
			"faces": {
				"west": { "uv": [ 0, 0.5, 16, 16 ], "texture": "#chikorita_mouth" }
			}
		},
		{
			"from": [ -0.8902, 2.1645, 3.8125 ],
			"to": [ 2.1098, 5.1645, 6.4375 ],
			"rotation": { "origin": [ -0.8901601, 5.16446, 3.8125 ], "axis": "z", "angle": 22.5 },
			"faces": {
				"down": { "uv": [ 12.5, 9.875, 11, 8.375 ], "texture": "#chikorita1" },
				"up": { "uv": [ 3.5, 8.375, 5, 9.875 ], "texture": "#chikorita1" },
				"north": { "uv": [ 11, 12.75, 12.5, 14.25 ], "texture": "#chikorita1" },
				"south": { "uv": [ 3.5, 12.75, 5, 14.25 ], "texture": "#chikorita1" },
				"west": { "uv": [ 8.375, 12.75, 9.875, 14.25 ], "texture": "#chikorita1" },
				"east": { "uv": [ 6.125, 12.75, 7.625, 14.25 ], "texture": "#chikorita1" }
			}
		},
		{
			"from": [ -0.8902, 4.9375, 3.8125 ],
			"to": [ 3.1098, 13.9375, 4.6875 ],
			"faces": {
				"down": { "uv": [ 8, 7.5, 15, 10 ], "texture": "#chikorita1" },
				"up": { "uv": [ 2.8125, 9.25, 9.3125, 11.25 ], "texture": "#chikorita1" },
				"north": { "uv": [ 7, 2.5, 12.5, 14.5 ], "texture": "#chikorita1" },
				"south": { "uv": [ 3, 1.5, 8.5, 14.5 ], "texture": "#chikorita1" },
				"west": { "uv": [ 9.25, 7.375, 10.75, 16 ], "texture": "#chikorita1" },
				"east": { "uv": [ 6.25, 7.375, 8.75, 15.375 ], "texture": "#chikorita1" }
			}
		},
		{
			"from": [ -0.6402, 13.5625, 4.6964 ],
			"to": [ 3.1098, 14.8125, 5.8214 ],
			"rotation": { "origin": [ -0.6401601, 14.8125, 4.69638 ], "axis": "x", "angle": 45 },
			"faces": {
				"down": { "uv": [ 12, 14, 10, 13.5 ], "texture": "#chikorita1" },
				"up": { "uv": [ 4, 13.5, 6, 14 ], "texture": "#chikorita1" },
				"north": { "uv": [ 10, 7.375, 12, 8.0625 ], "texture": "#chikorita1" },
				"south": { "uv": [ 4, 7.375, 6, 8.0625 ], "texture": "#chikorita1" },
				"west": { "uv": [ 13.5, 7.375, 14, 8.0625 ], "texture": "#chikorita1" },
				"east": { "uv": [ 2, 7.375, 2.5, 8.0625 ], "texture": "#chikorita1" }
			}
		},
		{
			"from": [ 0.2652, 2.3125, 4.5625 ],
			"to": [ 1.0152, 2.8125, 5.3125 ],
			"rotation": { "origin": [ 0.2651601, 2.3125, 4.5625 ], "axis": "y", "angle": -45 },
			"faces": {
				"down": { "uv": [ 14.375, 9.375, 13.875, 8.875 ], "texture": "#chikorita_nailfeetthing" },
				"up": { "uv": [ 1.625, 8.875, 2.125, 9.375 ], "texture": "#chikorita_nailfeetthing" },
				"north": { "uv": [ 13.875, 13.625, 14.375, 13.875 ], "texture": "#chikorita_nailfeetthing" },
				"south": { "uv": [ 1.625, 13.625, 2.125, 13.875 ], "texture": "#chikorita_nailfeetthing" },
				"west": { "uv": [ 8.875, 13.625, 9.375, 13.875 ], "texture": "#chikorita_nailfeetthing" },
				"east": { "uv": [ 6.625, 13.625, 7.125, 13.875 ], "texture": "#chikorita_nailfeetthing" }
			}
		},
		{
			"from": [ -0.7652, 3.6875, 6.0625 ],
			"to": [ 8.4848, 4.6875, 8.3125 ],
			"faces": {
				"down": { "uv": [ 13.125, 8.5625, 8.5, 7.4375 ], "texture": "#chikorita1" },
				"up": { "uv": [ 2.875, 7.4375, 7.5, 8.5625 ], "texture": "#chikorita1" },
				"north": { "uv": [ 8.5, 12, 13.125, 12.5 ], "texture": "#chikorita1" },
				"south": { "uv": [ 2.875, 12, 7.5, 12.5 ], "texture": "#chikorita1" },
				"west": { "uv": [ 7.4375, 12, 8.5625, 12.5 ], "texture": "#chikorita1" },
				"east": { "uv": [ 7.4375, 12, 8.5625, 12.5 ], "texture": "#chikorita1" }
			}
		},
		{
			"from": [ 0.1098, 3.6875, 7.8125 ],
			"to": [ 9.3598, 4.6875, 10.3125 ],
			"rotation": { "origin": [ 0.1098399, 4.6875, 7.8125 ], "axis": "x", "angle": -22.5 },
			"faces": {
				"down": { "uv": [ 13.125, 12.125, 8.5, 11 ], "texture": "#chikorita1" },
				"up": { "uv": [ 2.875, 11, 7.5, 12.125 ], "texture": "#chikorita1" },
				"north": { "uv": [ 8.5, 11, 13.125, 11.5 ], "texture": "#chikorita1" },
				"south": { "uv": [ 2.875, 11, 7.5, 11.5 ], "texture": "#chikorita1" },
				"west": { "uv": [ 11, 11, 12.125, 11.5 ], "texture": "#chikorita1" },
				"east": { "uv": [ 3.875, 11, 5, 11.5 ], "texture": "#chikorita1" }
			}
		},
		{
			"from": [ 0.1098, 4.5625, 4.3125 ],
			"to": [ 9.3598, 5.5625, 6.8125 ],
			"rotation": { "origin": [ 0.1098399, 5.5625, 4.3125 ], "axis": "x", "angle": 22.5 },
			"faces": {
				"down": { "uv": [ 13.125, 12.125, 8.5, 11 ], "texture": "#chikorita1" },
				"up": { "uv": [ 2.875, 11, 7.5, 12.125 ], "texture": "#chikorita1" },
				"north": { "uv": [ 8.5, 11, 13.125, 11.5 ], "texture": "#chikorita1" },
				"south": { "uv": [ 2.875, 11, 7.5, 11.5 ], "texture": "#chikorita1" },
				"west": { "uv": [ 11, 11, 12.125, 11.5 ], "texture": "#chikorita1" },
				"east": { "uv": [ 3.875, 11, 5, 11.5 ], "texture": "#chikorita1" }
			}
		},
		{
			"from": [ 0.6098, 5.9375, 3.8125 ],
			"to": [ 3.3598, 12.8125, 4.8125 ],
			"rotation": { "origin": [ 0.6098399, 12.8125, 3.8125 ], "axis": "z", "angle": 22.5 },
			"faces": {
				"down": { "uv": [ 12, 9.5, 7.5, 6.5 ], "texture": "#chikorita1" },
				"up": { "uv": [ 4, 6.5, 8.5, 9.5 ], "texture": "#chikorita1" },
				"north": { "uv": [ 7.5, 0, 12, 1 ], "texture": "#chikorita1" },
				"south": { "uv": [ 4, 0, 8.5, 1 ], "texture": "#chikorita1" },
				"west": { "uv": [ 6.5, 0, 9.5, 1 ], "texture": "#chikorita1" },
				"east": { "uv": [ 6.5, 0, 9.5, 1 ], "texture": "#chikorita1" }
			}
		},
		{
			"from": [ 1.9848, 3.4375, 8.0625 ],
			"to": [ 2.9848, 6.4375, 10.6875 ],
			"faces": {
				"down": { "uv": [ 11, 8.5, 16, 14 ], "texture": "#chikorita1" },
				"up": { "uv": [ 3.5, 8.375, 8, 13.375 ], "texture": "#chikorita1" },
				"north": { "uv": [ 8, 9.5, 14.5, 16 ], "texture": "#chikorita1" },
				"south": { "uv": [ 3.5, 9.5, 9, 15 ], "texture": "#chikorita1" },
				"west": { "uv": [ 2.5, 10, 8, 16 ], "texture": "#chikorita1" },
				"east": { "uv": [ 5.5, 10, 11.5, 16 ], "texture": "#chikorita1" }
			}
		},
		{
			"from": [ 4.4848, 8.5625, 9.6875 ],
			"to": [ 9.4848, 9.5625, 10.8125 ],
			"rotation": { "origin": [ 4.48484, 9.5625, 9.6875 ], "axis": "x", "angle": 22.5 },
			"faces": {
				"down": { "uv": [ 12, 9.5, 7.5, 6.5 ], "texture": "#chikorita1" },
				"up": { "uv": [ 4, 6.5, 8.5, 9.5 ], "texture": "#chikorita1" },
				"north": { "uv": [ 7.5, 0, 12, 1 ], "texture": "#chikorita1" },
				"south": { "uv": [ 4, 0, 8.5, 1 ], "texture": "#chikorita1" },
				"west": { "uv": [ 6.5, 0, 9.5, 1 ], "texture": "#chikorita1" },
				"east": { "uv": [ 6.5, 0, 9.5, 1 ], "texture": "#chikorita1" }
			}
		},
		{
			"from": [ 4.4848, 8.0625, 3.8125 ],
			"to": [ 9.4848, 9.0625, 4.9375 ],
			"rotation": { "origin": [ 4.48484, 9.0625, 3.8125 ], "axis": "x", "angle": -22.5 },
			"faces": {
				"down": { "uv": [ 12, 9.5, 7.5, 6.5 ], "texture": "#chikorita1" },
				"up": { "uv": [ 4, 6.5, 8.5, 9.5 ], "texture": "#chikorita1" },
				"north": { "uv": [ 7.5, 0, 12, 1 ], "texture": "#chikorita1" },
				"south": { "uv": [ 4, 0, 8.5, 1 ], "texture": "#chikorita1" },
				"west": { "uv": [ 6.5, 0, 9.5, 1 ], "texture": "#chikorita1" },
				"east": { "uv": [ 6.5, 0, 9.5, 1 ], "texture": "#chikorita1" }
			}
		},
		{
			"from": [ 7.7348, 7.5625, 6.5625 ],
			"to": [ 9.7348, 9.5625, 8.1875 ],
			"rotation": { "origin": [ 7.73484, 9.5625, 6.5625 ], "axis": "z", "angle": 22.5 },
			"faces": {
				"down": { "uv": [ 4.5, 8, 3.5, 7 ], "texture": "#chikorita1" },
				"up": { "uv": [ 11.5, 7, 12.5, 8 ], "texture": "#chikorita1" },
				"north": { "uv": [ 3.5, 5, 4.5, 6 ], "texture": "#chikorita1" },
				"south": { "uv": [ 11.5, 5, 12.5, 6 ], "texture": "#chikorita1" },
				"west": { "uv": [ 7, 5, 8, 6 ], "texture": "#chikorita1" },
				"east": { "uv": [ 8, 5, 9, 6 ], "texture": "#chikorita1" }
			}
		},
		{
			"from": [ 0.6098, 7.4375, 3.0625 ],
			"to": [ 1.6098, 8.0625, 4.0625 ],
			"rotation": { "origin": [ 0.6098399, 7.4375, 3.0625 ], "axis": "y", "angle": -45 },
			"faces": {
				"down": { "uv": [ 7.5, 12, 8, 11.5 ], "texture": "#chikorita_leaf" },
				"up": { "uv": [ 7.5, 11, 8, 11.5 ], "texture": "#chikorita_leaf" },
				"north": { "uv": [ 7.5, 10, 8, 10.5 ], "texture": "#chikorita_leaf" },
				"south": { "uv": [ 8, 11, 7.5, 11.5 ], "texture": "#chikorita_leaf" },
				"west": { "uv": [ 7.5, 11.5, 8, 12 ], "texture": "#chikorita_leaf" },
				"east": { "uv": [ 8, 11.5, 7.5, 12 ], "texture": "#chikorita_leaf" }
			}
		},
		{
			"from": [ 2.9848, 7.9375, 2.9375 ],
			"to": [ 3.9848, 8.5625, 3.9375 ],
			"rotation": { "origin": [ 2.98484, 7.9375, 2.9375 ], "axis": "y", "angle": -45 },
			"faces": {
				"down": { "uv": [ 7.5, 12, 8, 11.5 ], "texture": "#chikorita_leaf" },
				"up": { "uv": [ 7.5, 11, 8, 11.5 ], "texture": "#chikorita_leaf" },
				"north": { "uv": [ 7.5, 10, 8, 10.5 ], "texture": "#chikorita_leaf" },
				"south": { "uv": [ 8, 11, 7.5, 11.5 ], "texture": "#chikorita_leaf" },
				"west": { "uv": [ 7.5, 11.5, 8, 12 ], "texture": "#chikorita_leaf" },
				"east": { "uv": [ 8, 11.5, 7.5, 12 ], "texture": "#chikorita_leaf" }
			}
		},
		{
			"from": [ 4.7348, 8.8125, 3.3125 ],
			"to": [ 5.7348, 9.4375, 4.3125 ],
			"rotation": { "origin": [ 4.73484, 8.8125, 3.3125 ], "axis": "y", "angle": -45 },
			"faces": {
				"down": { "uv": [ 7.5, 12, 8, 11.5 ], "texture": "#chikorita_leaf" },
				"up": { "uv": [ 7.5, 11, 8, 11.5 ], "texture": "#chikorita_leaf" },
				"north": { "uv": [ 7.5, 10, 8, 10.5 ], "texture": "#chikorita_leaf" },
				"south": { "uv": [ 8, 11, 7.5, 11.5 ], "texture": "#chikorita_leaf" },
				"west": { "uv": [ 7.5, 11.5, 8, 12 ], "texture": "#chikorita_leaf" },
				"east": { "uv": [ 8, 11.5, 7.5, 12 ], "texture": "#chikorita_leaf" }
			}
		},
		{
			"from": [ 5.1098, 9.4375, 9.0625 ],
			"to": [ 6.1098, 10.0625, 10.0625 ],
			"rotation": { "origin": [ 5.10984, 9.4375, 9.0625 ], "axis": "y", "angle": 22.5 },
			"faces": {
				"down": { "uv": [ 7.5, 12, 8, 11.5 ], "texture": "#chikorita_leaf" },
				"up": { "uv": [ 7.5, 11, 8, 11.5 ], "texture": "#chikorita_leaf" },
				"north": { "uv": [ 7.5, 10, 8, 10.5 ], "texture": "#chikorita_leaf" },
				"south": { "uv": [ 8, 11, 7.5, 11.5 ], "texture": "#chikorita_leaf" },
				"west": { "uv": [ 7.5, 11.5, 8, 12 ], "texture": "#chikorita_leaf" },
				"east": { "uv": [ 8, 11.5, 7.5, 12 ], "texture": "#chikorita_leaf" }
			}
		},
		{
			"from": [ 5.9848, 9.4375, 6.3125 ],
			"to": [ 6.9848, 10.0625, 7.3125 ],
			"rotation": { "origin": [ 5.98484, 9.4375, 6.3125 ], "axis": "y", "angle": -45 },
			"faces": {
				"down": { "uv": [ 7.5, 12, 8, 11.5 ], "texture": "#chikorita_leaf" },
				"up": { "uv": [ 7.5, 11, 8, 11.5 ], "texture": "#chikorita_leaf" },
				"north": { "uv": [ 7.5, 10, 8, 10.5 ], "texture": "#chikorita_leaf" },
				"south": { "uv": [ 8, 11, 7.5, 11.5 ], "texture": "#chikorita_leaf" },
				"west": { "uv": [ 7.5, 11.5, 8, 12 ], "texture": "#chikorita_leaf" },
				"east": { "uv": [ 8, 11.5, 7.5, 12 ], "texture": "#chikorita_leaf" }
			}
		},
		{
			"from": [ 5.3598, 9.4375, 4.1875 ],
			"to": [ 6.3598, 10.0625, 5.1875 ],
			"rotation": { "origin": [ 5.35984, 9.4375, 4.1875 ], "axis": "y", "angle": -22.5 },
			"faces": {
				"down": { "uv": [ 7.5, 12, 8, 11.5 ], "texture": "#chikorita_leaf" },
				"up": { "uv": [ 7.5, 11, 8, 11.5 ], "texture": "#chikorita_leaf" },
				"north": { "uv": [ 7.5, 10, 8, 10.5 ], "texture": "#chikorita_leaf" },
				"south": { "uv": [ 8, 11, 7.5, 11.5 ], "texture": "#chikorita_leaf" },
				"west": { "uv": [ 7.5, 11.5, 8, 12 ], "texture": "#chikorita_leaf" },
				"east": { "uv": [ 8, 11.5, 7.5, 12 ], "texture": "#chikorita_leaf" }
			}
		},
		{
			"from": [ 8.359799, 3.4375, 8.0625 ],
			"to": [ 9.359799, 6.4375, 10.6875 ],
			"faces": {
				"down": { "uv": [ 11, 8.5, 16, 14 ], "texture": "#chikorita1" },
				"up": { "uv": [ 3.5, 8.375, 8, 13.375 ], "texture": "#chikorita1" },
				"north": { "uv": [ 8, 9.5, 14.5, 16 ], "texture": "#chikorita1" },
				"south": { "uv": [ 3.5, 9.5, 9, 15 ], "texture": "#chikorita1" },
				"west": { "uv": [ 2.5, 10, 8, 16 ], "texture": "#chikorita1" },
				"east": { "uv": [ 5.5, 10, 11.5, 16 ], "texture": "#chikorita1" }
			}
		},
		{
			"from": [ 8.484799, 3.4375, 3.8125 ],
			"to": [ 9.484799, 6.4375, 6.4375 ],
			"faces": {
				"down": { "uv": [ 11, 8.5, 16, 14 ], "texture": "#chikorita1" },
				"up": { "uv": [ 3.5, 8.375, 8, 13.375 ], "texture": "#chikorita1" },
				"north": { "uv": [ 8, 9.5, 14.5, 16 ], "texture": "#chikorita1" },
				"south": { "uv": [ 3.5, 9.5, 9, 15 ], "texture": "#chikorita1" },
				"west": { "uv": [ 2.5, 10, 8, 16 ], "texture": "#chikorita1" },
				"east": { "uv": [ 5.5, 10, 11.5, 16 ], "texture": "#chikorita1" }
			}
		},
		{
			"from": [ 0.1098, 2.3125, 8.8125 ],
			"to": [ 0.8598, 2.8125, 9.5625 ],
			"rotation": { "origin": [ 0.1098399, 2.3125, 8.8125 ], "axis": "y", "angle": -45 },
			"faces": {
				"down": { "uv": [ 14.375, 9.375, 13.875, 8.875 ], "texture": "#chikorita_nailfeetthing" },
				"up": { "uv": [ 1.625, 8.875, 2.125, 9.375 ], "texture": "#chikorita_nailfeetthing" },
				"north": { "uv": [ 13.875, 13.625, 14.375, 13.875 ], "texture": "#chikorita_nailfeetthing" },
				"south": { "uv": [ 1.625, 13.625, 2.125, 13.875 ], "texture": "#chikorita_nailfeetthing" },
				"west": { "uv": [ 8.875, 13.625, 9.375, 13.875 ], "texture": "#chikorita_nailfeetthing" },
				"east": { "uv": [ 6.625, 13.625, 7.125, 13.875 ], "texture": "#chikorita_nailfeetthing" }
			}
		},
		{
			"from": [ 6.6402, 2.3125, 4.5625 ],
			"to": [ 7.3902, 2.8125, 5.3125 ],
			"rotation": { "origin": [ 6.64016, 2.3125, 4.5625 ], "axis": "y", "angle": -45 },
			"faces": {
				"down": { "uv": [ 14.375, 9.375, 13.875, 8.875 ], "texture": "#chikorita_nailfeetthing" },
				"up": { "uv": [ 1.625, 8.875, 2.125, 9.375 ], "texture": "#chikorita_nailfeetthing" },
				"north": { "uv": [ 13.875, 13.625, 14.375, 13.875 ], "texture": "#chikorita_nailfeetthing" },
				"south": { "uv": [ 1.625, 13.625, 2.125, 13.875 ], "texture": "#chikorita_nailfeetthing" },
				"west": { "uv": [ 8.875, 13.625, 9.375, 13.875 ], "texture": "#chikorita_nailfeetthing" },
				"east": { "uv": [ 6.625, 13.625, 7.125, 13.875 ], "texture": "#chikorita_nailfeetthing" }
			}
		},
		{
			"from": [ 8.984799, 4.6875, 4.6875 ],
			"to": [ 10.8598, 6.1875, 9.6875 ],
			"rotation": { "origin": [ 8.98484, 6.1875, 4.6875 ], "axis": "z", "angle": -45 },
			"faces": {
				"down": { "uv": [ 4.5, 8, 3.5, 7 ], "texture": "#chikorita1" },
				"up": { "uv": [ 11.5, 7, 12.5, 8 ], "texture": "#chikorita1" },
				"north": { "uv": [ 3.5, 5, 4.5, 6 ], "texture": "#chikorita1" },
				"south": { "uv": [ 11.5, 5, 12.5, 6 ], "texture": "#chikorita1" },
				"west": { "uv": [ 7, 5, 8, 6 ], "texture": "#chikorita1" },
				"east": { "uv": [ 8, 5, 9, 6 ], "texture": "#chikorita1" }
			}
		}
	],
	"display": {
		"thirdperson_righthand": {
			"rotation":  [ 70, -90, 0 ],
			"translation":  [ -7.25, -9.803, 2.2826 ],
			"scale":  [ 1.5, 1.8, 1.5 ]
		},
		"thirdperson_lefthand": {
			"rotation":  [ 70, 90, 0 ],
			"translation":  [ -4.75, -9.803, 2.2826 ],
			"scale":  [ 1.5, 1.8, 1.5 ]
		},
		"head": {
			"rotation":  [ 0, -90, 0 ],
			"translation":  [ -1.5, -26.64, 7.75 ],
			"scale":  [ 2.5, 3, 2.5 ]
		},
        "firstperson_righthand": {
			"scale":  [ 0, 0, 0 ]
		},
		"firstperson_lefthand": {
			"scale":  [ 0, 0, 0 ]
		},
		"gui": {
			"scale":  [ 0, 0, 0 ]
		},
		"ground": {
			"scale":  [ 0, 0, 0 ]
		}
	}
}