{
"__comment": "Designed by Samasaurus6 with BDcraft Cubik PRO 0.96 Beta - http://bdcraft.net",
"elements": [ 
{
    "from": [ 12.5, 1.5, 6 ],
    "to": [ 17, 5, 12 ],
    "rotation": { "origin": [ 12.5, 5, 6 ], "axis": "z", "angle": -22.5 },
    "faces": {
        "down":  { "uv": [ 7.5, 16, 3, 10 ], "texture": "#quilava1" },
        "up":    { "uv": [ 6.5, 0, 11, 6 ], "texture": "#quilava1" },
        "north": { "uv": [ 12, 5, 4, 13 ], "texture": "#quilava1" },
        "south": { "uv": [ 12, 5, 3.5, 13 ], "texture": "#quilava1" },
        "west":  { "uv": [ 1, 4, 15.5, 12 ], "texture": "#quilava1" },
        "east":  { "uv": [ 1, 4, 15, 12 ], "texture": "#quilava1" }
    }
},
{
    "from": [ 8.9375, 1.9375, 6.5 ],
    "to": [ 12.625, 4.9375, 11.5 ],
    "faces": {
        "down":  { "uv": [ 7.5, 16, 3, 10 ], "texture": "#quilava1" },
        "up":    { "uv": [ 7.5, 0, 12, 6 ], "texture": "#quilava1" },
        "north": { "uv": [ 4.5, 5.5, 12, 11.5 ], "texture": "#quilava1" },
        "south": { "uv": [ 4, 5.5, 11.5, 12 ], "texture": "#quilava1" },
        "west":  { "uv": [ 3.5, 6.5, 12, 12.5 ], "texture": "#quilava1" },
        "east":  { "uv": [ 4, 0, 10, 3.5 ], "texture": "#quilava1" }
    }
},
{
    "from": [ 7.27305, 3.0625, 6.5625 ],
    "to": [ 10.7731, 6.0625, 11.4375 ],
    "rotation": { "origin": [ 7.27305, 6.0625, 6.5625 ], "axis": "z", "angle": -22.5 },
    "faces": {
        "down":  { "uv": [ 4.5, 16, 0, 10 ], "texture": "#quilava1" },
        "up":    { "uv": [ 5.5, 0, 10, 6 ], "texture": "#quilava1" },
        "north": { "uv": [ 8.5, 6, 15, 11.5 ], "texture": "#quilava1" },
        "south": { "uv": [ 1, 6, 7.5, 12 ], "texture": "#quilava1" },
        "west":  { "uv": [ 6, 0, 12, 3.5 ], "texture": "#quilava1" },
        "east":  { "uv": [ 4, 0, 10, 3.5 ], "texture": "#quilava1" }
    }
},
{
    "from": [ 5.625, 4, 7 ],
    "to": [ 8.1875, 6.5, 11 ],
    "rotation": { "origin": [ 5.625, 6.5, 7 ], "axis": "z", "angle": -22.5 },
    "faces": {
        "down":  { "uv": [ 6.5, 16, 2, 10 ], "texture": "#quilava1" },
        "up":    { "uv": [ 7, 0, 11.5, 6 ], "texture": "#quilava1" },
        "north": { "uv": [ 10.5, 6, 16, 13.5 ], "texture": "#quilava1" },
        "south": { "uv": [ 10.5, 6, 16, 13.5 ], "texture": "#quilava1" },
        "west":  { "uv": [ 6, 0, 12, 3.5 ], "texture": "#quilava1" },
        "east":  { "uv": [ 4, 0, 10, 3.5 ], "texture": "#quilava1" }
    }
},
{
    "from": [ 6.0625, 3.3125, 6.5 ],
    "to": [ 7.25, 6.0625, 11.5 ],
    "faces": {
        "down":  { "uv": [ 9, 16, 4.5, 10 ], "texture": "#quilava1" },
        "up":    { "uv": [ 6.5, 0, 11, 6 ], "texture": "#quilava1" },
        "north": { "uv": [ 12, 6, 15, 14 ], "texture": "#quilava1" },
        "south": { "uv": [ 1, 6, 4, 14 ], "texture": "#quilava1" },
        "west":  { "uv": [ 4, 7, 12, 15 ], "texture": "#quilava1" },
        "east":  { "uv": [ 4, 0, 10, 3.5 ], "texture": "#quilava1" }
    }
},
{
    "from": [ 2.625, 3.75, 7.75 ],
    "to": [ 6.125, 6.875, 10.25 ],
    "faces": {
        "down":  { "uv": [ 7, 16, 2.5, 10 ], "texture": "#quilava1" },
        "up":    { "uv": [ 5.5, 0.5, 10, 6.5 ], "texture": "#quilava1" },
        "north": { "uv": [ 5, 6, 9.5, 11.5 ], "texture": "#quilava1" },
        "south": { "uv": [ 5, 6, 9.5, 11.5 ], "texture": "#quilava1" },
        "west":  { "uv": [ 4.5, 6, 10.5, 11.5 ], "texture": "#quilava1" },
        "east":  { "uv": [ 4.5, 6, 10.5, 11.5 ], "texture": "#quilava1" }
    }
},
{
    "from": [ 12.4375, 0, 10.0625 ],
    "to": [ 15.125, 2.25, 11.875 ],
    "faces": {
        "down":  { "uv": [ 3.625, 11.875, 0.9375, 10.0625 ], "texture": "#quilava1" },
        "up":    { "uv": [ 12.375, 10.0625, 15.0625, 11.875 ], "texture": "#quilava1" },
        "north": { "uv": [ 0.9375, 14, 3.625, 16 ], "texture": "#quilava1" },
        "south": { "uv": [ 12.375, 14, 15.0625, 16 ], "texture": "#quilava1" },
        "west":  { "uv": [ 10.0625, 14, 11.875, 16 ], "texture": "#quilava1" },
        "east":  { "uv": [ 4.125, 14, 5.9375, 16 ], "texture": "#quilava1" }
    }
},
{
    "from": [ 11.25, -0.0625, 10.1875 ],
    "to": [ 15.1875, 0.875, 11.625 ],
    "faces": {
        "down":  { "uv": [ 3.625, 11.875, 0.9375, 10.0625 ], "texture": "#quilava1" },
        "up":    { "uv": [ 0, 5, 8, 13.5 ], "rotation": 90, "texture": "#quilava_paws" },
        "north": { "uv": [ 0.9375, 14, 3.625, 16 ], "texture": "#quilava1" },
        "south": { "uv": [ 12.375, 14, 15.0625, 16 ], "texture": "#quilava1" },
        "west":  { "uv": [ 0, 14, 8, 16 ], "texture": "#quilava_paws" },
        "east":  { "uv": [ 4.125, 14, 5.9375, 16 ], "texture": "#quilava1" }
    }
},
{
    "from": [ 6.5625, 1.5, 10.0625 ],
    "to": [ 8.3125, 3.6875, 11.875 ],
    "rotation": { "origin": [ 6.5625, 3.6875, 10.0625 ], "axis": "z", "angle": 22.5 },
    "faces": {
        "down":  { "uv": [ 3.625, 11.875, 0.9375, 10.0625 ], "texture": "#quilava1" },
        "up":    { "uv": [ 12.375, 10.0625, 15.0625, 11.875 ], "texture": "#quilava1" },
        "north": { "uv": [ 0.9375, 14, 3.625, 16 ], "texture": "#quilava1" },
        "south": { "uv": [ 12.375, 14, 15.0625, 16 ], "texture": "#quilava1" },
        "west":  { "uv": [ 10.0625, 14, 11.875, 16 ], "texture": "#quilava1" },
        "east":  { "uv": [ 4.125, 14, 5.9375, 16 ], "texture": "#quilava1" }
    }
},
{
    "from": [ 7.375, 0.5625, 10.1875 ],
    "to": [ 8.875, 2.6875, 11.75 ],
    "faces": {
        "down":  { "uv": [ 3.625, 11.875, 0.9375, 10.0625 ], "texture": "#quilava1" },
        "up":    { "uv": [ 12.375, 10.0625, 15.0625, 11.875 ], "texture": "#quilava1" },
        "north": { "uv": [ 0.9375, 14, 3.625, 16 ], "texture": "#quilava1" },
        "south": { "uv": [ 12.375, 14, 15.0625, 16 ], "texture": "#quilava1" },
        "west":  { "uv": [ 10.0625, 14, 11.875, 16 ], "texture": "#quilava1" },
        "east":  { "uv": [ 4.125, 14, 5.9375, 16 ], "texture": "#quilava1" }
    }
},
{
    "from": [ 6.0625, -0.0625, 10.3125 ],
    "to": [ 7.25, 0.625, 11.625 ],
    "faces": {
        "down":  { "uv": [ 3.625, 11.875, 0.9375, 10.0625 ], "texture": "#quilava1" },
        "up":    { "uv": [ 0, 9, 8, 14 ], "rotation": 90, "texture": "#quilava_paws" },
        "north": { "uv": [ 0.9375, 14, 3.625, 16 ], "texture": "#quilava1" },
        "south": { "uv": [ 12.375, 14, 15.0625, 16 ], "texture": "#quilava1" },
        "west":  { "uv": [ 0, 14, 8, 16 ], "texture": "#quilava_paws" },
        "east":  { "uv": [ 4.125, 14, 5.9375, 16 ], "texture": "#quilava1" }
    }
},
{
    "from": [ 6.8125, -0.11645, 10.25 ],
    "to": [ 8.75, 0.69605, 11.6875 ],
    "rotation": { "origin": [ 6.8125, 0.69605, 10.25 ], "axis": "z", "angle": 22.5 },
    "faces": {
        "down":  { "uv": [ 3.625, 11.875, 0.9375, 10.0625 ], "texture": "#quilava1" },
        "up":    { "uv": [ 12.375, 10.0625, 15.0625, 11.875 ], "texture": "#quilava1" },
        "north": { "uv": [ 0.9375, 14, 3.625, 16 ], "texture": "#quilava1" },
        "south": { "uv": [ 12.375, 14, 15.0625, 16 ], "texture": "#quilava1" },
        "west":  { "uv": [ 10.0625, 14, 11.875, 16 ], "texture": "#quilava1" },
        "east":  { "uv": [ 4.125, 14, 5.9375, 16 ], "texture": "#quilava1" }
    }
},
{
    "from": [ 6.5625, 1.51781, 6.1875 ],
    "to": [ 8.3125, 3.70531, 8 ],
    "rotation": { "origin": [ 6.5625, 3.70531, 6.1875 ], "axis": "z", "angle": 22.5 },
    "faces": {
        "down":  { "uv": [ 3.625, 11.875, 0.9375, 10.0625 ], "texture": "#quilava1" },
        "up":    { "uv": [ 12.375, 10.0625, 15.0625, 11.875 ], "texture": "#quilava1" },
        "north": { "uv": [ 0.9375, 14, 3.625, 16 ], "texture": "#quilava1" },
        "south": { "uv": [ 12.375, 14, 15.0625, 16 ], "texture": "#quilava1" },
        "west":  { "uv": [ 10.0625, 14, 11.875, 16 ], "texture": "#quilava1" },
        "east":  { "uv": [ 4.125, 14, 5.9375, 16 ], "texture": "#quilava1" }
    }
},
{
    "from": [ 7.375, 0.5625, 6.3125 ],
    "to": [ 8.875, 2.6875, 7.875 ],
    "faces": {
        "down":  { "uv": [ 3.625, 11.875, 0.9375, 10.0625 ], "texture": "#quilava1" },
        "up":    { "uv": [ 12.375, 10.0625, 15.0625, 11.875 ], "texture": "#quilava1" },
        "north": { "uv": [ 0.9375, 14, 3.625, 16 ], "texture": "#quilava1" },
        "south": { "uv": [ 12.375, 14, 15.0625, 16 ], "texture": "#quilava1" },
        "west":  { "uv": [ 10.0625, 14, 11.875, 16 ], "texture": "#quilava1" },
        "east":  { "uv": [ 4.125, 14, 5.9375, 16 ], "texture": "#quilava1" }
    }
},
{
    "from": [ 6.8125, -0.05395, 6.375 ],
    "to": [ 8.75, 0.75855, 7.8125 ],
    "rotation": { "origin": [ 6.8125, 0.75855, 6.375 ], "axis": "z", "angle": 22.5 },
    "faces": {
        "down":  { "uv": [ 3.625, 11.875, 0.9375, 10.0625 ], "texture": "#quilava1" },
        "up":    { "uv": [ 12.375, 10.0625, 15.0625, 11.875 ], "texture": "#quilava1" },
        "north": { "uv": [ 0.9375, 14, 3.625, 16 ], "texture": "#quilava1" },
        "south": { "uv": [ 12.375, 14, 15.0625, 16 ], "texture": "#quilava1" },
        "west":  { "uv": [ 10.0625, 14, 11.875, 16 ], "texture": "#quilava1" },
        "east":  { "uv": [ 4.125, 14, 5.9375, 16 ], "texture": "#quilava1" }
    }
},
{
    "from": [ 6.0625, -0.0625, 6.4375 ],
    "to": [ 7.25, 0.625, 7.75 ],
    "faces": {
        "down":  { "uv": [ 3.625, 11.875, 0.9375, 10.0625 ], "texture": "#quilava1" },
        "up":    { "uv": [ 0, 9, 8, 14 ], "rotation": 90, "texture": "#quilava_paws" },
        "north": { "uv": [ 0.9375, 14, 3.625, 16 ], "texture": "#quilava1" },
        "south": { "uv": [ 12.375, 14, 15.0625, 16 ], "texture": "#quilava1" },
        "west":  { "uv": [ 0, 14, 8, 16 ], "texture": "#quilava_paws" },
        "east":  { "uv": [ 4.125, 14, 5.9375, 16 ], "texture": "#quilava1" }
    }
},
{
    "from": [ 2.59638, 4.5, 7.875 ],
    "to": [ 4.65888, 6.875, 10.125 ],
    "rotation": { "origin": [ 2.59638, 6.875, 7.875 ], "axis": "z", "angle": -22.5 },
    "faces": {
        "down":  { "uv": [ 14.5, 10, 12.5, 8 ], "texture": "#quilava1" },
        "up":    { "uv": [ 1.5, 8, 3.5, 10 ], "texture": "#quilava1" },
        "north": { "uv": [ 9, 7, 11, 10 ], "texture": "#quilava1" },
        "south": { "uv": [ 9, 7, 11, 10 ], "texture": "#quilava1" },
        "west":  { "uv": [ 8, 0, 10, 3 ], "texture": "#quilava1" },
        "east":  { "uv": [ 6, 0, 8, 3 ], "texture": "#quilava1" }
    }
},
{
    "from": [ 0.8125, 3.6875, 7.8125 ],
    "to": [ 3.8125, 5.4375, 10.1875 ],
    "rotation": { "origin": [ 0.8125, 5.4375, 7.8125 ], "axis": "z", "angle": 22.5 },
    "faces": {
        "down":  { "uv": [ 13.5, 12.5, 11.5, 10.5 ], "texture": "#quilava1" },
        "up":    { "uv": [ 4.5, 4.5, 6.5, 6.5 ], "texture": "#quilava1" },
        "north": { "uv": [ 6.5, 7.5, 8.5, 10.5 ], "texture": "#quilava1" },
        "south": { "uv": [ 5.5, 7.5, 7.5, 10.5 ], "texture": "#quilava1" },
        "west":  { "uv": [ 7, 7.5, 9, 10.5 ], "texture": "#quilava1" },
        "east":  { "uv": [ 6, 0, 8, 3 ], "texture": "#quilava1" }
    }
},
{
    "from": [ 1.5, 3.8125, 7.8125 ],
    "to": [ 4, 4.75, 10.1875 ],
    "faces": {
        "down":  { "uv": [ 14, 12.5, 12, 10.5 ], "texture": "#quilava1" },
        "up":    { "uv": [ 3, 10, 5, 12 ], "texture": "#quilava1" },
        "north": { "uv": [ 10.5, 12, 12.5, 15 ], "texture": "#quilava1" },
        "south": { "uv": [ 7.5, 10.5, 9.5, 13.5 ], "texture": "#quilava1" },
        "west":  { "uv": [ 7, 9, 9, 12 ], "texture": "#quilava1" },
        "east":  { "uv": [ 5, 11, 7, 14 ], "texture": "#quilava1" }
    }
},
{
    "from": [ 2.625, 3.75, 7.75 ],
    "to": [ 5.6875, 6.875, 9.4375 ],
    "rotation": { "origin": [ 2.625, 3.75, 7.75 ], "axis": "y", "angle": 22.5 },
    "faces": {
        "down":  { "uv": [ 5, 16, 0.5, 10 ], "texture": "#quilava1" },
        "up":    { "uv": [ 5.5, 0, 10, 6 ], "texture": "#quilava1" },
        "north": { "uv": [ 15, 5, 5.5, 12.5 ], "texture": "#quilava1" },
        "south": { "uv": [ 11, 0, 15.5, 3.5 ], "texture": "#quilava1" },
        "west":  { "uv": [ 6, 0, 12, 3.5 ], "texture": "#quilava1" },
        "east":  { "uv": [ 4, 6, 6, 13.5 ], "texture": "#quilava1" }
    }
},
{
    "from": [ 3.3125, 3.75, 8.6875 ],
    "to": [ 6.375, 6.875, 10.375 ],
    "rotation": { "origin": [ 3.3125, 3.75, 8.6875 ], "axis": "y", "angle": -22.5 },
    "faces": {
        "down":  { "uv": [ 7, 16, 2.5, 10 ], "texture": "#quilava1" },
        "up":    { "uv": [ 7, 0, 11.5, 6 ], "texture": "#quilava1" },
        "north": { "uv": [ 1, 2, 5.5, 5.5 ], "texture": "#quilava1" },
        "south": { "uv": [ 5.5, 5, 15, 12.5 ], "texture": "#quilava1" },
        "west":  { "uv": [ 6, 0, 12, 3.5 ], "texture": "#quilava1" },
        "east":  { "uv": [ 4.5, 6, 6.5, 13.5 ], "texture": "#quilava1" }
    }
},
{
    "from": [ 2.8125, 6.6875, 7.9375 ],
    "to": [ 5.3125, 7.1875, 9.9375 ],
    "faces": {
        "down":  { "uv": [ 10.5, 6, 8, 4 ], "texture": "#quilava1" },
        "up":    { "uv": [ 4, 5, 6.5, 7 ], "texture": "#quilava1" },
        "north": { "uv": [ 9, 6.5, 11.5, 7 ], "texture": "#quilava1" },
        "south": { "uv": [ 4, 6.5, 6.5, 7 ], "texture": "#quilava1" },
        "west":  { "uv": [ 7.5, 6.5, 9.5, 7 ], "texture": "#quilava1" },
        "east":  { "uv": [ 5.5, 7, 7.5, 7.5 ], "texture": "#quilava1" }
    }
},
{
    "from": [ 12.4375, 0, 6.1875 ],
    "to": [ 15.125, 2.25, 8 ],
    "faces": {
        "down":  { "uv": [ 3.625, 11.875, 0.9375, 10.0625 ], "texture": "#quilava1" },
        "up":    { "uv": [ 12.375, 10.0625, 15.0625, 11.875 ], "texture": "#quilava1" },
        "north": { "uv": [ 0.9375, 14, 3.625, 16 ], "texture": "#quilava1" },
        "south": { "uv": [ 12.375, 14, 15.0625, 16 ], "texture": "#quilava1" },
        "west":  { "uv": [ 10.0625, 14, 11.875, 16 ], "texture": "#quilava1" },
        "east":  { "uv": [ 4.125, 14, 5.9375, 16 ], "texture": "#quilava1" }
    }
},
{
    "from": [ 11.25, -0.0625, 6.375 ],
    "to": [ 15.1875, 0.875, 7.8125 ],
    "faces": {
        "down":  { "uv": [ 3.625, 11.875, 0.9375, 10.0625 ], "texture": "#quilava1" },
        "up":    { "uv": [ 0, 5, 8, 13.5 ], "rotation": 90, "texture": "#quilava_paws" },
        "north": { "uv": [ 0.9375, 14, 3.625, 16 ], "texture": "#quilava1" },
        "south": { "uv": [ 12.375, 14, 15.0625, 16 ], "texture": "#quilava1" },
        "west":  { "uv": [ 0, 14, 8, 16 ], "texture": "#quilava_paws" },
        "east":  { "uv": [ 4.125, 14, 5.9375, 16 ], "texture": "#quilava1" }
    }
},
{
    "from": [ 2.625, 4.625, 10.1875 ],
    "to": [ 4.5, 6.375, 10.25 ],
    "rotation": { "origin": [ 2.625, 4.625, 10.1875 ], "axis": "y", "angle": -22.5 },
    "faces": {
        "south": { "uv": [ 0, 2, 16, 16 ], "texture": "#quilava_eyes" }
    }
},
{
    "from": [ 4.125, 6, 10.375 ],
    "to": [ 6.125, 8, 10.4375 ],
    "rotation": { "origin": [ 4.125, 6, 10.375 ], "axis": "y", "angle": -45 },
    "faces": {
        "north": { "uv": [ 15, 1, 0, 15 ], "texture": "#quilava_ears2" },
        "south": { "uv": [ 0, 1, 15, 15 ], "texture": "#quilava_ears" }
    }
},
{
    "from": [ 21.3125, 0.125, 4.625 ],
    "to": [ 21.375, 8.875, 13.5 ],
    "rotation": { "origin": [ 21.3125, 8.875, 4.625 ], "axis": "z", "angle": -45 },
    "faces": {
        "west":  { "uv": [ 0.5, 0, 14.5, 16 ], "texture": "#quilava_flames" },
        "east":  { "uv": [ 14.5, 0, 0.5, 16 ], "texture": "#quilava_flames" }
    }
},
{
    "from": [ 3.75, 5.75, 8.875 ],
    "to": [ 9.75, 12.1875, 8.9375 ],
    "rotation": { "origin": [ 3.75, 12.1875, 8.875 ], "axis": "z", "angle": -22.5 },
    "faces": {
        "north": { "uv": [ 14.5, 0, 0.5, 16 ], "texture": "#quilava_flames" },
        "south": { "uv": [ 0.5, 0, 14.5, 16 ], "texture": "#quilava_flames" }
    }
},
{
    "from": [ 4.125, 6, 7.53921 ],
    "to": [ 6.125, 8, 7.60171 ],
    "rotation": { "origin": [ 4.125, 6, 7.53921 ], "axis": "y", "angle": 45 },
    "faces": {
        "north": { "uv": [ 15, 1, 0, 15 ], "texture": "#quilava_ears" },
        "south": { "uv": [ 0, 1, 15, 15 ], "texture": "#quilava_ears2" }
    }
},
{
    "from": [ 2.6875, 4.625, 7.6875 ],
    "to": [ 4.5625, 6.375, 7.75 ],
    "rotation": { "origin": [ 2.6875, 4.625, 7.6875 ], "axis": "y", "angle": 22.5 },
    "faces": {
        "north": { "uv": [ 16, 2, 0, 16 ], "texture": "#quilava_eyes" }
    }
}
],
"display": {
		"thirdperson_righthand": {
			"rotation":  [ 70, -90, 0 ],
			"translation":  [ -4.5, -3, 8.4 ],
			"scale":  [ 1.25, 2.5, 1.5 ]
		},
		"thirdperson_lefthand": {
			"rotation":  [ 70, 90, 0 ],
			"translation":  [ -7.4, -3, 8.4 ],
			"scale":  [ 1.25, 2.5, 1.5 ]
		},
		"head": {
			"rotation":  [ 0, -90, 0 ],
			"translation":  [ 2.25, -14.5, 0.0652 ],
			"scale":  [ 2.25, 4, 2.5 ]
		},
		"firstperson_righthand": {
			"scale":  [ 0, 0, 0 ]
		},
		"firstperson_lefthand": {
			"scale":  [ 0, 0, 0 ]
		},
		"gui": {
			"scale":  [ 0, 0, 0 ]
		},
		"ground": {
			"scale":  [ 0, 0, 0 ]
		}
}
}