{
"__comment": "Designed by Samasaurus6 with BDcraft Cubik PRO 0.96 Beta - http://bdcraft.net",
"elements": [ 
{
    "from": [ 5.0625, 8, 4 ],
    "to": [ 9.0625, 14, 10.5 ],
    "rotation": { "origin": [ 5.0625, 14, 4 ], "axis": "z", "angle": -22.5 },
    "faces": {
        "down":  { "uv": [ 4, 5.5, 0, 0 ], "texture": "#feraligatr1" },
        "up":    { "uv": [ 0, 0, 4, 5.5 ], "texture": "#feraligatr1" },
        "north": { "uv": [ 0, 0, 4, 5.5 ], "texture": "#feraligatr1" },
        "south": { "uv": [ 0, 0, 4, 5.5 ], "texture": "#feraligatr1" },
        "west":  { "uv": [ 0, 0, 6.5, 5.5 ], "texture": "#feraligatr1" },
        "east":  { "uv": [ 0, 0, 6.5, 5.5 ], "texture": "#feraligatr1" }
    }
},
{
    "from": [ 2.8125, 4.5625, 3.75 ],
    "to": [ 6.5625, 8.5625, 10.75 ],
    "faces": {
        "down":  { "uv": [ 4, 5.5, 0, 0 ], "texture": "#feraligatr1" },
        "up":    { "uv": [ 0, 0, 4, 5.5 ], "texture": "#feraligatr1" },
        "north": { "uv": [ 4, 0, 0, 5.5 ], "texture": "#feraligatr_chest" },
        "south": { "uv": [ 0, 0, 4, 5.5 ], "texture": "#feraligatr_chest" },
        "west":  { "uv": [ 2, 0, 13.5, 5.5 ], "texture": "#feraligatr_chest" },
        "east":  { "uv": [ 0, 0, 6.5, 5.5 ], "texture": "#feraligatr1" }
    }
},
{
    "from": [ 2.8125, -0.25, 3.625 ],
    "to": [ 6.75, 4.625, 10.875 ],
    "rotation": { "origin": [ 2.8125, 4.625, 3.625 ], "axis": "z", "angle": 45 },
    "faces": {
        "down":  { "uv": [ 4, 5.5, 0, 0 ], "texture": "#feraligatr1" },
        "up":    { "uv": [ 0, 0, 4, 5.5 ], "texture": "#feraligatr1" },
        "north": { "uv": [ 0, 0, 4, 5.5 ], "texture": "#feraligatr1" },
        "south": { "uv": [ 0, 0, 4, 5.5 ], "texture": "#feraligatr1" },
        "west":  { "uv": [ 1.5, 4.5, 14, 14 ], "texture": "#feraligatr_chest" },
        "east":  { "uv": [ 0, 0, 6.5, 5.5 ], "texture": "#feraligatr1" }
    }
},
{
    "from": [ 4.625, 3.375, 4 ],
    "to": [ 10.1875, 14.1875, 10.5 ],
    "faces": {
        "down":  { "uv": [ 4, 5.5, 0, 0 ], "texture": "#feraligatr1" },
        "up":    { "uv": [ 0, 0, 4, 5.5 ], "texture": "#feraligatr1" },
        "north": { "uv": [ 0, 0, 4, 5.5 ], "texture": "#feraligatr1" },
        "south": { "uv": [ 0, 0, 4, 5.5 ], "texture": "#feraligatr1" },
        "west":  { "uv": [ 0, 0, 6.5, 5.5 ], "texture": "#feraligatr1" },
        "east":  { "uv": [ 0, 0, 6.5, 5.5 ], "texture": "#feraligatr1" }
    }
},
{
    "from": [ 6.1875, 1.3125, 4 ],
    "to": [ 11.8125, 5.625, 10.5 ],
    "faces": {
        "down":  { "uv": [ 4, 5.5, 0, 0 ], "texture": "#feraligatr1" },
        "up":    { "uv": [ 0, 0, 4, 5.5 ], "texture": "#feraligatr1" },
        "north": { "uv": [ 0, 0, 4, 5.5 ], "texture": "#feraligatr1" },
        "south": { "uv": [ 0, 0, 4, 5.5 ], "texture": "#feraligatr1" },
        "west":  { "uv": [ 0, 0, 6.5, 5.5 ], "texture": "#feraligatr1" },
        "east":  { "uv": [ 0, 0, 6.5, 5.5 ], "texture": "#feraligatr1" }
    }
},
{
    "from": [ 5.1875, 13.5, 4.75 ],
    "to": [ 12.0625, 18.5, 9.75 ],
    "rotation": { "origin": [ 5.1875, 18.5, 4.75 ], "axis": "z", "angle": -45 },
    "faces": {
        "down":  { "uv": [ 5.5, 5.5, 0, 0 ], "texture": "#feraligatr1" },
        "up":    { "uv": [ 0, 0, 5.5, 5.5 ], "texture": "#feraligatr1" },
        "north": { "uv": [ 0, 0, 5.5, 5 ], "texture": "#feraligatr1" },
        "south": { "uv": [ 1, 0, 6.5, 5 ], "texture": "#feraligatr1" },
        "west":  { "uv": [ 0, 0, 5.5, 5 ], "texture": "#feraligatr1" },
        "east":  { "uv": [ 0, 0, 5.5, 5 ], "texture": "#feraligatr1" }
    }
},
{
    "from": [ 6.0625, 12.0625, 5.5 ],
    "to": [ 10.1875, 16.6875, 8.875 ],
    "faces": {
        "down":  { "uv": [ 5.5, 5.5, 0, 0 ], "texture": "#feraligatr1" },
        "up":    { "uv": [ 0, 0, 5.5, 5.5 ], "texture": "#feraligatr1" },
        "north": { "uv": [ 0, 0, 5.5, 5 ], "texture": "#feraligatr1" },
        "south": { "uv": [ 1, 0, 6.5, 5 ], "texture": "#feraligatr1" },
        "west":  { "uv": [ 0, 0, 5.5, 5 ], "texture": "#feraligatr1" },
        "east":  { "uv": [ 0, 0, 5.5, 5 ], "texture": "#feraligatr1" }
    }
},
{
    "from": [ 1.1875, 14.875, 4 ],
    "to": [ 5.25, 18.875, 10.5 ],
    "faces": {
        "down":  { "uv": [ 4, 5.5, 0, 0 ], "texture": "#feraligatr1" },
        "up":    { "uv": [ 0, 0, 4, 5.5 ], "texture": "#feraligatr1" },
        "north": { "uv": [ 0, 0, 4.0625, 1.125 ], "texture": "#feraligatr1" },
        "south": { "uv": [ 1.1875, 0, 5.25, 1.125 ], "texture": "#feraligatr1" },
        "west":  { "uv": [ 0, 0, 6.5, 1.125 ], "texture": "#feraligatr1" },
        "east":  { "uv": [ 0, 0, 6.5, 1.125 ], "texture": "#feraligatr1" }
    }
},
{
    "from": [ 1.5625, 12, 4.5 ],
    "to": [ 4.5625, 15.5625, 10 ],
    "rotation": { "origin": [ 1.5625, 15.5625, 4.5 ], "axis": "z", "angle": 22.5 },
    "faces": {
        "down":  { "uv": [ 8.5, 8.5, 8, 5 ], "texture": "#feraligatr_chest" },
        "up":    { "uv": [ 7, 4.5, 7.5, 8.5 ], "texture": "#feraligatr_chest" },
        "north": { "uv": [ 8, 5, 8.5, 8.5 ], "texture": "#feraligatr_chest" },
        "south": { "uv": [ 7, 5, 7.5, 8.5 ], "texture": "#feraligatr_chest" },
        "west":  { "uv": [ 4, 4.5, 7.5, 7 ], "texture": "#feraligatr_chest" },
        "east":  { "uv": [ 3.5, 4.5, 7, 7.5 ], "texture": "#feraligatr_chest" }
    }
},
{
    "from": [ 0.625, 12.25, 4.5 ],
    "to": [ 2.9375, 15.75, 10 ],
    "faces": {
        "down":  { "uv": [ 8.5, 8.5, 8, 5 ], "texture": "#feraligatr_chest" },
        "up":    { "uv": [ 7, 4.5, 7.5, 8.5 ], "texture": "#feraligatr_chest" },
        "north": { "uv": [ 8, 5, 8.5, 8.5 ], "texture": "#feraligatr_chest" },
        "south": { "uv": [ 7, 5, 7.5, 8.5 ], "texture": "#feraligatr_chest" },
        "west":  { "uv": [ 4, 4.5, 7.5, 7 ], "texture": "#feraligatr_chest" },
        "east":  { "uv": [ 3.5, 4.5, 7, 7.5 ], "texture": "#feraligatr_chest" }
    }
},
{
    "from": [ -0.8125, 13.125, 5 ],
    "to": [ 2.1875, 16.6875, 9.625 ],
    "rotation": { "origin": [ -0.8125, 16.6875, 5 ], "axis": "z", "angle": -22.5 },
    "faces": {
        "down":  { "uv": [ 8.5, 8.5, 8, 5 ], "texture": "#feraligatr_chest" },
        "up":    { "uv": [ 7, 4.5, 7.5, 8.5 ], "texture": "#feraligatr_chest" },
        "north": { "uv": [ 8, 5, 8.5, 8.5 ], "texture": "#feraligatr_chest" },
        "south": { "uv": [ 7, 5, 7.5, 8.5 ], "texture": "#feraligatr_chest" },
        "west":  { "uv": [ 4, 4.5, 7.5, 7 ], "texture": "#feraligatr_chest" },
        "east":  { "uv": [ 3.5, 4.5, 7, 7.5 ], "texture": "#feraligatr_chest" }
    }
},
{
    "from": [ 1.0625, 15.25, 4.75 ],
    "to": [ 4, 18.875, 9.75 ],
    "rotation": { "origin": [ 1.0625, 18.875, 4.75 ], "axis": "z", "angle": -22.5 },
    "faces": {
        "down":  { "uv": [ 1.375, 6.5, 0, 0 ], "texture": "#feraligatr1" },
        "up":    { "uv": [ 0, 0, 1.375, 6.5 ], "texture": "#feraligatr1" },
        "north": { "uv": [ 0.5, 0, 1.875, 4.1875 ], "texture": "#feraligatr1" },
        "south": { "uv": [ 0, 0, 1.375, 4.1875 ], "texture": "#feraligatr1" },
        "west":  { "uv": [ 0, 0, 6.5, 4.1875 ], "texture": "#feraligatr1" },
        "east":  { "uv": [ 0, 0, 6.5, 4.1875 ], "texture": "#feraligatr1" }
    }
},
{
    "from": [ -1.6875, 15.25, 4.375 ],
    "to": [ 2.0625, 17.1875, 10.0625 ],
    "faces": {
        "down":  { "uv": [ 1.375, 6.5, 0, 0 ], "texture": "#feraligatr1" },
        "up":    { "uv": [ 0, 0, 1.375, 6.5 ], "texture": "#feraligatr1" },
        "north": { "uv": [ 3, 0, 4.375, 4.1875 ], "texture": "#feraligatr1" },
        "south": { "uv": [ 5, 0, 6.375, 4.1875 ], "texture": "#feraligatr1" },
        "west":  { "uv": [ 0, 0, 6.5, 4.1875 ], "texture": "#feraligatr1" },
        "east":  { "uv": [ 0, 0, 6.5, 4.1875 ], "texture": "#feraligatr1" }
    }
},
{
    "from": [ -2.9375, 15.25, 4.5 ],
    "to": [ -0.9375, 17.5, 10 ],
    "faces": {
        "down":  { "uv": [ 1.375, 6.5, 0, 0 ], "texture": "#feraligatr1" },
        "up":    { "uv": [ 0, 0, 1.375, 6.5 ], "texture": "#feraligatr1" },
        "north": { "uv": [ 0.5, 0, 1.875, 4.1875 ], "texture": "#feraligatr1" },
        "south": { "uv": [ 0, 0, 1.375, 4.1875 ], "texture": "#feraligatr1" },
        "west":  { "uv": [ 0, 0, 6.5, 4.1875 ], "texture": "#feraligatr1" },
        "east":  { "uv": [ 0, 0, 6.5, 4.1875 ], "texture": "#feraligatr1" }
    }
},
{
    "from": [ -0.875, 16.75, 4.5 ],
    "to": [ 0.25, 17.5, 10 ],
    "rotation": { "origin": [ -0.875, 17.5, 4.5 ], "axis": "z", "angle": -45 },
    "faces": {
        "down":  { "uv": [ 1.375, 6.5, 0, 0 ], "texture": "#feraligatr1" },
        "up":    { "uv": [ 0, 0, 1.375, 6.5 ], "texture": "#feraligatr1" },
        "north": { "uv": [ 0, 0, 1.375, 4.1875 ], "texture": "#feraligatr1" },
        "south": { "uv": [ 0, 0, 1.375, 4.1875 ], "texture": "#feraligatr1" },
        "west":  { "uv": [ 0, 0, 6.5, 4.1875 ], "texture": "#feraligatr1" },
        "east":  { "uv": [ 0, 0, 6.5, 4.1875 ], "texture": "#feraligatr1" }
    }
},
{
    "from": [ -2.9375, 16.375, 5 ],
    "to": [ -1.9375, 17.5, 9.5 ],
    "rotation": { "origin": [ -2.9375, 17.5, 5 ], "axis": "z", "angle": -22.5 },
    "faces": {
        "down":  { "uv": [ 1.375, 6.5, 0, 0 ], "texture": "#feraligatr1" },
        "up":    { "uv": [ 0, 0, 1.375, 6.5 ], "texture": "#feraligatr1" },
        "north": { "uv": [ 0, 0, 1.375, 4.1875 ], "texture": "#feraligatr1" },
        "south": { "uv": [ 0, 0, 1.375, 4.1875 ], "texture": "#feraligatr1" },
        "west":  { "uv": [ 0, 0, 6.5, 4.1875 ], "texture": "#feraligatr1" },
        "east":  { "uv": [ 0, 0, 6.5, 4.1875 ], "texture": "#feraligatr1" }
    }
},
{
    "from": [ -3.375, 15.25, 5 ],
    "to": [ -2.875, 16.5, 9.5 ],
    "faces": {
        "down":  { "uv": [ 1.375, 6.5, 0, 0 ], "texture": "#feraligatr1" },
        "up":    { "uv": [ 0, 0, 1.375, 6.5 ], "texture": "#feraligatr1" },
        "north": { "uv": [ 0, 0, 1.375, 4.1875 ], "texture": "#feraligatr1" },
        "south": { "uv": [ 0, 0, 1.375, 4.1875 ], "texture": "#feraligatr1" },
        "west":  { "uv": [ 0, 0, 6.5, 4.1875 ], "texture": "#feraligatr1" },
        "east":  { "uv": [ 0, 0, 6.5, 4.1875 ], "texture": "#feraligatr1" }
    }
},
{
    "from": [ -3.125, 13.3125, 5.25 ],
    "to": [ -0.875, 15.625, 9.375 ],
    "rotation": { "origin": [ -3.125, 15.625, 5.25 ], "axis": "z", "angle": 22.5 },
    "faces": {
        "down":  { "uv": [ 8.5, 8.5, 8, 5 ], "texture": "#feraligatr_chest" },
        "up":    { "uv": [ 7, 4.5, 7.5, 8.5 ], "texture": "#feraligatr_chest" },
        "north": { "uv": [ 8, 5, 8.5, 8.5 ], "texture": "#feraligatr_chest" },
        "south": { "uv": [ 7, 5, 7.5, 8.5 ], "texture": "#feraligatr_chest" },
        "west":  { "uv": [ 4, 4.5, 7.5, 7 ], "texture": "#feraligatr_chest" },
        "east":  { "uv": [ 3.5, 4.5, 7, 7.5 ], "texture": "#feraligatr_chest" }
    }
},
{
    "from": [ 4.625, 0.875, 4 ],
    "to": [ 10.1875, 11.6875, 10.5 ],
    "rotation": { "origin": [ 4.625, 11.6875, 4 ], "axis": "z", "angle": 22.5 },
    "faces": {
        "down":  { "uv": [ 4, 5.5, 0, 0 ], "texture": "#feraligatr1" },
        "up":    { "uv": [ 0, 0, 4, 5.5 ], "texture": "#feraligatr1" },
        "north": { "uv": [ 0, 0, 4, 5.5 ], "texture": "#feraligatr1" },
        "south": { "uv": [ 0, 0, 4, 5.5 ], "texture": "#feraligatr1" },
        "west":  { "uv": [ 0, 0, 6.5, 5.5 ], "texture": "#feraligatr1" },
        "east":  { "uv": [ 0, 0, 6.5, 5.5 ], "texture": "#feraligatr1" }
    }
},
{
    "from": [ 3.375, 8.625, 4.25 ],
    "to": [ 6.9375, 13.1875, 10.25 ],
    "faces": {
        "down":  { "uv": [ 3.5, 6.5, 0, 0 ], "texture": "#feraligatr1" },
        "up":    { "uv": [ 0, 0, 3.5, 6.5 ], "texture": "#feraligatr1" },
        "north": { "uv": [ 0, 0, 3.5, 4 ], "texture": "#feraligatr1" },
        "south": { "uv": [ 0, 0, 3.5, 4 ], "texture": "#feraligatr1" },
        "west":  { "uv": [ 0, 0, 6.5, 4 ], "texture": "#feraligatr1" },
        "east":  { "uv": [ 0, 0, 6.5, 4 ], "texture": "#feraligatr1" }
    }
},
{
    "from": [ 6.0625, 10, 8.25 ],
    "to": [ 10.625, 14, 10.8125 ],
    "rotation": { "origin": [ 6.0625, 10, 8.25 ], "axis": "y", "angle": -22.5 },
    "faces": {
        "down":  { "uv": [ 6, 3.5, 0, 0 ], "texture": "#feraligatr1" },
        "up":    { "uv": [ 0, 0, 6, 3.5 ], "texture": "#feraligatr1" },
        "north": { "uv": [ 0, 0, 6, 4 ], "texture": "#feraligatr1" },
        "south": { "uv": [ 0, 0, 6, 4 ], "texture": "#feraligatr1" },
        "west":  { "uv": [ 1, 0, 4.5, 4 ], "texture": "#feraligatr1" },
        "east":  { "uv": [ 2.5, 0, 6, 4 ], "texture": "#feraligatr1" }
    }
},
{
    "from": [ 3.1875, 18.375, 9.3125 ],
    "to": [ 5.375, 19.5625, 10.8125 ],
    "rotation": { "origin": [ 3.1875, 19.5625, 9.3125 ], "axis": "z", "angle": -22.5 },
    "faces": {
        "down":  { "uv": [ 0, 4.5, 1, 5.5 ], "texture": "#feraligatr1" },
        "up":    { "uv": [ 0, 4, 1, 5 ], "texture": "#feraligatr1" },
        "north": { "uv": [ 0, 4, 1, 5 ], "texture": "#feraligatr1" },
        "south": { "uv": [ 0.5, 4, 1.5, 5 ], "texture": "#feraligatr1" },
        "west":  { "uv": [ 0, 4, 1, 5 ], "texture": "#feraligatr1" },
        "east":  { "uv": [ 0.5, 4, 1.5, 5 ], "texture": "#feraligatr1" }
    }
},
{
    "from": [ 1.8125, 18.3125, 9.375 ],
    "to": [ 3.1875, 19.5, 10.75 ],
    "faces": {
        "down":  { "uv": [ 0, 4.5, 1, 5.5 ], "texture": "#feraligatr1" },
        "up":    { "uv": [ 0, 4, 1, 5 ], "texture": "#feraligatr1" },
        "north": { "uv": [ 0, 4, 1, 5 ], "texture": "#feraligatr1" },
        "south": { "uv": [ 0.5, 4, 1.5, 5 ], "texture": "#feraligatr1" },
        "west":  { "uv": [ 0, 4, 1, 5 ], "texture": "#feraligatr1" },
        "east":  { "uv": [ 0.5, 4, 1.5, 5 ], "texture": "#feraligatr1" }
    }
},
{
    "from": [ 1.125, 17.75, 9.4375 ],
    "to": [ 2.0625, 18.6875, 10.6875 ],
    "rotation": { "origin": [ 1.125, 18.6875, 9.4375 ], "axis": "z", "angle": 45 },
    "faces": {
        "down":  { "uv": [ 0, 4.5, 1, 5.5 ], "texture": "#feraligatr1" },
        "up":    { "uv": [ 0, 4, 1, 5 ], "texture": "#feraligatr1" },
        "north": { "uv": [ 0, 4, 1, 5 ], "texture": "#feraligatr1" },
        "south": { "uv": [ 0.5, 4, 1.5, 5 ], "texture": "#feraligatr1" },
        "west":  { "uv": [ 0, 4, 1, 5 ], "texture": "#feraligatr1" },
        "east":  { "uv": [ 0.5, 4, 1.5, 5 ], "texture": "#feraligatr1" }
    }
},
{
    "from": [ 7.0625, 10.75, 11.1875 ],
    "to": [ 10.0625, 13.5, 17.8125 ],
    "rotation": { "origin": [ 7.0625, 13.5, 11.1875 ], "axis": "x", "angle": 22.5 },
    "faces": {
        "down":  { "uv": [ 4, 5, 0, 0 ], "texture": "#feraligatr1" },
        "up":    { "uv": [ 0, 0, 4, 5 ], "texture": "#feraligatr1" },
        "north": { "uv": [ 0, 0, 4, 4 ], "texture": "#feraligatr1" },
        "south": { "uv": [ 0, 0, 4, 4 ], "texture": "#feraligatr1" },
        "west":  { "uv": [ 0, 0, 5, 4 ], "texture": "#feraligatr1" },
        "east":  { "uv": [ 0, 0, 5, 4 ], "texture": "#feraligatr1" }
    }
},
{
    "from": [ 1.4375, 5.0625, 14.5625 ],
    "to": [ 3.875, 7, 17.875 ],
    "rotation": { "origin": [ 1.4375, 7, 14.5625 ], "axis": "z", "angle": 45 },
    "faces": {
        "down":  { "uv": [ 3, 1.5, 0.5, 0 ], "texture": "#feraligatr1" },
        "up":    { "uv": [ 1.5, 0, 4, 1.5 ], "texture": "#feraligatr1" },
        "north": { "uv": [ 0, 0, 2.5, 2 ], "texture": "#feraligatr1" },
        "south": { "uv": [ 2, 0, 4.5, 2 ], "texture": "#feraligatr1" },
        "west":  { "uv": [ 0, 0, 1.5, 2 ], "texture": "#feraligatr1" },
        "east":  { "uv": [ 0, 0, 1.5, 2 ], "texture": "#feraligatr1" }
    }
},
{
    "from": [ 3.0625, 2, 10.5 ],
    "to": [ 9.5, 6, 14.0625 ],
    "faces": {
        "down":  { "uv": [ 6.5, 4.5, 0, 0 ], "texture": "#feraligatr1" },
        "up":    { "uv": [ 0, 0, 6.5, 4.5 ], "texture": "#feraligatr1" },
        "north": { "uv": [ 0, 0, 6.5, 5.5 ], "texture": "#feraligatr1" },
        "south": { "uv": [ 0, 0, 6.5, 5.5 ], "texture": "#feraligatr1" },
        "west":  { "uv": [ 0, 0, 4.5, 5.5 ], "texture": "#feraligatr1" },
        "east":  { "uv": [ 0, 0, 4.5, 5.5 ], "texture": "#feraligatr1" }
    }
},
{
    "from": [ 3.0625, 5.0625, 11.125 ],
    "to": [ 9.5, 7.1875, 14.3125 ],
    "rotation": { "origin": [ 3.0625, 7.1875, 11.125 ], "axis": "x", "angle": 22.5 },
    "faces": {
        "down":  { "uv": [ 6.5, 4.5, 0, 0 ], "texture": "#feraligatr1" },
        "up":    { "uv": [ 0, 0, 6.5, 4.5 ], "texture": "#feraligatr1" },
        "north": { "uv": [ 0, 0, 6.5, 5.5 ], "texture": "#feraligatr1" },
        "south": { "uv": [ 0, 0, 6.5, 5.5 ], "texture": "#feraligatr1" },
        "west":  { "uv": [ 0, 0, 4.5, 5.5 ], "texture": "#feraligatr1" },
        "east":  { "uv": [ 0, 0, 4.5, 5.5 ], "texture": "#feraligatr1" }
    }
},
{
    "from": [ 1.125, -0.1875, 10.8125 ],
    "to": [ 9.375, 1.25, 13.8125 ],
    "faces": {
        "down":  { "uv": [ 6.5, 4.5, 0, 0 ], "texture": "#feraligatr1" },
        "up":    { "uv": [ 0, 0, 6.5, 4.5 ], "texture": "#feraligatr1" },
        "north": { "uv": [ 0, 0, 6.5, 5.5 ], "texture": "#feraligatr1" },
        "south": { "uv": [ 0, 0, 6.5, 5.5 ], "texture": "#feraligatr1" },
        "west":  { "uv": [ 0, 0, 4.5, 5.5 ], "texture": "#feraligatr1" },
        "east":  { "uv": [ 0.5, 0, 5, 5.5 ], "texture": "#feraligatr1" }
    }
},
{
    "from": [ 4.6875, 1.6875, 10.9375 ],
    "to": [ 8.875, 5.1875, 13.6875 ],
    "rotation": { "origin": [ 4.6875, 5.1875, 10.9375 ], "axis": "z", "angle": -22.5 },
    "faces": {
        "down":  { "uv": [ 6.5, 4.5, 0, 0 ], "texture": "#feraligatr1" },
        "up":    { "uv": [ 0, 0, 6.5, 4.5 ], "texture": "#feraligatr1" },
        "north": { "uv": [ 0, 0, 6.5, 5.5 ], "texture": "#feraligatr1" },
        "south": { "uv": [ 0, 0, 6.5, 5.5 ], "texture": "#feraligatr1" },
        "west":  { "uv": [ 0, 0, 4.5, 5.5 ], "texture": "#feraligatr1" },
        "east":  { "uv": [ 0, 0, 4.5, 5.5 ], "texture": "#feraligatr1" }
    }
},
{
    "from": [ 6.0625, 0.75, 10.9375 ],
    "to": [ 8.9375, 4, 13.6875 ],
    "faces": {
        "down":  { "uv": [ 6.5, 4.5, 0, 0 ], "texture": "#feraligatr1" },
        "up":    { "uv": [ 0, 0, 6.5, 4.5 ], "texture": "#feraligatr1" },
        "north": { "uv": [ 0, 0, 6.5, 5.5 ], "texture": "#feraligatr1" },
        "south": { "uv": [ 0, 0, 6.5, 5.5 ], "texture": "#feraligatr1" },
        "west":  { "uv": [ 0, 0, 4.5, 5.5 ], "texture": "#feraligatr1" },
        "east":  { "uv": [ 0, 0, 4.5, 5.5 ], "texture": "#feraligatr1" }
    }
},
{
    "from": [ 9.4375, 9.4375, 4.25 ],
    "to": [ 14.0625, 14.625, 10.25 ],
    "rotation": { "origin": [ 9.4375, 14.625, 4.25 ], "axis": "z", "angle": -45 },
    "faces": {
        "down":  { "uv": [ 4, 5.5, 0, 0 ], "texture": "#feraligatr1" },
        "up":    { "uv": [ 0, 0, 4, 5.5 ], "texture": "#feraligatr1" },
        "north": { "uv": [ 0, 0, 4, 5.5 ], "texture": "#feraligatr1" },
        "south": { "uv": [ 0, 0, 4, 5.5 ], "texture": "#feraligatr1" },
        "west":  { "uv": [ 0, 0, 6.5, 5.5 ], "texture": "#feraligatr1" },
        "east":  { "uv": [ 0, 0, 6.5, 5.5 ], "texture": "#feraligatr1" }
    }
},
{
    "from": [ 11.5824, 7.25, 5.25 ],
    "to": [ 15.5824, 11.875, 9.1875 ],
    "rotation": { "origin": [ 11.5824, 11.875, 5.25 ], "axis": "z", "angle": -22.5 },
    "faces": {
        "down":  { "uv": [ 5.5, 5.5, 0, 0 ], "texture": "#feraligatr1" },
        "up":    { "uv": [ 0, 0, 5.5, 5.5 ], "texture": "#feraligatr1" },
        "north": { "uv": [ 0.5, 0, 6, 5 ], "texture": "#feraligatr1" },
        "south": { "uv": [ 1, 0, 6.5, 5 ], "texture": "#feraligatr1" },
        "west":  { "uv": [ 0, 0, 5.5, 5 ], "texture": "#feraligatr1" },
        "east":  { "uv": [ 0, 0, 5.5, 5 ], "texture": "#feraligatr1" }
    }
},
{
    "from": [ 7.125, 2.875, 4.4375 ],
    "to": [ 15.75, 7.375, 10 ],
    "rotation": { "origin": [ 7.125, 7.375, 4.4375 ], "axis": "z", "angle": -22.5 },
    "faces": {
        "down":  { "uv": [ 4, 5.5, 0, 0 ], "texture": "#feraligatr1" },
        "up":    { "uv": [ 0, 0, 4, 5.5 ], "texture": "#feraligatr1" },
        "north": { "uv": [ 0, 0, 4, 5.5 ], "texture": "#feraligatr1" },
        "south": { "uv": [ 0, 0, 4, 5.5 ], "texture": "#feraligatr1" },
        "west":  { "uv": [ 0, 0, 6.5, 5.5 ], "texture": "#feraligatr1" },
        "east":  { "uv": [ 0, 0, 6.5, 5.5 ], "texture": "#feraligatr1" }
    }
},
{
    "from": [ 13.8125, 4, 4.625 ],
    "to": [ 19.375, 7.75, 9.875 ],
    "rotation": { "origin": [ 13.8125, 7.75, 4.625 ], "axis": "z", "angle": -45 },
    "faces": {
        "down":  { "uv": [ 4, 5.5, 0, 0 ], "texture": "#feraligatr1" },
        "up":    { "uv": [ 0, 0, 4, 5.5 ], "texture": "#feraligatr1" },
        "north": { "uv": [ 0, 0, 4, 5.5 ], "texture": "#feraligatr1" },
        "south": { "uv": [ 0, 0, 4, 5.5 ], "texture": "#feraligatr1" },
        "west":  { "uv": [ 0, 0, 6.5, 5.5 ], "texture": "#feraligatr1" },
        "east":  { "uv": [ 0, 0, 6.5, 5.5 ], "texture": "#feraligatr1" }
    }
},
{
    "from": [ 12.75, 0.125, 4.625 ],
    "to": [ 18.375, 3.625, 9.875 ],
    "faces": {
        "down":  { "uv": [ 4, 5.5, 0, 0 ], "texture": "#feraligatr1" },
        "up":    { "uv": [ 0, 0, 4, 5.5 ], "texture": "#feraligatr1" },
        "north": { "uv": [ 0, 0, 4, 5.5 ], "texture": "#feraligatr1" },
        "south": { "uv": [ 0, 0, 4, 5.5 ], "texture": "#feraligatr1" },
        "west":  { "uv": [ 0, 0, 6.5, 5.5 ], "texture": "#feraligatr1" },
        "east":  { "uv": [ 0, 0, 6.5, 5.5 ], "texture": "#feraligatr1" }
    }
},
{
    "from": [ 15.625, 0.3125, 5 ],
    "to": [ 21.0625, 3, 9.5 ],
    "faces": {
        "down":  { "uv": [ 4, 5.5, 0, 0 ], "texture": "#feraligatr1" },
        "up":    { "uv": [ 0, 0, 4, 5.5 ], "texture": "#feraligatr1" },
        "north": { "uv": [ 0, 0, 4, 5.5 ], "texture": "#feraligatr1" },
        "south": { "uv": [ 0, 0, 4, 5.5 ], "texture": "#feraligatr1" },
        "west":  { "uv": [ 0, 0, 6.5, 5.5 ], "texture": "#feraligatr1" },
        "east":  { "uv": [ 0, 0, 6.5, 5.5 ], "texture": "#feraligatr1" }
    }
},
{
    "from": [ 2.5, 3.5, 11.25 ],
    "to": [ 3.5, 5.0625, 13.75 ],
    "faces": {
        "down":  { "uv": [ 3.5, 2.5, 2.5, 0 ], "texture": "#feraligatr1" },
        "up":    { "uv": [ 4.5, 1, 5.5, 3.5 ], "texture": "#feraligatr1" },
        "north": { "uv": [ 2.5, 0.5, 3.5, 2.0625 ], "texture": "#feraligatr1" },
        "south": { "uv": [ 1.5, 0, 2.5, 1.5625 ], "texture": "#feraligatr1" },
        "west":  { "uv": [ 2.5, 0, 5, 1.5625 ], "texture": "#feraligatr1" },
        "east":  { "uv": [ 0.5, 0, 3, 1.5625 ], "texture": "#feraligatr1" }
    }
},
{
    "from": [ 7.3125, 12.3125, 12.75 ],
    "to": [ 9.8125, 13.3125, 14.25 ],
    "rotation": { "origin": [ 7.3125, 13.3125, 12.75 ], "axis": "x", "angle": 22.5 },
    "faces": {
        "down":  { "uv": [ 4, 5, 1.5, 3.5 ], "texture": "#feraligatr1" },
        "up":    { "uv": [ 1, 3, 3.5, 4.5 ], "texture": "#feraligatr1" },
        "north": { "uv": [ 3, 2, 5.5, 3 ], "texture": "#feraligatr1" },
        "south": { "uv": [ 2, 1.5, 4.5, 2.5 ], "texture": "#feraligatr1" },
        "west":  { "uv": [ 1.5, 0, 3, 1 ], "texture": "#feraligatr1" },
        "east":  { "uv": [ 2.5, 2.5, 4, 3.5 ], "texture": "#feraligatr1" }
    }
},
{
    "from": [ 0.9375, 12.625, 9.6875 ],
    "to": [ 3.5, 15.1875, 10.6875 ],
    "rotation": { "origin": [ 0.9375, 15.1875, 9.6875 ], "axis": "z", "angle": 22.5 },
    "faces": {
        "down":  { "uv": [ 8.5, 8.5, 8, 5 ], "texture": "#feraligatr_chest" },
        "up":    { "uv": [ 7, 4.5, 7.5, 8.5 ], "texture": "#feraligatr_chest" },
        "north": { "uv": [ 8, 5, 8.5, 8.5 ], "texture": "#feraligatr_chest" },
        "south": { "uv": [ 7, 5, 7.5, 8.5 ], "texture": "#feraligatr_chest" },
        "west":  { "uv": [ 4, 4.5, 7.5, 7 ], "texture": "#feraligatr_chest" },
        "east":  { "uv": [ 3.5, 4.5, 7, 7.5 ], "texture": "#feraligatr_chest" }
    }
},
{
    "from": [ 8.4375, 1.6875, 4.25 ],
    "to": [ 13, 9.625, 10.25 ],
    "rotation": { "origin": [ 8.4375, 9.625, 4.25 ], "axis": "z", "angle": 22.5 },
    "faces": {
        "down":  { "uv": [ 4, 5.5, 0, 0 ], "texture": "#feraligatr1" },
        "up":    { "uv": [ 0, 0, 4, 5.5 ], "texture": "#feraligatr1" },
        "north": { "uv": [ 0, 0, 4, 5.5 ], "texture": "#feraligatr1" },
        "south": { "uv": [ 0, 0, 4, 5.5 ], "texture": "#feraligatr1" },
        "west":  { "uv": [ 0, 0, 6.5, 5.5 ], "texture": "#feraligatr1" },
        "east":  { "uv": [ 0, 0, 6.5, 5.5 ], "texture": "#feraligatr1" }
    }
},
{
    "from": [ 7.0625, 5.5625, 10.375 ],
    "to": [ 9.4375, 12, 11.375 ],
    "faces": {
        "down":  { "uv": [ 5, 4.5, 2.625, 3.5 ], "texture": "#feraligatr1" },
        "up":    { "uv": [ 3, 0, 5.375, 1 ], "texture": "#feraligatr1" },
        "north": { "uv": [ 1, 0, 3.375, 6.4375 ], "texture": "#feraligatr1" },
        "south": { "uv": [ 0, 0, 2.375, 6.4375 ], "texture": "#feraligatr1" },
        "west":  { "uv": [ 0.5, 0, 1.5, 6.4375 ], "texture": "#feraligatr1" },
        "east":  { "uv": [ 0.5, 0, 1.5, 6.4375 ], "texture": "#feraligatr1" }
    }
},
{
    "from": [ 5.5625, 6.75, 9.625 ],
    "to": [ 7.625, 11.5, 10.625 ],
    "rotation": { "origin": [ 5.5625, 6.75, 9.625 ], "axis": "y", "angle": -22.5 },
    "faces": {
        "down":  { "uv": [ 0, 0, 1, 1 ], "texture": "#feraligatr1" },
        "up":    { "uv": [ 0, 0, 1, 1 ], "texture": "#feraligatr1" },
        "north": { "uv": [ 0, 0, 1, 1 ], "texture": "#feraligatr1" },
        "south": { "uv": [ 0, 0, 1, 1 ], "texture": "#feraligatr1" },
        "west":  { "uv": [ 0, 0, 1, 6 ], "texture": "#feraligatr1" },
        "east":  { "uv": [ 0, 0, 1, 6 ], "texture": "#feraligatr1" }
    }
},
{
    "from": [ 18.3125, 0.5625, 5.3125 ],
    "to": [ 22.0625, 2.75, 9.125 ],
    "faces": {
        "down":  { "uv": [ 4, 5.5, 0, 0 ], "texture": "#feraligatr1" },
        "up":    { "uv": [ 0, 0, 4, 5.5 ], "texture": "#feraligatr1" },
        "north": { "uv": [ 0, 0, 4, 5.5 ], "texture": "#feraligatr1" },
        "south": { "uv": [ 0, 0, 4, 5.5 ], "texture": "#feraligatr1" },
        "west":  { "uv": [ 0, 0, 6.5, 5.5 ], "texture": "#feraligatr1" },
        "east":  { "uv": [ 0, 0, 6.5, 5.5 ], "texture": "#feraligatr1" }
    }
},
{
    "from": [ 14.875, 2.1875, 4.625 ],
    "to": [ 20.375, 5.3125, 9.875 ],
    "rotation": { "origin": [ 14.875, 5.3125, 4.625 ], "axis": "z", "angle": -22.5 },
    "faces": {
        "down":  { "uv": [ 4, 5.5, 0, 0 ], "texture": "#feraligatr1" },
        "up":    { "uv": [ 0, 0, 4, 5.5 ], "texture": "#feraligatr1" },
        "north": { "uv": [ 0, 0, 4, 5.5 ], "texture": "#feraligatr1" },
        "south": { "uv": [ 0, 0, 4, 5.5 ], "texture": "#feraligatr1" },
        "west":  { "uv": [ 0, 0, 6.5, 5.5 ], "texture": "#feraligatr1" },
        "east":  { "uv": [ 0, 0, 6.5, 5.5 ], "texture": "#feraligatr1" }
    }
},
{
    "from": [ 7.0625, 8.25, -2.8125 ],
    "to": [ 10.0625, 11, 3.8125 ],
    "rotation": { "origin": [ 7.0625, 11, -2.8125 ], "axis": "x", "angle": -22.5 },
    "faces": {
        "down":  { "uv": [ 4, 5, 0, 0 ], "texture": "#feraligatr1" },
        "up":    { "uv": [ 0, 0, 4, 5 ], "texture": "#feraligatr1" },
        "north": { "uv": [ 0, 0, 4, 4 ], "texture": "#feraligatr1" },
        "south": { "uv": [ 0, 0, 4, 4 ], "texture": "#feraligatr1" },
        "west":  { "uv": [ 0, 0, 5, 4 ], "texture": "#feraligatr1" },
        "east":  { "uv": [ 0, 0, 5, 4 ], "texture": "#feraligatr1" }
    }
},
{
    "from": [ 3.0625, 3.875, 0.5 ],
    "to": [ 9.5, 6, 3.6875 ],
    "rotation": { "origin": [ 3.0625, 6, 0.5 ], "axis": "x", "angle": -22.5 },
    "faces": {
        "down":  { "uv": [ 6.5, 4.5, 0, 0 ], "texture": "#feraligatr1" },
        "up":    { "uv": [ 0, 0, 6.5, 4.5 ], "texture": "#feraligatr1" },
        "north": { "uv": [ 0, 0, 6.5, 5.5 ], "texture": "#feraligatr1" },
        "south": { "uv": [ 0, 0, 6.5, 5.5 ], "texture": "#feraligatr1" },
        "west":  { "uv": [ 0, 0, 4.5, 5.5 ], "texture": "#feraligatr1" },
        "east":  { "uv": [ 0, 0, 4.5, 5.5 ], "texture": "#feraligatr1" }
    }
},
{
    "from": [ 3.0625, 2, 0.5 ],
    "to": [ 9.5, 6, 4.0625 ],
    "faces": {
        "down":  { "uv": [ 6.5, 4.5, 0, 0 ], "texture": "#feraligatr1" },
        "up":    { "uv": [ 0, 0, 6.5, 4.5 ], "texture": "#feraligatr1" },
        "north": { "uv": [ 0, 0, 6.5, 5.5 ], "texture": "#feraligatr1" },
        "south": { "uv": [ 0, 0, 6.5, 5.5 ], "texture": "#feraligatr1" },
        "west":  { "uv": [ 0, 0, 4.5, 5.5 ], "texture": "#feraligatr1" },
        "east":  { "uv": [ 0, 0, 4.5, 5.5 ], "texture": "#feraligatr1" }
    }
},
{
    "from": [ 1.125, -0.1875, 0.6875 ],
    "to": [ 9.375, 1.25, 3.6875 ],
    "faces": {
        "down":  { "uv": [ 6.5, 4.5, 0, 0 ], "texture": "#feraligatr1" },
        "up":    { "uv": [ 0, 0, 6.5, 4.5 ], "texture": "#feraligatr1" },
        "north": { "uv": [ 0, 0, 6.5, 5.5 ], "texture": "#feraligatr1" },
        "south": { "uv": [ 0, 0, 6.5, 5.5 ], "texture": "#feraligatr1" },
        "west":  { "uv": [ 0, 0, 4.5, 5.5 ], "texture": "#feraligatr1" },
        "east":  { "uv": [ 0, 0, 4.5, 5.5 ], "texture": "#feraligatr1" }
    }
},
{
    "from": [ 0.25, -0.1875, 0.8125 ],
    "to": [ 1.3125, 0.625, 1.4375 ],
    "rotation": { "origin": [ 0.25, 0.625, 0.8125 ], "axis": "z", "angle": 22.5 },
    "faces": {
        "down":  { "uv": [ 14, 6, 12.9375, 5.5 ], "texture": "#feraligatr1" },
        "up":    { "uv": [ 12.5, 5.5, 13.5625, 6 ], "texture": "#feraligatr1" },
        "north": { "uv": [ 13, 5.5, 14.0625, 6.3125 ], "texture": "#feraligatr1" },
        "south": { "uv": [ 13, 5, 14.0625, 5.8125 ], "texture": "#feraligatr1" },
        "west":  { "uv": [ 13.5, 5.5, 14, 6.3125 ], "texture": "#feraligatr1" },
        "east":  { "uv": [ 13, 5.5, 13.5, 6.3125 ], "texture": "#feraligatr1" }
    }
},
{
    "from": [ 0.0625, -0.1875, 1.8125 ],
    "to": [ 1.125, 0.625, 2.4375 ],
    "rotation": { "origin": [ 0.0625, 0.625, 1.8125 ], "axis": "z", "angle": 22.5 },
    "faces": {
        "down":  { "uv": [ 14, 6, 12.9375, 5.5 ], "texture": "#feraligatr1" },
        "up":    { "uv": [ 12.5, 5.5, 13.5625, 6 ], "texture": "#feraligatr1" },
        "north": { "uv": [ 13, 5.5, 14.0625, 6.3125 ], "texture": "#feraligatr1" },
        "south": { "uv": [ 13, 5, 14.0625, 5.8125 ], "texture": "#feraligatr1" },
        "west":  { "uv": [ 13.5, 5.5, 14, 6.3125 ], "texture": "#feraligatr1" },
        "east":  { "uv": [ 13, 5.5, 13.5, 6.3125 ], "texture": "#feraligatr1" }
    }
},
{
    "from": [ 0.25, -0.1875, 2.8125 ],
    "to": [ 1.3125, 0.625, 3.4375 ],
    "rotation": { "origin": [ 0.25, 0.625, 2.8125 ], "axis": "z", "angle": 22.5 },
    "faces": {
        "down":  { "uv": [ 14, 6, 12.9375, 5.5 ], "texture": "#feraligatr1" },
        "up":    { "uv": [ 12.5, 5.5, 13.5625, 6 ], "texture": "#feraligatr1" },
        "north": { "uv": [ 13, 5.5, 14.0625, 6.3125 ], "texture": "#feraligatr1" },
        "south": { "uv": [ 13, 5, 14.0625, 5.8125 ], "texture": "#feraligatr1" },
        "west":  { "uv": [ 13.5, 5.5, 14, 6.3125 ], "texture": "#feraligatr1" },
        "east":  { "uv": [ 13, 5.5, 13.5, 6.3125 ], "texture": "#feraligatr1" }
    }
},
{
    "from": [ 3.14194, 18.375, 3.6875 ],
    "to": [ 5.32944, 19.5625, 5.1875 ],
    "rotation": { "origin": [ 3.14194, 19.5625, 3.6875 ], "axis": "z", "angle": -22.5 },
    "faces": {
        "down":  { "uv": [ 0, 4.5, 1, 5.5 ], "texture": "#feraligatr1" },
        "up":    { "uv": [ 0, 4, 1, 5 ], "texture": "#feraligatr1" },
        "north": { "uv": [ 0, 4, 1, 5 ], "texture": "#feraligatr1" },
        "south": { "uv": [ 0.5, 4, 1.5, 5 ], "texture": "#feraligatr1" },
        "west":  { "uv": [ 0, 4, 1, 5 ], "texture": "#feraligatr1" },
        "east":  { "uv": [ 0.5, 4, 1.5, 5 ], "texture": "#feraligatr1" }
    }
},
{
    "from": [ 7.3125, 11.4375, 14.75 ],
    "to": [ 9.8125, 12.4375, 16.25 ],
    "rotation": { "origin": [ 7.3125, 12.4375, 14.75 ], "axis": "x", "angle": 22.5 },
    "faces": {
        "down":  { "uv": [ 4.5, 2.5, 2, 1 ], "texture": "#feraligatr1" },
        "up":    { "uv": [ 2, 2.5, 4.5, 4 ], "texture": "#feraligatr1" },
        "north": { "uv": [ 1.5, 0, 4, 1 ], "texture": "#feraligatr1" },
        "south": { "uv": [ 3, 2, 5.5, 3 ], "texture": "#feraligatr1" },
        "west":  { "uv": [ 2.5, 3, 4, 4 ], "texture": "#feraligatr1" },
        "east":  { "uv": [ 2.5, 2.5, 4, 3.5 ], "texture": "#feraligatr1" }
    }
},
{
    "from": [ 2.5, 3.5, 0.75 ],
    "to": [ 3.5, 5.0625, 3.25 ],
    "faces": {
        "down":  { "uv": [ 1, 2.5, 0, 0 ], "texture": "#feraligatr1" },
        "up":    { "uv": [ 2.5, 0.75, 3.5, 3.25 ], "texture": "#feraligatr1" },
        "north": { "uv": [ 0, 0, 1, 1.5625 ], "texture": "#feraligatr1" },
        "south": { "uv": [ 0, 0, 1, 1.5625 ], "texture": "#feraligatr1" },
        "west":  { "uv": [ 0, 0, 2.5, 1.5625 ], "texture": "#feraligatr1" },
        "east":  { "uv": [ 0, 0, 2.5, 1.5625 ], "texture": "#feraligatr1" }
    }
},
{
    "from": [ 4.6875, 1.6875, 0.8125 ],
    "to": [ 8.875, 5.1875, 3.5625 ],
    "rotation": { "origin": [ 4.6875, 5.1875, 0.8125 ], "axis": "z", "angle": -22.5 },
    "faces": {
        "down":  { "uv": [ 6.5, 4.5, 0, 0 ], "texture": "#feraligatr1" },
        "up":    { "uv": [ 0, 0, 6.5, 4.5 ], "texture": "#feraligatr1" },
        "north": { "uv": [ 0, 0, 6.5, 5.5 ], "texture": "#feraligatr1" },
        "south": { "uv": [ 0, 0, 6.5, 5.5 ], "texture": "#feraligatr1" },
        "west":  { "uv": [ 0, 0, 4.5, 5.5 ], "texture": "#feraligatr1" },
        "east":  { "uv": [ 0, 0, 4.5, 5.5 ], "texture": "#feraligatr1" }
    }
},
{
    "from": [ 6.0625, 0.75, 0.8125 ],
    "to": [ 8.9375, 4, 3.5625 ],
    "faces": {
        "down":  { "uv": [ 6.5, 4.5, 0, 0 ], "texture": "#feraligatr1" },
        "up":    { "uv": [ 0, 0, 6.5, 4.5 ], "texture": "#feraligatr1" },
        "north": { "uv": [ 0, 0, 6.5, 5.5 ], "texture": "#feraligatr1" },
        "south": { "uv": [ 0, 0, 6.5, 5.5 ], "texture": "#feraligatr1" },
        "west":  { "uv": [ 0, 0, 4.5, 5.5 ], "texture": "#feraligatr1" },
        "east":  { "uv": [ 0, 0, 4.5, 5.5 ], "texture": "#feraligatr1" }
    }
},
{
    "from": [ 3.0625, 6.1875, -3.0625 ],
    "to": [ 9.625, 8.625, -0.375 ],
    "rotation": { "origin": [ 3.0625, 8.625, -3.0625 ], "axis": "z", "angle": 22.5 },
    "faces": {
        "down":  { "uv": [ 4, 5, 0, 0 ], "texture": "#feraligatr1" },
        "up":    { "uv": [ 0, 0, 4, 5 ], "texture": "#feraligatr1" },
        "north": { "uv": [ 0, 0, 4, 4 ], "texture": "#feraligatr1" },
        "south": { "uv": [ 0, 0, 4, 4 ], "texture": "#feraligatr1" },
        "west":  { "uv": [ 0, 0, 5, 4 ], "texture": "#feraligatr1" },
        "east":  { "uv": [ 0, 0, 5, 4 ], "texture": "#feraligatr1" }
    }
},
{
    "from": [ 1.4375, 5.04475, -3.375 ],
    "to": [ 3.9375, 7.04475, -0.0625 ],
    "rotation": { "origin": [ 1.4375, 7.04475, -3.375 ], "axis": "z", "angle": 45 },
    "faces": {
        "down":  { "uv": [ 5.5, 4, 3, 2.5 ], "texture": "#feraligatr1" },
        "up":    { "uv": [ 2.5, 1, 5, 2.5 ], "texture": "#feraligatr1" },
        "north": { "uv": [ 2, 0, 4.5, 2 ], "texture": "#feraligatr1" },
        "south": { "uv": [ 2, 0, 4.5, 2 ], "texture": "#feraligatr1" },
        "west":  { "uv": [ 4, 0, 5.5, 2 ], "texture": "#feraligatr1" },
        "east":  { "uv": [ 0, 0, 1.5, 2 ], "texture": "#feraligatr1" }
    }
},
{
    "from": [ 7.0625, 5.5625, 3.25 ],
    "to": [ 9.4375, 12, 4.25 ],
    "faces": {
        "down":  { "uv": [ 2.375, 1, 0, 0 ], "texture": "#feraligatr1" },
        "up":    { "uv": [ 1, 0, 3.375, 1 ], "texture": "#feraligatr1" },
        "north": { "uv": [ 0, 0, 2.375, 6.4375 ], "texture": "#feraligatr1" },
        "south": { "uv": [ 0, 0, 2.375, 6.4375 ], "texture": "#feraligatr1" },
        "west":  { "uv": [ 0, 0, 1, 6.4375 ], "texture": "#feraligatr1" },
        "east":  { "uv": [ 0, 0, 1, 6.4375 ], "texture": "#feraligatr1" }
    }
},
{
    "from": [ 5.125, 6.75, 4.0625 ],
    "to": [ 7.1875, 11.5, 5.0625 ],
    "rotation": { "origin": [ 5.125, 6.75, 4.0625 ], "axis": "y", "angle": 22.5 },
    "faces": {
        "down":  { "uv": [ 0, 4.75, 0.5, 4.25 ], "texture": "#feraligatr1" },
        "up":    { "uv": [ 0, 0, 0.5, 0.5 ], "texture": "#feraligatr1" },
        "north": { "uv": [ 0, 0, 0.5, 4.75 ], "texture": "#feraligatr1" },
        "south": { "uv": [ 1, 0, 0.5, 4.75 ], "texture": "#feraligatr1" },
        "west":  { "uv": [ 0, 0, 1, 4.75 ], "texture": "#feraligatr1" },
        "east":  { "uv": [ 1, 0, 0, 4.75 ], "texture": "#feraligatr1" }
    }
},
{
    "from": [ 1.25, 16.5625, 10.5 ],
    "to": [ 4.625, 18.3125, 10.5625 ],
    "faces": {
        "south": { "uv": [ 1, 8.5, 11, 14.5 ], "texture": "#feraligatr1" }
    }
},
{
    "from": [ 0.9375, 12.6444, 3.8125 ],
    "to": [ 3.5, 15.2069, 4.8125 ],
    "rotation": { "origin": [ 0.9375, 15.2069, 3.8125 ], "axis": "z", "angle": 22.5 },
    "faces": {
        "down":  { "uv": [ 8.5, 8.5, 8, 5 ], "texture": "#feraligatr_chest" },
        "up":    { "uv": [ 7, 4.5, 7.5, 8.5 ], "texture": "#feraligatr_chest" },
        "north": { "uv": [ 8, 5, 8.5, 8.5 ], "texture": "#feraligatr_chest" },
        "south": { "uv": [ 7, 5, 7.5, 8.5 ], "texture": "#feraligatr_chest" },
        "west":  { "uv": [ 4, 4.5, 7.5, 7 ], "texture": "#feraligatr_chest" },
        "east":  { "uv": [ 3.5, 4.5, 7, 7.5 ], "texture": "#feraligatr_chest" }
    }
},
{
    "from": [ 1.25, 16.5625, 3.9375 ],
    "to": [ 4.625, 18.3125, 4 ],
    "faces": {
        "north": { "uv": [ 11, 8.5, 1, 14.5 ], "texture": "#feraligatr1" }
    }
},
{
    "from": [ 2.3125, 18.1875, 7.25 ],
    "to": [ 7.625, 23.6875, 7.3125 ],
    "rotation": { "origin": [ 2.3125, 23.6875, 7.25 ], "axis": "z", "angle": -22.5 },
    "faces": {
        "north": { "uv": [ 0, 0, 15.5, 14 ], "texture": "#feraligatr2" },
        "south": { "uv": [ 15.5, 0, 0, 14 ], "texture": "#feraligatr2" }
    }
},
{
    "from": [ 9.8125, 15.1875, 7.25 ],
    "to": [ 18.0625, 21.9375, 7.3125 ],
    "rotation": { "origin": [ 9.8125, 21.9375, 7.25 ], "axis": "z", "angle": -45 },
    "faces": {
        "north": { "uv": [ 0, 0, 15.5, 14 ], "texture": "#feraligatr2" },
        "south": { "uv": [ 15.5, 0, 0, 14 ], "texture": "#feraligatr2" }
    }
},
{
    "from": [ 18.1875, 2.875, 7.25 ],
    "to": [ 23.1875, 8.375, 7.3125 ],
    "rotation": { "origin": [ 18.1875, 8.375, 7.25 ], "axis": "z", "angle": -22.5 },
    "faces": {
        "north": { "uv": [ 0, 0, 15.5, 16 ], "texture": "#feraligatr2" },
        "south": { "uv": [ 15.5, 0, 0, 16 ], "texture": "#feraligatr2" }
    }
},
{
    "from": [ 15.4375, 5.375, 5.5 ],
    "to": [ 17.1875, 6.75, 9 ],
    "rotation": { "origin": [ 15.4375, 6.75, 5.5 ], "axis": "z", "angle": -45 },
    "faces": {
        "down":  { "uv": [ 4, 5.5, 0, 0 ], "texture": "#feraligatr1" },
        "up":    { "uv": [ 0, 0, 4, 5.5 ], "texture": "#feraligatr1" },
        "north": { "uv": [ 0, 0, 4, 5.5 ], "texture": "#feraligatr1" },
        "south": { "uv": [ 0, 0, 4, 5.5 ], "texture": "#feraligatr1" },
        "west":  { "uv": [ 0, 0, 6.5, 5.5 ], "texture": "#feraligatr1" },
        "east":  { "uv": [ 0, 0, 6.5, 5.5 ], "texture": "#feraligatr1" }
    }
},
{
    "from": [ -1.5, 14.1875, 4.25 ],
    "to": [ 2.9375, 16.0625, 10.1875 ],
    "rotation": { "origin": [ -1.5, 16.0625, 4.25 ], "axis": "z", "angle": -22.5 },
    "faces": {
        "down":  { "uv": [ 8.5, 8.5, 8, 5 ], "texture": "#feraligatr_chest" },
        "up":    { "uv": [ 7, 4.5, 7.5, 8.5 ], "texture": "#feraligatr_chest" },
        "north": { "uv": [ 8, 5, 8.5, 8.5 ], "texture": "#feraligatr_chest" },
        "south": { "uv": [ 7, 5, 7.5, 8.5 ], "texture": "#feraligatr_chest" },
        "west":  { "uv": [ 4, 4.5, 7.5, 7 ], "texture": "#feraligatr_chest" },
        "east":  { "uv": [ 3.5, 4.5, 7, 7.5 ], "texture": "#feraligatr_chest" }
    }
},
{
    "from": [ -2.8125, 14.25, 4.5625 ],
    "to": [ -1.3125, 16, 9.9375 ],
    "rotation": { "origin": [ -2.8125, 16, 4.5625 ], "axis": "z", "angle": 22.5 },
    "faces": {
        "down":  { "uv": [ 8.5, 8.5, 8, 5 ], "texture": "#feraligatr_chest" },
        "up":    { "uv": [ 7, 4.5, 7.5, 8.5 ], "texture": "#feraligatr_chest" },
        "north": { "uv": [ 8, 5, 8.5, 8.5 ], "texture": "#feraligatr_chest" },
        "south": { "uv": [ 7, 5, 7.5, 8.5 ], "texture": "#feraligatr_chest" },
        "west":  { "uv": [ 4, 4.5, 7.5, 7 ], "texture": "#feraligatr_chest" },
        "east":  { "uv": [ 3.5, 4.5, 7, 7.5 ], "texture": "#feraligatr_chest" }
    }
},
{
    "from": [ -1.5, 15.625, 10.0625 ],
    "to": [ -0.8125, 16.625, 10.125 ],
    "faces": {
        "north": { "uv": [ 12, 2.5, 15.5, 7 ], "texture": "#feraligatr1" },
        "south": { "uv": [ 12, 2.5, 15.5, 7 ], "texture": "#feraligatr1" }
    }
},
{
    "from": [ -0.25, 15.25, 4.0625 ],
    "to": [ 1.875, 17.1875, 10.375 ],
    "faces": {
        "down":  { "uv": [ 1.375, 6.5, 0, 0 ], "texture": "#feraligatr1" },
        "up":    { "uv": [ 0, 0, 1.375, 6.5 ], "texture": "#feraligatr1" },
        "north": { "uv": [ 3, 0, 4.375, 4.1875 ], "texture": "#feraligatr1" },
        "south": { "uv": [ 5, 0, 6.375, 4.1875 ], "texture": "#feraligatr1" },
        "west":  { "uv": [ 0, 0, 6.5, 4.1875 ], "texture": "#feraligatr1" },
        "east":  { "uv": [ 0, 0, 6.5, 4.1875 ], "texture": "#feraligatr1" }
    }
},
{
    "from": [ -0.0625, 14.5625, 10.25 ],
    "to": [ 0.625, 15.5625, 10.3125 ],
    "faces": {
        "north": { "uv": [ 12, 7, 15.5, 2.5 ], "texture": "#feraligatr1" },
        "south": { "uv": [ 12, 7, 15.5, 2.5 ], "texture": "#feraligatr1" }
    }
},
{
    "from": [ 1.4375, 15.3125, 10.5 ],
    "to": [ 2.125, 16.3125, 10.5625 ],
    "faces": {
        "north": { "uv": [ 12, 2.5, 15.5, 7 ], "texture": "#feraligatr1" },
        "south": { "uv": [ 12, 2.5, 15.5, 7 ], "texture": "#feraligatr1" }
    }
},
{
    "from": [ -1.5, 15.625, 4.3125 ],
    "to": [ -0.8125, 16.625, 4.375 ],
    "faces": {
        "north": { "uv": [ 12, 2.5, 15.5, 7 ], "texture": "#feraligatr1" },
        "south": { "uv": [ 12, 2.5, 15.5, 7 ], "texture": "#feraligatr1" }
    }
},
{
    "from": [ -0.0625, 14.5625, 4.125 ],
    "to": [ 0.625, 15.5625, 4.1875 ],
    "faces": {
        "north": { "uv": [ 12, 7, 15.5, 2.5 ], "texture": "#feraligatr1" },
        "south": { "uv": [ 12, 7, 15.5, 2.5 ], "texture": "#feraligatr1" }
    }
},
{
    "from": [ 1.4375, 15.3125, 3.875 ],
    "to": [ 2.125, 16.3125, 3.9375 ],
    "faces": {
        "north": { "uv": [ 12, 2.5, 15.5, 7 ], "texture": "#feraligatr1" },
        "south": { "uv": [ 12, 2.5, 15.5, 7 ], "texture": "#feraligatr1" }
    }
},
{
    "from": [ -3.4375, 15.4375, 8.625 ],
    "to": [ -3.375, 16.3125, 9.25 ],
    "faces": {
        "west":  { "uv": [ 11, 1, 8, 3 ], "rotation": 270, "texture": "#feraligatr1" }
    }
},
{
    "from": [ -3.4375, 15.4375, 5.1875 ],
    "to": [ -3.375, 16.3125, 5.8125 ],
    "faces": {
        "west":  { "uv": [ 8, 1, 11, 3 ], "rotation": 90, "texture": "#feraligatr1" }
    }
},
{
    "from": [ 7.3125, 11.75, 0.375 ],
    "to": [ 9.8125, 12.75, 1.875 ],
    "rotation": { "origin": [ 7.3125, 12.75, 0.375 ], "axis": "x", "angle": -22.5 },
    "faces": {
        "down":  { "uv": [ 4, 5, 1.5, 3.5 ], "texture": "#feraligatr1" },
        "up":    { "uv": [ 1, 3, 3.5, 4.5 ], "texture": "#feraligatr1" },
        "north": { "uv": [ 3, 2, 5.5, 3 ], "texture": "#feraligatr1" },
        "south": { "uv": [ 2, 1.5, 4.5, 2.5 ], "texture": "#feraligatr1" },
        "west":  { "uv": [ 1.5, 0, 3, 1 ], "texture": "#feraligatr1" },
        "east":  { "uv": [ 2.5, 2.5, 4, 3.5 ], "texture": "#feraligatr1" }
    }
},
{
    "from": [ 7.3125, 10.875, -1.75 ],
    "to": [ 9.8125, 11.875, -0.25 ],
    "rotation": { "origin": [ 7.3125, 11.875, -1.75 ], "axis": "x", "angle": -22.5 },
    "faces": {
        "down":  { "uv": [ 4.5, 2.5, 2, 1 ], "texture": "#feraligatr1" },
        "up":    { "uv": [ 2, 2.5, 4.5, 4 ], "texture": "#feraligatr1" },
        "north": { "uv": [ 1.5, 0, 4, 1 ], "texture": "#feraligatr1" },
        "south": { "uv": [ 3, 2, 5.5, 3 ], "texture": "#feraligatr1" },
        "west":  { "uv": [ 2.5, 3, 4, 4 ], "texture": "#feraligatr1" },
        "east":  { "uv": [ 2.5, 2.5, 4, 3.5 ], "texture": "#feraligatr1" }
    }
},
{
    "from": [ 0.0625, -0.1875, 11.9375 ],
    "to": [ 1.125, 0.625, 12.5625 ],
    "rotation": { "origin": [ 0.0625, 0.625, 11.9375 ], "axis": "z", "angle": 22.5 },
    "faces": {
        "down":  { "uv": [ 14, 6, 12.9375, 5.5 ], "texture": "#feraligatr1" },
        "up":    { "uv": [ 12.5, 5.5, 13.5625, 6 ], "texture": "#feraligatr1" },
        "north": { "uv": [ 13, 5.5, 14.0625, 6.3125 ], "texture": "#feraligatr1" },
        "south": { "uv": [ 13, 5, 14.0625, 5.8125 ], "texture": "#feraligatr1" },
        "west":  { "uv": [ 13.5, 5.5, 14, 6.3125 ], "texture": "#feraligatr1" },
        "east":  { "uv": [ 13, 5.5, 13.5, 6.3125 ], "texture": "#feraligatr1" }
    }
},
{
    "from": [ 0.25, -0.1875, 10.9375 ],
    "to": [ 1.3125, 0.625, 11.5625 ],
    "rotation": { "origin": [ 0.25, 0.625, 10.9375 ], "axis": "z", "angle": 22.5 },
    "faces": {
        "down":  { "uv": [ 14, 6, 12.9375, 5.5 ], "texture": "#feraligatr1" },
        "up":    { "uv": [ 12.5, 5.5, 13.5625, 6 ], "texture": "#feraligatr1" },
        "north": { "uv": [ 13, 5.5, 14.0625, 6.3125 ], "texture": "#feraligatr1" },
        "south": { "uv": [ 13, 5, 14.0625, 5.8125 ], "texture": "#feraligatr1" },
        "west":  { "uv": [ 13.5, 5.5, 14, 6.3125 ], "texture": "#feraligatr1" },
        "east":  { "uv": [ 13, 5.5, 13.5, 6.3125 ], "texture": "#feraligatr1" }
    }
},
{
    "from": [ 0.25, -0.1875, 13.0625 ],
    "to": [ 1.3125, 0.625, 13.6875 ],
    "rotation": { "origin": [ 0.25, 0.625, 13.0625 ], "axis": "z", "angle": 22.5 },
    "faces": {
        "down":  { "uv": [ 14, 6, 12.9375, 5.5 ], "texture": "#feraligatr1" },
        "up":    { "uv": [ 12.5, 5.5, 13.5625, 6 ], "texture": "#feraligatr1" },
        "north": { "uv": [ 13, 5.5, 14.0625, 6.3125 ], "texture": "#feraligatr1" },
        "south": { "uv": [ 13, 5, 14.0625, 5.8125 ], "texture": "#feraligatr1" },
        "west":  { "uv": [ 13.5, 5.5, 14, 6.3125 ], "texture": "#feraligatr1" },
        "east":  { "uv": [ 13, 5.5, 13.5, 6.3125 ], "texture": "#feraligatr1" }
    }
},
{
    "from": [ 3.9375, 5.8125, 15.0625 ],
    "to": [ 4.875, 7.25, 16.125 ],
    "rotation": { "origin": [ 3.9375, 7.25, 15.0625 ], "axis": "z", "angle": -22.5 },
    "faces": {
        "down":  { "uv": [ 3, 1.5, 0.5, 0 ], "texture": "#feraligatr1" },
        "up":    { "uv": [ 1.5, 0, 4, 1.5 ], "texture": "#feraligatr1" },
        "north": { "uv": [ 0, 0, 2.5, 2 ], "texture": "#feraligatr1" },
        "south": { "uv": [ 2, 0, 4.5, 2 ], "texture": "#feraligatr1" },
        "west":  { "uv": [ 0, 0, 1.5, 2 ], "texture": "#feraligatr1" },
        "east":  { "uv": [ 0, 0, 1.5, 2 ], "texture": "#feraligatr1" }
    }
},
{
    "from": [ 1.5625, 5.75, 14.6875 ],
    "to": [ 2.4375, 7.125, 17.75 ],
    "rotation": { "origin": [ 1.5625, 7.125, 14.6875 ], "axis": "z", "angle": -22.5 },
    "faces": {
        "down":  { "uv": [ 3, 1.5, 0.5, 0 ], "texture": "#feraligatr1" },
        "up":    { "uv": [ 1.5, 0, 4, 1.5 ], "texture": "#feraligatr1" },
        "north": { "uv": [ 0, 0, 2.5, 2 ], "texture": "#feraligatr1" },
        "south": { "uv": [ 2, 0, 4.5, 2 ], "texture": "#feraligatr1" },
        "west":  { "uv": [ 0, 0, 1.5, 2 ], "texture": "#feraligatr1" },
        "east":  { "uv": [ 0, 0, 1.5, 2 ], "texture": "#feraligatr1" }
    }
},
{
    "from": [ 1.8125, 5.625, 14.6875 ],
    "to": [ 2.8125, 6.5625, 17.75 ],
    "faces": {
        "down":  { "uv": [ 3, 1.5, 0.5, 0 ], "texture": "#feraligatr1" },
        "up":    { "uv": [ 1.5, 0, 4, 1.5 ], "texture": "#feraligatr1" },
        "north": { "uv": [ 0, 0, 2.5, 2 ], "texture": "#feraligatr1" },
        "south": { "uv": [ 2, 0, 4.5, 2 ], "texture": "#feraligatr1" },
        "west":  { "uv": [ 0, 0, 1.5, 2 ], "texture": "#feraligatr1" },
        "east":  { "uv": [ 0, 0, 1.5, 2 ], "texture": "#feraligatr1" }
    }
},
{
    "from": [ 0.5, 4.6862, 14.8125 ],
    "to": [ 1.5625, 5.4987, 15.4375 ],
    "rotation": { "origin": [ 0.5, 5.4987, 14.8125 ], "axis": "z", "angle": 45 },
    "faces": {
        "down":  { "uv": [ 14, 6, 12.9375, 5.5 ], "texture": "#feraligatr1" },
        "up":    { "uv": [ 12.5, 5.5, 13.5625, 6 ], "texture": "#feraligatr1" },
        "north": { "uv": [ 13, 5.5, 14.0625, 6.3125 ], "texture": "#feraligatr1" },
        "south": { "uv": [ 13, 5, 14.0625, 5.8125 ], "texture": "#feraligatr1" },
        "west":  { "uv": [ 13.5, 5.5, 14, 6.3125 ], "texture": "#feraligatr1" },
        "east":  { "uv": [ 13, 5.5, 13.5, 6.3125 ], "texture": "#feraligatr1" }
    }
},
{
    "from": [ 0.5, 4.6237, 15.625 ],
    "to": [ 1.5625, 5.4362, 16.25 ],
    "rotation": { "origin": [ 0.5, 5.4362, 15.625 ], "axis": "z", "angle": 45 },
    "faces": {
        "down":  { "uv": [ 14, 6, 12.9375, 5.5 ], "texture": "#feraligatr1" },
        "up":    { "uv": [ 12.5, 5.5, 13.5625, 6 ], "texture": "#feraligatr1" },
        "north": { "uv": [ 13, 5.5, 14.0625, 6.3125 ], "texture": "#feraligatr1" },
        "south": { "uv": [ 13, 5, 14.0625, 5.8125 ], "texture": "#feraligatr1" },
        "west":  { "uv": [ 13.5, 5.5, 14, 6.3125 ], "texture": "#feraligatr1" },
        "east":  { "uv": [ 13, 5.5, 13.5, 6.3125 ], "texture": "#feraligatr1" }
    }
},
{
    "from": [ 0.5, 4.6237, 16.375 ],
    "to": [ 1.5625, 5.4362, 17 ],
    "rotation": { "origin": [ 0.5, 5.4362, 16.375 ], "axis": "z", "angle": 45 },
    "faces": {
        "down":  { "uv": [ 14, 6, 12.9375, 5.5 ], "texture": "#feraligatr1" },
        "up":    { "uv": [ 12.5, 5.5, 13.5625, 6 ], "texture": "#feraligatr1" },
        "north": { "uv": [ 13, 5.5, 14.0625, 6.3125 ], "texture": "#feraligatr1" },
        "south": { "uv": [ 13, 5, 14.0625, 5.8125 ], "texture": "#feraligatr1" },
        "west":  { "uv": [ 13.5, 5.5, 14, 6.3125 ], "texture": "#feraligatr1" },
        "east":  { "uv": [ 13, 5.5, 13.5, 6.3125 ], "texture": "#feraligatr1" }
    }
},
{
    "from": [ 1.1875, 5.25, 17.0625 ],
    "to": [ 1.8125, 6.0625, 17.6875 ],
    "rotation": { "origin": [ 1.1875, 6.0625, 17.0625 ], "axis": "z", "angle": -22.5 },
    "faces": {
        "down":  { "uv": [ 14, 6, 12.9375, 5.5 ], "texture": "#feraligatr1" },
        "up":    { "uv": [ 12.5, 5.5, 13.5625, 6 ], "texture": "#feraligatr1" },
        "north": { "uv": [ 13, 5.5, 14.0625, 6.3125 ], "texture": "#feraligatr1" },
        "south": { "uv": [ 13, 5, 14.0625, 5.8125 ], "texture": "#feraligatr1" },
        "west":  { "uv": [ 13.5, 5.5, 14, 6.3125 ], "texture": "#feraligatr1" },
        "east":  { "uv": [ 13, 5.5, 13.5, 6.3125 ], "texture": "#feraligatr1" }
    }
},
{
    "from": [ 3.625, 5.1875, 15.3125 ],
    "to": [ 4.25, 6, 15.9375 ],
    "rotation": { "origin": [ 3.625, 6, 15.3125 ], "axis": "z", "angle": -22.5 },
    "faces": {
        "down":  { "uv": [ 14, 6, 12.9375, 5.5 ], "texture": "#feraligatr1" },
        "up":    { "uv": [ 12.5, 5.5, 13.5625, 6 ], "texture": "#feraligatr1" },
        "north": { "uv": [ 13, 5.5, 14.0625, 6.3125 ], "texture": "#feraligatr1" },
        "south": { "uv": [ 13, 5, 14.0625, 5.8125 ], "texture": "#feraligatr1" },
        "west":  { "uv": [ 13.5, 5.5, 14, 6.3125 ], "texture": "#feraligatr1" },
        "east":  { "uv": [ 13, 5.5, 13.5, 6.3125 ], "texture": "#feraligatr1" }
    }
},
{
    "from": [ 3.0625, 5.875, 9.6875 ],
    "to": [ 7.5625, 7.1875, 11.1875 ],
    "faces": {
        "down":  { "uv": [ 6.5, 4.5, 0, 0 ], "texture": "#feraligatr1" },
        "up":    { "uv": [ 0, 0, 6.5, 4.5 ], "texture": "#feraligatr1" },
        "north": { "uv": [ 0, 0, 6.5, 5.5 ], "texture": "#feraligatr1" },
        "south": { "uv": [ 0, 0, 6.5, 5.5 ], "texture": "#feraligatr1" },
        "west":  { "uv": [ 0, 0, 4.5, 5.5 ], "texture": "#feraligatr1" },
        "east":  { "uv": [ 0, 0, 4.5, 5.5 ], "texture": "#feraligatr1" }
    }
},
{
    "from": [ 3.0625, 5.875, 3.4375 ],
    "to": [ 7.5625, 7.1875, 4.9375 ],
    "faces": {
        "down":  { "uv": [ 6.5, 4.5, 0, 0 ], "texture": "#feraligatr1" },
        "up":    { "uv": [ 0, 0, 6.5, 4.5 ], "texture": "#feraligatr1" },
        "north": { "uv": [ 0, 0, 6.5, 5.5 ], "texture": "#feraligatr1" },
        "south": { "uv": [ 0, 0, 6.5, 5.5 ], "texture": "#feraligatr1" },
        "west":  { "uv": [ 0, 0, 4.5, 5.5 ], "texture": "#feraligatr1" },
        "east":  { "uv": [ 0, 0, 4.5, 5.5 ], "texture": "#feraligatr1" }
    }
},
{
    "from": [ 1.5625, 5.75, -3.25 ],
    "to": [ 2.4375, 7.125, -0.1875 ],
    "rotation": { "origin": [ 1.5625, 7.125, -3.25 ], "axis": "z", "angle": -22.5 },
    "faces": {
        "down":  { "uv": [ 3, 1.5, 0.5, 0 ], "texture": "#feraligatr1" },
        "up":    { "uv": [ 1.5, 0, 4, 1.5 ], "texture": "#feraligatr1" },
        "north": { "uv": [ 0, 0, 2.5, 2 ], "texture": "#feraligatr1" },
        "south": { "uv": [ 2, 0, 4.5, 2 ], "texture": "#feraligatr1" },
        "west":  { "uv": [ 0, 0, 1.5, 2 ], "texture": "#feraligatr1" },
        "east":  { "uv": [ 0, 0, 1.5, 2 ], "texture": "#feraligatr1" }
    }
},
{
    "from": [ 1.625, 5.6875, -3.25 ],
    "to": [ 2.8125, 6.625, -0.1875 ],
    "faces": {
        "down":  { "uv": [ 3, 1.5, 0.5, 0 ], "texture": "#feraligatr1" },
        "up":    { "uv": [ 1.5, 0, 4, 1.5 ], "texture": "#feraligatr1" },
        "north": { "uv": [ 0, 0, 2.5, 2 ], "texture": "#feraligatr1" },
        "south": { "uv": [ 2, 0, 4.5, 2 ], "texture": "#feraligatr1" },
        "west":  { "uv": [ 0, 0, 1.5, 2 ], "texture": "#feraligatr1" },
        "east":  { "uv": [ 0, 0, 1.5, 2 ], "texture": "#feraligatr1" }
    }
},
{
    "from": [ 3.9375, 5.8125, -1.625 ],
    "to": [ 4.875, 7.25, -0.5625 ],
    "rotation": { "origin": [ 3.9375, 7.25, -1.625 ], "axis": "z", "angle": -22.5 },
    "faces": {
        "down":  { "uv": [ 3, 1.5, 0.5, 0 ], "texture": "#feraligatr1" },
        "up":    { "uv": [ 1.5, 0, 4, 1.5 ], "texture": "#feraligatr1" },
        "north": { "uv": [ 0, 0, 2.5, 2 ], "texture": "#feraligatr1" },
        "south": { "uv": [ 2, 0, 4.5, 2 ], "texture": "#feraligatr1" },
        "west":  { "uv": [ 0, 0, 1.5, 2 ], "texture": "#feraligatr1" },
        "east":  { "uv": [ 0, 0, 1.5, 2 ], "texture": "#feraligatr1" }
    }
},
{
    "from": [ 20.4375, 0.75, 5.6875 ],
    "to": [ 23.375, 2.5625, 8.75 ],
    "faces": {
        "down":  { "uv": [ 4, 5.5, 0, 0 ], "texture": "#feraligatr1" },
        "up":    { "uv": [ 0, 0, 4, 5.5 ], "texture": "#feraligatr1" },
        "north": { "uv": [ 0, 0, 4, 5.5 ], "texture": "#feraligatr1" },
        "south": { "uv": [ 0, 0, 4, 5.5 ], "texture": "#feraligatr1" },
        "west":  { "uv": [ 0, 0, 6.5, 5.5 ], "texture": "#feraligatr1" },
        "east":  { "uv": [ 0, 0, 6.5, 5.5 ], "texture": "#feraligatr1" }
    }
},
{
    "from": [ 3.0625, 6.23863, 14.875 ],
    "to": [ 9.625, 8.67613, 17.5625 ],
    "rotation": { "origin": [ 3.0625, 8.67613, 14.875 ], "axis": "z", "angle": 22.5 },
    "faces": {
        "down":  { "uv": [ 4, 5, 0, 0 ], "texture": "#feraligatr1" },
        "up":    { "uv": [ 0, 0, 4, 5 ], "texture": "#feraligatr1" },
        "north": { "uv": [ 0, 0, 4, 4 ], "texture": "#feraligatr1" },
        "south": { "uv": [ 0, 0, 4, 4 ], "texture": "#feraligatr1" },
        "west":  { "uv": [ 0, 0, 5, 4 ], "texture": "#feraligatr1" },
        "east":  { "uv": [ 0, 0, 5, 4 ], "texture": "#feraligatr1" }
    }
},
{
    "from": [ 1.18594, 5.25, -3.1875 ],
    "to": [ 1.81094, 6.0625, -2.5625 ],
    "rotation": { "origin": [ 1.18594, 6.0625, -3.1875 ], "axis": "z", "angle": -22.5 },
    "faces": {
        "down":  { "uv": [ 14, 6, 12.9375, 5.5 ], "texture": "#feraligatr1" },
        "up":    { "uv": [ 12.5, 5.5, 13.5625, 6 ], "texture": "#feraligatr1" },
        "north": { "uv": [ 13, 5.5, 14.0625, 6.3125 ], "texture": "#feraligatr1" },
        "south": { "uv": [ 13, 5, 14.0625, 5.8125 ], "texture": "#feraligatr1" },
        "west":  { "uv": [ 13.5, 5.5, 14, 6.3125 ], "texture": "#feraligatr1" },
        "east":  { "uv": [ 13, 5.5, 13.5, 6.3125 ], "texture": "#feraligatr1" }
    }
},
{
    "from": [ 0.5, 4.5625, -2.5 ],
    "to": [ 1.5625, 5.375, -1.875 ],
    "rotation": { "origin": [ 0.5, 5.375, -2.5 ], "axis": "z", "angle": 45 },
    "faces": {
        "down":  { "uv": [ 14, 6, 12.9375, 5.5 ], "texture": "#feraligatr1" },
        "up":    { "uv": [ 12.5, 5.5, 13.5625, 6 ], "texture": "#feraligatr1" },
        "north": { "uv": [ 13, 5.5, 14.0625, 6.3125 ], "texture": "#feraligatr1" },
        "south": { "uv": [ 13, 5, 14.0625, 5.8125 ], "texture": "#feraligatr1" },
        "west":  { "uv": [ 13.5, 5.5, 14, 6.3125 ], "texture": "#feraligatr1" },
        "east":  { "uv": [ 13, 5.5, 13.5, 6.3125 ], "texture": "#feraligatr1" }
    }
},
{
    "from": [ 0.5, 4.6237, -1.75 ],
    "to": [ 1.5625, 5.4362, -1.125 ],
    "rotation": { "origin": [ 0.5, 5.4362, -1.75 ], "axis": "z", "angle": 45 },
    "faces": {
        "down":  { "uv": [ 14, 6, 12.9375, 5.5 ], "texture": "#feraligatr1" },
        "up":    { "uv": [ 12.5, 5.5, 13.5625, 6 ], "texture": "#feraligatr1" },
        "north": { "uv": [ 13, 5.5, 14.0625, 6.3125 ], "texture": "#feraligatr1" },
        "south": { "uv": [ 13, 5, 14.0625, 5.8125 ], "texture": "#feraligatr1" },
        "west":  { "uv": [ 13.5, 5.5, 14, 6.3125 ], "texture": "#feraligatr1" },
        "east":  { "uv": [ 13, 5.5, 13.5, 6.3125 ], "texture": "#feraligatr1" }
    }
},
{
    "from": [ 0.5, 4.6237, -0.9375 ],
    "to": [ 1.5625, 5.4362, -0.3125 ],
    "rotation": { "origin": [ 0.5, 5.4362, -0.9375 ], "axis": "z", "angle": 45 },
    "faces": {
        "down":  { "uv": [ 14, 6, 12.9375, 5.5 ], "texture": "#feraligatr1" },
        "up":    { "uv": [ 12.5, 5.5, 13.5625, 6 ], "texture": "#feraligatr1" },
        "north": { "uv": [ 13, 5.5, 14.0625, 6.3125 ], "texture": "#feraligatr1" },
        "south": { "uv": [ 13, 5, 14.0625, 5.8125 ], "texture": "#feraligatr1" },
        "west":  { "uv": [ 13.5, 5.5, 14, 6.3125 ], "texture": "#feraligatr1" },
        "east":  { "uv": [ 13, 5.5, 13.5, 6.3125 ], "texture": "#feraligatr1" }
    }
},
{
    "from": [ 3.625, 5.1875, -1.375 ],
    "to": [ 4.25, 6, -0.75 ],
    "rotation": { "origin": [ 3.625, 6, -1.375 ], "axis": "z", "angle": -22.5 },
    "faces": {
        "down":  { "uv": [ 14, 6, 12.9375, 5.5 ], "texture": "#feraligatr1" },
        "up":    { "uv": [ 12.5, 5.5, 13.5625, 6 ], "texture": "#feraligatr1" },
        "north": { "uv": [ 13, 5.5, 14.0625, 6.3125 ], "texture": "#feraligatr1" },
        "south": { "uv": [ 13, 5, 14.0625, 5.8125 ], "texture": "#feraligatr1" },
        "west":  { "uv": [ 13.5, 5.5, 14, 6.3125 ], "texture": "#feraligatr1" },
        "east":  { "uv": [ 13, 5.5, 13.5, 6.3125 ], "texture": "#feraligatr1" }
    }
},
{
    "from": [ 5.3125, 8.875, 15.25 ],
    "to": [ 6.4375, 9.875, 17.1875 ],
    "rotation": { "origin": [ 5.3125, 9.875, 15.25 ], "axis": "z", "angle": 22.5 },
    "faces": {
        "down":  { "uv": [ 4.5, 2.5, 2, 1 ], "texture": "#feraligatr1" },
        "up":    { "uv": [ 2, 2.5, 4.5, 4 ], "texture": "#feraligatr1" },
        "north": { "uv": [ 1.5, 0, 4, 1 ], "texture": "#feraligatr1" },
        "south": { "uv": [ 3, 2, 5.5, 3 ], "texture": "#feraligatr1" },
        "west":  { "uv": [ 2.5, 3, 4, 4 ], "texture": "#feraligatr1" },
        "east":  { "uv": [ 2.5, 2.5, 4, 3.5 ], "texture": "#feraligatr1" }
    }
},
{
    "from": [ 3.4375, 8.1875, 15.25 ],
    "to": [ 4.5625, 9.1875, 17.1875 ],
    "rotation": { "origin": [ 3.4375, 9.1875, 15.25 ], "axis": "z", "angle": 22.5 },
    "faces": {
        "down":  { "uv": [ 4.5, 2.5, 2, 1 ], "texture": "#feraligatr1" },
        "up":    { "uv": [ 2, 2.5, 4.5, 4 ], "texture": "#feraligatr1" },
        "north": { "uv": [ 1.5, 0, 4, 1 ], "texture": "#feraligatr1" },
        "south": { "uv": [ 3, 2, 5.5, 3 ], "texture": "#feraligatr1" },
        "west":  { "uv": [ 2.5, 3, 4, 4 ], "texture": "#feraligatr1" },
        "east":  { "uv": [ 2.5, 2.5, 4, 3.5 ], "texture": "#feraligatr1" }
    }
},
{
    "from": [ 5.3125, 8.882, -2.6875 ],
    "to": [ 6.4375, 9.882, -0.75 ],
    "rotation": { "origin": [ 5.3125, 9.882, -2.6875 ], "axis": "z", "angle": 22.5 },
    "faces": {
        "down":  { "uv": [ 4.5, 2.5, 2, 1 ], "texture": "#feraligatr1" },
        "up":    { "uv": [ 2, 2.5, 4.5, 4 ], "texture": "#feraligatr1" },
        "north": { "uv": [ 1.5, 0, 4, 1 ], "texture": "#feraligatr1" },
        "south": { "uv": [ 3, 2, 5.5, 3 ], "texture": "#feraligatr1" },
        "west":  { "uv": [ 2.5, 3, 4, 4 ], "texture": "#feraligatr1" },
        "east":  { "uv": [ 2.5, 2.5, 4, 3.5 ], "texture": "#feraligatr1" }
    }
},
{
    "from": [ 3.4375, 8.1945, -2.6875 ],
    "to": [ 4.5625, 9.1945, -0.75 ],
    "rotation": { "origin": [ 3.4375, 9.1945, -2.6875 ], "axis": "z", "angle": 22.5 },
    "faces": {
        "down":  { "uv": [ 4.5, 2.5, 2, 1 ], "texture": "#feraligatr1" },
        "up":    { "uv": [ 2, 2.5, 4.5, 4 ], "texture": "#feraligatr1" },
        "north": { "uv": [ 1.5, 0, 4, 1 ], "texture": "#feraligatr1" },
        "south": { "uv": [ 3, 2, 5.5, 3 ], "texture": "#feraligatr1" },
        "west":  { "uv": [ 2.5, 3, 4, 4 ], "texture": "#feraligatr1" },
        "east":  { "uv": [ 2.5, 2.5, 4, 3.5 ], "texture": "#feraligatr1" }
    }
},
{
    "from": [ 1.125, 17.75, 3.8125 ],
    "to": [ 2.0625, 18.6875, 5.0625 ],
    "rotation": { "origin": [ 1.125, 18.6875, 3.8125 ], "axis": "z", "angle": 45 },
    "faces": {
        "down":  { "uv": [ 0, 4.5, 1, 5.5 ], "texture": "#feraligatr1" },
        "up":    { "uv": [ 0, 4, 1, 5 ], "texture": "#feraligatr1" },
        "north": { "uv": [ 0, 4, 1, 5 ], "texture": "#feraligatr1" },
        "south": { "uv": [ 0.5, 4, 1.5, 5 ], "texture": "#feraligatr1" },
        "west":  { "uv": [ 0, 4, 1, 5 ], "texture": "#feraligatr1" },
        "east":  { "uv": [ 0.5, 4, 1.5, 5 ], "texture": "#feraligatr1" }
    }
},
{
    "from": [ 1.8125, 18.3125, 3.75 ],
    "to": [ 3.1875, 19.5, 5.125 ],
    "faces": {
        "down":  { "uv": [ 0, 4.5, 1, 5.5 ], "texture": "#feraligatr1" },
        "up":    { "uv": [ 0, 4, 1, 5 ], "texture": "#feraligatr1" },
        "north": { "uv": [ 0, 4, 1, 5 ], "texture": "#feraligatr1" },
        "south": { "uv": [ 0.5, 4, 1.5, 5 ], "texture": "#feraligatr1" },
        "west":  { "uv": [ 0, 4, 1, 5 ], "texture": "#feraligatr1" },
        "east":  { "uv": [ 0.5, 4, 1.5, 5 ], "texture": "#feraligatr1" }
    }
},
{
    "from": [ 5.0625, 10, 3.875 ],
    "to": [ 9.625, 14, 6.4375 ],
    "rotation": { "origin": [ 5.0625, 10, 3.875 ], "axis": "y", "angle": 22.5 },
    "faces": {
        "down":  { "uv": [ 6, 3.5, 0, 0 ], "texture": "#feraligatr1" },
        "up":    { "uv": [ 0, 0, 6, 3.5 ], "texture": "#feraligatr1" },
        "north": { "uv": [ 0, 0, 6, 4 ], "texture": "#feraligatr1" },
        "south": { "uv": [ 0, 0, 6, 4 ], "texture": "#feraligatr1" },
        "west":  { "uv": [ 1, 0, 4.5, 4 ], "texture": "#feraligatr1" },
        "east":  { "uv": [ 2.5, 0, 6, 4 ], "texture": "#feraligatr1" }
    }
}
],
"display": {
		"thirdperson_righthand": {
			"rotation":  [ 70, -90, 0 ],
			"translation":  [ -7, -7.649, 0.6963 ],
			"scale":  [ 1.2, 1.4, 1.2 ]
		},
		"thirdperson_lefthand": {
			"rotation":  [ 70, 90, 0 ],
			"translation":  [ -5.1, -7.649, 0.6963 ],
			"scale":  [ 1.2, 1.4, 1.2 ]
		},
		"head": {
			"rotation":  [ 0, -90, 0 ],
			"translation":  [ -1.35, -28.25, 2.46 ],
			"scale":  [ 1.9, 2.35, 1.9 ]
		},
		"firstperson_righthand": {
			"scale":  [ 0, 0, 0 ]
		},
		"firstperson_lefthand": {
			"scale":  [ 0, 0, 0 ]
		},
		"gui": {
			"scale":  [ 0, 0, 0 ]
		},
		"ground": {
			"scale":  [ 0, 0, 0 ]
		}
}
}