{
"__comment": "Designed by Samasaurus6 with BDcraft Cubik PRO 0.96 Beta - http://bdcraft.net",
"elements": [ 
{
    "from": [ 8, 4, 6 ],
    "to": [ 13, 9, 11 ],
    "faces": {
        "down":  { "uv": [ 0, 1, 5, 6 ], "texture": "#flaaffy" },
        "up":    { "uv": [ 0, 0, 5, 5 ], "texture": "#flaaffy" },
        "north": { "uv": [ 0, 3.5, 5, 8.5 ], "texture": "#flaaffy" },
        "south": { "uv": [ 0, 1, 5, 6 ], "texture": "#flaaffy" },
        "west":  { "uv": [ 0, 1.5, 5, 6.5 ], "texture": "#flaaffy" },
        "east":  { "uv": [ 0, 1, 5, 6 ], "texture": "#flaaffy" }
    }
},
{
    "from": [ 6, 3.5, 5 ],
    "to": [ 12.5, 10.5, 12 ],
    "faces": {
        "down":  { "uv": [ 0, 0, 6.5, 7 ], "texture": "#flaaffy" },
        "up":    { "uv": [ 0, 0, 6.5, 7 ], "texture": "#flaaffy" },
        "north": { "uv": [ 0, 0, 6.5, 7 ], "texture": "#flaaffy" },
        "south": { "uv": [ 0, 0, 6.5, 7 ], "texture": "#flaaffy" },
        "west":  { "uv": [ 0, 0, 7, 7 ], "texture": "#flaaffy" },
        "east":  { "uv": [ 0, 0, 7, 7 ], "texture": "#flaaffy" }
    }
},
{
    "from": [ 6.5, 4, 4.5 ],
    "to": [ 12, 9.5, 12.5 ],
    "faces": {
        "down":  { "uv": [ 0, 0, 5.5, 8 ], "texture": "#flaaffy" },
        "up":    { "uv": [ 0, 0, 5.5, 8 ], "texture": "#flaaffy" },
        "north": { "uv": [ 0, 0, 5.5, 5.5 ], "texture": "#flaaffy" },
        "south": { "uv": [ 0, 0, 5.5, 5.5 ], "texture": "#flaaffy" },
        "west":  { "uv": [ 0, 1.5, 8, 7 ], "texture": "#flaaffy" },
        "east":  { "uv": [ 0, 0, 8, 5.5 ], "texture": "#flaaffy" }
    }
},
{
    "from": [ 7, 2, 11 ],
    "to": [ 11, 6, 14 ],
    "faces": {
        "down":  { "uv": [ 0, 0, 4, 3 ], "texture": "#flaaffy" },
        "up":    { "uv": [ 0, 3.5, 4, 6.5 ], "texture": "#flaaffy" },
        "north": { "uv": [ 1, 1.5, 5, 5.5 ], "texture": "#flaaffy" },
        "south": { "uv": [ 0, 0, 4, 4 ], "texture": "#flaaffy" },
        "west":  { "uv": [ 1.5, 0.5, 4.5, 4.5 ], "texture": "#flaaffy" },
        "east":  { "uv": [ 1.5, 0, 4.5, 4 ], "texture": "#flaaffy" }
    }
},
{
    "from": [ 7, 2, 3 ],
    "to": [ 11, 6, 6 ],
    "faces": {
        "down":  { "uv": [ 1.5, 0.5, 5.5, 3.5 ], "texture": "#flaaffy" },
        "up":    { "uv": [ 1.5, 1, 5.5, 4 ], "texture": "#flaaffy" },
        "north": { "uv": [ 2, 3.5, 6, 7.5 ], "texture": "#flaaffy" },
        "south": { "uv": [ 2.5, 3, 6.5, 7 ], "texture": "#flaaffy" },
        "west":  { "uv": [ 1.5, 3, 4.5, 7 ], "texture": "#flaaffy" },
        "east":  { "uv": [ 1.5, 3, 4.5, 7 ], "texture": "#flaaffy" }
    }
},
{
    "from": [ 6.25, 10.5, 6 ],
    "to": [ 12.25, 13, 11 ],
    "faces": {
        "down":  { "uv": [ 1.5, 3, 7.5, 8 ], "texture": "#flaaffy" },
        "up":    { "uv": [ 1, 0.5, 7, 5.5 ], "texture": "#flaaffy" },
        "north": { "uv": [ 0, 2, 6, 4.5 ], "texture": "#flaaffy" },
        "south": { "uv": [ 0, 3.5, 6, 6 ], "texture": "#flaaffy" },
        "west":  { "uv": [ 0, 1.5, 5, 4 ], "texture": "#flaaffy" },
        "east":  { "uv": [ 0, 3.5, 5, 6 ], "texture": "#flaaffy" }
    }
},
{
    "from": [ 6.5, 10.5, 5.5 ],
    "to": [ 12, 13, 11.5 ],
    "faces": {
        "down":  { "uv": [ 0, 0, 5.5, 6 ], "texture": "#flaaffy" },
        "up":    { "uv": [ 0, 0, 5.5, 6 ], "texture": "#flaaffy" },
        "north": { "uv": [ 0.5, 3, 6, 5.5 ], "texture": "#flaaffy" },
        "south": { "uv": [ 0, 2, 5.5, 4.5 ], "texture": "#flaaffy" },
        "west":  { "uv": [ 0.5, 5, 6.5, 7.5 ], "texture": "#flaaffy" },
        "east":  { "uv": [ 0, 2.5, 6, 5 ], "texture": "#flaaffy" }
    }
},
{
    "from": [ 8, 1, 11.5 ],
    "to": [ 10.5, 2, 13.5 ],
    "faces": {
        "down":  { "uv": [ 4.5, 7, 7, 9 ], "texture": "#flaaffy" },
        "up":    { "uv": [ 4.5, 7, 7, 9 ], "texture": "#flaaffy" },
        "north": { "uv": [ 1.5, 6.5, 4, 7.5 ], "texture": "#flaaffy" },
        "south": { "uv": [ 1.5, 6.5, 4, 7.5 ], "texture": "#flaaffy" },
        "west":  { "uv": [ 3, 7.5, 5, 8.5 ], "texture": "#flaaffy" },
        "east":  { "uv": [ 3, 7.5, 5, 8.5 ], "texture": "#flaaffy" }
    }
},
{
    "from": [ 8, 1, 3.5 ],
    "to": [ 10.5, 2, 5.5 ],
    "faces": {
        "down":  { "uv": [ 1, 3.5, 3.5, 5.5 ], "texture": "#flaaffy" },
        "up":    { "uv": [ 1, 3.5, 3.5, 5.5 ], "texture": "#flaaffy" },
        "north": { "uv": [ 1, 6.5, 3.5, 7.5 ], "texture": "#flaaffy" },
        "south": { "uv": [ 1, 6.5, 3.5, 7.5 ], "texture": "#flaaffy" },
        "west":  { "uv": [ 2.5, 6.5, 4.5, 7.5 ], "texture": "#flaaffy" },
        "east":  { "uv": [ 2.5, 6.5, 4.5, 7.5 ], "texture": "#flaaffy" }
    }
},
{
    "from": [ 7, 0, 11.5 ],
    "to": [ 10, 1, 13.5 ],
    "faces": {
        "down":  { "uv": [ 2.5, 3.5, 5.5, 5.5 ], "texture": "#flaaffy" },
        "up":    { "uv": [ 1, 0.5, 4, 2.5 ], "texture": "#flaaffy" },
        "north": { "uv": [ 3, 6.5, 6, 7.5 ], "texture": "#flaaffy" },
        "south": { "uv": [ 3, 5.5, 6, 6.5 ], "texture": "#flaaffy" },
        "west":  { "uv": [ 1.5, 6.5, 3.5, 7.5 ], "texture": "#flaaffy" },
        "east":  { "uv": [ 3.5, 7, 5.5, 8 ], "texture": "#flaaffy" }
    }
},
{
    "from": [ 7, 0, 3.5 ],
    "to": [ 10, 1, 5.5 ],
    "faces": {
        "down":  { "uv": [ 2, 3, 5, 5 ], "texture": "#flaaffy" },
        "up":    { "uv": [ 0, 3, 3, 5 ], "texture": "#flaaffy" },
        "north": { "uv": [ 1.5, 6.5, 4.5, 7.5 ], "texture": "#flaaffy" },
        "south": { "uv": [ 2.5, 3, 5.5, 4 ], "texture": "#flaaffy" },
        "west":  { "uv": [ 1, 3.5, 3, 4.5 ], "texture": "#flaaffy" },
        "east":  { "uv": [ 3, 5, 5, 6 ], "texture": "#flaaffy" }
    }
},
{
    "from": [ 11.5, 3.5, 6.5 ],
    "to": [ 14.5, 7.5, 10.5 ],
    "rotation": { "origin": [ 11.5, 7.5, 6.5 ], "axis": "z", "angle": -22.5 },
    "faces": {
        "down":  { "uv": [ 0, 10, 1, 13 ], "texture": "#flaaffy" },
        "up":    { "uv": [ 0, 10, 1, 13 ], "texture": "#flaaffy" },
        "north": { "uv": [ 0, 10, 1, 13 ], "texture": "#flaaffy" },
        "south": { "uv": [ 0, 10, 1, 13 ], "texture": "#flaaffy" },
        "west":  { "uv": [ 0, 10, 1, 13 ], "texture": "#flaaffy" },
        "east":  { "uv": [ 0, 10, 1, 13 ], "texture": "#flaaffy" }
    }
},
{
    "from": [ 8, 6, 12.5 ],
    "to": [ 10.5, 7, 13.5 ],
    "faces": {
        "down":  { "uv": [ 3, 6.5, 5.5, 7.5 ], "texture": "#flaaffy" },
        "up":    { "uv": [ 3, 6.5, 5.5, 7.5 ], "texture": "#flaaffy" },
        "north": { "uv": [ 0, 5.5, 2.5, 6.5 ], "texture": "#flaaffy" },
        "south": { "uv": [ 0, 5.5, 2.5, 6.5 ], "texture": "#flaaffy" },
        "west":  { "uv": [ 2.5, 6.5, 3.5, 7.5 ], "texture": "#flaaffy" },
        "east":  { "uv": [ 2.5, 6.5, 3.5, 7.5 ], "texture": "#flaaffy" }
    }
},
{
    "from": [ 8, 6, 3.5 ],
    "to": [ 10.5, 7, 4.5 ],
    "faces": {
        "down":  { "uv": [ 4.5, 2.5, 7, 3.5 ], "texture": "#flaaffy" },
        "up":    { "uv": [ 4.5, 2.5, 7, 3.5 ], "texture": "#flaaffy" },
        "north": { "uv": [ 2.5, 5.5, 5, 6.5 ], "texture": "#flaaffy" },
        "south": { "uv": [ 2.5, 5.5, 5, 6.5 ], "texture": "#flaaffy" },
        "west":  { "uv": [ 3.5, 9, 4.5, 10 ], "texture": "#flaaffy" },
        "east":  { "uv": [ 3.5, 9, 4.5, 10 ], "texture": "#flaaffy" }
    }
},
{
    "from": [ 5.5, 4, 6 ],
    "to": [ 10, 9, 11 ],
    "faces": {
        "down":  { "uv": [ 1.5, 1, 6, 6 ], "texture": "#flaaffy" },
        "up":    { "uv": [ 0.5, 0, 5, 5 ], "texture": "#flaaffy" },
        "north": { "uv": [ 0, 2, 4.5, 7 ], "texture": "#flaaffy" },
        "south": { "uv": [ 0.5, 0.5, 5, 5.5 ], "texture": "#flaaffy" },
        "west":  { "uv": [ 1, 1, 6, 6 ], "texture": "#flaaffy" },
        "east":  { "uv": [ 0, 0.5, 5, 5.5 ], "texture": "#flaaffy" }
    }
},
{
    "from": [ 6, 0, 11.875 ],
    "to": [ 7, 0.6875, 13.125 ],
    "faces": {
        "down":  { "uv": [ 5, 14, 6, 15.25 ], "texture": "#flaaffy" },
        "up":    { "uv": [ 5, 14, 6, 15.25 ], "texture": "#flaaffy" },
        "north": { "uv": [ 6, 15.3125, 7, 16 ], "texture": "#flaaffy" },
        "south": { "uv": [ 6, 15.3125, 7, 16 ], "texture": "#flaaffy" },
        "west":  { "uv": [ 2.5, 14, 3.75, 14.6875 ], "texture": "#flaaffy" },
        "east":  { "uv": [ 2.5, 14, 3.75, 14.6875 ], "texture": "#flaaffy" }
    }
},
{
    "from": [ 6, 0, 3.875 ],
    "to": [ 7, 0.6875, 5.125 ],
    "faces": {
        "down":  { "uv": [ 5, 14, 6, 15.25 ], "texture": "#flaaffy" },
        "up":    { "uv": [ 5, 14, 6, 15.25 ], "texture": "#flaaffy" },
        "north": { "uv": [ 6, 15.3125, 7, 16 ], "texture": "#flaaffy" },
        "south": { "uv": [ 6, 15.3125, 7, 16 ], "texture": "#flaaffy" },
        "west":  { "uv": [ 3.875, 15.3125, 5.125, 16 ], "texture": "#flaaffy" },
        "east":  { "uv": [ 3.875, 15.3125, 5.125, 16 ], "texture": "#flaaffy" }
    }
},
{
    "from": [ 8.3125, 6.5, 11.5 ],
    "to": [ 9.8125, 11, 13 ],
    "rotation": { "origin": [ 8.3125, 11, 11.5 ], "axis": "x", "angle": -45 },
    "faces": {
        "down":  { "uv": [ 1, 7, 2.5, 8.5 ], "texture": "#flaaffy" },
        "up":    { "uv": [ 1, 7, 2.5, 8.5 ], "texture": "#flaaffy" },
        "north": { "uv": [ 0, 2.5, 1.5, 7 ], "texture": "#flaaffy" },
        "south": { "uv": [ 0, 2.5, 1.5, 7 ], "texture": "#flaaffy" },
        "west":  { "uv": [ 3.5, 3.5, 5, 8 ], "texture": "#flaaffy" },
        "east":  { "uv": [ 3.5, 3.5, 5, 8 ], "texture": "#flaaffy" }
    }
},
{
    "from": [ 5.9375, 11.5, 4.5 ],
    "to": [ 12.4375, 14.5, 12.5 ],
    "faces": {
        "down":  { "uv": [ 9, 5, 15, 11.5 ], "texture": "#flaaffy" },
        "up":    { "uv": [ 9, 5, 15, 11.5 ], "texture": "#flaaffy" },
        "north": { "uv": [ 9, 5.5, 15.5, 8.5 ], "texture": "#flaaffy" },
        "south": { "uv": [ 9.5, 5, 16, 8 ], "texture": "#flaaffy" },
        "west":  { "uv": [ 8, 6, 16, 9 ], "texture": "#flaaffy" },
        "east":  { "uv": [ 8, 6, 16, 9 ], "texture": "#flaaffy" }
    }
},
{
    "from": [ 6.6875, 12, 4 ],
    "to": [ 11.6875, 14, 13 ],
    "faces": {
        "down":  { "uv": [ 8, 5, 12.5, 11 ], "texture": "#flaaffy" },
        "up":    { "uv": [ 8, 5, 12.5, 11 ], "texture": "#flaaffy" },
        "north": { "uv": [ 10.5, 9, 15.5, 11 ], "texture": "#flaaffy" },
        "south": { "uv": [ 9, 7.5, 14, 9.5 ], "texture": "#flaaffy" },
        "west":  { "uv": [ 8, 9, 16, 10.5 ], "texture": "#flaaffy" },
        "east":  { "uv": [ 8, 9, 16, 10.5 ], "texture": "#flaaffy" }
    }
},
{
    "from": [ 5.375, 12, 5 ],
    "to": [ 12.875, 14, 12 ],
    "faces": {
        "down":  { "uv": [ 8.5, 4.5, 16, 11.5 ], "texture": "#flaaffy" },
        "up":    { "uv": [ 8.5, 4.5, 16, 11.5 ], "texture": "#flaaffy" },
        "north": { "uv": [ 8.5, 6.5, 16, 8.5 ], "texture": "#flaaffy" },
        "south": { "uv": [ 8.5, 6.5, 16, 8.5 ], "texture": "#flaaffy" },
        "west":  { "uv": [ 8.5, 6.5, 15.5, 8.5 ], "texture": "#flaaffy" },
        "east":  { "uv": [ 9, 7, 16, 9 ], "texture": "#flaaffy" }
    }
},
{
    "from": [ 8, 10.5, 11 ],
    "to": [ 10, 13, 13 ],
    "rotation": { "origin": [ 8, 13, 11 ], "axis": "x", "angle": 22.5 },
    "faces": {
        "down":  { "uv": [ 3.5, 5, 5.5, 7 ], "texture": "#flaaffy" },
        "up":    { "uv": [ 3.5, 5, 5.5, 7 ], "texture": "#flaaffy" },
        "north": { "uv": [ 0, 1, 2, 3.5 ], "texture": "#flaaffy" },
        "south": { "uv": [ 0, 1, 2, 3.5 ], "texture": "#flaaffy" },
        "west":  { "uv": [ 0, 0.5, 2, 3 ], "texture": "#flaaffy" },
        "east":  { "uv": [ 0, 0.5, 2, 3 ], "texture": "#flaaffy" }
    }
},
{
    "from": [ 8, 9.75, 4.1875 ],
    "to": [ 10, 12.25, 6.1875 ],
    "rotation": { "origin": [ 8, 12.25, 4.1875 ], "axis": "x", "angle": -22.5 },
    "faces": {
        "down":  { "uv": [ 3.5, 2.5, 5.5, 4.5 ], "texture": "#flaaffy" },
        "up":    { "uv": [ 3.5, 2.5, 5.5, 4.5 ], "texture": "#flaaffy" },
        "north": { "uv": [ 4.5, 3.5, 6.5, 6 ], "texture": "#flaaffy" },
        "south": { "uv": [ 4.5, 3.5, 6.5, 6 ], "texture": "#flaaffy" },
        "west":  { "uv": [ 4.1875, 3.75, 6.1875, 6.25 ], "texture": "#flaaffy" },
        "east":  { "uv": [ 4.1875, 3.75, 6.1875, 6.25 ], "texture": "#flaaffy" }
    }
},
{
    "from": [ 8.3125, 7.5, 4.4375 ],
    "to": [ 9.8125, 12, 5.9375 ],
    "rotation": { "origin": [ 8.3125, 12, 4.4375 ], "axis": "x", "angle": 45 },
    "faces": {
        "down":  { "uv": [ 4.5, 3, 6, 4.5 ], "texture": "#flaaffy" },
        "up":    { "uv": [ 5, 4, 6.5, 5.5 ], "texture": "#flaaffy" },
        "north": { "uv": [ 0, 3, 1.5, 7.5 ], "texture": "#flaaffy" },
        "south": { "uv": [ 4.5, 2.5, 6, 7 ], "texture": "#flaaffy" },
        "west":  { "uv": [ 4.4375, 4, 5.9375, 8.5 ], "texture": "#flaaffy" },
        "east":  { "uv": [ 4.4375, 4, 5.9375, 8.5 ], "texture": "#flaaffy" }
    }
},
{
    "from": [ 5, 11, 7 ],
    "to": [ 13.5, 15, 10 ],
    "faces": {
        "down":  { "uv": [ 8, 6.5, 16, 9.5 ], "texture": "#flaaffy" },
        "up":    { "uv": [ 8, 6.5, 16, 9.5 ], "texture": "#flaaffy" },
        "north": { "uv": [ 8, 5.5, 16, 9.5 ], "texture": "#flaaffy" },
        "south": { "uv": [ 8, 5.5, 16, 9.5 ], "texture": "#flaaffy" },
        "west":  { "uv": [ 10, 6, 13, 10 ], "texture": "#flaaffy" },
        "east":  { "uv": [ 10, 6, 13, 10 ], "texture": "#flaaffy" }
    }
},
{
    "from": [ 4.5, 11.5, 7.5 ],
    "to": [ 14, 14.5, 9.5 ],
    "faces": {
        "down":  { "uv": [ 8, 7.5, 16, 9.5 ], "texture": "#flaaffy" },
        "up":    { "uv": [ 8, 7.5, 16, 9.5 ], "texture": "#flaaffy" },
        "north": { "uv": [ 8.5, 5.5, 16, 8 ], "texture": "#flaaffy" },
        "south": { "uv": [ 8.5, 5.5, 16, 8 ], "texture": "#flaaffy" },
        "west":  { "uv": [ 10.5, 8, 12.5, 11 ], "texture": "#flaaffy" },
        "east":  { "uv": [ 9.5, 6.5, 11.5, 9.5 ], "texture": "#flaaffy" }
    }
},
{
    "from": [ 6, 14, 6.5 ],
    "to": [ 10, 18.5, 10.5 ],
    "rotation": { "origin": [ 6, 18.5, 6.5 ], "axis": "z", "angle": -22.5 },
    "faces": {
        "down":  { "uv": [ 1.5, 2, 5.5, 6 ], "texture": "#flaaffy" },
        "up":    { "uv": [ 2.5, 3, 6.5, 7 ], "texture": "#flaaffy" },
        "north": { "uv": [ 0, 0, 4, 4.5 ], "texture": "#flaaffy" },
        "south": { "uv": [ 0, 1, 4, 5.5 ], "texture": "#flaaffy" },
        "west":  { "uv": [ 2.5, 0, 6.5, 4.5 ], "texture": "#flaaffy" },
        "east":  { "uv": [ 3, 2.5, 7, 7 ], "texture": "#flaaffy" }
    }
},
{
    "from": [ 6, 13.5, 6.75 ],
    "to": [ 9.5, 18, 10.25 ],
    "rotation": { "origin": [ 6, 18, 6.75 ], "axis": "z", "angle": -22.5 },
    "faces": {
        "down":  { "uv": [ 0, 1, 3.5, 4.5 ], "texture": "#flaaffy" },
        "up":    { "uv": [ 0, 1, 3.5, 4.5 ], "texture": "#flaaffy" },
        "north": { "uv": [ 3, 2, 6.5, 6.5 ], "texture": "#flaaffy" },
        "south": { "uv": [ 3, 2, 6.5, 6.5 ], "texture": "#flaaffy" },
        "west":  { "uv": [ 2, 1, 5.5, 5.5 ], "texture": "#flaaffy" },
        "east":  { "uv": [ 2, 1, 5.5, 5.5 ], "texture": "#flaaffy" }
    }
},
{
    "__comment": "Horns",
    "from": [ 6.5, 15.5, 10.5 ],
    "to": [ 9, 18, 12 ],
    "faces": {
        "down":  { "uv": [ 0, 10, 2, 13 ], "rotation": 270, "texture": "#flaaffy" },
        "up":    { "uv": [ 0, 10, 2, 13 ], "rotation": 90, "texture": "#flaaffy" },
        "north": { "uv": [ 0, 10, 1, 13 ], "texture": "#flaaffy" },
        "south": { "uv": [ 1, 10, 2, 13 ], "texture": "#flaaffy" },
        "west":  { "uv": [ 0, 10, 2, 13 ], "texture": "#flaaffy" },
        "east":  { "uv": [ 0, 10, 2, 13 ], "rotation": 180, "texture": "#flaaffy" }
    }
},
{
    "__comment": "Horns",
    "from": [ 6.5, 15.5, 5 ],
    "to": [ 9, 18, 6.5 ],
    "faces": {
        "down":  { "uv": [ 0, 10, 2, 13 ], "rotation": 90, "texture": "#flaaffy" },
        "up":    { "uv": [ 0, 10, 2, 13 ], "rotation": 270, "texture": "#flaaffy" },
        "north": { "uv": [ 1, 10, 2, 13 ], "texture": "#flaaffy" },
        "south": { "uv": [ 0, 10, 1, 13 ], "texture": "#flaaffy" },
        "west":  { "uv": [ 0, 10, 2, 13 ], "rotation": 180, "texture": "#flaaffy" },
        "east":  { "uv": [ 0, 10, 2, 13 ], "texture": "#flaaffy" }
    }
},
{
    "__comment": "Horns",
    "from": [ 6.75, 15.75, 12 ],
    "to": [ 8.75, 17.75, 13 ],
    "faces": {
        "down":  { "uv": [ 0, 10, 1, 13 ], "texture": "#flaaffy" },
        "up":    { "uv": [ 0, 10, 1, 13 ], "texture": "#flaaffy" },
        "north": { "uv": [ 0, 10, 1, 13 ], "texture": "#flaaffy" },
        "south": { "uv": [ 0, 10, 1, 13 ], "texture": "#flaaffy" },
        "west":  { "uv": [ 0, 10, 1, 13 ], "texture": "#flaaffy" },
        "east":  { "uv": [ 0, 10, 1, 13 ], "texture": "#flaaffy" }
    }
},
{
    "__comment": "Horns",
    "from": [ 6.75, 15.75, 4 ],
    "to": [ 8.75, 17.75, 5 ],
    "faces": {
        "down":  { "uv": [ 0, 10, 1, 13 ], "texture": "#flaaffy" },
        "up":    { "uv": [ 0, 10, 1, 13 ], "texture": "#flaaffy" },
        "north": { "uv": [ 0, 10, 1, 13 ], "texture": "#flaaffy" },
        "south": { "uv": [ 0, 10, 1, 13 ], "texture": "#flaaffy" },
        "west":  { "uv": [ 0, 10, 1, 13 ], "texture": "#flaaffy" },
        "east":  { "uv": [ 0, 10, 1, 13 ], "texture": "#flaaffy" }
    }
},
{
    "from": [ 7, 14.5, 6 ],
    "to": [ 11.5, 19, 11 ],
    "faces": {
        "down":  { "uv": [ 9.5, 5.5, 14, 10.5 ], "texture": "#flaaffy" },
        "up":    { "uv": [ 10, 6.5, 14.5, 11.5 ], "texture": "#flaaffy" },
        "north": { "uv": [ 11.5, 5.5, 16, 10 ], "texture": "#flaaffy" },
        "south": { "uv": [ 10.5, 5.5, 15, 10 ], "texture": "#flaaffy" },
        "west":  { "uv": [ 8.5, 7, 13.5, 11.5 ], "texture": "#flaaffy" },
        "east":  { "uv": [ 8, 6, 13, 10.5 ], "texture": "#flaaffy" }
    }
},
{
    "from": [ 11.5, 14.5, 6.5 ],
    "to": [ 12.5, 18, 10.5 ],
    "faces": {
        "down":  { "uv": [ 11.5, 6.5, 12.5, 10.5 ], "texture": "#flaaffy" },
        "up":    { "uv": [ 11.5, 6.5, 12.5, 10.5 ], "texture": "#flaaffy" },
        "north": { "uv": [ 12, 7, 13, 10.5 ], "texture": "#flaaffy" },
        "south": { "uv": [ 12, 7, 13, 10.5 ], "texture": "#flaaffy" },
        "west":  { "uv": [ 10.5, 8, 14.5, 11.5 ], "texture": "#flaaffy" },
        "east":  { "uv": [ 10.5, 8, 14.5, 11.5 ], "texture": "#flaaffy" }
    }
},
{
    "from": [ 6.5, 14.5, 5.5 ],
    "to": [ 11, 15, 12 ],
    "faces": {
        "down":  { "uv": [ 10, 4.5, 14.5, 11 ], "texture": "#flaaffy" },
        "up":    { "uv": [ 10, 4.5, 14.5, 11 ], "texture": "#flaaffy" },
        "north": { "uv": [ 11, 8, 15.5, 8.5 ], "texture": "#flaaffy" },
        "south": { "uv": [ 11, 8, 15.5, 8.5 ], "texture": "#flaaffy" },
        "west":  { "uv": [ 8.5, 8, 15, 8.5 ], "texture": "#flaaffy" },
        "east":  { "uv": [ 8.5, 8, 15, 8.5 ], "texture": "#flaaffy" }
    }
},
{
    "from": [ 5.375, 16.0625, 6.5625 ],
    "to": [ 5.4375, 17.0625, 7.5625 ],
    "rotation": { "origin": [ 5.375, 17.0625, 6.5625 ], "axis": "z", "angle": -22.5 },
    "faces": {
        "west":  { "uv": [ 8.5, 11.5, 12, 16 ], "texture": "#flaaffy" },
        "east":  { "uv": [ 14.5, 13.5, 15.5, 14.5 ], "texture": "#flaaffy" }
    }
},
{
    "from": [ 5.375, 16.0625, 9.4375 ],
    "to": [ 5.4375, 17.0625, 10.4375 ],
    "rotation": { "origin": [ 5.375, 17.0625, 9.4375 ], "axis": "z", "angle": -22.5 },
    "faces": {
        "west":  { "uv": [ 8.5, 11.5, 12, 16 ], "texture": "#flaaffy" },
        "east":  { "uv": [ 14.5, 13.5, 15.5, 14.5 ], "texture": "#flaaffy" }
    }
},
{
    "from": [ 4.75, 14.5, 8 ],
    "to": [ 4.8125, 15.5, 9 ],
    "rotation": { "origin": [ 4.75, 15.5, 8 ], "axis": "z", "angle": -22.5 },
    "faces": {
        "west":  { "uv": [ 13, 14.5, 16, 16 ], "texture": "#flaaffy" },
        "east":  { "uv": [ 14.5, 13.5, 15.5, 14.5 ], "texture": "#flaaffy" }
    }
},
{
    "from": [ 12.6875, 3.375, 7.25 ],
    "to": [ 16.6875, 5.875, 9.75 ],
    "faces": {
        "down":  { "uv": [ 1, 10, 3, 13 ], "texture": "#flaaffy" },
        "up":    { "uv": [ 1, 10, 3, 13 ], "texture": "#flaaffy" },
        "north": { "uv": [ 1, 10, 3, 13 ], "rotation": 180, "texture": "#flaaffy" },
        "south": { "uv": [ 1, 10, 3, 13 ], "texture": "#flaaffy" },
        "west":  { "uv": [ 1, 10, 2, 13 ], "texture": "#flaaffy" },
        "east":  { "uv": [ 0, 10, 1, 13 ], "texture": "#flaaffy" }
    }
},
{
    "from": [ 15.625, 3.25, 7.875 ],
    "to": [ 20.125, 4.75, 9.125 ],
    "rotation": { "origin": [ 15.625, 4.75, 7.875 ], "axis": "z", "angle": 45 },
    "faces": {
        "down":  { "uv": [ 1, 10, 3, 13 ], "texture": "#flaaffy" },
        "up":    { "uv": [ 1, 10, 3, 13 ], "texture": "#flaaffy" },
        "north": { "uv": [ 1, 10, 3, 13 ], "rotation": 180, "texture": "#flaaffy" },
        "south": { "uv": [ 1, 10, 3, 13 ], "texture": "#flaaffy" },
        "west":  { "uv": [ 1, 10, 2, 13 ], "texture": "#flaaffy" },
        "east":  { "uv": [ 0, 10, 1, 13 ], "texture": "#flaaffy" }
    }
},
{
    "from": [ 18, 6, 7.25 ],
    "to": [ 20.5, 8.5, 9.75 ],
    "faces": {
        "down":  { "uv": [ 13.5, 11.5, 16, 14 ], "texture": "#flaaffy" },
        "up":    { "uv": [ 13, 11.5, 15.5, 14 ], "texture": "#flaaffy" },
        "north": { "uv": [ 13, 11.5, 15, 14 ], "rotation": 180, "texture": "#flaaffy" },
        "south": { "uv": [ 13.5, 11.5, 15.5, 14 ], "rotation": 90, "texture": "#flaaffy" },
        "west":  { "uv": [ 13.5, 11.5, 15.5, 14 ], "rotation": 180, "texture": "#flaaffy" },
        "east":  { "uv": [ 13.5, 11.5, 15.5, 14 ], "rotation": 270, "texture": "#flaaffy" }
    }
},
{
    "from": [ 18.5, 5.5, 7.75 ],
    "to": [ 20, 9, 9.25 ],
    "faces": {
        "down":  { "uv": [ 13.5, 11.5, 16, 14 ], "texture": "#flaaffy" },
        "up":    { "uv": [ 13, 11.5, 15.5, 14 ], "texture": "#flaaffy" },
        "north": { "uv": [ 13, 11.5, 15, 14 ], "rotation": 180, "texture": "#flaaffy" },
        "south": { "uv": [ 13.5, 11.5, 15.5, 14 ], "rotation": 90, "texture": "#flaaffy" },
        "west":  { "uv": [ 13.5, 11.5, 15.5, 14 ], "rotation": 180, "texture": "#flaaffy" },
        "east":  { "uv": [ 13.5, 11.5, 15.5, 14 ], "rotation": 270, "texture": "#flaaffy" }
    }
},
{
    "from": [ 18.5, 6.5, 6.75 ],
    "to": [ 20, 8, 10.25 ],
    "faces": {
        "down":  { "uv": [ 13.5, 11.5, 16, 14 ], "texture": "#flaaffy" },
        "up":    { "uv": [ 13, 11.5, 15.5, 14 ], "texture": "#flaaffy" },
        "north": { "uv": [ 13, 11.5, 15, 14 ], "rotation": 180, "texture": "#flaaffy" },
        "south": { "uv": [ 13.5, 11.5, 15.5, 14 ], "rotation": 90, "texture": "#flaaffy" },
        "west":  { "uv": [ 13.5, 11.5, 15.5, 14 ], "rotation": 180, "texture": "#flaaffy" },
        "east":  { "uv": [ 13.5, 11.5, 15.5, 14 ], "rotation": 270, "texture": "#flaaffy" }
    }
},
{
    "from": [ 17.5, 6.5, 7.75 ],
    "to": [ 21, 8, 9.25 ],
    "faces": {
        "down":  { "uv": [ 13.5, 11.5, 16, 14 ], "texture": "#flaaffy" },
        "up":    { "uv": [ 13, 11.5, 15.5, 14 ], "texture": "#flaaffy" },
        "north": { "uv": [ 13, 11.5, 15, 14 ], "rotation": 180, "texture": "#flaaffy" },
        "south": { "uv": [ 13.5, 11.5, 15.5, 14 ], "rotation": 90, "texture": "#flaaffy" },
        "west":  { "uv": [ 13.5, 11.5, 15.5, 14 ], "rotation": 180, "texture": "#flaaffy" },
        "east":  { "uv": [ 13.5, 11.5, 15.5, 14 ], "rotation": 270, "texture": "#flaaffy" }
    }
},
{
    "from": [ 5.5, 17.25, 5.125 ],
    "to": [ 9.5, 19.75, 7.625 ],
    "rotation": { "origin": [ 5.5, 19.75, 5.125 ], "axis": "x", "angle": -22.5 },
    "faces": {
        "down":  { "uv": [ 9.5, 5.5, 14, 10.5 ], "texture": "#flaaffy" },
        "up":    { "uv": [ 10, 6.5, 14.5, 11.5 ], "texture": "#flaaffy" },
        "north": { "uv": [ 11.5, 5.5, 16, 10 ], "texture": "#flaaffy" },
        "south": { "uv": [ 10.5, 5.5, 15, 10 ], "texture": "#flaaffy" },
        "west":  { "uv": [ 14.5, 0, 9, 5 ], "texture": "#flaaffy" },
        "east":  { "uv": [ 8, 6, 13, 10.5 ], "texture": "#flaaffy" }
    }
},
{
    "from": [ 5.5, 18.1875, 9.3125 ],
    "to": [ 9.5, 20.6875, 11.8125 ],
    "rotation": { "origin": [ 5.5, 20.6875, 9.3125 ], "axis": "x", "angle": 22.5 },
    "faces": {
        "down":  { "uv": [ 9.5, 5.5, 14, 10.5 ], "texture": "#flaaffy" },
        "up":    { "uv": [ 10, 6.5, 14.5, 11.5 ], "texture": "#flaaffy" },
        "north": { "uv": [ 11.5, 5.5, 16, 10 ], "texture": "#flaaffy" },
        "south": { "uv": [ 10.5, 5.5, 15, 10 ], "texture": "#flaaffy" },
        "west":  { "uv": [ 9, 0, 14.5, 5 ], "texture": "#flaaffy" },
        "east":  { "uv": [ 8, 6, 13, 10.5 ], "texture": "#flaaffy" }
    }
},
{
    "from": [ 7, 18.5, 6.4375 ],
    "to": [ 11, 20, 10.4375 ],
    "faces": {
        "down":  { "uv": [ 9.5, 5.5, 14, 10.5 ], "texture": "#flaaffy" },
        "up":    { "uv": [ 10, 6.5, 14.5, 11.5 ], "texture": "#flaaffy" },
        "north": { "uv": [ 11.5, 5.5, 16, 10 ], "texture": "#flaaffy" },
        "south": { "uv": [ 10.5, 5.5, 15, 10 ], "texture": "#flaaffy" },
        "west":  { "uv": [ 8.5, 7, 13.5, 11.5 ], "texture": "#flaaffy" },
        "east":  { "uv": [ 8, 6, 13, 10.5 ], "texture": "#flaaffy" }
    }
},
{
    "from": [ 6, 18.1875, 9.25 ],
    "to": [ 9, 21, 12.25 ],
    "rotation": { "origin": [ 6, 21, 9.25 ], "axis": "x", "angle": 22.5 },
    "faces": {
        "down":  { "uv": [ 9.5, 5.5, 14, 10.5 ], "texture": "#flaaffy" },
        "up":    { "uv": [ 10, 6.5, 14.5, 11.5 ], "texture": "#flaaffy" },
        "north": { "uv": [ 11.5, 5.5, 16, 10 ], "texture": "#flaaffy" },
        "south": { "uv": [ 10.5, 5.5, 15, 10 ], "texture": "#flaaffy" },
        "west":  { "uv": [ 9, 4.5, 14.5, 9.5 ], "texture": "#flaaffy" },
        "east":  { "uv": [ 8, 6, 13, 10.5 ], "texture": "#flaaffy" }
    }
},
{
    "from": [ 6, 17.0625, 4.75 ],
    "to": [ 9, 19.875, 7.75 ],
    "rotation": { "origin": [ 6, 19.875, 4.75 ], "axis": "x", "angle": -22.5 },
    "faces": {
        "down":  { "uv": [ 9.5, 5.5, 14, 10.5 ], "texture": "#flaaffy" },
        "up":    { "uv": [ 10, 6.5, 14.5, 11.5 ], "texture": "#flaaffy" },
        "north": { "uv": [ 11.5, 5.5, 16, 10 ], "texture": "#flaaffy" },
        "south": { "uv": [ 10.5, 5.5, 15, 10 ], "texture": "#flaaffy" },
        "west":  { "uv": [ 9, 4.5, 14.5, 9.5 ], "texture": "#flaaffy" },
        "east":  { "uv": [ 8, 6, 13, 10.5 ], "texture": "#flaaffy" }
    }
},
{
    "from": [ 6.5, 20.125, 9.9375 ],
    "to": [ 8.5, 21.125, 11.9375 ],
    "rotation": { "origin": [ 6.5, 21.125, 9.9375 ], "axis": "x", "angle": 22.5 },
    "faces": {
        "down":  { "uv": [ 9.5, 5.5, 14, 10.5 ], "texture": "#flaaffy" },
        "up":    { "uv": [ 10, 6.5, 14.5, 11.5 ], "texture": "#flaaffy" },
        "north": { "uv": [ 11.5, 5.5, 16, 10 ], "texture": "#flaaffy" },
        "south": { "uv": [ 10.5, 5.5, 15, 10 ], "texture": "#flaaffy" },
        "west":  { "uv": [ 9, 4.5, 14.5, 9.5 ], "texture": "#flaaffy" },
        "east":  { "uv": [ 8, 6, 13, 10.5 ], "texture": "#flaaffy" }
    }
},
{
    "from": [ 6.5, 19.375, 5.0625 ],
    "to": [ 8.5, 20.375, 7.0625 ],
    "rotation": { "origin": [ 6.5, 20.375, 5.0625 ], "axis": "x", "angle": -22.5 },
    "faces": {
        "down":  { "uv": [ 9.5, 5.5, 14, 10.5 ], "texture": "#flaaffy" },
        "up":    { "uv": [ 10, 6.5, 14.5, 11.5 ], "texture": "#flaaffy" },
        "north": { "uv": [ 11.5, 5.5, 16, 10 ], "texture": "#flaaffy" },
        "south": { "uv": [ 10.5, 5.5, 15, 10 ], "texture": "#flaaffy" },
        "west":  { "uv": [ 9, 4.5, 14.5, 9.5 ], "texture": "#flaaffy" },
        "east":  { "uv": [ 8, 6, 13, 10.5 ], "texture": "#flaaffy" }
    }
}
],
"display": {
		"thirdperson_righthand": {
			"rotation":  [ 70, -90, 0 ],
			"translation":  [ -5.25, -2.9, -0.35 ],
			"scale":  [ 1.5, 1.5, 1.5 ]
		},
		"thirdperson_lefthand": {
			"rotation":  [ 70, 90, 0 ],
			"translation":  [ -6.75, -2.9, -0.35 ],
			"scale":  [ 1.5, 1.5, 1.5 ]
		},
		"head": {
			"rotation":  [ 0, -90, 0 ],
			"translation":  [ 1.13, -26.7, -5 ],
			"scale":  [ 2.5, 2.5, 2.5 ]
		},
		"firstperson_righthand": {
			"scale":  [ 0, 0, 0 ]
		},
		"firstperson_lefthand": {
			"scale":  [ 0, 0, 0 ]
		},
		"gui": {
			"scale":  [ 0, 0, 0 ]
		},
		"ground": {
			"scale":  [ 0, 0, 0 ]
		}
}
}