{
	"__comment": "Designed by Samasaurus6 with BDcraft Cubik PRO 0.96 Beta - http://bdcraft.net",
	"elements": [ 	 
		{
			"from": [ 7.375, 5.75, 0.9375 ],
			"to": [ 8.375, 8.5, 3.4375 ],
			"faces": {
				"down": { "uv": [ 10, 4, 6.375, 1.4375 ], "texture": "#umbreon1" },
				"up": { "uv": [ 6, 1.4375, 9.625, 4 ], "texture": "#umbreon1" },
				"north": { "uv": [ 0, 0, 4, 3 ], "texture": "#umbreon1" },
				"south": { "uv": [ 0, 0, 4.5, 3.5 ], "texture": "#umbreon1" },
				"west": { "uv": [ 0, 0, 3.5, 3 ], "texture": "#umbreon1" },
				"east": { "uv": [ 12, 8.5, 14.5625, 11.3125 ], "texture": "#umbreon1" }
			}
		},
		{
			"from": [ 6.0625, 3.0625, 3.7013 ],
			"to": [ 9.5625, 5.875, 7.2638 ],
			"rotation": { "origin": [ 6.0625, 5.875, 3.7013 ], "axis": "x", "angle": 22.5 },
			"faces": {
				"down": { "uv": [ 9.9375, 7, 6.4375, 3.5 ], "texture": "#umbreon1" },
				"up": { "uv": [ 6.0625, 3.5, 9.5625, 7 ], "texture": "#umbreon1" },
				"north": { "uv": [ 6.4375, 10.5, 9.9375, 13.875 ], "texture": "#umbreon1" },
				"south": { "uv": [ 6.0625, 10.5, 9.5625, 13.875 ], "texture": "#umbreon1" },
				"west": { "uv": [ 3.5, 10.5, 7, 13.875 ], "texture": "#umbreon1" },
				"east": { "uv": [ 9, 10.5, 12.5, 13.875 ], "texture": "#umbreon1" }
			}
		},
		{
			"from": [ 6.625, 3.3125, 2.6875 ],
			"to": [ 9, 5.875, 4.0625 ],
			"faces": {
				"down": { "uv": [ 9.6875, 5, 6.625, 2.5 ], "texture": "#umbreon1" },
				"up": { "uv": [ 6.3125, 2.5, 9.375, 5 ], "texture": "#umbreon1" },
				"north": { "uv": [ 6.625, 10.5, 9.6875, 12.75 ], "texture": "#umbreon1" },
				"south": { "uv": [ 6.3125, 10.5, 9.375, 12.75 ], "texture": "#umbreon1" },
				"west": { "uv": [ 2.5, 10.5, 5, 12.75 ], "texture": "#umbreon1" },
				"east": { "uv": [ 11, 10.5, 13.5, 12.75 ], "texture": "#umbreon1" }
			}
		},
		{
			"from": [ 6.125, 1.75, 5.125 ],
			"to": [ 9.4375, 4.25, 8.25 ],
			"rotation": { "origin": [ 6.125, 4.25, 5.125 ], "axis": "x", "angle": -22.5 },
			"faces": {
				"down": { "uv": [ 9.875, 8.5, 6.5625, 5.5 ], "texture": "#umbreon1" },
				"up": { "uv": [ 6.125, 5.5, 9.4375, 8.5 ], "texture": "#umbreon1" },
				"north": { "uv": [ 6.5625, 10.5625, 9.875, 14.0625 ], "texture": "#umbreon1" },
				"south": { "uv": [ 6.125, 10.5625, 9.4375, 14.0625 ], "texture": "#umbreon1" },
				"west": { "uv": [ 5.5, 10.5625, 8.5, 14.0625 ], "texture": "#umbreon1" },
				"east": { "uv": [ 7.5, 10.5625, 10.5, 14.0625 ], "texture": "#umbreon1" }
			}
		},
		{
			"from": [ 6.3125, -0.5, 3.9375 ],
			"to": [ 7.1875, 0, 4.75 ],
			"faces": {
				"down": { "uv": [ 6.3125, 4.75, 7.1875, 3.9375 ], "texture": "#umbreon1" },
				"up": { "uv": [ 6.3125, 3.9375, 7.1875, 4.75 ], "texture": "#umbreon1" },
				"north": { "uv": [ 1, 13, 9, 16 ], "texture": "#umbreon4" },
				"south": { "uv": [ 6.3125, 4.75, 7.1875, 4.25 ], "texture": "#umbreon1" },
				"west": { "uv": [ 6.3125, 3.9375, 6.8125, 4.4375 ], "texture": "#umbreon1" },
				"east": { "uv": [ 7.1875, 3.9375, 6.6875, 4.4375 ], "texture": "#umbreon1" }
			}
		},
		{
			"from": [ 6.3125, 0.625, 3.75 ],
			"to": [ 7.1875, 2.8125, 4.625 ],
			"rotation": { "origin": [ 6.3125, 2.8125, 3.75 ], "axis": "x", "angle": -22.5 },
			"faces": {
				"down": { "uv": [ 10.4375, 4.1875, 9.5625, 3.25 ], "texture": "#umbreon1" },
				"up": { "uv": [ 5.5625, 3.25, 6.4375, 4.1875 ], "texture": "#umbreon1" },
				"north": { "uv": [ 9.5625, 12.3125, 10.4375, 15.5 ], "texture": "#umbreon1" },
				"south": { "uv": [ 5.5625, 12.3125, 6.4375, 15.5 ], "texture": "#umbreon1" },
				"west": { "uv": [ 3.25, 12.3125, 4.1875, 15.5 ], "texture": "#umbreon1" },
				"east": { "uv": [ 11.8125, 12.3125, 12.75, 15.5 ], "texture": "#umbreon1" }
			}
		},
		{
			"from": [ 5.4375, 1.0625, 8.0625 ],
			"to": [ 6.9375, 3.6875, 10.0625 ],
			"rotation": { "origin": [ 5.4375, 3.6875, 8.0625 ], "axis": "x", "angle": -22.5 },
			"faces": {
				"down": { "uv": [ 10.4375, 6.625, 9.5625, 5.5 ], "texture": "#umbreon1" },
				"up": { "uv": [ 5.5625, 5.5, 6.4375, 6.625 ], "texture": "#umbreon1" },
				"north": { "uv": [ 9.5625, 6.5, 10.4375, 8.9375 ], "texture": "#umbreon1" },
				"south": { "uv": [ 5.5625, 6.5, 6.4375, 8.9375 ], "texture": "#umbreon1" },
				"west": { "uv": [ 5.5, 6.5, 6.625, 8.9375 ], "texture": "#umbreon1" },
				"east": { "uv": [ 9.375, 6.5, 10.5, 8.9375 ], "texture": "#umbreon1" }
			}
		},
		{
			"from": [ 5.8125, -0.5, 9.125 ],
			"to": [ 6.6875, 0.125, 9.875 ],
			"faces": {
				"down": { "uv": [ 5.8125, 9.875, 6.6875, 9.125 ], "texture": "#umbreon1" },
				"up": { "uv": [ 5.8125, 9.125, 6.6875, 9.875 ], "texture": "#umbreon1" },
				"north": { "uv": [ 1, 13, 9, 16 ], "texture": "#umbreon4" },
				"south": { "uv": [ 5.8125, 9.875, 6.6875, 9.375 ], "texture": "#umbreon1" },
				"west": { "uv": [ 5.8125, 9.125, 6.3125, 9.625 ], "texture": "#umbreon1" },
				"east": { "uv": [ 6.6875, 9.125, 6.1875, 9.625 ], "texture": "#umbreon1" }
			}
		},
		{
			"from": [ 8.75, 1.0625, 8.0625 ],
			"to": [ 10.25, 3.6875, 10.0625 ],
			"rotation": { "origin": [ 8.75, 3.6875, 8.0625 ], "axis": "x", "angle": -22.5 },
			"faces": {
				"down": { "uv": [ 10.4375, 6.625, 9.5625, 5.5 ], "texture": "#umbreon1" },
				"up": { "uv": [ 5.5625, 5.5, 6.4375, 6.625 ], "texture": "#umbreon1" },
				"north": { "uv": [ 9.5625, 6.5, 10.4375, 8.9375 ], "texture": "#umbreon1" },
				"south": { "uv": [ 5.5625, 6.5, 6.4375, 8.9375 ], "texture": "#umbreon1" },
				"west": { "uv": [ 5.5, 6.5, 6.625, 8.9375 ], "texture": "#umbreon1" },
				"east": { "uv": [ 9.375, 6.5, 10.5, 8.9375 ], "texture": "#umbreon1" }
			}
		},
		{
			"from": [ 9, -0.3125, 10.125 ],
			"to": [ 9.875, 2.25, 10.9375 ],
			"rotation": { "origin": [ 9, 2.25, 10.125 ], "axis": "x", "angle": 22.5 },
			"faces": {
				"down": { "uv": [ 10.4375, 4.1875, 9.5625, 3.25 ], "texture": "#umbreon1" },
				"up": { "uv": [ 5.5625, 3.25, 6.4375, 4.1875 ], "texture": "#umbreon1" },
				"north": { "uv": [ 9.5625, 12.3125, 10.4375, 15.5 ], "texture": "#umbreon1" },
				"south": { "uv": [ 5.5625, 12.3125, 6.4375, 15.5 ], "texture": "#umbreon1" },
				"west": { "uv": [ 3.25, 12.3125, 4.1875, 15.5 ], "texture": "#umbreon1" },
				"east": { "uv": [ 11.8125, 12.3125, 12.75, 15.5 ], "texture": "#umbreon1" }
			}
		},
		{
			"from": [ 5.8125, -0.3125, 10.125 ],
			"to": [ 6.6875, 2.25, 10.9375 ],
			"rotation": { "origin": [ 5.8125, 2.25, 10.125 ], "axis": "x", "angle": 22.5 },
			"faces": {
				"down": { "uv": [ 10.4375, 4.1875, 9.5625, 3.25 ], "texture": "#umbreon1" },
				"up": { "uv": [ 5.5625, 3.25, 6.4375, 4.1875 ], "texture": "#umbreon1" },
				"north": { "uv": [ 9.5625, 12.3125, 10.4375, 15.5 ], "texture": "#umbreon1" },
				"south": { "uv": [ 5.5625, 12.3125, 6.4375, 15.5 ], "texture": "#umbreon1" },
				"west": { "uv": [ 3.25, 12.3125, 4.1875, 15.5 ], "texture": "#umbreon1" },
				"east": { "uv": [ 11.8125, 12.3125, 12.75, 15.5 ], "texture": "#umbreon1" }
			}
		},
		{
			"from": [ 9, -0.5, 9.125 ],
			"to": [ 9.875, 0.125, 9.875 ],
			"faces": {
				"down": { "uv": [ 9, 9.875, 9.875, 9.125 ], "texture": "#umbreon1" },
				"up": { "uv": [ 9, 9.125, 9.875, 9.875 ], "texture": "#umbreon1" },
				"north": { "uv": [ 1, 13, 9, 16 ], "texture": "#umbreon4" },
				"south": { "uv": [ 9, 9.875, 9.875, 9.375 ], "texture": "#umbreon1" },
				"west": { "uv": [ 9, 9.125, 9.5, 9.625 ], "texture": "#umbreon1" },
				"east": { "uv": [ 9.875, 9.125, 9.375, 9.625 ], "texture": "#umbreon1" }
			}
		},
		{
			"from": [ 6.3125, -0.1875, 4.5625 ],
			"to": [ 7.1875, 1.4375, 5.4375 ],
			"rotation": { "origin": [ 6.3125, 1.4375, 4.5625 ], "axis": "x", "angle": 22.5 },
			"faces": {
				"down": { "uv": [ 10.4375, 4.1875, 9.5625, 3.25 ], "texture": "#umbreon1" },
				"up": { "uv": [ 5.5625, 3.25, 6.4375, 4.1875 ], "texture": "#umbreon1" },
				"north": { "uv": [ 9.5625, 12.3125, 10.4375, 15.5 ], "texture": "#umbreon1" },
				"south": { "uv": [ 5.5625, 12.3125, 6.4375, 15.5 ], "texture": "#umbreon1" },
				"west": { "uv": [ 3.25, 12.3125, 4.1875, 15.5 ], "texture": "#umbreon1" },
				"east": { "uv": [ 11.8125, 12.3125, 12.75, 15.5 ], "texture": "#umbreon1" }
			}
		},
		{
			"from": [ 6.125, 3.0625, 9 ],
			"to": [ 9.4375, 5.0625, 10 ],
			"rotation": { "origin": [ 6.125, 5.0625, 9 ], "axis": "x", "angle": -22.5 },
			"faces": {
				"down": { "uv": [ 9.875, 6, 6.5625, 5 ], "texture": "#umbreon1" },
				"up": { "uv": [ 6.125, 5, 9.4375, 6 ], "texture": "#umbreon1" },
				"north": { "uv": [ 6.5625, 6, 9.875, 8 ], "texture": "#umbreon1" },
				"south": { "uv": [ 6.125, 6, 9.4375, 8 ], "texture": "#umbreon1" },
				"west": { "uv": [ 5, 6, 6, 8 ], "texture": "#umbreon1" },
				"east": { "uv": [ 10, 6, 11, 8 ], "texture": "#umbreon1" }
			}
		},
		{
			"from": [ 6.125, 3.0625, 9 ],
			"to": [ 9.4375, 4.3125, 10.8125 ],
			"rotation": { "origin": [ 6.125, 4.3125, 9 ], "axis": "x", "angle": 22.5 },
			"faces": {
				"down": { "uv": [ 9.875, 6, 6.5625, 5 ], "texture": "#umbreon1" },
				"up": { "uv": [ 6.125, 5, 9.4375, 6 ], "texture": "#umbreon1" },
				"north": { "uv": [ 6.5625, 6, 9.875, 8 ], "texture": "#umbreon1" },
				"south": { "uv": [ 6.125, 6, 9.4375, 8 ], "texture": "#umbreon1" },
				"west": { "uv": [ 5, 6, 6, 8 ], "texture": "#umbreon1" },
				"east": { "uv": [ 10, 6, 11, 8 ], "texture": "#umbreon1" }
			}
		},
		{
			"from": [ 6.125, 3, 4.8125 ],
			"to": [ 9.4375, 5.5, 9.875 ],
			"faces": {
				"down": { "uv": [ 9.875, 8.5, 6.5625, 5.5 ], "texture": "#umbreon1" },
				"up": { "uv": [ 6.125, 5.5, 9.4375, 8.5 ], "texture": "#umbreon1" },
				"north": { "uv": [ 6.5625, 10.5625, 9.875, 14.0625 ], "texture": "#umbreon1" },
				"south": { "uv": [ 6.125, 10.5625, 9.4375, 14.0625 ], "texture": "#umbreon1" },
				"west": { "uv": [ 5.5, 10.5625, 8.5, 14.0625 ], "texture": "#umbreon1" },
				"east": { "uv": [ 7.5, 10.5625, 10.5, 14.0625 ], "texture": "#umbreon1" }
			}
		},
		{
			"from": [ 8.4375, -0.1875, 4.5625 ],
			"to": [ 9.3125, 1.4375, 5.4375 ],
			"rotation": { "origin": [ 8.4375, 1.4375, 4.5625 ], "axis": "x", "angle": 22.5 },
			"faces": {
				"down": { "uv": [ 10.4375, 4.1875, 9.5625, 3.25 ], "texture": "#umbreon1" },
				"up": { "uv": [ 5.5625, 3.25, 6.4375, 4.1875 ], "texture": "#umbreon1" },
				"north": { "uv": [ 9.5625, 12.3125, 10.4375, 15.5 ], "texture": "#umbreon1" },
				"south": { "uv": [ 5.5625, 12.3125, 6.4375, 15.5 ], "texture": "#umbreon1" },
				"west": { "uv": [ 3.25, 12.3125, 4.1875, 15.5 ], "texture": "#umbreon1" },
				"east": { "uv": [ 11.8125, 12.3125, 12.75, 15.5 ], "texture": "#umbreon1" }
			}
		},
		{
			"from": [ 8.4375, -0.5, 3.9375 ],
			"to": [ 9.3125, 0, 4.75 ],
			"faces": {
				"down": { "uv": [ 8.4375, 4.75, 9.3125, 3.9375 ], "texture": "#umbreon1" },
				"up": { "uv": [ 8.4375, 3.9375, 9.3125, 4.75 ], "texture": "#umbreon1" },
				"north": { "uv": [ 1, 13, 9, 16 ], "texture": "#umbreon4" },
				"south": { "uv": [ 8.4375, 4.75, 9.3125, 4.25 ], "texture": "#umbreon1" },
				"west": { "uv": [ 8.4375, 3.9375, 8.9375, 4.4375 ], "texture": "#umbreon1" },
				"east": { "uv": [ 9.3125, 3.9375, 8.8125, 4.4375 ], "texture": "#umbreon1" }
			}
		},
		{
			"from": [ 5.8125, 1.1875, 9.3125 ],
			"to": [ 6.6875, 1.9375, 10.375 ],
			"rotation": { "origin": [ 5.8125, 1.9375, 9.3125 ], "axis": "x", "angle": 22.5 },
			"faces": {
				"down": { "uv": [ 10.1875, 13.75, 9.3125, 12.5 ], "texture": "#umbreon1" },
				"up": { "uv": [ 5.8125, 12.5, 6.6875, 13.75 ], "texture": "#umbreon1" },
				"north": { "uv": [ 9.3125, 13, 10.1875, 13.625 ], "texture": "#umbreon1" },
				"south": { "uv": [ 5.8125, 13, 6.6875, 13.625 ], "texture": "#umbreon1" },
				"west": { "uv": [ 12.5, 13, 13.75, 13.625 ], "texture": "#umbreon1" },
				"east": { "uv": [ 2.25, 13, 3.5, 13.625 ], "texture": "#umbreon1" }
			}
		},
		{
			"from": [ 9, 1.1875, 9.3125 ],
			"to": [ 9.875, 1.9375, 10.375 ],
			"rotation": { "origin": [ 9, 1.9375, 9.3125 ], "axis": "x", "angle": 22.5 },
			"faces": {
				"down": { "uv": [ 10.1875, 13.75, 9.3125, 12.5 ], "texture": "#umbreon1" },
				"up": { "uv": [ 5.8125, 12.5, 6.6875, 13.75 ], "texture": "#umbreon1" },
				"north": { "uv": [ 9.3125, 13, 10.1875, 13.625 ], "texture": "#umbreon1" },
				"south": { "uv": [ 5.8125, 13, 6.6875, 13.625 ], "texture": "#umbreon1" },
				"west": { "uv": [ 12.5, 13, 13.75, 13.625 ], "texture": "#umbreon1" },
				"east": { "uv": [ 2.25, 13, 3.5, 13.625 ], "texture": "#umbreon1" }
			}
		},
		{
			"from": [ 6.4375, 6.5, 1.8125 ],
			"to": [ 7.8125, 7.625, 1.875 ],
			"rotation": { "origin": [ 6.4375, 6.5, 1.8125 ], "axis": "y", "angle": 45 },
			"faces": {
				"north": { "uv": [ 1, 2, 16, 16 ], "texture": "#umbreon_eye" }
			}
		},
		{
			"from": [ 8.375, 6.5, 0.875 ],
			"to": [ 9.75, 7.625, 0.9375 ],
			"rotation": { "origin": [ 8.375, 6.5, 0.875 ], "axis": "y", "angle": -45 },
			"faces": {
				"north": { "uv": [ 16, 2, 1, 16 ], "texture": "#umbreon_eye" }
			}
		},
		{
			"from": [ 7.125, 5.625, 0.5625 ],
			"to": [ 8.625, 6.625, 1.5625 ],
			"rotation": { "origin": [ 7.125, 6.625, 0.5625 ], "axis": "x", "angle": -22.5 },
			"faces": {
				"down": { "uv": [ 8.5625, 1, 7.5625, 0 ], "texture": "#umbreon1" },
				"up": { "uv": [ 7.4375, 0, 8.4375, 1 ], "texture": "#umbreon1" },
				"north": { "uv": [ 7.5625, 9, 8.5625, 10 ], "texture": "#umbreon1" },
				"south": { "uv": [ 7.4375, 9, 8.4375, 10 ], "texture": "#umbreon1" },
				"west": { "uv": [ 0, 9, 1, 10 ], "texture": "#umbreon1" },
				"east": { "uv": [ 15, 9, 16, 10 ], "texture": "#umbreon1" }
			}
		},
		{
			"from": [ 7.125, 5.6875, 1 ],
			"to": [ 8.625, 6.6875, 2 ],
			"faces": {
				"down": { "uv": [ 8.5625, 1, 7.5625, 0 ], "texture": "#umbreon1" },
				"up": { "uv": [ 7.4375, 0, 8.4375, 1 ], "texture": "#umbreon1" },
				"north": { "uv": [ 7.5625, 9, 8.5625, 10 ], "texture": "#umbreon1" },
				"south": { "uv": [ 7.4375, 9, 8.4375, 10 ], "texture": "#umbreon1" },
				"west": { "uv": [ 0, 9, 1, 10 ], "texture": "#umbreon1" },
				"east": { "uv": [ 15, 9, 16, 10 ], "texture": "#umbreon1" }
			}
		},
		{
			"from": [ 6.375, 3.0625, 3.25 ],
			"to": [ 9.25, 3.875, 4.5625 ],
			"rotation": { "origin": [ 6.375, 3.875, 3.25 ], "axis": "x", "angle": 45 },
			"faces": {
				"down": { "uv": [ 9.5, 3.3125, 7, 2 ], "texture": "#umbreon1" },
				"up": { "uv": [ 6.5, 2, 9, 3.3125 ], "texture": "#umbreon1" },
				"north": { "uv": [ 7, 13.5, 9.5, 14.3125 ], "texture": "#umbreon1" },
				"south": { "uv": [ 6.5, 13.5, 9, 14.3125 ], "texture": "#umbreon1" },
				"west": { "uv": [ 2, 13.5, 3.3125, 14.3125 ], "texture": "#umbreon1" },
				"east": { "uv": [ 12.6875, 13.5, 14, 14.3125 ], "texture": "#umbreon1" }
			}
		},
		{
			"from": [ 6.5, 2.375, 3.625 ],
			"to": [ 9, 3.1875, 4.9375 ],
			"faces": {
				"down": { "uv": [ 9.5, 3.3125, 7, 2 ], "texture": "#umbreon1" },
				"up": { "uv": [ 6.5, 2, 9, 3.3125 ], "texture": "#umbreon1" },
				"north": { "uv": [ 7, 13.5, 9.5, 14.3125 ], "texture": "#umbreon1" },
				"south": { "uv": [ 6.5, 13.5, 9, 14.3125 ], "texture": "#umbreon1" },
				"west": { "uv": [ 2, 13.5, 3.3125, 14.3125 ], "texture": "#umbreon1" },
				"east": { "uv": [ 12.6875, 13.5, 14, 14.3125 ], "texture": "#umbreon1" }
			}
		},
		{
			"from": [ 8.4375, 0.625, 3.75 ],
			"to": [ 9.3125, 2.8125, 4.625 ],
			"rotation": { "origin": [ 8.4375, 2.8125, 3.75 ], "axis": "x", "angle": -22.5 },
			"faces": {
				"down": { "uv": [ 10.4375, 4.1875, 9.5625, 3.25 ], "texture": "#umbreon1" },
				"up": { "uv": [ 5.5625, 3.25, 6.4375, 4.1875 ], "texture": "#umbreon1" },
				"north": { "uv": [ 9.5625, 12.3125, 10.4375, 15.5 ], "texture": "#umbreon1" },
				"south": { "uv": [ 5.5625, 12.3125, 6.4375, 15.5 ], "texture": "#umbreon1" },
				"west": { "uv": [ 3.25, 12.3125, 4.1875, 15.5 ], "texture": "#umbreon1" },
				"east": { "uv": [ 11.8125, 12.3125, 12.75, 15.5 ], "texture": "#umbreon1" }
			}
		},
		{
			"from": [ 5.5, 2.75, 7.9375 ],
			"to": [ 6.6875, 4.625, 9.4375 ],
			"rotation": { "origin": [ 5.5, 4.625, 7.9375 ], "axis": "x", "angle": -22.5 },
			"faces": {
				"down": { "uv": [ 10.4375, 6.625, 9.5625, 5.5 ], "texture": "#umbreon1" },
				"up": { "uv": [ 5.5625, 5.5, 6.4375, 6.625 ], "texture": "#umbreon1" },
				"north": { "uv": [ 9.5625, 6.5, 10.4375, 8.9375 ], "texture": "#umbreon1" },
				"south": { "uv": [ 5.5625, 6.5, 6.4375, 8.9375 ], "texture": "#umbreon1" },
				"west": { "uv": [ 5.5, 6.5, 6.625, 8.9375 ], "texture": "#umbreon1" },
				"east": { "uv": [ 9.375, 6.5, 10.5, 8.9375 ], "texture": "#umbreon1" }
			}
		},
		{
			"from": [ 8.9375, 2.75, 7.9375 ],
			"to": [ 10.125, 4.625, 9.4375 ],
			"rotation": { "origin": [ 8.9375, 4.625, 7.9375 ], "axis": "x", "angle": -22.5 },
			"faces": {
				"down": { "uv": [ 10.4375, 6.625, 9.5625, 5.5 ], "texture": "#umbreon1" },
				"up": { "uv": [ 5.5625, 5.5, 6.4375, 6.625 ], "texture": "#umbreon1" },
				"north": { "uv": [ 9.5625, 6.5, 10.4375, 8.9375 ], "texture": "#umbreon1" },
				"south": { "uv": [ 5.5625, 6.5, 6.4375, 8.9375 ], "texture": "#umbreon1" },
				"west": { "uv": [ 5.5, 6.5, 6.625, 8.9375 ], "texture": "#umbreon1" },
				"east": { "uv": [ 9.375, 6.5, 10.5, 8.9375 ], "texture": "#umbreon1" }
			}
		},
		{
			"from": [ 6.3125, 1.125, 4.5 ],
			"to": [ 7.1875, 3.3125, 5.375 ],
			"faces": {
				"down": { "uv": [ 10.4375, 4.1875, 9.5625, 3.25 ], "texture": "#umbreon1" },
				"up": { "uv": [ 5.5625, 3.25, 6.4375, 4.1875 ], "texture": "#umbreon1" },
				"north": { "uv": [ 9.5625, 12.3125, 10.4375, 15.5 ], "texture": "#umbreon1" },
				"south": { "uv": [ 5.5625, 12.3125, 6.4375, 15.5 ], "texture": "#umbreon1" },
				"west": { "uv": [ 3.25, 12.3125, 4.1875, 15.5 ], "texture": "#umbreon1" },
				"east": { "uv": [ 11.8125, 12.3125, 12.75, 15.5 ], "texture": "#umbreon1" }
			}
		},
		{
			"from": [ 8.4375, 1.125, 4.5 ],
			"to": [ 9.3125, 3.3125, 5.375 ],
			"faces": {
				"down": { "uv": [ 10.4375, 4.1875, 9.5625, 3.25 ], "texture": "#umbreon1" },
				"up": { "uv": [ 5.5625, 3.25, 6.4375, 4.1875 ], "texture": "#umbreon1" },
				"north": { "uv": [ 9.5625, 12.3125, 10.4375, 15.5 ], "texture": "#umbreon1" },
				"south": { "uv": [ 5.5625, 12.3125, 6.4375, 15.5 ], "texture": "#umbreon1" },
				"west": { "uv": [ 3.25, 12.3125, 4.1875, 15.5 ], "texture": "#umbreon1" },
				"east": { "uv": [ 11.8125, 12.3125, 12.75, 15.5 ], "texture": "#umbreon1" }
			}
		},
		{
			"from": [ 7.75, 6.4375, 0.5 ],
			"to": [ 8, 6.625, 0.5625 ],
			"rotation": { "origin": [ 7.75, 6.625, 0.5 ], "axis": "x", "angle": -22.5 },
			"faces": {
				"north": { "uv": [ 2, 2, 4, 4 ], "texture": "#umbreon_face" }
			}
		},
		{
			"from": [ 7.125, 5.875, 2.155 ],
			"to": [ 8.5625, 7.75, 4.03 ],
			"rotation": { "origin": [ 7.125, 7.75, 2.15503 ], "axis": "x", "angle": 22.5 },
			"faces": {
				"down": { "uv": [ 9.6875, 5, 6.625, 2.5 ], "texture": "#umbreon1" },
				"up": { "uv": [ 6.3125, 2.5, 9.375, 5 ], "texture": "#umbreon1" },
				"north": { "uv": [ 6.625, 10.5, 9.6875, 12.75 ], "texture": "#umbreon1" },
				"south": { "uv": [ 6.3125, 10.5, 9.375, 12.75 ], "texture": "#umbreon1" },
				"west": { "uv": [ 2.5, 10.5, 5, 12.75 ], "texture": "#umbreon1" },
				"east": { "uv": [ 11, 10.5, 13.5, 12.75 ], "texture": "#umbreon1" }
			}
		},
		{
			"from": [ 6.75, 5.125, 4.2772 ],
			"to": [ 8.75, 6.3125, 6.4022 ],
			"rotation": { "origin": [ 6.75, 6.3125, 4.27719 ], "axis": "x", "angle": 45 },
			"faces": {
				"down": { "uv": [ 9.9375, 7, 6.4375, 3.5 ], "texture": "#umbreon1" },
				"up": { "uv": [ 6.0625, 3.5, 9.5625, 7 ], "texture": "#umbreon1" },
				"north": { "uv": [ 6.4375, 10.5, 9.9375, 13.875 ], "texture": "#umbreon1" },
				"south": { "uv": [ 6.0625, 10.5, 9.5625, 13.875 ], "texture": "#umbreon1" },
				"west": { "uv": [ 3.5, 10.5, 7, 13.875 ], "texture": "#umbreon1" },
				"east": { "uv": [ 9, 10.5, 12.5, 13.875 ], "texture": "#umbreon1" }
			}
		},
		{
			"from": [ 7.375, 5.875, 0.9375 ],
			"to": [ 8.375, 8.375, 2.4375 ],
			"rotation": { "origin": [ 7.375, 5.875, 0.9375 ], "axis": "y", "angle": -45 },
			"faces": {
				"down": { "uv": [ 10, 6, 8, 5.5 ], "texture": "#umbreon1" },
				"up": { "uv": [ 6, 5.5, 8, 6 ], "texture": "#umbreon1" },
				"north": { "uv": [ 8, 8.5, 10, 11.5 ], "texture": "#umbreon1" },
				"south": { "uv": [ 6, 8.5, 8, 11.5 ], "texture": "#umbreon1" },
				"west": { "uv": [ 5.5, 8.5, 6, 11.5 ], "texture": "#umbreon1" },
				"east": { "uv": [ 10, 8.5, 10.5, 11.5 ], "texture": "#umbreon1" }
			}
		},
		{
			"from": [ 8.4375, 5.875, 2.5625 ],
			"to": [ 9.6875, 8.375, 4.1875 ],
			"rotation": { "origin": [ 8.4375, 5.875, 2.5625 ], "axis": "y", "angle": -45 },
			"faces": {
				"down": { "uv": [ 10, 6, 8, 5.5 ], "texture": "#umbreon1" },
				"up": { "uv": [ 6, 5.5, 8, 6 ], "texture": "#umbreon1" },
				"north": { "uv": [ 8, 8.5, 10, 11.5 ], "texture": "#umbreon1" },
				"south": { "uv": [ 6, 8.5, 8, 11.5 ], "texture": "#umbreon1" },
				"west": { "uv": [ 5.5, 8.5, 6, 11.5 ], "texture": "#umbreon1" },
				"east": { "uv": [ 10, 8.5, 10.5, 11.5 ], "texture": "#umbreon1" }
			}
		},
		{
			"from": [ 6.125, 5.875, 3.4375 ],
			"to": [ 7.375, 8.375, 5.0625 ],
			"rotation": { "origin": [ 6.125, 5.875, 3.4375 ], "axis": "y", "angle": 45 },
			"faces": {
				"down": { "uv": [ 10, 6, 8, 5.5 ], "texture": "#umbreon1" },
				"up": { "uv": [ 6, 5.5, 8, 6 ], "texture": "#umbreon1" },
				"north": { "uv": [ 8, 8.5, 10, 11.5 ], "texture": "#umbreon1" },
				"south": { "uv": [ 6, 8.5, 8, 11.5 ], "texture": "#umbreon1" },
				"west": { "uv": [ 5.5, 8.5, 6, 11.5 ], "texture": "#umbreon1" },
				"east": { "uv": [ 10, 8.5, 10.5, 11.5 ], "texture": "#umbreon1" }
			}
		},
		{
			"from": [ 7.6875, 5.875, 1.625 ],
			"to": [ 8.6875, 8.375, 3.125 ],
			"rotation": { "origin": [ 7.6875, 5.875, 1.625 ], "axis": "y", "angle": 45 },
			"faces": {
				"down": { "uv": [ 10, 6, 8, 5.5 ], "texture": "#umbreon1" },
				"up": { "uv": [ 6, 5.5, 8, 6 ], "texture": "#umbreon1" },
				"north": { "uv": [ 8, 8.5, 10, 11.5 ], "texture": "#umbreon1" },
				"south": { "uv": [ 6, 8.5, 8, 11.5 ], "texture": "#umbreon1" },
				"west": { "uv": [ 5.5, 8.5, 6, 11.5 ], "texture": "#umbreon1" },
				"east": { "uv": [ 10, 8.5, 10.5, 11.5 ], "texture": "#umbreon1" }
			}
		},
		{
			"from": [ 6.25, 5.875, 2 ],
			"to": [ 7.375, 8.375, 3.4375 ],
			"faces": {
				"down": { "uv": [ 9.75, 3.4375, 8.625, 2 ], "texture": "#umbreon1" },
				"up": { "uv": [ 6.25, 2, 7.375, 3.4375 ], "texture": "#umbreon1" },
				"north": { "uv": [ 8.625, 7.625, 9.75, 10.125 ], "texture": "#umbreon1" },
				"south": { "uv": [ 6.25, 7.625, 7.375, 10.125 ], "texture": "#umbreon1" },
				"west": { "uv": [ 2, 7.625, 3.4375, 10.125 ], "texture": "#umbreon1" },
				"east": { "uv": [ 12.5625, 7.625, 14, 10.125 ], "texture": "#umbreon1" }
			}
		},
		{
			"from": [ 7.3125, 5.875, 3.6875 ],
			"to": [ 8.1875, 8.375, 4.5625 ],
			"faces": {
				"down": { "uv": [ 8.6875, 4.5625, 7.8125, 3.6875 ], "texture": "#umbreon1" },
				"up": { "uv": [ 7.3125, 3.6875, 8.1875, 4.5625 ], "texture": "#umbreon1" },
				"north": { "uv": [ 7.8125, 7.625, 8.6875, 10.125 ], "texture": "#umbreon1" },
				"south": { "uv": [ 7.3125, 7.625, 8.1875, 10.125 ], "texture": "#umbreon1" },
				"west": { "uv": [ 3.6875, 7.625, 4.5625, 10.125 ], "texture": "#umbreon1" },
				"east": { "uv": [ 11.4375, 7.625, 12.3125, 10.125 ], "texture": "#umbreon1" }
			}
		},
		{
			"from": [ 7.1875, 8.25, 1.125 ],
			"to": [ 8.5, 8.8125, 4.3125 ],
			"faces": {
				"down": { "uv": [ 8.8125, 4.3125, 7.5, 1.125 ], "texture": "#umbreon1" },
				"up": { "uv": [ 7.1875, 1.125, 8.5, 4.3125 ], "texture": "#umbreon1" },
				"north": { "uv": [ 7.5, 7.1875, 8.8125, 7.75 ], "texture": "#umbreon1" },
				"south": { "uv": [ 7.1875, 7.1875, 8.5, 7.75 ], "texture": "#umbreon1" },
				"west": { "uv": [ 1.125, 7.1875, 4.3125, 7.75 ], "texture": "#umbreon1" },
				"east": { "uv": [ 11.6875, 7.1875, 14.875, 7.75 ], "texture": "#umbreon1" }
			}
		},
		{
			"from": [ 8.3125, 5.875, 2 ],
			"to": [ 9.4375, 8.375, 3.4375 ],
			"faces": {
				"down": { "uv": [ 7.6875, 3.4375, 6.5625, 2 ], "texture": "#umbreon1" },
				"up": { "uv": [ 8.3125, 2, 9.4375, 3.4375 ], "texture": "#umbreon1" },
				"north": { "uv": [ 6.5625, 7.625, 7.6875, 10.125 ], "texture": "#umbreon1" },
				"south": { "uv": [ 8.3125, 7.625, 9.4375, 10.125 ], "texture": "#umbreon1" },
				"west": { "uv": [ 2, 7.625, 3.4375, 10.125 ], "texture": "#umbreon1" },
				"east": { "uv": [ 12.5625, 7.625, 14, 10.125 ], "texture": "#umbreon1" }
			}
		},
		{
			"from": [ 6.6875, 8.25, 1.625 ],
			"to": [ 9, 8.8125, 3.6875 ],
			"faces": {
				"down": { "uv": [ 9.3125, 3.6875, 7, 1.625 ], "texture": "#umbreon1" },
				"up": { "uv": [ 6.6875, 1.625, 9, 3.6875 ], "texture": "#umbreon1" },
				"north": { "uv": [ 7, 7.1875, 9.3125, 7.75 ], "texture": "#umbreon1" },
				"south": { "uv": [ 6.6875, 7.1875, 9, 7.75 ], "texture": "#umbreon1" },
				"west": { "uv": [ 1.625, 7.1875, 3.6875, 7.75 ], "texture": "#umbreon1" },
				"east": { "uv": [ 12.3125, 7.1875, 14.375, 7.75 ], "texture": "#umbreon1" }
			}
		},
		{
			"from": [ 7.25, 5.1875, 9.5625 ],
			"to": [ 8.25, 6.1875, 10.5625 ],
			"rotation": { "origin": [ 7.25, 6.1875, 9.5625 ], "axis": "x", "angle": 22.5 },
			"faces": {
				"down": { "uv": [ 8.5, 11, 7.5, 10 ], "texture": "#umbreon1" },
				"up": { "uv": [ 7.5, 10, 8.5, 11 ], "texture": "#umbreon1" },
				"north": { "uv": [ 7.5, 9, 8.5, 10 ], "texture": "#umbreon1" },
				"south": { "uv": [ 7.5, 9, 8.5, 10 ], "texture": "#umbreon1" },
				"west": { "uv": [ 10, 9, 11, 10 ], "texture": "#umbreon1" },
				"east": { "uv": [ 5, 9, 6, 10 ], "texture": "#umbreon1" }
			}
		},
		{
			"from": [ 6.9375, 5.625, 9.875 ],
			"to": [ 8.5625, 7.4375, 11.5 ],
			"rotation": { "origin": [ 6.9375, 7.4375, 9.875 ], "axis": "x", "angle": 22.5 },
			"faces": {
				"down": { "uv": [ 8.5, 11, 7.5, 10 ], "texture": "#umbreon1" },
				"up": { "uv": [ 7.5, 10, 8.5, 11 ], "texture": "#umbreon1" },
				"north": { "uv": [ 7.5, 9, 8.5, 10 ], "texture": "#umbreon1" },
				"south": { "uv": [ 7.5, 9, 8.5, 10 ], "texture": "#umbreon1" },
				"west": { "uv": [ 10, 9, 11, 10 ], "texture": "#umbreon1" },
				"east": { "uv": [ 5, 9, 6, 10 ], "texture": "#umbreon1" }
			}
		},
		{
			"from": [ 6.6875, 6.1875, 10.378 ],
			"to": [ 8.8125, 9.625, 12.6905 ],
			"rotation": { "origin": [ 6.6875, 9.625, 10.378 ], "axis": "x", "angle": 22.5 },
			"faces": {
				"down": { "uv": [ 8.5, 11, 7.5, 10 ], "texture": "#umbreon1" },
				"up": { "uv": [ 7.5, 10, 8.5, 11 ], "texture": "#umbreon1" },
				"north": { "uv": [ 3, 3.5, 12, 15.5 ], "texture": "#umbreon2" },
				"south": { "uv": [ 3, 3.5, 12, 15.5 ], "texture": "#umbreon2" },
				"west": { "uv": [ 0, 3.5, 8.5, 15.5 ], "texture": "#umbreon2" },
				"east": { "uv": [ 0, 3.5, 8.5, 15 ], "texture": "#umbreon2" }
			}
		},
		{
			"from": [ 6.8125, 8.875, 11.0625 ],
			"to": [ 8.6875, 10.6875, 12.9375 ],
			"rotation": { "origin": [ 6.8125, 10.6875, 11.0625 ], "axis": "x", "angle": 22.5 },
			"faces": {
				"down": { "uv": [ 8.5, 11, 7.5, 10 ], "texture": "#umbreon1" },
				"up": { "uv": [ 7.5, 10, 8.5, 11 ], "texture": "#umbreon1" },
				"north": { "uv": [ 7.5, 9, 8.5, 10 ], "texture": "#umbreon1" },
				"south": { "uv": [ 7.5, 9, 8.5, 10 ], "texture": "#umbreon1" },
				"west": { "uv": [ 10, 9, 11, 10 ], "texture": "#umbreon1" },
				"east": { "uv": [ 5, 9, 6, 10 ], "texture": "#umbreon1" }
			}
		},
		{
			"from": [ 7, 10, 11.5625 ],
			"to": [ 8.4375, 11.3125, 12.9375 ],
			"rotation": { "origin": [ 7, 11.3125, 11.5625 ], "axis": "x", "angle": 22.5 },
			"faces": {
				"down": { "uv": [ 8.5, 11, 7.5, 10 ], "texture": "#umbreon1" },
				"up": { "uv": [ 7.5, 10, 8.5, 11 ], "texture": "#umbreon1" },
				"north": { "uv": [ 7.5, 9, 8.5, 10 ], "texture": "#umbreon1" },
				"south": { "uv": [ 7.5, 9, 8.5, 10 ], "texture": "#umbreon1" },
				"west": { "uv": [ 10, 9, 11, 10 ], "texture": "#umbreon1" },
				"east": { "uv": [ 5, 9, 6, 10 ], "texture": "#umbreon1" }
			}
		},
		{
			"from": [ 7.25, 10.9375, 12.125 ],
			"to": [ 8.1875, 11.9375, 12.9375 ],
			"rotation": { "origin": [ 7.25, 11.9375, 12.125 ], "axis": "x", "angle": 22.5 },
			"faces": {
				"down": { "uv": [ 8.5, 11, 7.5, 10 ], "texture": "#umbreon1" },
				"up": { "uv": [ 7.5, 10, 8.5, 11 ], "texture": "#umbreon1" },
				"north": { "uv": [ 7.5, 9, 8.5, 10 ], "texture": "#umbreon1" },
				"south": { "uv": [ 7.5, 9, 8.5, 10 ], "texture": "#umbreon1" },
				"west": { "uv": [ 10, 9, 11, 10 ], "texture": "#umbreon1" },
				"east": { "uv": [ 5, 9, 6, 10 ], "texture": "#umbreon1" }
			}
		},
		{
			"from": [ 5.1875, 7.5, 2.5625 ],
			"to": [ 6.5, 8.875, 3.875 ],
			"rotation": { "origin": [ 5.1875, 8.875, 2.5625 ], "axis": "z", "angle": 22.5 },
			"faces": {
				"down": { "uv": [ 13, 3.5, 12, 2.5 ], "texture": "#umbreon1" },
				"up": { "uv": [ 3, 2.5, 4, 3.5 ], "texture": "#umbreon1" },
				"north": { "uv": [ 12, 6, 13, 7 ], "texture": "#umbreon1" },
				"south": { "uv": [ 3, 6, 4, 7 ], "texture": "#umbreon1" },
				"west": { "uv": [ 2.5, 6, 3.5, 7 ], "texture": "#umbreon1" },
				"east": { "uv": [ 12.5, 6, 13.5, 7 ], "texture": "#umbreon1" }
			}
		},
		{
			"from": [ 4.6875, 8.1875, 2.4375 ],
			"to": [ 6.3125, 9.625, 4.0625 ],
			"rotation": { "origin": [ 4.6875, 9.625, 2.4375 ], "axis": "z", "angle": 22.5 },
			"faces": {
				"down": { "uv": [ 13, 3.5, 12, 2.5 ], "texture": "#umbreon1" },
				"up": { "uv": [ 3, 2.5, 4, 3.5 ], "texture": "#umbreon1" },
				"north": { "uv": [ 12, 4, 16, 12 ], "texture": "#umbreon2" },
				"south": { "uv": [ 12, 4, 16, 12 ], "texture": "#umbreon2" },
				"west": { "uv": [ 5.5, 4, 9.5, 12 ], "texture": "#umbreon2" },
				"east": { "uv": [ 5, 4, 9, 12 ], "texture": "#umbreon2" }
			}
		},
		{
			"from": [ 4.5625, 8.9375, 2.625 ],
			"to": [ 5.875, 10.3125, 3.9375 ],
			"rotation": { "origin": [ 4.5625, 10.3125, 2.625 ], "axis": "z", "angle": 22.5 },
			"faces": {
				"down": { "uv": [ 13, 3.5, 12, 2.5 ], "texture": "#umbreon1" },
				"up": { "uv": [ 3, 2.5, 4, 3.5 ], "texture": "#umbreon1" },
				"north": { "uv": [ 12, 6, 13, 7 ], "texture": "#umbreon1" },
				"south": { "uv": [ 3, 6, 4, 7 ], "texture": "#umbreon1" },
				"west": { "uv": [ 2.5, 6, 3.5, 7 ], "texture": "#umbreon1" },
				"east": { "uv": [ 12.5, 6, 13.5, 7 ], "texture": "#umbreon1" }
			}
		},
		{
			"from": [ 4.5, 9.875, 2.8125 ],
			"to": [ 5.5, 10.875, 3.8125 ],
			"rotation": { "origin": [ 4.5, 10.875, 2.8125 ], "axis": "z", "angle": 22.5 },
			"faces": {
				"down": { "uv": [ 13, 3.5, 12, 2.5 ], "texture": "#umbreon1" },
				"up": { "uv": [ 3, 2.5, 4, 3.5 ], "texture": "#umbreon1" },
				"north": { "uv": [ 12, 6, 13, 7 ], "texture": "#umbreon1" },
				"south": { "uv": [ 3, 6, 4, 7 ], "texture": "#umbreon1" },
				"west": { "uv": [ 2.5, 6, 3.5, 7 ], "texture": "#umbreon1" },
				"east": { "uv": [ 12.5, 6, 13.5, 7 ], "texture": "#umbreon1" }
			}
		},
		{
			"from": [ 4.5, 10.375, 2.9375 ],
			"to": [ 5.1875, 11.3125, 3.6875 ],
			"rotation": { "origin": [ 4.5, 11.3125, 2.9375 ], "axis": "z", "angle": 22.5 },
			"faces": {
				"down": { "uv": [ 13, 3.5, 12, 2.5 ], "texture": "#umbreon1" },
				"up": { "uv": [ 3, 2.5, 4, 3.5 ], "texture": "#umbreon1" },
				"north": { "uv": [ 12, 6, 13, 7 ], "texture": "#umbreon1" },
				"south": { "uv": [ 3, 6, 4, 7 ], "texture": "#umbreon1" },
				"west": { "uv": [ 2.5, 6, 3.5, 7 ], "texture": "#umbreon1" },
				"east": { "uv": [ 12.5, 6, 13.5, 7 ], "texture": "#umbreon1" }
			}
		},
		{
			"from": [ 6.25, 0.6875, 4 ],
			"to": [ 6.3125, 2.25, 5.0625 ],
			"rotation": { "origin": [ 6.25, 2.25, 4 ], "axis": "x", "angle": -22.5 },
			"faces": {
				"west": { "uv": [ 2, 0, 13, 16 ], "texture": "#umbreon3" }
			}
		},
		{
			"from": [ 5.375, 1.375, 9.125 ],
			"to": [ 5.4375, 2.9375, 10.1875 ],
			"rotation": { "origin": [ 5.375, 2.9375, 9.125 ], "axis": "x", "angle": -22.5 },
			"faces": {
				"west": { "uv": [ 2, 0, 13, 16 ], "texture": "#umbreon3" }
			}
		},
		{
			"from": [ 7.4375, 7.0625, 0.875 ],
			"to": [ 8.375, 8.3125, 0.9375 ],
			"faces": {
				"north": { "uv": [ 2, 0, 13, 16 ], "texture": "#umbreon3" }
			}
		},
		{
			"from": [ 7.625, 6, 0.6875 ],
			"to": [ 8.125, 6.1875, 0.75 ],
			"rotation": { "origin": [ 7.625, 6.1875, 0.6875 ], "axis": "x", "angle": -22.5 },
			"faces": {
				"north": { "uv": [ 1, 6, 10, 9 ], "texture": "#umbreon_face" }
			}
		},
		{
			"from": [ 9.1875, 8, 2.5625 ],
			"to": [ 10.5, 9.375, 3.875 ],
			"rotation": { "origin": [ 9.1875, 9.375, 2.5625 ], "axis": "z", "angle": -22.5 },
			"faces": {
				"down": { "uv": [ 13, 3.5, 12, 2.5 ], "texture": "#umbreon1" },
				"up": { "uv": [ 3, 2.5, 4, 3.5 ], "texture": "#umbreon1" },
				"north": { "uv": [ 12, 6, 13, 7 ], "texture": "#umbreon1" },
				"south": { "uv": [ 3, 6, 4, 7 ], "texture": "#umbreon1" },
				"west": { "uv": [ 2.5, 6, 3.5, 7 ], "texture": "#umbreon1" },
				"east": { "uv": [ 12.5, 6, 13.5, 7 ], "texture": "#umbreon1" }
			}
		},
		{
			"from": [ 9.375, 8.8125, 2.4375 ],
			"to": [ 11, 10.25, 4.0625 ],
			"rotation": { "origin": [ 9.375, 10.25, 2.4375 ], "axis": "z", "angle": -22.5 },
			"faces": {
				"down": { "uv": [ 13, 3.5, 12, 2.5 ], "texture": "#umbreon1" },
				"up": { "uv": [ 3, 2.5, 4, 3.5 ], "texture": "#umbreon1" },
				"north": { "uv": [ 12, 4, 16, 12 ], "texture": "#umbreon2" },
				"south": { "uv": [ 12, 4, 16, 12 ], "texture": "#umbreon2" },
				"west": { "uv": [ 5.5, 4, 9.5, 12 ], "texture": "#umbreon2" },
				"east": { "uv": [ 5, 4, 9, 12 ], "texture": "#umbreon2" }
			}
		},
		{
			"from": [ 9.8125, 9.4375, 2.625 ],
			"to": [ 11.125, 10.8125, 3.9375 ],
			"rotation": { "origin": [ 9.8125, 10.8125, 2.625 ], "axis": "z", "angle": -22.5 },
			"faces": {
				"down": { "uv": [ 13, 3.5, 12, 2.5 ], "texture": "#umbreon1" },
				"up": { "uv": [ 3, 2.5, 4, 3.5 ], "texture": "#umbreon1" },
				"north": { "uv": [ 12, 6, 13, 7 ], "texture": "#umbreon1" },
				"south": { "uv": [ 3, 6, 4, 7 ], "texture": "#umbreon1" },
				"west": { "uv": [ 2.5, 6, 3.5, 7 ], "texture": "#umbreon1" },
				"east": { "uv": [ 12.5, 6, 13.5, 7 ], "texture": "#umbreon1" }
			}
		},
		{
			"from": [ 10.125, 10.25, 2.8125 ],
			"to": [ 11.125, 11.25, 3.8125 ],
			"rotation": { "origin": [ 10.125, 11.25, 2.8125 ], "axis": "z", "angle": -22.5 },
			"faces": {
				"down": { "uv": [ 13, 3.5, 12, 2.5 ], "texture": "#umbreon1" },
				"up": { "uv": [ 3, 2.5, 4, 3.5 ], "texture": "#umbreon1" },
				"north": { "uv": [ 12, 6, 13, 7 ], "texture": "#umbreon1" },
				"south": { "uv": [ 3, 6, 4, 7 ], "texture": "#umbreon1" },
				"west": { "uv": [ 2.5, 6, 3.5, 7 ], "texture": "#umbreon1" },
				"east": { "uv": [ 12.5, 6, 13.5, 7 ], "texture": "#umbreon1" }
			}
		},
		{
			"from": [ 10.4375, 10.625, 2.9375 ],
			"to": [ 11.125, 11.5625, 3.6875 ],
			"rotation": { "origin": [ 10.4375, 11.5625, 2.9375 ], "axis": "z", "angle": -22.5 },
			"faces": {
				"down": { "uv": [ 13, 3.5, 12, 2.5 ], "texture": "#umbreon1" },
				"up": { "uv": [ 3, 2.5, 4, 3.5 ], "texture": "#umbreon1" },
				"north": { "uv": [ 12, 6, 13, 7 ], "texture": "#umbreon1" },
				"south": { "uv": [ 3, 6, 4, 7 ], "texture": "#umbreon1" },
				"west": { "uv": [ 2.5, 6, 3.5, 7 ], "texture": "#umbreon1" },
				"east": { "uv": [ 12.5, 6, 13.5, 7 ], "texture": "#umbreon1" }
			}
		},
		{
			"from": [ 9.3125, 0.7184, 4 ],
			"to": [ 9.375, 2.2809, 5.0625 ],
			"rotation": { "origin": [ 9.3125, 2.2809, 4 ], "axis": "x", "angle": -22.5 },
			"faces": {
				"east": { "uv": [ 2, 0, 13, 16 ], "texture": "#umbreon3" }
			}
		},
		{
			"from": [ 6.375, 7.625, 2.75 ],
			"to": [ 8.3125, 8.625, 3.75 ],
			"rotation": { "origin": [ 6.375, 8.625, 2.75 ], "axis": "z", "angle": -45 },
			"faces": {
				"down": { "uv": [ 13, 3.5, 12, 2.5 ], "texture": "#umbreon1" },
				"up": { "uv": [ 3, 2.5, 4, 3.5 ], "texture": "#umbreon1" },
				"north": { "uv": [ 12, 6, 13, 7 ], "texture": "#umbreon1" },
				"south": { "uv": [ 3, 6, 4, 7 ], "texture": "#umbreon1" },
				"west": { "uv": [ 2.5, 6, 3.5, 7 ], "texture": "#umbreon1" },
				"east": { "uv": [ 12.5, 6, 13.5, 7 ], "texture": "#umbreon1" }
			}
		},
		{
			"from": [ 7.875, 6.25, 2.75 ],
			"to": [ 9.8125, 7.25, 3.75 ],
			"rotation": { "origin": [ 7.875, 7.25, 2.75 ], "axis": "z", "angle": 45 },
			"faces": {
				"down": { "uv": [ 13, 3.5, 12, 2.5 ], "texture": "#umbreon1" },
				"up": { "uv": [ 3, 2.5, 4, 3.5 ], "texture": "#umbreon1" },
				"north": { "uv": [ 12, 6, 13, 7 ], "texture": "#umbreon1" },
				"south": { "uv": [ 3, 6, 4, 7 ], "texture": "#umbreon1" },
				"west": { "uv": [ 2.5, 6, 3.5, 7 ], "texture": "#umbreon1" },
				"east": { "uv": [ 12.5, 6, 13.5, 7 ], "texture": "#umbreon1" }
			}
		},
		{
			"from": [ 10.25, 1.375, 9.125 ],
			"to": [ 10.3125, 2.9375, 10.1875 ],
			"rotation": { "origin": [ 10.25, 2.9375, 9.125 ], "axis": "x", "angle": -22.5 },
			"faces": {
				"east": { "uv": [ 2, 0, 13, 16 ], "texture": "#umbreon3" }
			}
		}
	],
	"display": {
		"thirdperson_righthand": {
			"rotation":  [ 70, 0, 0 ],
			"translation":  [ -5.75, -13.5, 10.75 ],
			"scale":  [ 2.2, 2.2, 2.2 ]
		},
		"thirdperson_lefthand": {
			"rotation":  [ 70, 0, 0 ],
			"translation":  [ -6.5, -13.5, 10.75 ],
			"scale":  [ 2.2, 2.2, 2.2 ]
		},
		"head": {
			"translation":  [ 0, -16, 18 ],
			"scale":  [ 3.5, 3.6, 3.5 ]
		},
		"firstperson_righthand": {
			"scale":  [ 0, 0, 0 ]
		},
		"firstperson_lefthand": {
			"scale":  [ 0, 0, 0 ]
		},
		"gui": {
			"scale":  [ 0, 0, 0 ]
		},
		"ground": {
			"scale":  [ 0, 0, 0 ]
		}
	}
}