{
"__comment": "Designed by Samasaurus6 with BDcraft Cubik PRO 0.96 Beta - http://bdcraft.net",
"elements": [ 
{
    "__comment": "Body",
    "from": [ 5.5, 6, 6.5 ],
    "to": [ 8.5, 10, 9.5 ],
    "faces": {
        "down":  { "uv": [ 10.5, 9.5, 7, 6.5 ], "texture": "#scizor_main" },
        "up":    { "uv": [ 1, 6, 6.5, 9 ], "rotation": 90, "texture": "#scizor_main" },
        "north": { "uv": [ 7, 6.5, 10.5, 10.5 ], "texture": "#scizor_main" },
        "south": { "uv": [ 6.5, 7.5, 10, 11.5 ], "texture": "#scizor_main" },
        "west":  { "uv": [ 1, 9, 6.5, 15 ], "texture": "#scizor_main" },
        "east":  { "uv": [ 6.5, 6.5, 9.5, 10.5 ], "texture": "#scizor_main" }
    }
},
{
    "__comment": "Body",
    "from": [ 6, 5, 7 ],
    "to": [ 8, 10.5, 9 ],
    "faces": {
        "down":  { "uv": [ 10.5, 9.5, 7, 6.5 ], "texture": "#scizor_main" },
        "up":    { "uv": [ 7, 10.5, 10.5, 13.5 ], "texture": "#scizor_main" },
        "north": { "uv": [ 7, 6.5, 10.5, 10.5 ], "texture": "#scizor_main" },
        "south": { "uv": [ 6.5, 7.5, 10, 11.5 ], "texture": "#scizor_main" },
        "west":  { "uv": [ 2.5, 8, 5, 15 ], "texture": "#scizor_main" },
        "east":  { "uv": [ 6.5, 6.5, 9.5, 10.5 ], "texture": "#scizor_main" }
    }
},
{
    "__comment": "Body",
    "from": [ 5.75, 7, 6.25 ],
    "to": [ 8.25, 9.5, 9.75 ],
    "faces": {
        "down":  { "uv": [ 10.5, 9.5, 7, 6.5 ], "texture": "#scizor_main" },
        "up":    { "uv": [ 7, 10.5, 10.5, 13.5 ], "texture": "#scizor_main" },
        "north": { "uv": [ 7, 6.5, 10.5, 10.5 ], "texture": "#scizor_main" },
        "south": { "uv": [ 6.5, 7.5, 10, 11.5 ], "texture": "#scizor_main" },
        "west":  { "uv": [ 6.5, 6.5, 9.5, 10.5 ], "texture": "#scizor_main" },
        "east":  { "uv": [ 6.5, 6.5, 9.5, 10.5 ], "texture": "#scizor_main" }
    }
},
{
    "__comment": "Body",
    "from": [ 5.75, 4.9375, 6.75 ],
    "to": [ 8.25, 7.4375, 9.25 ],
    "faces": {
        "down":  { "uv": [ 10.5, 9.5, 7, 6.5 ], "texture": "#scizor_main" },
        "up":    { "uv": [ 7, 10.5, 10.5, 13.5 ], "texture": "#scizor_main" },
        "north": { "uv": [ 7, 6.5, 10.5, 10.5 ], "texture": "#scizor_main" },
        "south": { "uv": [ 6.5, 7.5, 10, 11.5 ], "texture": "#scizor_main" },
        "west":  { "uv": [ 6.5, 6.5, 9.5, 10.5 ], "texture": "#scizor_main" },
        "east":  { "uv": [ 6.5, 6.5, 9.5, 10.5 ], "texture": "#scizor_main" }
    }
},
{
    "__comment": "Legs",
    "from": [ 6.25, 8, 9.5 ],
    "to": [ 7.75, 9.5, 11.5 ],
    "faces": {
        "down":  { "uv": [ 10.5, 9.5, 7, 6.5 ], "texture": "#scizor_main" },
        "up":    { "uv": [ 7, 10.5, 10.5, 13.5 ], "texture": "#scizor_main" },
        "north": { "uv": [ 7, 6.5, 10.5, 10.5 ], "texture": "#scizor_main" },
        "south": { "uv": [ 6.5, 7.5, 10, 11.5 ], "texture": "#scizor_main" },
        "west":  { "uv": [ 6.5, 6.5, 9.5, 10.5 ], "texture": "#scizor_main" },
        "east":  { "uv": [ 6.5, 6.5, 9.5, 10.5 ], "texture": "#scizor_main" }
    }
},
{
    "__comment": "Legs",
    "from": [ 6.5, 8.125, 10.5 ],
    "to": [ 7.5, 9.125, 12 ],
    "faces": {
        "down":  { "uv": [ 10.5, 9.5, 7, 6.5 ], "texture": "#scizor_main" },
        "up":    { "uv": [ 7, 10.5, 10.5, 13.5 ], "texture": "#scizor_main" },
        "north": { "uv": [ 7, 6.5, 10.5, 10.5 ], "texture": "#scizor_main" },
        "south": { "uv": [ 6.5, 7.5, 10, 11.5 ], "texture": "#scizor_main" },
        "west":  { "uv": [ 6.5, 6.5, 9.5, 10.5 ], "texture": "#scizor_main" },
        "east":  { "uv": [ 6.5, 6.5, 9.5, 10.5 ], "texture": "#scizor_main" }
    }
},
{
    "__comment": "Legs",
    "from": [ 6.25, 8, 4.5 ],
    "to": [ 7.75, 9.5, 6.5 ],
    "faces": {
        "down":  { "uv": [ 10.5, 9.5, 7, 6.5 ], "texture": "#scizor_main" },
        "up":    { "uv": [ 7, 10.5, 10.5, 13.5 ], "texture": "#scizor_main" },
        "north": { "uv": [ 7, 6.5, 10.5, 10.5 ], "texture": "#scizor_main" },
        "south": { "uv": [ 6.5, 7.5, 10, 11.5 ], "texture": "#scizor_main" },
        "west":  { "uv": [ 6.5, 6.5, 9.5, 10.5 ], "texture": "#scizor_main" },
        "east":  { "uv": [ 6.5, 6.5, 9.5, 10.5 ], "texture": "#scizor_main" }
    }
},
{
    "__comment": "Legs",
    "from": [ 6.5, 8.125, 4 ],
    "to": [ 7.5, 9.125, 5.5 ],
    "faces": {
        "down":  { "uv": [ 10.5, 9.5, 7, 6.5 ], "texture": "#scizor_main" },
        "up":    { "uv": [ 7, 10.5, 10.5, 13.5 ], "texture": "#scizor_main" },
        "north": { "uv": [ 7, 6.5, 10.5, 10.5 ], "texture": "#scizor_main" },
        "south": { "uv": [ 6.5, 7.5, 10, 11.5 ], "texture": "#scizor_main" },
        "west":  { "uv": [ 6.5, 6.5, 9.5, 10.5 ], "texture": "#scizor_main" },
        "east":  { "uv": [ 6.5, 6.5, 9.5, 10.5 ], "texture": "#scizor_main" }
    }
},
{
    "__comment": "Legs",
    "from": [ 6.6375, 5.875, 5.125 ],
    "to": [ 7.2625, 8, 5.9375 ],
    "faces": {
        "down":  { "uv": [ 10.5, 9.5, 7, 6.5 ], "texture": "#scizor_main" },
        "up":    { "uv": [ 7, 10.5, 10.5, 13.5 ], "texture": "#scizor_main" },
        "north": { "uv": [ 7, 6.5, 10.5, 10.5 ], "texture": "#scizor_main" },
        "south": { "uv": [ 6.5, 7.5, 10, 11.5 ], "texture": "#scizor_main" },
        "west":  { "uv": [ 6.5, 6.5, 9.5, 10.5 ], "texture": "#scizor_main" },
        "east":  { "uv": [ 6.5, 6.5, 9.5, 10.5 ], "texture": "#scizor_main" }
    }
},
{
    "__comment": "Legs",
    "from": [ 6.3875, 2, 4.5625 ],
    "to": [ 7.5125, 5.5, 6.5625 ],
    "faces": {
        "down":  { "uv": [ 10.5, 9.5, 7, 6.5 ], "texture": "#scizor_main" },
        "up":    { "uv": [ 7, 10.5, 10.5, 13.5 ], "texture": "#scizor_main" },
        "north": { "uv": [ 7, 6.5, 10.5, 10.5 ], "texture": "#scizor_main" },
        "south": { "uv": [ 6.5, 7.5, 10, 11.5 ], "texture": "#scizor_main" },
        "west":  { "uv": [ 6.5, 6.5, 9.5, 10.5 ], "texture": "#scizor_main" },
        "east":  { "uv": [ 6.5, 6.5, 9.5, 10.5 ], "texture": "#scizor_main" }
    }
},
{
    "__comment": "Legs",
    "from": [ 6.2625, 2, 5 ],
    "to": [ 7.7, 5, 6 ],
    "faces": {
        "down":  { "uv": [ 10.5, 9.5, 7, 6.5 ], "texture": "#scizor_main" },
        "up":    { "uv": [ 7, 10.5, 10.5, 13.5 ], "texture": "#scizor_main" },
        "north": { "uv": [ 7, 6.5, 10.5, 10.5 ], "texture": "#scizor_main" },
        "south": { "uv": [ 6.5, 7.5, 10, 11.5 ], "texture": "#scizor_main" },
        "west":  { "uv": [ 6.5, 6.5, 9.5, 10.5 ], "texture": "#scizor_main" },
        "east":  { "uv": [ 6.5, 6.5, 9.5, 10.5 ], "texture": "#scizor_main" }
    }
},
{
    "__comment": "Legs",
    "from": [ 6.45, 1.5, 4.75 ],
    "to": [ 7.45, 6, 6.25 ],
    "faces": {
        "down":  { "uv": [ 10.5, 9.5, 7, 6.5 ], "texture": "#scizor_main" },
        "up":    { "uv": [ 7, 10.5, 10.5, 13.5 ], "texture": "#scizor_main" },
        "north": { "uv": [ 7, 6.5, 10.5, 10.5 ], "texture": "#scizor_main" },
        "south": { "uv": [ 6.5, 7.5, 10, 11.5 ], "texture": "#scizor_main" },
        "west":  { "uv": [ 6.5, 6.5, 9.5, 10.5 ], "texture": "#scizor_main" },
        "east":  { "uv": [ 6.5, 6.5, 9.5, 10.5 ], "texture": "#scizor_main" }
    }
},
{
    "__comment": "Toes?",
    "from": [ 5.75, 1.25, 5.3125 ],
    "to": [ 6.75, 1.75, 5.8125 ],
    "faces": {
        "down":  { "uv": [ 0, 0, 1.5, 1.5 ], "texture": "#scizor_main" },
        "up":    { "uv": [ 0, 0, 1.5, 1.5 ], "texture": "#scizor_main" },
        "north": { "uv": [ 0, 0, 1.5, 1.5 ], "texture": "#scizor_main" },
        "south": { "uv": [ 0, 0, 1.5, 1.5 ], "texture": "#scizor_main" },
        "west":  { "uv": [ 0, 0, 1.5, 1.5 ], "texture": "#scizor_main" },
        "east":  { "uv": [ 0, 0, 1.5, 1.5 ], "texture": "#scizor_main" }
    }
},
{
    "__comment": "Toes?",
    "from": [ 5.375, 1.0625, 5.1875 ],
    "to": [ 7.875, 1.5625, 5.9375 ],
    "faces": {
        "down":  { "uv": [ 0, 0, 1.5, 1.5 ], "texture": "#scizor_main" },
        "up":    { "uv": [ 0, 0, 1.5, 1.5 ], "texture": "#scizor_main" },
        "north": { "uv": [ 0, 0, 1.5, 1.5 ], "texture": "#scizor_main" },
        "south": { "uv": [ 0, 0, 1.5, 1.5 ], "texture": "#scizor_main" },
        "west":  { "uv": [ 0, 0, 1.5, 1.5 ], "texture": "#scizor_main" },
        "east":  { "uv": [ 0, 0, 1.5, 1.5 ], "texture": "#scizor_main" }
    }
},
{
    "__comment": "Legs",
    "from": [ 6.6375, 5.875, 10.125 ],
    "to": [ 7.2625, 8, 10.9375 ],
    "faces": {
        "down":  { "uv": [ 10.5, 9.5, 7, 6.5 ], "texture": "#scizor_main" },
        "up":    { "uv": [ 7, 10.5, 10.5, 13.5 ], "texture": "#scizor_main" },
        "north": { "uv": [ 7, 6.5, 10.5, 10.5 ], "texture": "#scizor_main" },
        "south": { "uv": [ 6.5, 7.5, 10, 11.5 ], "texture": "#scizor_main" },
        "west":  { "uv": [ 6.5, 6.5, 9.5, 10.5 ], "texture": "#scizor_main" },
        "east":  { "uv": [ 6.5, 6.5, 9.5, 10.5 ], "texture": "#scizor_main" }
    }
},
{
    "__comment": "Legs",
    "from": [ 6.3875, 2, 9.5625 ],
    "to": [ 7.5125, 5.5, 11.5625 ],
    "faces": {
        "down":  { "uv": [ 10.5, 9.5, 7, 6.5 ], "texture": "#scizor_main" },
        "up":    { "uv": [ 7, 10.5, 10.5, 13.5 ], "texture": "#scizor_main" },
        "north": { "uv": [ 7, 6.5, 10.5, 10.5 ], "texture": "#scizor_main" },
        "south": { "uv": [ 6.5, 7.5, 10, 11.5 ], "texture": "#scizor_main" },
        "west":  { "uv": [ 6.5, 6.5, 9.5, 10.5 ], "texture": "#scizor_main" },
        "east":  { "uv": [ 6.5, 6.5, 9.5, 10.5 ], "texture": "#scizor_main" }
    }
},
{
    "__comment": "Legs",
    "from": [ 6.2625, 2, 10 ],
    "to": [ 7.7, 5, 11 ],
    "faces": {
        "down":  { "uv": [ 10.5, 9.5, 7, 6.5 ], "texture": "#scizor_main" },
        "up":    { "uv": [ 7, 10.5, 10.5, 13.5 ], "texture": "#scizor_main" },
        "north": { "uv": [ 7, 6.5, 10.5, 10.5 ], "texture": "#scizor_main" },
        "south": { "uv": [ 6.5, 7.5, 10, 11.5 ], "texture": "#scizor_main" },
        "west":  { "uv": [ 6.5, 6.5, 9.5, 10.5 ], "texture": "#scizor_main" },
        "east":  { "uv": [ 6.5, 6.5, 9.5, 10.5 ], "texture": "#scizor_main" }
    }
},
{
    "__comment": "Legs",
    "from": [ 6.45, 1.5, 9.75 ],
    "to": [ 7.45, 6, 11.25 ],
    "faces": {
        "down":  { "uv": [ 10.5, 9.5, 7, 6.5 ], "texture": "#scizor_main" },
        "up":    { "uv": [ 7, 10.5, 10.5, 13.5 ], "texture": "#scizor_main" },
        "north": { "uv": [ 7, 6.5, 10.5, 10.5 ], "texture": "#scizor_main" },
        "south": { "uv": [ 6.5, 7.5, 10, 11.5 ], "texture": "#scizor_main" },
        "west":  { "uv": [ 6.5, 6.5, 9.5, 10.5 ], "texture": "#scizor_main" },
        "east":  { "uv": [ 6.5, 6.5, 9.5, 10.5 ], "texture": "#scizor_main" }
    }
},
{
    "__comment": "Toes?",
    "from": [ 5.75, 1.25, 10.1875 ],
    "to": [ 6.75, 1.75, 10.6875 ],
    "faces": {
        "down":  { "uv": [ 0, 0, 1.5, 1.5 ], "texture": "#scizor_main" },
        "up":    { "uv": [ 0, 0, 1.5, 1.5 ], "texture": "#scizor_main" },
        "north": { "uv": [ 0, 0, 1.5, 1.5 ], "texture": "#scizor_main" },
        "south": { "uv": [ 0, 0, 1.5, 1.5 ], "texture": "#scizor_main" },
        "west":  { "uv": [ 0, 0, 1.5, 1.5 ], "texture": "#scizor_main" },
        "east":  { "uv": [ 0, 0, 1.5, 1.5 ], "texture": "#scizor_main" }
    }
},
{
    "__comment": "Toes?",
    "from": [ 5.375, 1.0625, 10.0625 ],
    "to": [ 7.875, 1.5625, 10.8125 ],
    "faces": {
        "down":  { "uv": [ 0, 0, 1.5, 1.5 ], "texture": "#scizor_main" },
        "up":    { "uv": [ 0, 0, 1.5, 1.5 ], "texture": "#scizor_main" },
        "north": { "uv": [ 0, 0, 1.5, 1.5 ], "texture": "#scizor_main" },
        "south": { "uv": [ 0, 0, 1.5, 1.5 ], "texture": "#scizor_main" },
        "west":  { "uv": [ 0, 0, 1.5, 1.5 ], "texture": "#scizor_main" },
        "east":  { "uv": [ 0, 0, 1.5, 1.5 ], "texture": "#scizor_main" }
    }
},
{
    "__comment": "Body",
    "from": [ 6.25, 10, 7.25 ],
    "to": [ 7.75, 12, 8.75 ],
    "faces": {
        "down":  { "uv": [ 10.5, 9.5, 7, 6.5 ], "texture": "#scizor_main" },
        "up":    { "uv": [ 7, 10.5, 10.5, 13.5 ], "texture": "#scizor_main" },
        "north": { "uv": [ 7, 6.5, 10.5, 10.5 ], "texture": "#scizor_main" },
        "south": { "uv": [ 6.5, 7.5, 10, 11.5 ], "texture": "#scizor_main" },
        "west":  { "uv": [ 6.5, 6.5, 9.5, 10.5 ], "texture": "#scizor_main" },
        "east":  { "uv": [ 6.5, 6.5, 9.5, 10.5 ], "texture": "#scizor_main" }
    }
},
{
    "__comment": "Body",
    "from": [ 5.75, 11.45, 6.2 ],
    "to": [ 8.45, 14.45, 9.7 ],
    "faces": {
        "down":  { "uv": [ 10.5, 9.5, 7, 6.5 ], "texture": "#scizor_main" },
        "up":    { "uv": [ 10.5, 0, 16, 3.5 ], "rotation": 90, "texture": "#scizor_main" },
        "north": { "uv": [ 7.5, 6, 11, 10 ], "texture": "#scizor_main" },
        "south": { "uv": [ 6.5, 7.5, 10, 11.5 ], "texture": "#scizor_main" },
        "west":  { "uv": [ 10.5, 5.5, 16, 12 ], "texture": "#scizor_main" },
        "east":  { "uv": [ 6.5, 6.5, 9.5, 10.5 ], "texture": "#scizor_main" }
    }
},
{
    "__comment": "Body",
    "from": [ 5.3125, 12, 6.6875 ],
    "to": [ 8.9125, 14, 9.1875 ],
    "faces": {
        "down":  { "uv": [ 10.5, 9.5, 7, 6.5 ], "texture": "#scizor_main" },
        "up":    { "uv": [ 11, 0, 15.5, 7 ], "rotation": 90, "texture": "#scizor_main" },
        "north": { "uv": [ 6.5, 7.5, 10, 11.5 ], "texture": "#scizor_main" },
        "south": { "uv": [ 6.5, 7.5, 10, 11.5 ], "texture": "#scizor_main" },
        "west":  { "uv": [ 11, 5.5, 15.5, 10 ], "texture": "#scizor_main" },
        "east":  { "uv": [ 7, 6, 11.5, 10.5 ], "texture": "#scizor_main" }
    }
},
{
    "__comment": "Body",
    "from": [ 6.25, 10.875, 6.75 ],
    "to": [ 8.05, 14.875, 9.25 ],
    "faces": {
        "down":  { "uv": [ 10.5, 9.5, 7, 6.5 ], "texture": "#scizor_main" },
        "up":    { "uv": [ 7, 10.5, 10.5, 13.5 ], "texture": "#scizor_main" },
        "north": { "uv": [ 7, 6.5, 10.5, 10.5 ], "texture": "#scizor_main" },
        "south": { "uv": [ 6.5, 7.5, 10, 11.5 ], "texture": "#scizor_main" },
        "west":  { "uv": [ 6.5, 6.5, 9.5, 10.5 ], "texture": "#scizor_main" },
        "east":  { "uv": [ 6.5, 6.5, 9.5, 10.5 ], "texture": "#scizor_main" }
    }
},
{
    "__comment": "Arms",
    "from": [ 6.65, 13.8312, 5.3 ],
    "to": [ 7.55, 14.7312, 10.7 ],
    "faces": {
        "down":  { "uv": [ 10.5, 9.5, 7, 6.5 ], "texture": "#scizor_main" },
        "up":    { "uv": [ 7, 10.5, 10.5, 13.5 ], "texture": "#scizor_main" },
        "north": { "uv": [ 7, 6.5, 10.5, 10.5 ], "texture": "#scizor_main" },
        "south": { "uv": [ 6.5, 7.5, 10, 11.5 ], "texture": "#scizor_main" },
        "west":  { "uv": [ 6.5, 6.5, 9.5, 10.5 ], "texture": "#scizor_main" },
        "east":  { "uv": [ 6.5, 6.5, 9.5, 10.5 ], "texture": "#scizor_main" }
    }
},
{
    "__comment": "Arms",
    "from": [ 6.2, 13.55, 9.8 ],
    "to": [ 8, 14.9, 11.6 ],
    "rotation": { "origin": [ 6.2, 14.9, 9.8 ], "axis": "x", "angle": -22.5 },
    "faces": {
        "down":  { "uv": [ 10.5, 9.5, 7, 6.5 ], "texture": "#scizor_main" },
        "up":    { "uv": [ 7, 10.5, 10.5, 13.5 ], "texture": "#scizor_main" },
        "north": { "uv": [ 7, 6.5, 10.5, 10.5 ], "texture": "#scizor_main" },
        "south": { "uv": [ 6.5, 7.5, 10, 11.5 ], "texture": "#scizor_main" },
        "west":  { "uv": [ 6.5, 6.5, 9.5, 10.5 ], "texture": "#scizor_main" },
        "east":  { "uv": [ 6.5, 6.5, 9.5, 10.5 ], "texture": "#scizor_main" }
    }
},
{
    "__comment": "Arms",
    "from": [ 6.2, 14.2813, 4.56875 ],
    "to": [ 8, 15.6313, 6.36875 ],
    "rotation": { "origin": [ 6.2, 15.6313, 4.56875 ], "axis": "x", "angle": 22.5 },
    "faces": {
        "down":  { "uv": [ 10.5, 9.5, 7, 6.5 ], "texture": "#scizor_main" },
        "up":    { "uv": [ 7, 10.5, 10.5, 13.5 ], "texture": "#scizor_main" },
        "north": { "uv": [ 7, 6.5, 10.5, 10.5 ], "texture": "#scizor_main" },
        "south": { "uv": [ 6.5, 7.5, 10, 11.5 ], "texture": "#scizor_main" },
        "west":  { "uv": [ 6.5, 6.5, 9.5, 10.5 ], "texture": "#scizor_main" },
        "east":  { "uv": [ 6.5, 6.5, 9.5, 10.5 ], "texture": "#scizor_main" }
    }
},
{
    "__comment": "Arms",
    "from": [ 6.65, 14.1125, 10.5313 ],
    "to": [ 7.55, 15.0125, 11.8813 ],
    "rotation": { "origin": [ 6.65, 15.0125, 10.5313 ], "axis": "x", "angle": -22.5 },
    "faces": {
        "down":  { "uv": [ 10.5, 9.5, 7, 6.5 ], "texture": "#scizor_main" },
        "up":    { "uv": [ 7, 10.5, 10.5, 13.5 ], "texture": "#scizor_main" },
        "north": { "uv": [ 7, 6.5, 10.5, 10.5 ], "texture": "#scizor_main" },
        "south": { "uv": [ 6.5, 7.5, 10, 11.5 ], "texture": "#scizor_main" },
        "west":  { "uv": [ 6.5, 6.5, 9.5, 10.5 ], "texture": "#scizor_main" },
        "east":  { "uv": [ 6.5, 6.5, 9.5, 10.5 ], "texture": "#scizor_main" }
    }
},
{
    "__comment": "Arms",
    "from": [ 6.65, 14.6188, 4.23125 ],
    "to": [ 7.55, 15.5188, 5.58125 ],
    "rotation": { "origin": [ 6.65, 15.5188, 4.23125 ], "axis": "x", "angle": 22.5 },
    "faces": {
        "down":  { "uv": [ 10.5, 9.5, 7, 6.5 ], "texture": "#scizor_main" },
        "up":    { "uv": [ 7, 10.5, 10.5, 13.5 ], "texture": "#scizor_main" },
        "north": { "uv": [ 7, 6.5, 10.5, 10.5 ], "texture": "#scizor_main" },
        "south": { "uv": [ 6.5, 7.5, 10, 11.5 ], "texture": "#scizor_main" },
        "west":  { "uv": [ 6.5, 6.5, 9.5, 10.5 ], "texture": "#scizor_main" },
        "east":  { "uv": [ 6.5, 6.5, 9.5, 10.5 ], "texture": "#scizor_main" }
    }
},
{
    "__comment": "Arms",
    "from": [ 6.65, 13.3813, 9.96875 ],
    "to": [ 7.55, 15.1813, 11.3188 ],
    "rotation": { "origin": [ 6.65, 15.1813, 9.96875 ], "axis": "x", "angle": -22.5 },
    "faces": {
        "down":  { "uv": [ 10.5, 9.5, 7, 6.5 ], "texture": "#scizor_main" },
        "up":    { "uv": [ 7, 10.5, 10.5, 13.5 ], "texture": "#scizor_main" },
        "north": { "uv": [ 7, 6.5, 10.5, 10.5 ], "texture": "#scizor_main" },
        "south": { "uv": [ 6.5, 7.5, 10, 11.5 ], "texture": "#scizor_main" },
        "west":  { "uv": [ 6.5, 6.5, 9.5, 10.5 ], "texture": "#scizor_main" },
        "east":  { "uv": [ 6.5, 6.5, 9.5, 10.5 ], "texture": "#scizor_main" }
    }
},
{
    "__comment": "Arms",
    "from": [ 6.65, 13.9438, 4.85 ],
    "to": [ 7.55, 15.7438, 6.2 ],
    "rotation": { "origin": [ 6.65, 15.7438, 4.85 ], "axis": "x", "angle": 22.5 },
    "faces": {
        "down":  { "uv": [ 10.5, 9.5, 7, 6.5 ], "texture": "#scizor_main" },
        "up":    { "uv": [ 7, 10.5, 10.5, 13.5 ], "texture": "#scizor_main" },
        "north": { "uv": [ 7, 6.5, 10.5, 10.5 ], "texture": "#scizor_main" },
        "south": { "uv": [ 6.5, 7.5, 10, 11.5 ], "texture": "#scizor_main" },
        "west":  { "uv": [ 6.5, 6.5, 9.5, 10.5 ], "texture": "#scizor_main" },
        "east":  { "uv": [ 6.5, 6.5, 9.5, 10.5 ], "texture": "#scizor_main" }
    }
},
{
    "__comment": "Arms",
    "from": [ 6.7625, 11.9187, 10.9812 ],
    "to": [ 7.49375, 13.7188, 11.6563 ],
    "rotation": { "origin": [ 6.7625, 13.7188, 10.9812 ], "axis": "x", "angle": -22.5 },
    "faces": {
        "down":  { "uv": [ 10.5, 9.5, 7, 6.5 ], "texture": "#scizor_main" },
        "up":    { "uv": [ 7, 10.5, 10.5, 13.5 ], "texture": "#scizor_main" },
        "north": { "uv": [ 7, 6.5, 10.5, 10.5 ], "texture": "#scizor_main" },
        "south": { "uv": [ 6.5, 7.5, 10, 11.5 ], "texture": "#scizor_main" },
        "west":  { "uv": [ 6.5, 6.5, 9.5, 10.5 ], "texture": "#scizor_main" },
        "east":  { "uv": [ 6.5, 6.5, 9.5, 10.5 ], "texture": "#scizor_main" }
    }
},
{
    "__comment": "Arms",
    "from": [ 6.7625, 12.2, 4.4 ],
    "to": [ 7.49375, 14, 5.075 ],
    "rotation": { "origin": [ 6.7625, 14, 4.4 ], "axis": "x", "angle": 22.5 },
    "faces": {
        "down":  { "uv": [ 10.5, 9.5, 7, 6.5 ], "texture": "#scizor_main" },
        "up":    { "uv": [ 7, 10.5, 10.5, 13.5 ], "texture": "#scizor_main" },
        "north": { "uv": [ 7, 6.5, 10.5, 10.5 ], "texture": "#scizor_main" },
        "south": { "uv": [ 6.5, 7.5, 10, 11.5 ], "texture": "#scizor_main" },
        "west":  { "uv": [ 6.5, 6.5, 9.5, 10.5 ], "texture": "#scizor_main" },
        "east":  { "uv": [ 6.5, 6.5, 9.5, 10.5 ], "texture": "#scizor_main" }
    }
},
{
    "__comment": "Arms",
    "from": [ 6.81875, 10.1188, 11.5437 ],
    "to": [ 7.49375, 12.3125, 12.3312 ],
    "rotation": { "origin": [ 6.81875, 12.3125, 11.5437 ], "axis": "z", "angle": -45 },
    "faces": {
        "down":  { "uv": [ 10.5, 9.5, 7, 6.5 ], "texture": "#scizor_main" },
        "up":    { "uv": [ 7, 10.5, 10.5, 13.5 ], "texture": "#scizor_main" },
        "north": { "uv": [ 7, 6.5, 10.5, 10.5 ], "texture": "#scizor_main" },
        "south": { "uv": [ 6.5, 7.5, 10, 11.5 ], "texture": "#scizor_main" },
        "west":  { "uv": [ 6.5, 6.5, 9.5, 10.5 ], "texture": "#scizor_main" },
        "east":  { "uv": [ 6.5, 6.5, 9.5, 10.5 ], "texture": "#scizor_main" }
    }
},
{
    "__comment": "Arms",
    "from": [ 6.70625, 11.8625, 11.6 ],
    "to": [ 7.49375, 12.3125, 12.3312 ],
    "faces": {
        "down":  { "uv": [ 10.5, 9.5, 7, 6.5 ], "texture": "#scizor_main" },
        "up":    { "uv": [ 7, 10.5, 10.5, 13.5 ], "texture": "#scizor_main" },
        "north": { "uv": [ 7, 6.5, 10.5, 10.5 ], "texture": "#scizor_main" },
        "south": { "uv": [ 6.5, 7.5, 10, 11.5 ], "texture": "#scizor_main" },
        "west":  { "uv": [ 6.5, 6.5, 9.5, 10.5 ], "texture": "#scizor_main" },
        "east":  { "uv": [ 6.5, 6.5, 9.5, 10.5 ], "texture": "#scizor_main" }
    }
},
{
    "__comment": "Arms",
    "from": [ 6.70625, 11.8625, 3.66875 ],
    "to": [ 7.49375, 12.3125, 4.4 ],
    "faces": {
        "down":  { "uv": [ 10.5, 9.5, 7, 6.5 ], "texture": "#scizor_main" },
        "up":    { "uv": [ 7, 10.5, 10.5, 13.5 ], "texture": "#scizor_main" },
        "north": { "uv": [ 7, 6.5, 10.5, 10.5 ], "texture": "#scizor_main" },
        "south": { "uv": [ 6.5, 7.5, 10, 11.5 ], "texture": "#scizor_main" },
        "west":  { "uv": [ 6.5, 6.5, 9.5, 10.5 ], "texture": "#scizor_main" },
        "east":  { "uv": [ 6.5, 6.5, 9.5, 10.5 ], "texture": "#scizor_main" }
    }
},
{
    "__comment": "Arms",
    "from": [ 6.81875, 10.1188, 3.66875 ],
    "to": [ 7.49375, 12.3125, 4.45625 ],
    "rotation": { "origin": [ 6.81875, 12.3125, 3.66875 ], "axis": "z", "angle": -45 },
    "faces": {
        "down":  { "uv": [ 10.5, 9.5, 7, 6.5 ], "texture": "#scizor_main" },
        "up":    { "uv": [ 7, 10.5, 10.5, 13.5 ], "texture": "#scizor_main" },
        "north": { "uv": [ 7, 6.5, 10.5, 10.5 ], "texture": "#scizor_main" },
        "south": { "uv": [ 6.5, 7.5, 10, 11.5 ], "texture": "#scizor_main" },
        "west":  { "uv": [ 6.5, 6.5, 9.5, 10.5 ], "texture": "#scizor_main" },
        "east":  { "uv": [ 6.5, 6.5, 9.5, 10.5 ], "texture": "#scizor_main" }
    }
},
{
    "__comment": "Body",
    "from": [ 8.5, 14, 9.1875 ],
    "to": [ 9.4, 18.5, 10.0875 ],
    "rotation": { "origin": [ 8.5, 18.5, 9.1875 ], "axis": "z", "angle": -22.5 },
    "faces": {
        "down":  { "uv": [ 10.5, 9.5, 7, 6.5 ], "texture": "#scizor_main" },
        "up":    { "uv": [ 7, 10.5, 10.5, 13.5 ], "texture": "#scizor_main" },
        "north": { "uv": [ 7, 6.5, 10.5, 10.5 ], "texture": "#scizor_main" },
        "south": { "uv": [ 6.5, 7.5, 10, 11.5 ], "texture": "#scizor_main" },
        "west":  { "uv": [ 6.5, 6.5, 9.5, 10.5 ], "texture": "#scizor_main" },
        "east":  { "uv": [ 6.5, 6.5, 9.5, 10.5 ], "texture": "#scizor_main" }
    }
},
{
    "__comment": "Claw",
    "from": [ 1.7, 9.05, 10.8688 ],
    "to": [ 5.3, 10.85, 13.1188 ],
    "rotation": { "origin": [ 1.7, 10.85, 10.8688 ], "axis": "z", "angle": 22.5 },
    "faces": {
        "down":  { "uv": [ 15, 5, 11.5, 2 ], "texture": "#scizor_main" },
        "up":    { "uv": [ 7, 10.5, 10.5, 13.5 ], "texture": "#scizor_main" },
        "north": { "uv": [ 7, 6.5, 10.5, 10.5 ], "texture": "#scizor_main" },
        "south": { "uv": [ 6.5, 7.5, 10, 11.5 ], "texture": "#scizor_main" },
        "west":  { "uv": [ 6.5, 6.5, 9.5, 10.5 ], "texture": "#scizor_main" },
        "east":  { "uv": [ 6.5, 6.5, 9.5, 10.5 ], "texture": "#scizor_main" }
    }
},
{
    "__comment": "Claw*",
    "from": [ 4.90625, 9.8375, 11.0375 ],
    "to": [ 5.80625, 11.6375, 12.8375 ],
    "rotation": { "origin": [ 4.90625, 11.6375, 11.0375 ], "axis": "z", "angle": 22.5 },
    "faces": {
        "down":  { "uv": [ 10.5, 9.5, 7, 6.5 ], "texture": "#scizor_main" },
        "up":    { "uv": [ 7, 10.5, 10.5, 13.5 ], "texture": "#scizor_main" },
        "north": { "uv": [ 7, 6.5, 10.5, 10.5 ], "texture": "#scizor_main" },
        "south": { "uv": [ 6.5, 7.5, 10, 11.5 ], "texture": "#scizor_main" },
        "west":  { "uv": [ 6.5, 6.5, 9.5, 10.5 ], "texture": "#scizor_main" },
        "east":  { "uv": [ 6.5, 6.5, 9.5, 10.5 ], "texture": "#scizor_main" }
    }
},
{
    "__comment": "Claw*",
    "from": [ 1.75625, 10.3438, 11.0938 ],
    "to": [ 4.90625, 11.2438, 12.8938 ],
    "rotation": { "origin": [ 1.75625, 11.2438, 11.0938 ], "axis": "z", "angle": 22.5 },
    "faces": {
        "down":  { "uv": [ 10.5, 9.5, 7, 6.5 ], "texture": "#scizor_main" },
        "up":    { "uv": [ 7, 10.5, 10.5, 13.5 ], "texture": "#scizor_main" },
        "north": { "uv": [ 7, 6.5, 10.5, 10.5 ], "texture": "#scizor_main" },
        "south": { "uv": [ 6.5, 7.5, 10, 11.5 ], "texture": "#scizor_main" },
        "west":  { "uv": [ 6.5, 6.5, 9.5, 10.5 ], "texture": "#scizor_main" },
        "east":  { "uv": [ 6.5, 6.5, 9.5, 10.5 ], "texture": "#scizor_main" }
    }
},
{
    "__comment": "Claw*",
    "from": [ 1.625, 8.6375, 11.0625 ],
    "to": [ 2.125, 10.4375, 12.8625 ],
    "rotation": { "origin": [ 1.625, 10.4375, 11.0625 ], "axis": "z", "angle": 22.5 },
    "faces": {
        "down":  { "uv": [ 10.5, 9.5, 7, 6.5 ], "texture": "#scizor_main" },
        "up":    { "uv": [ 7, 10.5, 10.5, 13.5 ], "texture": "#scizor_main" },
        "north": { "uv": [ 7, 6.5, 10.5, 10.5 ], "texture": "#scizor_main" },
        "south": { "uv": [ 6.5, 7.5, 10, 11.5 ], "texture": "#scizor_main" },
        "west":  { "uv": [ 6.5, 6.5, 9.5, 10.5 ], "texture": "#scizor_main" },
        "east":  { "uv": [ 6.5, 6.5, 9.5, 10.5 ], "texture": "#scizor_main" }
    }
},
{
    "__comment": "Claw*",
    "from": [ 2.15, 9.275, 10.6438 ],
    "to": [ 5.15, 10.625, 13.3438 ],
    "rotation": { "origin": [ 2.15, 10.625, 10.6438 ], "axis": "z", "angle": 22.5 },
    "faces": {
        "down":  { "uv": [ 10.5, 9.5, 7, 6.5 ], "texture": "#scizor_main" },
        "up":    { "uv": [ 7, 10.5, 10.5, 13.5 ], "texture": "#scizor_main" },
        "north": { "uv": [ 7, 6.5, 10.5, 10.5 ], "texture": "#scizor_main" },
        "south": { "uv": [ 6.5, 7.5, 10, 11.5 ], "texture": "#scizor_main" },
        "west":  { "uv": [ 6.5, 6.5, 9.5, 10.5 ], "texture": "#scizor_main" },
        "east":  { "uv": [ 6.5, 6.5, 9.5, 10.5 ], "texture": "#scizor_main" }
    }
},
{
    "__comment": "Claw*",
    "from": [ 5.3, 7.7, 11.15 ],
    "to": [ 6.2, 10.4, 12.95 ],
    "rotation": { "origin": [ 5.3, 10.4, 11.15 ], "axis": "z", "angle": -22.5 },
    "faces": {
        "down":  { "uv": [ 10.5, 9.5, 7, 6.5 ], "texture": "#scizor_main" },
        "up":    { "uv": [ 7, 12, 10.5, 15 ], "texture": "#scizor_main" },
        "north": { "uv": [ 7, 6.5, 10.5, 10.5 ], "texture": "#scizor_main" },
        "south": { "uv": [ 6.5, 7.5, 10, 11.5 ], "texture": "#scizor_main" },
        "west":  { "uv": [ 11.5, 2, 15, 5.5 ], "texture": "#scizor_main" },
        "east":  { "uv": [ 6.5, 6.5, 9.5, 10.5 ], "texture": "#scizor_main" }
    }
},
{
    "__comment": "Claw*",
    "from": [ 4.56875, 7.5875, 11.3188 ],
    "to": [ 5.1875, 8.4875, 12.6687 ],
    "rotation": { "origin": [ 4.56875, 8.4875, 11.3188 ], "axis": "z", "angle": -22.5 },
    "faces": {
        "down":  { "uv": [ 10.5, 9.5, 7, 6.5 ], "texture": "#scizor_main" },
        "up":    { "uv": [ 7, 10.5, 10.5, 13.5 ], "texture": "#scizor_main" },
        "north": { "uv": [ 7, 6.5, 10.5, 10.5 ], "texture": "#scizor_main" },
        "south": { "uv": [ 6.5, 7.5, 10, 11.5 ], "texture": "#scizor_main" },
        "west":  { "uv": [ 11.5, 2, 14.5, 5.5 ], "texture": "#scizor_main" },
        "east":  { "uv": [ 6.5, 6.5, 9.5, 10.5 ], "texture": "#scizor_main" }
    }
},
{
    "__comment": "Head",
    "from": [ 5.7, 14.1, 7.64 ],
    "to": [ 6.42, 15.18, 8.36 ],
    "rotation": { "origin": [ 5.7, 15.18, 7.64 ], "axis": "z", "angle": 22.5 },
    "faces": {
        "down":  { "uv": [ 10.5, 9.5, 7, 6.5 ], "texture": "#scizor_main" },
        "up":    { "uv": [ 7, 10.5, 10.5, 13.5 ], "texture": "#scizor_main" },
        "north": { "uv": [ 7, 6.5, 10.5, 10.5 ], "texture": "#scizor_main" },
        "south": { "uv": [ 6.5, 7.5, 10, 11.5 ], "texture": "#scizor_main" },
        "west":  { "uv": [ 6.5, 6.5, 9.5, 10.5 ], "texture": "#scizor_main" },
        "east":  { "uv": [ 6.5, 6.5, 9.5, 10.5 ], "texture": "#scizor_main" }
    }
},
{
    "__comment": "Head*",
    "from": [ 4.26, 14.46, 6.92 ],
    "to": [ 6.42, 16.62, 9.08 ],
    "rotation": { "origin": [ 4.26, 16.62, 6.92 ], "axis": "z", "angle": 22.5 },
    "faces": {
        "down":  { "uv": [ 10.5, 9.5, 7, 6.5 ], "texture": "#scizor_main" },
        "up":    { "uv": [ 7, 10.5, 10.5, 13.5 ], "texture": "#scizor_main" },
        "north": { "uv": [ 7, 6.5, 10.5, 10.5 ], "texture": "#scizor_main" },
        "south": { "uv": [ 6.5, 7.5, 10, 11.5 ], "texture": "#scizor_main" },
        "west":  { "uv": [ 6.5, 6.5, 9.5, 10.5 ], "texture": "#scizor_main" },
        "east":  { "uv": [ 6.5, 6.5, 9.5, 10.5 ], "texture": "#scizor_main" }
    }
},
{
    "__comment": "Head*",
    "from": [ 4.17, 14.595, 7.1 ],
    "to": [ 6.69, 16.395, 8.9 ],
    "rotation": { "origin": [ 4.17, 16.395, 7.1 ], "axis": "z", "angle": 22.5 },
    "faces": {
        "down":  { "uv": [ 10.5, 9.5, 7, 6.5 ], "texture": "#scizor_main" },
        "up":    { "uv": [ 7, 10.5, 10.5, 13.5 ], "texture": "#scizor_main" },
        "north": { "uv": [ 7, 6.5, 10.5, 10.5 ], "texture": "#scizor_main" },
        "south": { "uv": [ 6.5, 7.5, 10, 11.5 ], "texture": "#scizor_main" },
        "west":  { "uv": [ 6.5, 6.5, 9.5, 10.5 ], "texture": "#scizor_main" },
        "east":  { "uv": [ 6.5, 6.5, 9.5, 10.5 ], "texture": "#scizor_main" }
    }
},
{
    "__comment": "Head*",
    "from": [ 4.35, 14.325, 7.1 ],
    "to": [ 6.15, 16.845, 8.9 ],
    "rotation": { "origin": [ 4.35, 16.845, 7.1 ], "axis": "z", "angle": 22.5 },
    "faces": {
        "down":  { "uv": [ 10.5, 9.5, 7, 6.5 ], "texture": "#scizor_main" },
        "up":    { "uv": [ 7, 10.5, 10.5, 13.5 ], "texture": "#scizor_main" },
        "north": { "uv": [ 7, 6.5, 10.5, 10.5 ], "texture": "#scizor_main" },
        "south": { "uv": [ 6.5, 7.5, 10, 11.5 ], "texture": "#scizor_main" },
        "west":  { "uv": [ 6.5, 6.5, 9.5, 10.5 ], "texture": "#scizor_main" },
        "east":  { "uv": [ 6.5, 6.5, 9.5, 10.5 ], "texture": "#scizor_main" }
    }
},
{
    "__comment": "Head*",
    "from": [ 4.935, 16.35, 6.92 ],
    "to": [ 6.015, 17.79, 9.08 ],
    "rotation": { "origin": [ 4.935, 17.79, 6.92 ], "axis": "z", "angle": -22.5 },
    "faces": {
        "down":  { "uv": [ 10.5, 9.5, 7, 6.5 ], "texture": "#scizor_main" },
        "up":    { "uv": [ 7, 10.5, 10.5, 13.5 ], "texture": "#scizor_main" },
        "north": { "uv": [ 7, 6.5, 10.5, 10.5 ], "texture": "#scizor_main" },
        "south": { "uv": [ 6.5, 7.5, 10, 11.5 ], "texture": "#scizor_main" },
        "west":  { "uv": [ 6.5, 6.5, 9.5, 10.5 ], "texture": "#scizor_main" },
        "east":  { "uv": [ 6.5, 6.5, 9.5, 10.5 ], "texture": "#scizor_main" }
    }
},
{
    "__comment": "Head*",
    "from": [ 4.125, 14.595, 7.28 ],
    "to": [ 5.205, 15.675, 8.72 ],
    "rotation": { "origin": [ 4.125, 15.675, 7.28 ], "axis": "z", "angle": 22.5 },
    "faces": {
        "down":  { "uv": [ 10.5, 9.5, 7, 6.5 ], "texture": "#scizor_main" },
        "up":    { "uv": [ 7, 10.5, 10.5, 13.5 ], "texture": "#scizor_main" },
        "north": { "uv": [ 7, 6.5, 10.5, 10.5 ], "texture": "#scizor_main" },
        "south": { "uv": [ 6.5, 7.5, 10, 11.5 ], "texture": "#scizor_main" },
        "west":  { "uv": [ 6.5, 6.5, 9.5, 10.5 ], "texture": "#scizor_main" },
        "east":  { "uv": [ 6.5, 6.5, 9.5, 10.5 ], "texture": "#scizor_main" }
    }
},
{
    "__comment": "Head*",
    "from": [ 4.98, 17.7, 7.64 ],
    "to": [ 5.7, 19.5, 8.36 ],
    "faces": {
        "down":  { "uv": [ 10.5, 9.5, 7, 6.5 ], "texture": "#scizor_main" },
        "up":    { "uv": [ 7, 10.5, 10.5, 13.5 ], "texture": "#scizor_main" },
        "north": { "uv": [ 7, 6.5, 10.5, 10.5 ], "texture": "#scizor_main" },
        "south": { "uv": [ 6.5, 7.5, 10, 11.5 ], "texture": "#scizor_main" },
        "west":  { "uv": [ 6.5, 6.5, 9.5, 10.5 ], "texture": "#scizor_main" },
        "east":  { "uv": [ 6.5, 6.5, 9.5, 10.5 ], "texture": "#scizor_main" }
    }
},
{
    "__comment": "Head*",
    "from": [ 5, 17.3725, 9.0625 ],
    "to": [ 5.72, 18.8125, 9.6025 ],
    "rotation": { "origin": [ 5, 18.8125, 9.0625 ], "axis": "x", "angle": 22.5 },
    "faces": {
        "down":  { "uv": [ 10.5, 9.5, 7, 6.5 ], "texture": "#scizor_main" },
        "up":    { "uv": [ 7, 10.5, 10.5, 13.5 ], "texture": "#scizor_main" },
        "north": { "uv": [ 7, 6.5, 10.5, 10.5 ], "texture": "#scizor_main" },
        "south": { "uv": [ 6.5, 7.5, 10, 11.5 ], "texture": "#scizor_main" },
        "west":  { "uv": [ 6.5, 6.5, 9.5, 10.5 ], "texture": "#scizor_main" },
        "east":  { "uv": [ 6.5, 6.5, 9.5, 10.5 ], "texture": "#scizor_main" }
    }
},
{
    "__comment": "Head*",
    "from": [ 5, 17.1225, 6.375 ],
    "to": [ 5.72, 18.5625, 6.915 ],
    "rotation": { "origin": [ 5, 18.5625, 6.375 ], "axis": "x", "angle": -22.5 },
    "faces": {
        "down":  { "uv": [ 10.5, 9.5, 7, 6.5 ], "texture": "#scizor_main" },
        "up":    { "uv": [ 7, 10.5, 10.5, 13.5 ], "texture": "#scizor_main" },
        "north": { "uv": [ 7, 6.5, 10.5, 10.5 ], "texture": "#scizor_main" },
        "south": { "uv": [ 6.5, 7.5, 10, 11.5 ], "texture": "#scizor_main" },
        "west":  { "uv": [ 6.5, 6.5, 9.5, 10.5 ], "texture": "#scizor_main" },
        "east":  { "uv": [ 6.5, 6.5, 9.5, 10.5 ], "texture": "#scizor_main" }
    }
},
{
    "__comment": "Claw",
    "from": [ 3.5625, 8.875, 10.75 ],
    "to": [ 4.75, 9.75, 10.8125 ],
    "rotation": { "origin": [ 3.5625, 9.75, 10.75 ], "axis": "z", "angle": 22.5 },
    "faces": {
        "north": { "uv": [ 8, 10.5, 16, 15.5 ], "texture": "#scizor_eye" },
        "south": { "uv": [ 16, 10.5, 8, 15.5 ], "texture": "#scizor_eye" }
    }
},
{
    "__comment": "Claw",
    "from": [ 3.5625, 8.875, 13.1875 ],
    "to": [ 4.6875, 9.75, 13.25 ],
    "rotation": { "origin": [ 3.5625, 9.75, 13.1875 ], "axis": "z", "angle": 22.5 },
    "faces": {
        "north": { "uv": [ 8, 10.5, 16, 15.5 ], "texture": "#scizor_eye" },
        "south": { "uv": [ 16, 10.5, 8, 15.5 ], "texture": "#scizor_eye" }
    }
},
{
    "__comment": "Claw",
    "from": [ 4.0625, 10.375, 13.3125 ],
    "to": [ 5, 11.25, 13.375 ],
    "rotation": { "origin": [ 4.0625, 11.25, 13.3125 ], "axis": "z", "angle": 22.5 },
    "faces": {
        "north": { "uv": [ 2.5, 0.5, 7, 5 ], "texture": "#scizor_main" },
        "south": { "uv": [ 2.5, 0.5, 7, 5 ], "texture": "#scizor_main" }
    }
},
{
    "__comment": "Claw",
    "from": [ 4.0625, 10.375, 10.625 ],
    "to": [ 5, 11.25, 10.6875 ],
    "rotation": { "origin": [ 4.0625, 11.25, 10.625 ], "axis": "z", "angle": 22.5 },
    "faces": {
        "north": { "uv": [ 2.5, 0.5, 7, 5 ], "texture": "#scizor_main" },
        "south": { "uv": [ 2.5, 0.5, 7, 5 ], "texture": "#scizor_main" }
    }
},
{
    "__comment": "Claw*",
    "from": [ 4.90625, 9.8375, 3.0375 ],
    "to": [ 5.80625, 11.6375, 4.8375 ],
    "rotation": { "origin": [ 4.90625, 11.6375, 3.0375 ], "axis": "z", "angle": 22.5 },
    "faces": {
        "down":  { "uv": [ 10.5, 9.5, 7, 6.5 ], "texture": "#scizor_main" },
        "up":    { "uv": [ 7, 10.5, 10.5, 13.5 ], "texture": "#scizor_main" },
        "north": { "uv": [ 7, 6.5, 10.5, 10.5 ], "texture": "#scizor_main" },
        "south": { "uv": [ 6.5, 7.5, 10, 11.5 ], "texture": "#scizor_main" },
        "west":  { "uv": [ 6.5, 6.5, 9.5, 10.5 ], "texture": "#scizor_main" },
        "east":  { "uv": [ 6.5, 6.5, 9.5, 10.5 ], "texture": "#scizor_main" }
    }
},
{
    "__comment": "Claw*",
    "from": [ 1.75625, 10.3438, 3.09375 ],
    "to": [ 4.90625, 11.2438, 4.89375 ],
    "rotation": { "origin": [ 1.75625, 11.2438, 3.09375 ], "axis": "z", "angle": 22.5 },
    "faces": {
        "down":  { "uv": [ 10.5, 9.5, 7, 6.5 ], "texture": "#scizor_main" },
        "up":    { "uv": [ 7, 10.5, 10.5, 13.5 ], "texture": "#scizor_main" },
        "north": { "uv": [ 7, 6.5, 10.5, 10.5 ], "texture": "#scizor_main" },
        "south": { "uv": [ 6.5, 7.5, 10, 11.5 ], "texture": "#scizor_main" },
        "west":  { "uv": [ 6.5, 6.5, 9.5, 10.5 ], "texture": "#scizor_main" },
        "east":  { "uv": [ 6.5, 6.5, 9.5, 10.5 ], "texture": "#scizor_main" }
    }
},
{
    "__comment": "Claw*",
    "from": [ 1.625, 8.6375, 3.0625 ],
    "to": [ 2.125, 10.4375, 4.8625 ],
    "rotation": { "origin": [ 1.625, 10.4375, 3.0625 ], "axis": "z", "angle": 22.5 },
    "faces": {
        "down":  { "uv": [ 10.5, 9.5, 7, 6.5 ], "texture": "#scizor_main" },
        "up":    { "uv": [ 7, 10.5, 10.5, 13.5 ], "texture": "#scizor_main" },
        "north": { "uv": [ 7, 6.5, 10.5, 10.5 ], "texture": "#scizor_main" },
        "south": { "uv": [ 6.5, 7.5, 10, 11.5 ], "texture": "#scizor_main" },
        "west":  { "uv": [ 6.5, 6.5, 9.5, 10.5 ], "texture": "#scizor_main" },
        "east":  { "uv": [ 6.5, 6.5, 9.5, 10.5 ], "texture": "#scizor_main" }
    }
},
{
    "__comment": "Claw*",
    "from": [ 2.15, 9.275, 2.64375 ],
    "to": [ 5.15, 10.625, 5.34375 ],
    "rotation": { "origin": [ 2.15, 10.625, 2.64375 ], "axis": "z", "angle": 22.5 },
    "faces": {
        "down":  { "uv": [ 10.5, 9.5, 7, 6.5 ], "texture": "#scizor_main" },
        "up":    { "uv": [ 7, 10.5, 10.5, 13.5 ], "texture": "#scizor_main" },
        "north": { "uv": [ 7, 6.5, 10.5, 10.5 ], "texture": "#scizor_main" },
        "south": { "uv": [ 6.5, 7.5, 10, 11.5 ], "texture": "#scizor_main" },
        "west":  { "uv": [ 6.5, 6.5, 9.5, 10.5 ], "texture": "#scizor_main" },
        "east":  { "uv": [ 6.5, 6.5, 9.5, 10.5 ], "texture": "#scizor_main" }
    }
},
{
    "__comment": "Claw*",
    "from": [ 5.3, 7.7, 3.15 ],
    "to": [ 6.2, 10.4, 4.95 ],
    "rotation": { "origin": [ 5.3, 10.4, 3.15 ], "axis": "z", "angle": -22.5 },
    "faces": {
        "down":  { "uv": [ 10.5, 9.5, 7, 6.5 ], "texture": "#scizor_main" },
        "up":    { "uv": [ 7, 12, 10.5, 15 ], "texture": "#scizor_main" },
        "north": { "uv": [ 7, 6.5, 10.5, 10.5 ], "texture": "#scizor_main" },
        "south": { "uv": [ 6.5, 7.5, 10, 11.5 ], "texture": "#scizor_main" },
        "west":  { "uv": [ 11.5, 2, 15, 5.5 ], "texture": "#scizor_main" },
        "east":  { "uv": [ 6.5, 6.5, 9.5, 10.5 ], "texture": "#scizor_main" }
    }
},
{
    "__comment": "Claw*",
    "from": [ 4.56875, 7.5875, 3.31875 ],
    "to": [ 5.1875, 8.4875, 4.66875 ],
    "rotation": { "origin": [ 4.56875, 8.4875, 3.31875 ], "axis": "z", "angle": -22.5 },
    "faces": {
        "down":  { "uv": [ 10.5, 9.5, 7, 6.5 ], "texture": "#scizor_main" },
        "up":    { "uv": [ 7, 10.5, 10.5, 13.5 ], "texture": "#scizor_main" },
        "north": { "uv": [ 7, 6.5, 10.5, 10.5 ], "texture": "#scizor_main" },
        "south": { "uv": [ 6.5, 7.5, 10, 11.5 ], "texture": "#scizor_main" },
        "west":  { "uv": [ 11.5, 2, 14.5, 5.5 ], "texture": "#scizor_main" },
        "east":  { "uv": [ 6.5, 6.5, 9.5, 10.5 ], "texture": "#scizor_main" }
    }
},
{
    "__comment": "Claw*",
    "from": [ 1.7, 9.05, 2.86875 ],
    "to": [ 5.3, 10.85, 5.11875 ],
    "rotation": { "origin": [ 1.7, 10.85, 2.86875 ], "axis": "z", "angle": 22.5 },
    "faces": {
        "down":  { "uv": [ 15, 5, 11.5, 2 ], "texture": "#scizor_main" },
        "up":    { "uv": [ 7, 10.5, 10.5, 13.5 ], "texture": "#scizor_main" },
        "north": { "uv": [ 7, 6.5, 10.5, 10.5 ], "texture": "#scizor_main" },
        "south": { "uv": [ 6.5, 7.5, 10, 11.5 ], "texture": "#scizor_main" },
        "west":  { "uv": [ 6.5, 6.5, 9.5, 10.5 ], "texture": "#scizor_main" },
        "east":  { "uv": [ 6.5, 6.5, 9.5, 10.5 ], "texture": "#scizor_main" }
    }
},
{
    "__comment": "Claw*",
    "from": [ 3.5625, 8.875, 2.75 ],
    "to": [ 4.75, 9.75, 2.8125 ],
    "rotation": { "origin": [ 3.5625, 9.75, 2.75 ], "axis": "z", "angle": 22.5 },
    "faces": {
        "north": { "uv": [ 8, 10.5, 16, 15.5 ], "texture": "#scizor_eye" },
        "south": { "uv": [ 16, 10.5, 8, 15.5 ], "texture": "#scizor_eye" }
    }
},
{
    "__comment": "Claw*",
    "from": [ 3.5625, 8.875, 5.1875 ],
    "to": [ 4.6875, 9.75, 5.25 ],
    "rotation": { "origin": [ 3.5625, 9.75, 5.1875 ], "axis": "z", "angle": 22.5 },
    "faces": {
        "north": { "uv": [ 8, 10.5, 16, 15.5 ], "texture": "#scizor_eye" },
        "south": { "uv": [ 16, 10.5, 8, 15.5 ], "texture": "#scizor_eye" }
    }
},
{
    "__comment": "Claw*",
    "from": [ 4.0625, 10.375, 5.3125 ],
    "to": [ 5, 11.25, 5.375 ],
    "rotation": { "origin": [ 4.0625, 11.25, 5.3125 ], "axis": "z", "angle": 22.5 },
    "faces": {
        "north": { "uv": [ 2.5, 0.5, 7, 5 ], "texture": "#scizor_main" },
        "south": { "uv": [ 2.5, 0.5, 7, 5 ], "texture": "#scizor_main" }
    }
},
{
    "__comment": "Claw*",
    "from": [ 4.0625, 10.375, 2.625 ],
    "to": [ 5, 11.25, 2.6875 ],
    "rotation": { "origin": [ 4.0625, 11.25, 2.625 ], "axis": "z", "angle": 22.5 },
    "faces": {
        "north": { "uv": [ 2.5, 0.5, 7, 5 ], "texture": "#scizor_main" },
        "south": { "uv": [ 2.5, 0.5, 7, 5 ], "texture": "#scizor_main" }
    }
},
{
    "__comment": "Eye",
    "from": [ 4.65, 15.55, 9.05 ],
    "to": [ 5.65, 16.5, 9.1125 ],
    "faces": {
        "north": { "uv": [ 8, 2.5, 14.5, 9 ], "texture": "#scizor_eye" },
        "south": { "uv": [ 1, 2.5, 7.5, 9 ], "texture": "#scizor_eye" }
    }
},
{
    "__comment": "Eye*",
    "from": [ 4.65, 15.55, 6.9 ],
    "to": [ 5.65, 16.5, 6.9625 ],
    "faces": {
        "north": { "uv": [ 7.5, 2.5, 1, 9 ], "texture": "#scizor_eye" },
        "south": { "uv": [ 8, 2.5, 14.5, 9 ], "texture": "#scizor_eye" }
    }
},
{
    "from": [ 7.5625, 13.1875, 9.125 ],
    "to": [ 14.5625, 20.6875, 9.1875 ],
    "rotation": { "origin": [ 7.5625, 13.1875, 9.125 ], "axis": "y", "angle": -22.5 },
    "faces": {
        "north": { "uv": [ 9.5, 0.5, 0, 15 ], "texture": "#scizor_wings" },
        "south": { "uv": [ 0, 0.5, 9.5, 15 ], "texture": "#scizor_wings" }
    }
},
{
    "__comment": "Body*",
    "from": [ 8.5, 14, 6 ],
    "to": [ 9.4, 18.5, 6.9 ],
    "rotation": { "origin": [ 8.5, 18.5, 6 ], "axis": "z", "angle": -22.5 },
    "faces": {
        "down":  { "uv": [ 10.5, 9.5, 7, 6.5 ], "texture": "#scizor_main" },
        "up":    { "uv": [ 7, 10.5, 10.5, 13.5 ], "texture": "#scizor_main" },
        "north": { "uv": [ 7, 6.5, 10.5, 10.5 ], "texture": "#scizor_main" },
        "south": { "uv": [ 6.5, 7.5, 10, 11.5 ], "texture": "#scizor_main" },
        "west":  { "uv": [ 6.5, 6.5, 9.5, 10.5 ], "texture": "#scizor_main" },
        "east":  { "uv": [ 6.5, 6.5, 9.5, 10.5 ], "texture": "#scizor_main" }
    }
},
{
    "from": [ 7.5625, 12.875, 6.8125 ],
    "to": [ 14.0625, 20.875, 6.875 ],
    "rotation": { "origin": [ 7.5625, 12.875, 6.8125 ], "axis": "y", "angle": 22.5 },
    "faces": {
        "north": { "uv": [ 9.5, 0.5, 0, 15 ], "texture": "#scizor_wings" },
        "south": { "uv": [ 0, 0.5, 9.5, 15 ], "texture": "#scizor_wings" }
    }
},
{
    "from": [ 8.5, 10.5, 7 ],
    "to": [ 13, 14, 7.0625 ],
    "rotation": { "origin": [ 8.5, 10.5, 7 ], "axis": "y", "angle": 45 },
    "faces": {
        "north": { "uv": [ 16, 5, 10, 16 ], "rotation": 270, "texture": "#scizor_wings" },
        "south": { "uv": [ 10, 5, 16, 16 ], "rotation": 90, "texture": "#scizor_wings" }
    }
},
{
    "from": [ 8.5, 10.5, 9 ],
    "to": [ 13, 14, 9.0625 ],
    "rotation": { "origin": [ 8.5, 10.5, 9 ], "axis": "y", "angle": -45 },
    "faces": {
        "north": { "uv": [ 16, 5, 10, 16 ], "rotation": 270, "texture": "#scizor_wings" },
        "south": { "uv": [ 10, 5, 16, 16 ], "rotation": 90, "texture": "#scizor_wings" }
    }
}
],
"display": {
		"thirdperson_righthand": {
			"rotation":  [ 70, -90, 0 ],
			"translation":  [ -6, -6.7, 1.6 ],
			"scale":  [ 1.8, 1.8, 1.8 ]
		},
		"thirdperson_lefthand": {
			"rotation":  [ 70, 90, 0 ],
			"translation":  [ -6, -6.7, 1.6 ],
			"scale":  [ 1.8, 1.8, 1.8 ]
		},
		"head": {
			"rotation":  [ 0, -90, 0 ],
			"translation":  [ 0, -25.86, 2.7 ],
			"scale":  [ 3, 3, 3 ]
		},
		"firstperson_righthand": {
			"scale":  [ 0, 0, 0 ]
		},
		"firstperson_lefthand": {
			"scale":  [ 0, 0, 0 ]
		},
		"gui": {
			"scale":  [ 0, 0, 0 ]
		},
		"ground": {
			"scale":  [ 0, 0, 0 ]
		}
}
}