{
"__comment": "Designed by Samasaurus6 with BDcraft Cubik PRO 0.96 Beta - http://bdcraft.net",
"elements": [ 
{
    "from": [ 5.5, 5, 4 ],
    "to": [ 10.5, 14, 13 ],
    "faces": {
        "down":  { "uv": [ 5.5, 0, 10.5, 9 ], "texture": "#ursaring_fur" },
        "up":    { "uv": [ 5.5, 0, 10.5, 9 ], "texture": "#ursaring_fur" },
        "north": { "uv": [ 2.5, 0, 7.5, 10 ], "texture": "#ursaring_fur" },
        "south": { "uv": [ 4.5, 0, 9.5, 10 ], "texture": "#ursaring_fur" },
        "west":  { "uv": [ 6, 0, 15, 10 ], "texture": "#ursaring_fur" },
        "east":  { "uv": [ 7, 0, 16, 10 ], "texture": "#ursaring_fur" }
    }
},
{
    "from": [ 5, 5.5, 4.5 ],
    "to": [ 11, 13.5, 12.5 ],
    "faces": {
        "down":  { "uv": [ 16, 8, 10, 0 ], "texture": "#ursaring_fur" },
        "up":    { "uv": [ 5.5, 0, 11.5, 8 ], "texture": "#ursaring_fur" },
        "north": { "uv": [ 10, 0, 16, 9 ], "texture": "#ursaring_fur" },
        "south": { "uv": [ 0, 0, 6, 9 ], "texture": "#ursaring_fur" },
        "west":  { "uv": [ 6, 1, 14, 10 ], "texture": "#ursaring_fur" },
        "east":  { "uv": [ 8, 0, 16, 9 ], "texture": "#ursaring_fur" }
    }
},
{
    "from": [ 6, 4, 3.5 ],
    "to": [ 10, 8, 13.5 ],
    "faces": {
        "down":  { "uv": [ 4.5, 10, 0.5, 0 ], "texture": "#ursaring_fur" },
        "up":    { "uv": [ 0, 0, 4, 10 ], "texture": "#ursaring_fur" },
        "north": { "uv": [ 12, 0.5, 16, 4.5 ], "texture": "#ursaring_fur" },
        "south": { "uv": [ 0.5, 0.5, 4.5, 4.5 ], "texture": "#ursaring_fur" },
        "west":  { "uv": [ 6, 0, 16, 4 ], "texture": "#ursaring_fur" },
        "east":  { "uv": [ 6, 1.5, 16, 5.5 ], "texture": "#ursaring_fur" }
    }
},
{
    "from": [ 6.1875, 15, 4.75 ],
    "to": [ 9.6875, 16.5, 12.25 ],
    "faces": {
        "down":  { "uv": [ 13, 0, 16, 7 ], "texture": "#ursaring_fur" },
        "up":    { "uv": [ 4.5, 0, 7.5, 7 ], "texture": "#ursaring_fur" },
        "north": { "uv": [ 6.5, 0.5, 9.5, 1.5 ], "texture": "#ursaring_fur" },
        "south": { "uv": [ 6.5, 0.5, 9.5, 1.5 ], "texture": "#ursaring_fur" },
        "west":  { "uv": [ 5, 0.5, 12, 1.5 ], "texture": "#ursaring_fur" },
        "east":  { "uv": [ 5, 0.5, 12, 1.5 ], "texture": "#ursaring_fur" }
    }
},
{
    "from": [ 6, 1, 10.5 ],
    "to": [ 10, 4, 13 ],
    "faces": {
        "down":  { "uv": [ 10, 1.5, 14, 4 ], "texture": "#ursaring_fur" },
        "up":    { "uv": [ 10, 1.5, 14, 4 ], "texture": "#ursaring_fur" },
        "north": { "uv": [ 11, 3.5, 15, 7.5 ], "texture": "#ursaring_fur" },
        "south": { "uv": [ 11, 3.5, 15, 7.5 ], "texture": "#ursaring_fur" },
        "west":  { "uv": [ 11, 5, 13.5, 9 ], "texture": "#ursaring_fur" },
        "east":  { "uv": [ 11, 4, 13.5, 8 ], "texture": "#ursaring_fur" }
    }
},
{
    "from": [ 6.5, 1, 10 ],
    "to": [ 9.5, 4, 13.5 ],
    "faces": {
        "down":  { "uv": [ 15, 6.5, 12, 3 ], "texture": "#ursaring_fur" },
        "up":    { "uv": [ 12, 4.5, 15, 8 ], "texture": "#ursaring_fur" },
        "north": { "uv": [ 13, 5, 16, 9 ], "texture": "#ursaring_fur" },
        "south": { "uv": [ 2, 0.5, 5, 4.5 ], "texture": "#ursaring_fur" },
        "west":  { "uv": [ 8.5, 3.5, 12, 7.5 ], "texture": "#ursaring_fur" },
        "east":  { "uv": [ 1.5, 4, 5, 8 ], "texture": "#ursaring_fur" }
    }
},
{
    "from": [ 6.5, 1, 3.5 ],
    "to": [ 9.5, 4, 7 ],
    "faces": {
        "down":  { "uv": [ 9.5, 7, 6.5, 3.5 ], "texture": "#ursaring_fur" },
        "up":    { "uv": [ 6.5, 3.5, 9.5, 7 ], "texture": "#ursaring_fur" },
        "north": { "uv": [ 7, 3, 10, 7 ], "texture": "#ursaring_fur" },
        "south": { "uv": [ 10, 2.5, 13, 6.5 ], "texture": "#ursaring_fur" },
        "west":  { "uv": [ 0, 4, 3.5, 8 ], "texture": "#ursaring_fur" },
        "east":  { "uv": [ 11.5, 4.5, 15, 8.5 ], "texture": "#ursaring_fur" }
    }
},
{
    "from": [ 6, 1, 4 ],
    "to": [ 10, 4, 6.5 ],
    "faces": {
        "down":  { "uv": [ 10, 6.5, 6, 4 ], "texture": "#ursaring_fur" },
        "up":    { "uv": [ 6, 4, 10, 6.5 ], "texture": "#ursaring_fur" },
        "north": { "uv": [ 4, 1.5, 8, 5.5 ], "texture": "#ursaring_fur" },
        "south": { "uv": [ 0, 5, 4, 9 ], "texture": "#ursaring_fur" },
        "west":  { "uv": [ 3, 0, 5.5, 4 ], "texture": "#ursaring_fur" },
        "east":  { "uv": [ 9.5, 2, 12, 6 ], "texture": "#ursaring_fur" }
    }
},
{
    "from": [ 5, -0.5, 3.5 ],
    "to": [ 10, 1, 7 ],
    "faces": {
        "down":  { "uv": [ 11, 7.25, 6, 3.25 ], "texture": "#ursaring_fur" },
        "up":    { "uv": [ 5, 3.25, 10, 7.25 ], "texture": "#ursaring_fur" },
        "north": { "uv": [ 7.5, 0, 12.5, 0.9375 ], "texture": "#ursaring_fur" },
        "south": { "uv": [ 4, 6, 9, 6.9375 ], "texture": "#ursaring_fur" },
        "west":  { "uv": [ 12, 3, 16, 3.9375 ], "texture": "#ursaring_fur" },
        "east":  { "uv": [ 10, 5, 14, 5.9375 ], "texture": "#ursaring_fur" }
    }
},
{
    "from": [ 7, 3.5, 5.5 ],
    "to": [ 9, 5, 10.5 ],
    "faces": {
        "down":  { "uv": [ 16, 7, 14, 0 ], "texture": "#ursaring_fur" },
        "up":    { "uv": [ 6.5, 0, 8.5, 7 ], "texture": "#ursaring_fur" },
        "north": { "uv": [ 4.5, 4.5, 6.5, 6 ], "texture": "#ursaring_fur" },
        "south": { "uv": [ 12.5, 0, 14.5, 1.5 ], "texture": "#ursaring_fur" },
        "west":  { "uv": [ 0, 2, 7, 3.5 ], "texture": "#ursaring_fur" },
        "east":  { "uv": [ 1.5, 0.5, 8.5, 2 ], "texture": "#ursaring_fur" }
    }
},
{
    "from": [ 5, -0.5, 10 ],
    "to": [ 10, 1, 13.5 ],
    "faces": {
        "down":  { "uv": [ 16, 5.5, 11, 1.5 ], "texture": "#ursaring_fur" },
        "up":    { "uv": [ 4.5, 4.5, 9.5, 8.5 ], "texture": "#ursaring_fur" },
        "north": { "uv": [ 3, 7, 8, 7.9375 ], "texture": "#ursaring_fur" },
        "south": { "uv": [ 11, 0, 16, 0.9375 ], "texture": "#ursaring_fur" },
        "west":  { "uv": [ 10, 7.5, 14, 8.4375 ], "texture": "#ursaring_fur" },
        "east":  { "uv": [ 2, 7.5, 6, 8.4375 ], "texture": "#ursaring_fur" }
    }
},
{
    "from": [ 4.5, -0.5, 3.75 ],
    "to": [ 5, 0.875, 6.75 ],
    "faces": {
        "down":  { "uv": [ 11.5, 6.9375, 10.5, 3.5625 ], "texture": "#ursaring_fur" },
        "up":    { "uv": [ 4.5, 3.5625, 5.5, 6.9375 ], "texture": "#ursaring_fur" },
        "north": { "uv": [ 9, 7, 10, 7.6875 ], "texture": "#ursaring_fur" },
        "south": { "uv": [ 9, 7, 10, 7.6875 ], "texture": "#ursaring_fur" },
        "west":  { "uv": [ 2, 1.5, 5.375, 2.1875 ], "texture": "#ursaring_fur" },
        "east":  { "uv": [ 2, 1.5, 5.375, 2.1875 ], "texture": "#ursaring_fur" }
    }
},
{
    "from": [ 11.8125, 5, 6.5 ],
    "to": [ 15.8125, 9, 10.5 ],
    "faces": {
        "down":  { "uv": [ 5, 10.5, 1.5, 6.5 ], "texture": "#ursaring_fur" },
        "up":    { "uv": [ 11, 6.5, 14.5, 10.5 ], "texture": "#ursaring_fur" },
        "north": { "uv": [ 3, 4.5, 6.5, 8.5 ], "texture": "#ursaring_fur" },
        "south": { "uv": [ 11, 4, 14.5, 8 ], "texture": "#ursaring_fur" },
        "west":  { "uv": [ 7.5, 0, 11.5, 4 ], "texture": "#ursaring_fur" },
        "east":  { "uv": [ 7, 0, 11, 4 ], "texture": "#ursaring_fur" }
    }
},
{
    "from": [ 12.3125, 4.5, 7 ],
    "to": [ 15.3125, 9.5, 10 ],
    "faces": {
        "down":  { "uv": [ 5, 10, 2, 7 ], "texture": "#ursaring_fur" },
        "up":    { "uv": [ 11, 7, 14, 10 ], "texture": "#ursaring_fur" },
        "north": { "uv": [ 2.5, 3.5, 5.5, 8.5 ], "texture": "#ursaring_fur" },
        "south": { "uv": [ 10, 3.5, 13, 8.5 ], "texture": "#ursaring_fur" },
        "west":  { "uv": [ 5, 1.5, 8, 6.5 ], "texture": "#ursaring_fur" },
        "east":  { "uv": [ 13, 2, 16, 7 ], "texture": "#ursaring_fur" }
    }
},
{
    "from": [ 11.8125, 5.5, 6 ],
    "to": [ 14.8125, 8.5, 11 ],
    "faces": {
        "down":  { "uv": [ 5.5, 8.5, 2.5, 3.5 ], "texture": "#ursaring_fur" },
        "up":    { "uv": [ 9.5, 3.5, 12.5, 8.5 ], "texture": "#ursaring_fur" },
        "north": { "uv": [ 2, 7.5, 5, 10.5 ], "texture": "#ursaring_fur" },
        "south": { "uv": [ 11, 7.5, 14, 10.5 ], "texture": "#ursaring_fur" },
        "west":  { "uv": [ 6, 7.5, 11, 10.5 ], "texture": "#ursaring_fur" },
        "east":  { "uv": [ 5, 7.5, 10, 10.5 ], "texture": "#ursaring_fur" }
    }
},
{
    "from": [ 6, 11, 4 ],
    "to": [ 10, 14, 7.5 ],
    "rotation": { "origin": [ 6, 14, 4 ], "axis": "x", "angle": 45 },
    "faces": {
        "down":  { "uv": [ 9.5, 4.5, 6, 1.5 ], "texture": "#ursaring_fur" },
        "up":    { "uv": [ 6.5, 1.5, 10, 4.5 ], "texture": "#ursaring_fur" },
        "north": { "uv": [ 6, 2, 9.5, 7.5 ], "texture": "#ursaring_fur" },
        "south": { "uv": [ 6.5, 2, 10, 7.5 ], "texture": "#ursaring_fur" },
        "west":  { "uv": [ 1.5, 2, 4.5, 7.5 ], "texture": "#ursaring_fur" },
        "east":  { "uv": [ 11.5, 2, 14.5, 7.5 ], "texture": "#ursaring_fur" }
    }
},
{
    "from": [ 6.25, 4.91831, 12.8125 ],
    "to": [ 9.75, 10.9183, 15.3125 ],
    "rotation": { "origin": [ 6.25, 10.9183, 12.8125 ], "axis": "x", "angle": -22.5 },
    "faces": {
        "down":  { "uv": [ 9.5, 4.5, 6, 1.5 ], "texture": "#ursaring_fur" },
        "up":    { "uv": [ 6.5, 1.5, 10, 4.5 ], "texture": "#ursaring_fur" },
        "north": { "uv": [ 6, 2, 9.5, 7.5 ], "texture": "#ursaring_fur" },
        "south": { "uv": [ 6.5, 2, 10, 7.5 ], "texture": "#ursaring_fur" },
        "west":  { "uv": [ 1.5, 2, 4.5, 7.5 ], "texture": "#ursaring_fur" },
        "east":  { "uv": [ 11.5, 2, 14.5, 7.5 ], "texture": "#ursaring_fur" }
    }
},
{
    "from": [ 6, 8.5, 10.5 ],
    "to": [ 10, 11.5, 14 ],
    "rotation": { "origin": [ 6, 11.5, 10.5 ], "axis": "x", "angle": -45 },
    "faces": {
        "down":  { "uv": [ 9.5, 4.5, 6, 1.5 ], "texture": "#ursaring_fur" },
        "up":    { "uv": [ 6.5, 1.5, 10, 4.5 ], "texture": "#ursaring_fur" },
        "north": { "uv": [ 6, 2, 9.5, 7.5 ], "texture": "#ursaring_fur" },
        "south": { "uv": [ 6.5, 2, 10, 7.5 ], "texture": "#ursaring_fur" },
        "west":  { "uv": [ 1.5, 2, 4.5, 7.5 ], "texture": "#ursaring_fur" },
        "east":  { "uv": [ 11.5, 2, 14.5, 7.5 ], "texture": "#ursaring_fur" }
    }
},
{
    "from": [ 5.5, 14, 6 ],
    "to": [ 10.5, 19, 11 ],
    "faces": {
        "down":  { "uv": [ 4.5, 5, 8.5, 10 ], "texture": "#ursaring_fur" },
        "up":    { "uv": [ 4.5, 4.5, 8.5, 9.5 ], "texture": "#ursaring_fur" },
        "north": { "uv": [ 4.25, 0, 8.25, 4 ], "texture": "#ursaring_fur" },
        "south": { "uv": [ 4.25, 0, 8.25, 4 ], "texture": "#ursaring_fur" },
        "west":  { "uv": [ 6, 0, 11, 4 ], "texture": "#ursaring_fur" },
        "east":  { "uv": [ 6, 0, 11, 4 ], "texture": "#ursaring_fur" }
    }
},
{
    "from": [ 6, 13.5, 4.5 ],
    "to": [ 10, 15, 12.5 ],
    "faces": {
        "down":  { "uv": [ 11.5, 10, 7.5, 2 ], "texture": "#ursaring_fur" },
        "up":    { "uv": [ 4.5, 0, 8.5, 8 ], "texture": "#ursaring_fur" },
        "north": { "uv": [ 6, 1, 10, 2.5 ], "texture": "#ursaring_fur" },
        "south": { "uv": [ 6, 1, 10, 2.5 ], "texture": "#ursaring_fur" },
        "west":  { "uv": [ 4.5, 1, 12.5, 2.5 ], "texture": "#ursaring_fur" },
        "east":  { "uv": [ 3.5, 1, 11.5, 2.5 ], "texture": "#ursaring_fur" }
    }
},
{
    "from": [ 4.9375, 7, 5.5 ],
    "to": [ 5, 13, 11.5 ],
    "faces": {
        "west":  { "uv": [ 0, 0, 16, 16 ], "texture": "#ursaring_ring" },
        "east":  { "uv": [ 4, 4, 11, 11 ], "texture": "#ursaring_ring" }
    }
},
{
    "from": [ 4.5, 11.9375, 12.25 ],
    "to": [ 9.5, 12, 15.75 ],
    "rotation": { "origin": [ 4.5, 12, 12.25 ], "axis": "z", "angle": 45 },
    "faces": {
        "down":  { "uv": [ 8, 6, 15, 0.5 ], "texture": "#ursaring_details" },
        "up":    { "uv": [ 8, 0.5, 15, 6 ], "texture": "#ursaring_details" }
    }
},
{
    "from": [ 8, 15.5, 12.25 ],
    "to": [ 13, 15.5625, 15.75 ],
    "rotation": { "origin": [ 8, 15.5625, 12.25 ], "axis": "z", "angle": -45 },
    "faces": {
        "down":  { "uv": [ 8, 6, 15, 0.5 ], "texture": "#ursaring_details" },
        "up":    { "uv": [ 8, 0.5, 15, 6 ], "texture": "#ursaring_details" }
    }
},
{
    "from": [ 4.5, 11.9645, 1.1875 ],
    "to": [ 9.5, 12.027, 4.6875 ],
    "rotation": { "origin": [ 4.5, 12.027, 1.1875 ], "axis": "z", "angle": 45 },
    "faces": {
        "down":  { "uv": [ 8, 0.5, 15, 6 ], "texture": "#ursaring_details" },
        "up":    { "uv": [ 8, 6, 15, 0.5 ], "texture": "#ursaring_details" }
    }
},
{
    "from": [ 8, 15.5, 1.1875 ],
    "to": [ 13, 15.5625, 4.6875 ],
    "rotation": { "origin": [ 8, 15.5625, 1.1875 ], "axis": "z", "angle": -45 },
    "faces": {
        "down":  { "uv": [ 8, 0.5, 15, 6 ], "texture": "#ursaring_details" },
        "up":    { "uv": [ 8, 6, 15, 0.5 ], "texture": "#ursaring_details" }
    }
},
{
    "from": [ 11.25, 5.5, 7 ],
    "to": [ 16.25, 8.5, 10 ],
    "faces": {
        "down":  { "uv": [ 5.5, 8.5, 2.5, 3.5 ], "texture": "#ursaring_fur" },
        "up":    { "uv": [ 9.5, 3.5, 12.5, 8.5 ], "texture": "#ursaring_fur" },
        "north": { "uv": [ 2, 7.5, 5, 10.5 ], "texture": "#ursaring_fur" },
        "south": { "uv": [ 11, 7.5, 14, 10.5 ], "texture": "#ursaring_fur" },
        "west":  { "uv": [ 6, 7.5, 11, 10.5 ], "texture": "#ursaring_fur" },
        "east":  { "uv": [ 5, 7.5, 10, 10.5 ], "texture": "#ursaring_fur" }
    }
},
{
    "from": [ 5.5, -0.375, 9.75 ],
    "to": [ 9.5, 0.625, 13.75 ],
    "faces": {
        "down":  { "uv": [ 11.5, 6.9375, 10.5, 3.5625 ], "texture": "#ursaring_fur" },
        "up":    { "uv": [ 4.5, 3.5625, 5.5, 6.9375 ], "texture": "#ursaring_fur" },
        "north": { "uv": [ 9, 7, 10, 7.6875 ], "texture": "#ursaring_fur" },
        "south": { "uv": [ 9, 7, 10, 7.6875 ], "texture": "#ursaring_fur" },
        "west":  { "uv": [ 2, 1.5, 5.375, 2.1875 ], "texture": "#ursaring_fur" },
        "east":  { "uv": [ 2, 1.5, 5.375, 2.1875 ], "texture": "#ursaring_fur" }
    }
},
{
    "from": [ 6.25, 5.875, 1.875 ],
    "to": [ 9.75, 11.875, 4.375 ],
    "rotation": { "origin": [ 6.25, 11.875, 1.875 ], "axis": "x", "angle": 22.5 },
    "faces": {
        "down":  { "uv": [ 9.5, 4.5, 6, 1.5 ], "texture": "#ursaring_fur" },
        "up":    { "uv": [ 6.5, 1.5, 10, 4.5 ], "texture": "#ursaring_fur" },
        "north": { "uv": [ 6, 2, 9.5, 7.5 ], "texture": "#ursaring_fur" },
        "south": { "uv": [ 6.5, 2, 10, 7.5 ], "texture": "#ursaring_fur" },
        "west":  { "uv": [ 1.5, 2, 4.5, 7.5 ], "texture": "#ursaring_fur" },
        "east":  { "uv": [ 11.5, 2, 14.5, 7.5 ], "texture": "#ursaring_fur" }
    }
},
{
    "from": [ 5, 14, 6.5 ],
    "to": [ 11, 18.5, 10.5 ],
    "faces": {
        "down":  { "uv": [ 4.5, 5, 8.5, 10 ], "texture": "#ursaring_fur" },
        "up":    { "uv": [ 4.5, 4.5, 8.5, 9.5 ], "texture": "#ursaring_fur" },
        "north": { "uv": [ 4.25, 0, 8.25, 4 ], "texture": "#ursaring_fur" },
        "south": { "uv": [ 4.25, 0, 8.25, 4 ], "texture": "#ursaring_fur" },
        "west":  { "uv": [ 6, 0, 11, 4 ], "texture": "#ursaring_fur" },
        "east":  { "uv": [ 6, 0, 11, 4 ], "texture": "#ursaring_fur" }
    }
},
{
    "from": [ 6, 15, 5.5 ],
    "to": [ 10, 19.5, 11.5 ],
    "faces": {
        "down":  { "uv": [ 4.5, 5, 8.5, 10 ], "texture": "#ursaring_fur" },
        "up":    { "uv": [ 4.5, 4.5, 8.5, 9.5 ], "texture": "#ursaring_fur" },
        "north": { "uv": [ 4.25, 0, 8.25, 4 ], "texture": "#ursaring_fur" },
        "south": { "uv": [ 4.25, 0, 8.25, 4 ], "texture": "#ursaring_fur" },
        "west":  { "uv": [ 6, 0, 11, 4 ], "texture": "#ursaring_fur" },
        "east":  { "uv": [ 6, 0, 11, 4 ], "texture": "#ursaring_fur" }
    }
},
{
    "__comment": "Claws",
    "from": [ 4.1875, -0.5, 10.0625 ],
    "to": [ 5.1875, 0.5, 10.5625 ],
    "faces": {
        "down":  { "uv": [ 2.5, 12, 3.5, 15.375 ], "texture": "#ursaring_fur" },
        "up":    { "uv": [ 2.5, 12, 3.5, 15.375 ], "texture": "#ursaring_fur" },
        "north": { "uv": [ 5, 11.5, 6, 12.1875 ], "texture": "#ursaring_fur" },
        "south": { "uv": [ 5, 13, 6, 13.6875 ], "texture": "#ursaring_fur" },
        "west":  { "uv": [ 1.5, 13.5, 4.875, 14.1875 ], "texture": "#ursaring_fur" },
        "east":  { "uv": [ 0, 12, 3.375, 12.6875 ], "texture": "#ursaring_fur" }
    }
},
{
    "__comment": "Claws",
    "from": [ 4, -0.5, 11.5 ],
    "to": [ 5, 0.5, 12 ],
    "faces": {
        "down":  { "uv": [ 2.5, 12, 3.5, 15.375 ], "texture": "#ursaring_fur" },
        "up":    { "uv": [ 2.5, 12, 3.5, 15.375 ], "texture": "#ursaring_fur" },
        "north": { "uv": [ 5, 11.5, 6, 12.1875 ], "texture": "#ursaring_fur" },
        "south": { "uv": [ 5, 13, 6, 13.6875 ], "texture": "#ursaring_fur" },
        "west":  { "uv": [ 1.5, 13.5, 4.875, 14.1875 ], "texture": "#ursaring_fur" },
        "east":  { "uv": [ 0, 12, 3.375, 12.6875 ], "texture": "#ursaring_fur" }
    }
},
{
    "__comment": "Claws",
    "from": [ 4.1875, -0.5, 12.9375 ],
    "to": [ 5.1875, 0.5, 13.4375 ],
    "faces": {
        "down":  { "uv": [ 2.5, 12, 3.5, 15.375 ], "texture": "#ursaring_fur" },
        "up":    { "uv": [ 2.5, 12, 3.5, 15.375 ], "texture": "#ursaring_fur" },
        "north": { "uv": [ 5, 11.5, 6, 12.1875 ], "texture": "#ursaring_fur" },
        "south": { "uv": [ 5, 13, 6, 13.6875 ], "texture": "#ursaring_fur" },
        "west":  { "uv": [ 1.5, 13.5, 4.875, 14.1875 ], "texture": "#ursaring_fur" },
        "east":  { "uv": [ 0, 12, 3.375, 12.6875 ], "texture": "#ursaring_fur" }
    }
},
{
    "__comment": "Claws",
    "from": [ 4.1875, -0.5, 3.5625 ],
    "to": [ 5.1875, 0.5, 4.0625 ],
    "faces": {
        "down":  { "uv": [ 2.5, 12, 3.5, 15.375 ], "texture": "#ursaring_fur" },
        "up":    { "uv": [ 2.5, 12, 3.5, 15.375 ], "texture": "#ursaring_fur" },
        "north": { "uv": [ 5, 11.5, 6, 12.1875 ], "texture": "#ursaring_fur" },
        "south": { "uv": [ 5, 13, 6, 13.6875 ], "texture": "#ursaring_fur" },
        "west":  { "uv": [ 1.5, 13.5, 4.875, 14.1875 ], "texture": "#ursaring_fur" },
        "east":  { "uv": [ 0, 12, 3.375, 12.6875 ], "texture": "#ursaring_fur" }
    }
},
{
    "__comment": "Claws",
    "from": [ 4, -0.5, 5 ],
    "to": [ 5, 0.5, 5.5 ],
    "faces": {
        "down":  { "uv": [ 2.5, 12, 3.5, 15.375 ], "texture": "#ursaring_fur" },
        "up":    { "uv": [ 2.5, 12, 3.5, 15.375 ], "texture": "#ursaring_fur" },
        "north": { "uv": [ 5, 11.5, 6, 12.1875 ], "texture": "#ursaring_fur" },
        "south": { "uv": [ 5, 13, 6, 13.6875 ], "texture": "#ursaring_fur" },
        "west":  { "uv": [ 1.5, 13.5, 4.875, 14.1875 ], "texture": "#ursaring_fur" },
        "east":  { "uv": [ 0, 12, 3.375, 12.6875 ], "texture": "#ursaring_fur" }
    }
},
{
    "__comment": "Claws",
    "from": [ 4.1875, -0.5, 6.4375 ],
    "to": [ 5.1875, 0.5, 6.9375 ],
    "faces": {
        "down":  { "uv": [ 2.5, 12, 3.5, 15.375 ], "texture": "#ursaring_fur" },
        "up":    { "uv": [ 2.5, 12, 3.5, 15.375 ], "texture": "#ursaring_fur" },
        "north": { "uv": [ 5, 11.5, 6, 12.1875 ], "texture": "#ursaring_fur" },
        "south": { "uv": [ 5, 13, 6, 13.6875 ], "texture": "#ursaring_fur" },
        "west":  { "uv": [ 1.5, 13.5, 4.875, 14.1875 ], "texture": "#ursaring_fur" },
        "east":  { "uv": [ 0, 12, 3.375, 12.6875 ], "texture": "#ursaring_fur" }
    }
},
{
    "__comment": "Feet",
    "from": [ 10, -0.5, 10.5 ],
    "to": [ 10.5, 0.5, 13 ],
    "faces": {
        "down":  { "uv": [ 11.5, 6.9375, 10.5, 3.5625 ], "texture": "#ursaring_fur" },
        "up":    { "uv": [ 4.5, 3.5625, 5.5, 6.9375 ], "texture": "#ursaring_fur" },
        "north": { "uv": [ 9, 7, 10, 7.6875 ], "texture": "#ursaring_fur" },
        "south": { "uv": [ 9, 7, 10, 7.6875 ], "texture": "#ursaring_fur" },
        "west":  { "uv": [ 2, 1.5, 5.375, 2.1875 ], "texture": "#ursaring_fur" },
        "east":  { "uv": [ 2, 1.5, 5.375, 2.1875 ], "texture": "#ursaring_fur" }
    }
},
{
    "__comment": "Feet",
    "from": [ 10, -0.5, 4 ],
    "to": [ 10.5, 0.5, 6.5 ],
    "faces": {
        "down":  { "uv": [ 11.5, 6.9375, 10.5, 3.5625 ], "texture": "#ursaring_fur" },
        "up":    { "uv": [ 4.5, 3.5625, 5.5, 6.9375 ], "texture": "#ursaring_fur" },
        "north": { "uv": [ 9, 7, 10, 7.6875 ], "texture": "#ursaring_fur" },
        "south": { "uv": [ 9, 7, 10, 7.6875 ], "texture": "#ursaring_fur" },
        "west":  { "uv": [ 2, 1.5, 5.375, 2.1875 ], "texture": "#ursaring_fur" },
        "east":  { "uv": [ 2, 1.5, 5.375, 2.1875 ], "texture": "#ursaring_fur" }
    }
},
{
    "__comment": "Ears",
    "from": [ 7, 19.5, 10.625 ],
    "to": [ 8, 21.25, 12.1875 ],
    "rotation": { "origin": [ 7, 21.25, 10.625 ], "axis": "x", "angle": 22.5 },
    "faces": {
        "down":  { "uv": [ 4.5, 5, 8.5, 10 ], "texture": "#ursaring_fur" },
        "up":    { "uv": [ 4.5, 4.5, 8.5, 9.5 ], "texture": "#ursaring_fur" },
        "north": { "uv": [ 4.25, 0, 8.25, 4 ], "texture": "#ursaring_fur" },
        "south": { "uv": [ 4.25, 0, 8.25, 4 ], "texture": "#ursaring_fur" },
        "west":  { "uv": [ 6, 0, 11, 4 ], "texture": "#ursaring_fur" },
        "east":  { "uv": [ 6, 0, 11, 4 ], "texture": "#ursaring_fur" }
    }
},
{
    "from": [ 4.9375, 17.125, 6.375 ],
    "to": [ 5, 17.75, 8.3125 ],
    "faces": {
        "west":  { "uv": [ 9, 12.5, 0, 16 ], "texture": "#ursaring_details" },
        "east":  { "uv": [ 6.5, 0, 9, 2 ], "texture": "#ursaring_details" }
    }
},
{
    "__comment": "Muzzle*",
    "from": [ 4.25, 15.375, 7 ],
    "to": [ 5.25, 16.875, 10 ],
    "faces": {
        "down":  { "uv": [ 10, 11, 14, 16 ], "texture": "#ursaring_fur" },
        "up":    { "uv": [ 9.5, 11, 13.5, 16 ], "texture": "#ursaring_fur" },
        "north": { "uv": [ 9.5, 11.5, 13.5, 15.5 ], "texture": "#ursaring_fur" },
        "south": { "uv": [ 10, 12, 14, 16 ], "texture": "#ursaring_fur" },
        "west":  { "uv": [ 10, 11, 15, 15 ], "texture": "#ursaring_fur" },
        "east":  { "uv": [ 11, 12, 16, 16 ], "texture": "#ursaring_fur" }
    }
},
{
    "from": [ 4.1875, 15.75, 7.1875 ],
    "to": [ 4.25, 16.8125, 9.875 ],
    "faces": {
        "west":  { "uv": [ 0, 9, 9, 12.5 ], "texture": "#ursaring_details" },
        "east":  { "uv": [ 6.5, 0, 9, 2 ], "texture": "#ursaring_details" }
    }
},
{
    "from": [ 6.4375, 19.5, 6.5 ],
    "to": [ 9.4375, 20, 10.5 ],
    "faces": {
        "down":  { "uv": [ 4.5, 5, 8.5, 10 ], "texture": "#ursaring_fur" },
        "up":    { "uv": [ 4.5, 4.5, 8.5, 9.5 ], "texture": "#ursaring_fur" },
        "north": { "uv": [ 4.25, 0, 8.25, 4 ], "texture": "#ursaring_fur" },
        "south": { "uv": [ 4.25, 0, 8.25, 4 ], "texture": "#ursaring_fur" },
        "west":  { "uv": [ 6, 0, 11, 4 ], "texture": "#ursaring_fur" },
        "east":  { "uv": [ 6, 0, 11, 4 ], "texture": "#ursaring_fur" }
    }
},
{
    "from": [ 6.9375, 20, 10.75 ],
    "to": [ 7, 21, 11.9375 ],
    "rotation": { "origin": [ 6.9375, 21, 10.75 ], "axis": "x", "angle": 22.5 },
    "faces": {
        "west":  { "uv": [ 10, 14, 12.5, 16 ], "texture": "#ursaring_details" },
        "east":  { "uv": [ 6.5, 0, 9, 2 ], "texture": "#ursaring_details" }
    }
},
{
    "__comment": "Muzzle*",
    "from": [ 4.5, 15.125, 7.25 ],
    "to": [ 5.5, 17.125, 9.75 ],
    "faces": {
        "down":  { "uv": [ 10, 11, 14, 16 ], "texture": "#ursaring_fur" },
        "up":    { "uv": [ 9.5, 11, 13.5, 16 ], "texture": "#ursaring_fur" },
        "north": { "uv": [ 9.5, 11.5, 13.5, 15.5 ], "texture": "#ursaring_fur" },
        "south": { "uv": [ 10, 12, 14, 16 ], "texture": "#ursaring_fur" },
        "west":  { "uv": [ 10, 11, 15, 15 ], "texture": "#ursaring_fur" },
        "east":  { "uv": [ 11, 12, 16, 16 ], "texture": "#ursaring_fur" }
    }
},
{
    "__comment": "Muzzle*",
    "from": [ 4.5, 15.625, 6.75 ],
    "to": [ 5.5, 16.625, 10.25 ],
    "faces": {
        "down":  { "uv": [ 10, 11, 14, 16 ], "texture": "#ursaring_fur" },
        "up":    { "uv": [ 9.5, 11, 13.5, 16 ], "texture": "#ursaring_fur" },
        "north": { "uv": [ 9.5, 11.5, 13.5, 15.5 ], "texture": "#ursaring_fur" },
        "south": { "uv": [ 10, 12, 14, 16 ], "texture": "#ursaring_fur" },
        "west":  { "uv": [ 10, 11, 15, 15 ], "texture": "#ursaring_fur" },
        "east":  { "uv": [ 11, 12, 16, 16 ], "texture": "#ursaring_fur" }
    }
},
{
    "from": [ 4.9375, 17.125, 8.5625 ],
    "to": [ 5, 17.75, 10.5 ],
    "faces": {
        "west":  { "uv": [ 0, 12.5, 9, 16 ], "texture": "#ursaring_details" },
        "east":  { "uv": [ 6.5, 0, 9, 2 ], "texture": "#ursaring_details" }
    }
},
{
    "__comment": "Ears*",
    "from": [ 7, 18.9375, 5 ],
    "to": [ 8, 20.6875, 6.5625 ],
    "rotation": { "origin": [ 7, 20.6875, 5 ], "axis": "x", "angle": -22.5 },
    "faces": {
        "down":  { "uv": [ 4.5, 5, 8.5, 10 ], "texture": "#ursaring_fur" },
        "up":    { "uv": [ 4.5, 4.5, 8.5, 9.5 ], "texture": "#ursaring_fur" },
        "north": { "uv": [ 4.25, 0, 8.25, 4 ], "texture": "#ursaring_fur" },
        "south": { "uv": [ 4.25, 0, 8.25, 4 ], "texture": "#ursaring_fur" },
        "west":  { "uv": [ 6, 0, 11, 4 ], "texture": "#ursaring_fur" },
        "east":  { "uv": [ 6, 0, 11, 4 ], "texture": "#ursaring_fur" }
    }
},
{
    "from": [ 6.9375, 19.5, 5.3125 ],
    "to": [ 7, 20.5, 6.5 ],
    "rotation": { "origin": [ 6.9375, 20.5, 5.3125 ], "axis": "x", "angle": -22.5 },
    "faces": {
        "west":  { "uv": [ 10, 14, 12.5, 16 ], "texture": "#ursaring_details" },
        "east":  { "uv": [ 6.5, 0, 9, 2 ], "texture": "#ursaring_details" }
    }
},
{
    "from": [ 5.9375, 3, 10.5 ],
    "to": [ 6, 4.5, 12.5 ],
    "faces": {
        "west":  { "uv": [ 12.5, 11, 16, 16 ], "texture": "#ursaring_details" },
        "east":  { "uv": [ 0, 0, 5, 4.5 ], "texture": "#ursaring_details" }
    }
},
{
    "from": [ 5.9375, 3, 4.5 ],
    "to": [ 6, 4.5, 6.5 ],
    "faces": {
        "west":  { "uv": [ 16, 11, 12.5, 16 ], "texture": "#ursaring_details" },
        "east":  { "uv": [ 0, 0, 5, 4.5 ], "texture": "#ursaring_details" }
    }
},
{
    "from": [ 6.5, 5, 12.4375 ],
    "to": [ 9.5, 10.5, 15.6875 ],
    "rotation": { "origin": [ 6.5, 10.5, 12.4375 ], "axis": "x", "angle": -22.5 },
    "faces": {
        "down":  { "uv": [ 9.5, 4.5, 6, 1.5 ], "texture": "#ursaring_fur" },
        "up":    { "uv": [ 6.5, 1.5, 10, 4.5 ], "texture": "#ursaring_fur" },
        "north": { "uv": [ 6, 2, 9.5, 7.5 ], "texture": "#ursaring_fur" },
        "south": { "uv": [ 6.5, 2, 10, 7.5 ], "texture": "#ursaring_fur" },
        "west":  { "uv": [ 1.5, 2, 4.5, 7.5 ], "texture": "#ursaring_fur" },
        "east":  { "uv": [ 11.5, 2, 14.5, 7.5 ], "texture": "#ursaring_fur" }
    }
},
{
    "from": [ 6.5, 6.25, 1.5 ],
    "to": [ 9.5, 11.75, 4.75 ],
    "rotation": { "origin": [ 6.5, 11.75, 1.5 ], "axis": "x", "angle": 22.5 },
    "faces": {
        "down":  { "uv": [ 9.5, 4.5, 6, 1.5 ], "texture": "#ursaring_fur" },
        "up":    { "uv": [ 6.5, 1.5, 10, 4.5 ], "texture": "#ursaring_fur" },
        "north": { "uv": [ 6, 2, 9.5, 7.5 ], "texture": "#ursaring_fur" },
        "south": { "uv": [ 6.5, 2, 10, 7.5 ], "texture": "#ursaring_fur" },
        "west":  { "uv": [ 1.5, 2, 4.5, 7.5 ], "texture": "#ursaring_fur" },
        "east":  { "uv": [ 11.5, 2, 14.5, 7.5 ], "texture": "#ursaring_fur" }
    }
},
{
    "from": [ 6.4375, 4.625, 16.3125 ],
    "to": [ 6.9375, 7.125, 17.3125 ],
    "rotation": { "origin": [ 6.4375, 7.125, 16.3125 ], "axis": "x", "angle": 22.5 },
    "faces": {
        "down":  { "uv": [ 2.5, 12, 3.5, 15.375 ], "texture": "#ursaring_fur" },
        "up":    { "uv": [ 2.5, 12, 3.5, 15.375 ], "texture": "#ursaring_fur" },
        "north": { "uv": [ 5, 11.5, 6, 12.1875 ], "texture": "#ursaring_fur" },
        "south": { "uv": [ 5, 13, 6, 13.6875 ], "texture": "#ursaring_fur" },
        "west":  { "uv": [ 1.5, 13.5, 4.875, 14.1875 ], "texture": "#ursaring_fur" },
        "east":  { "uv": [ 0, 12, 3.375, 12.6875 ], "texture": "#ursaring_fur" }
    }
},
{
    "from": [ 7.0625, 4.3125, 16.3125 ],
    "to": [ 7.5625, 6.8125, 17.3125 ],
    "rotation": { "origin": [ 7.0625, 6.8125, 16.3125 ], "axis": "x", "angle": 22.5 },
    "faces": {
        "down":  { "uv": [ 2.5, 12, 3.5, 15.375 ], "texture": "#ursaring_fur" },
        "up":    { "uv": [ 2.5, 12, 3.5, 15.375 ], "texture": "#ursaring_fur" },
        "north": { "uv": [ 5, 11.5, 6, 12.1875 ], "texture": "#ursaring_fur" },
        "south": { "uv": [ 5, 13, 6, 13.6875 ], "texture": "#ursaring_fur" },
        "west":  { "uv": [ 1.5, 13.5, 4.875, 14.1875 ], "texture": "#ursaring_fur" },
        "east":  { "uv": [ 0, 12, 3.375, 12.6875 ], "texture": "#ursaring_fur" }
    }
},
{
    "from": [ 7.75, 4.3125, 16.3125 ],
    "to": [ 8.25, 6.8125, 17.3125 ],
    "rotation": { "origin": [ 7.75, 6.8125, 16.3125 ], "axis": "x", "angle": 22.5 },
    "faces": {
        "down":  { "uv": [ 2.5, 12, 3.5, 15.375 ], "texture": "#ursaring_fur" },
        "up":    { "uv": [ 2.5, 12, 3.5, 15.375 ], "texture": "#ursaring_fur" },
        "north": { "uv": [ 5, 11.5, 6, 12.1875 ], "texture": "#ursaring_fur" },
        "south": { "uv": [ 5, 13, 6, 13.6875 ], "texture": "#ursaring_fur" },
        "west":  { "uv": [ 1.5, 13.5, 4.875, 14.1875 ], "texture": "#ursaring_fur" },
        "east":  { "uv": [ 0, 12, 3.375, 12.6875 ], "texture": "#ursaring_fur" }
    }
},
{
    "from": [ 8.4375, 4.3125, 16.3125 ],
    "to": [ 8.9375, 6.8125, 17.3125 ],
    "rotation": { "origin": [ 8.4375, 6.8125, 16.3125 ], "axis": "x", "angle": 22.5 },
    "faces": {
        "down":  { "uv": [ 2.5, 12, 3.5, 15.375 ], "texture": "#ursaring_fur" },
        "up":    { "uv": [ 2.5, 12, 3.5, 15.375 ], "texture": "#ursaring_fur" },
        "north": { "uv": [ 5, 11.5, 6, 12.1875 ], "texture": "#ursaring_fur" },
        "south": { "uv": [ 5, 13, 6, 13.6875 ], "texture": "#ursaring_fur" },
        "west":  { "uv": [ 1.5, 13.5, 4.875, 14.1875 ], "texture": "#ursaring_fur" },
        "east":  { "uv": [ 0, 12, 3.375, 12.6875 ], "texture": "#ursaring_fur" }
    }
},
{
    "from": [ 9.0625, 4.625, 16.3125 ],
    "to": [ 9.5625, 7.125, 17.3125 ],
    "rotation": { "origin": [ 9.0625, 7.125, 16.3125 ], "axis": "x", "angle": 22.5 },
    "faces": {
        "down":  { "uv": [ 2.5, 12, 3.5, 15.375 ], "texture": "#ursaring_fur" },
        "up":    { "uv": [ 2.5, 12, 3.5, 15.375 ], "texture": "#ursaring_fur" },
        "north": { "uv": [ 5, 11.5, 6, 12.1875 ], "texture": "#ursaring_fur" },
        "south": { "uv": [ 5, 13, 6, 13.6875 ], "texture": "#ursaring_fur" },
        "west":  { "uv": [ 1.5, 13.5, 4.875, 14.1875 ], "texture": "#ursaring_fur" },
        "east":  { "uv": [ 0, 12, 3.375, 12.6875 ], "texture": "#ursaring_fur" }
    }
},
{
    "from": [ 6.4375, 4.25, -0.25 ],
    "to": [ 6.9375, 6.75, 0.75 ],
    "rotation": { "origin": [ 6.4375, 6.75, -0.25 ], "axis": "x", "angle": -22.5 },
    "faces": {
        "down":  { "uv": [ 2.5, 12, 3.5, 15.375 ], "texture": "#ursaring_fur" },
        "up":    { "uv": [ 2.5, 12, 3.5, 15.375 ], "texture": "#ursaring_fur" },
        "north": { "uv": [ 5, 11.5, 6, 12.1875 ], "texture": "#ursaring_fur" },
        "south": { "uv": [ 5, 13, 6, 13.6875 ], "texture": "#ursaring_fur" },
        "west":  { "uv": [ 1.5, 13.5, 4.875, 14.1875 ], "texture": "#ursaring_fur" },
        "east":  { "uv": [ 0, 12, 3.375, 12.6875 ], "texture": "#ursaring_fur" }
    }
},
{
    "from": [ 7.0625, 3.9375, -0.25 ],
    "to": [ 7.5625, 6.4375, 0.75 ],
    "rotation": { "origin": [ 7.0625, 6.4375, -0.25 ], "axis": "x", "angle": -22.5 },
    "faces": {
        "down":  { "uv": [ 2.5, 12, 3.5, 15.375 ], "texture": "#ursaring_fur" },
        "up":    { "uv": [ 2.5, 12, 3.5, 15.375 ], "texture": "#ursaring_fur" },
        "north": { "uv": [ 5, 11.5, 6, 12.1875 ], "texture": "#ursaring_fur" },
        "south": { "uv": [ 5, 13, 6, 13.6875 ], "texture": "#ursaring_fur" },
        "west":  { "uv": [ 1.5, 13.5, 4.875, 14.1875 ], "texture": "#ursaring_fur" },
        "east":  { "uv": [ 0, 12, 3.375, 12.6875 ], "texture": "#ursaring_fur" }
    }
},
{
    "from": [ 7.75, 3.9375, -0.25 ],
    "to": [ 8.25, 6.4375, 0.75 ],
    "rotation": { "origin": [ 7.75, 6.4375, -0.25 ], "axis": "x", "angle": -22.5 },
    "faces": {
        "down":  { "uv": [ 2.5, 12, 3.5, 15.375 ], "texture": "#ursaring_fur" },
        "up":    { "uv": [ 2.5, 12, 3.5, 15.375 ], "texture": "#ursaring_fur" },
        "north": { "uv": [ 5, 11.5, 6, 12.1875 ], "texture": "#ursaring_fur" },
        "south": { "uv": [ 5, 13, 6, 13.6875 ], "texture": "#ursaring_fur" },
        "west":  { "uv": [ 1.5, 13.5, 4.875, 14.1875 ], "texture": "#ursaring_fur" },
        "east":  { "uv": [ 0, 12, 3.375, 12.6875 ], "texture": "#ursaring_fur" }
    }
},
{
    "from": [ 8.4375, 3.9375, -0.25 ],
    "to": [ 8.9375, 6.4375, 0.75 ],
    "rotation": { "origin": [ 8.4375, 6.4375, -0.25 ], "axis": "x", "angle": -22.5 },
    "faces": {
        "down":  { "uv": [ 2.5, 12, 3.5, 15.375 ], "texture": "#ursaring_fur" },
        "up":    { "uv": [ 2.5, 12, 3.5, 15.375 ], "texture": "#ursaring_fur" },
        "north": { "uv": [ 5, 11.5, 6, 12.1875 ], "texture": "#ursaring_fur" },
        "south": { "uv": [ 5, 13, 6, 13.6875 ], "texture": "#ursaring_fur" },
        "west":  { "uv": [ 1.5, 13.5, 4.875, 14.1875 ], "texture": "#ursaring_fur" },
        "east":  { "uv": [ 0, 12, 3.375, 12.6875 ], "texture": "#ursaring_fur" }
    }
},
{
    "from": [ 9.0625, 4.25, -0.1875 ],
    "to": [ 9.5625, 6.75, 0.8125 ],
    "rotation": { "origin": [ 9.0625, 6.75, -0.1875 ], "axis": "x", "angle": -22.5 },
    "faces": {
        "down":  { "uv": [ 2.5, 12, 3.5, 15.375 ], "texture": "#ursaring_fur" },
        "up":    { "uv": [ 2.5, 12, 3.5, 15.375 ], "texture": "#ursaring_fur" },
        "north": { "uv": [ 5, 11.5, 6, 12.1875 ], "texture": "#ursaring_fur" },
        "south": { "uv": [ 5, 13, 6, 13.6875 ], "texture": "#ursaring_fur" },
        "west":  { "uv": [ 1.5, 13.5, 4.875, 14.1875 ], "texture": "#ursaring_fur" },
        "east":  { "uv": [ 0, 12, 3.375, 12.6875 ], "texture": "#ursaring_fur" }
    }
},
{
    "from": [ 11, 6, 5.5 ],
    "to": [ 11.5, 13, 11.5 ],
    "faces": {
        "down":  { "uv": [ 16, 8, 10, 0 ], "texture": "#ursaring_fur" },
        "up":    { "uv": [ 5.5, 0, 11.5, 8 ], "texture": "#ursaring_fur" },
        "north": { "uv": [ 10, 0, 16, 9 ], "texture": "#ursaring_fur" },
        "south": { "uv": [ 0, 0, 6, 9 ], "texture": "#ursaring_fur" },
        "west":  { "uv": [ 6, 1, 14, 10 ], "texture": "#ursaring_fur" },
        "east":  { "uv": [ 8, 0, 16, 9 ], "texture": "#ursaring_fur" }
    }
},
{
    "from": [ 5.5, -0.375, 3.25 ],
    "to": [ 9.5, 0.625, 7.25 ],
    "faces": {
        "down":  { "uv": [ 11.5, 6.9375, 10.5, 3.5625 ], "texture": "#ursaring_fur" },
        "up":    { "uv": [ 4.5, 3.5625, 5.5, 6.9375 ], "texture": "#ursaring_fur" },
        "north": { "uv": [ 9, 7, 10, 7.6875 ], "texture": "#ursaring_fur" },
        "south": { "uv": [ 9, 7, 10, 7.6875 ], "texture": "#ursaring_fur" },
        "west":  { "uv": [ 2, 1.5, 5.375, 2.1875 ], "texture": "#ursaring_fur" },
        "east":  { "uv": [ 2, 1.5, 5.375, 2.1875 ], "texture": "#ursaring_fur" }
    }
},
{
    "from": [ 4.5, -0.5, 10.25 ],
    "to": [ 5, 0.875, 13.25 ],
    "faces": {
        "down":  { "uv": [ 11.5, 6.9375, 10.5, 3.5625 ], "texture": "#ursaring_fur" },
        "up":    { "uv": [ 4.5, 3.5625, 5.5, 6.9375 ], "texture": "#ursaring_fur" },
        "north": { "uv": [ 9, 7, 10, 7.6875 ], "texture": "#ursaring_fur" },
        "south": { "uv": [ 9, 7, 10, 7.6875 ], "texture": "#ursaring_fur" },
        "west":  { "uv": [ 2, 1.5, 5.375, 2.1875 ], "texture": "#ursaring_fur" },
        "east":  { "uv": [ 2, 1.5, 5.375, 2.1875 ], "texture": "#ursaring_fur" }
    }
}
],
"display": {
		"thirdperson_righthand": {
			"rotation":  [ 70, -90, 0 ],
			"translation":  [ -5.25, -5.3, 2.1 ],
			"scale":  [ 1.58, 1.58, 1.58 ]
		},
		"thirdperson_lefthand": {
			"rotation":  [ 70, 90, 0 ],
			"translation":  [ -6.75, -5.3, 2.1 ],
			"scale":  [ 1.58, 1.58, 1.58 ]
		},
		"head": {
			"rotation":  [ 0, -90, 0 ],
			"translation":  [ 1.51, -24.34, 0 ],
			"scale":  [ 2.6, 2.6, 2.6 ]
		},
		"firstperson_righthand": {
			"scale":  [ 0, 0, 0 ]
		},
		"firstperson_lefthand": {
			"scale":  [ 0, 0, 0 ]
		},
		"gui": {
			"scale":  [ 0, 0, 0 ]
		},
		"ground": {
			"scale":  [ 0, 0, 0 ]
		}
}
}