{
"__comment": "Designed by Ramonaskye with BDcraft Cubik PRO 0.96 Beta - http://bdcraft.net",
"elements": [ 
{
    "from": [ 4, 0, 8 ],
    "to": [ 6, 1, 12 ],
    "rotation": { "origin": [ 4, 0, 8 ], "axis": "y", "angle": -22.5 },
    "faces": {
        "down":  { "uv": [ 12, 12, 10, 8 ], "texture": "#texture" },
        "up":    { "uv": [ 4, 8, 6, 12 ], "texture": "#texture" },
        "north": { "uv": [ 10, 15, 12, 16 ], "texture": "#texture" },
        "south": { "uv": [ 4, 15, 6, 16 ], "texture": "#texture" },
        "west":  { "uv": [ 8, 15, 12, 16 ], "texture": "#texture" },
        "east":  { "uv": [ 4, 15, 8, 16 ], "texture": "#texture" }
    }
},
{
    "from": [ 10.5625, 0, 8.5 ],
    "to": [ 12.5625, 1, 12.5 ],
    "rotation": { "origin": [ 10.5625, 0, 8.5 ], "axis": "y", "angle": 22.5 },
    "faces": {
        "down":  { "uv": [ 5.4375, 12.5, 3.4375, 8.5 ], "texture": "#texture" },
        "up":    { "uv": [ 10.5625, 8.5, 12.5625, 12.5 ], "texture": "#texture" },
        "north": { "uv": [ 3.4375, 15, 5.4375, 16 ], "texture": "#texture" },
        "south": { "uv": [ 10.5625, 15, 12.5625, 16 ], "texture": "#texture" },
        "west":  { "uv": [ 8.5, 15, 12.5, 16 ], "texture": "#texture" },
        "east":  { "uv": [ 3.5, 15, 7.5, 16 ], "texture": "#texture" }
    }
},
{
    "from": [ 1.5, 0, 6.25 ],
    "to": [ 5, 4, 11 ],
    "rotation": { "origin": [ 1.5, 4, 6.25 ], "axis": "z", "angle": 22.5 },
    "faces": {
        "down":  { "uv": [ 14.5, 11, 11, 6.25 ], "texture": "#texture" },
        "up":    { "uv": [ 1.5, 6.25, 5, 11 ], "texture": "#texture" },
        "north": { "uv": [ 11, 12, 14.5, 16 ], "texture": "#texture" },
        "south": { "uv": [ 1.5, 12, 5, 16 ], "texture": "#texture" },
        "west":  { "uv": [ 6.25, 12, 11, 16 ], "texture": "#texture" },
        "east":  { "uv": [ 5, 12, 9.75, 16 ], "texture": "#texture" }
    }
},
{
    "from": [ 11.5625, 1.25, 6.25 ],
    "to": [ 15.0625, 5.25, 11 ],
    "rotation": { "origin": [ 11.5625, 5.25, 6.25 ], "axis": "z", "angle": -22.5 },
    "faces": {
        "down":  { "uv": [ 4.4375, 11, 0.9375, 6.25 ], "texture": "#texture" },
        "up":    { "uv": [ 11.5625, 6.25, 15.0625, 11 ], "texture": "#texture" },
        "north": { "uv": [ 0.9375, 10.75, 4.4375, 14.75 ], "texture": "#texture" },
        "south": { "uv": [ 11.5625, 10.75, 15.0625, 14.75 ], "texture": "#texture" },
        "west":  { "uv": [ 6.25, 10.75, 11, 14.75 ], "texture": "#texture" },
        "east":  { "uv": [ 5, 10.75, 9.75, 14.75 ], "texture": "#texture" }
    }
},
{
    "from": [ 4.5, 1.5, 5.5 ],
    "to": [ 11.5, 9.5, 11.25 ],
    "faces": {
        "down":  { "uv": [ 11.5, 11.25, 4.5, 5.5 ], "texture": "#texture" },
        "up":    { "uv": [ 4.5, 5.5, 11.5, 11.25 ], "texture": "#texture" },
        "north": { "uv": [ 4.5, 6.5, 11.5, 14.5 ], "texture": "#texture" },
        "south": { "uv": [ 4.5, 6.5, 11.5, 14.5 ], "texture": "#texture" },
        "west":  { "uv": [ 5.5, 6.5, 11.25, 14.5 ], "texture": "#texture" },
        "east":  { "uv": [ 4.75, 6.5, 10.5, 14.5 ], "texture": "#texture" }
    }
},
{
    "from": [ 5.125, 9.5, 6.875 ],
    "to": [ 10.8125, 14.5, 11.625 ],
    "faces": {
        "down":  { "uv": [ 10.875, 11.625, 5.1875, 6.875 ], "texture": "#texture" },
        "up":    { "uv": [ 5.125, 6.875, 10.8125, 11.625 ], "texture": "#texture" },
        "north": { "uv": [ 5.1875, 1.5, 10.875, 6.5 ], "texture": "#texture" },
        "south": { "uv": [ 5.125, 1.5, 10.8125, 6.5 ], "texture": "#texture" },
        "west":  { "uv": [ 6.875, 1.5, 11.625, 6.5 ], "texture": "#texture" },
        "east":  { "uv": [ 4.375, 1.5, 9.125, 6.5 ], "texture": "#texture" }
    }
},
{
    "from": [ 5.5625, 9.5, 10.75 ],
    "to": [ 8.5625, 14.5, 11.75 ],
    "rotation": { "origin": [ 5.5625, 9.5, 10.75 ], "axis": "y", "angle": -22.5 },
    "faces": {
        "down":  { "uv": [ 10.4375, 11.75, 7.4375, 10.75 ], "texture": "#texture" },
        "up":    { "uv": [ 5.5625, 10.75, 8.5625, 11.75 ], "texture": "#texture" },
        "north": { "uv": [ 7.4375, 1.5, 10.4375, 6.5 ], "texture": "#texture" },
        "south": { "uv": [ 5.5625, 1.5, 8.5625, 6.5 ], "texture": "#texture" },
        "west":  { "uv": [ 10.75, 1.5, 11.75, 6.5 ], "texture": "#texture" },
        "east":  { "uv": [ 4.25, 1.5, 5.25, 6.5 ], "texture": "#texture" }
    }
},
{
    "from": [ 7.5625, 9.5, 11.875 ],
    "to": [ 10.5625, 14.5, 12.875 ],
    "rotation": { "origin": [ 7.5625, 9.5, 11.875 ], "axis": "y", "angle": 22.5 },
    "faces": {
        "down":  { "uv": [ 8.4375, 12.875, 5.4375, 11.875 ], "texture": "#texture" },
        "up":    { "uv": [ 7.5625, 11.875, 10.5625, 12.875 ], "texture": "#texture" },
        "north": { "uv": [ 5.4375, 1.5, 8.4375, 6.5 ], "texture": "#texture" },
        "south": { "uv": [ 7.5625, 1.5, 10.5625, 6.5 ], "texture": "#texture" },
        "west":  { "uv": [ 11.875, 1.5, 12.875, 6.5 ], "texture": "#texture" },
        "east":  { "uv": [ 3.125, 1.5, 4.125, 6.5 ], "texture": "#texture" }
    }
},
{
    "from": [ 7.75, 14.25, 8 ],
    "to": [ 8.5, 19, 8.75 ],
    "faces": {
        "down":  { "uv": [ 8.25, 8.75, 7.5, 8 ], "texture": "#texture" },
        "up":    { "uv": [ 7.75, 8, 8.5, 8.75 ], "texture": "#texture" },
        "north": { "uv": [ 7.5, 0, 8.25, 1.75 ], "texture": "#texture" },
        "south": { "uv": [ 7.75, 0, 8.5, 1.75 ], "texture": "#texture" },
        "west":  { "uv": [ 8, 0, 8.75, 1.75 ], "texture": "#texture" },
        "east":  { "uv": [ 7.25, 0, 8, 1.75 ], "texture": "#texture" }
    }
},
{
    "from": [ 7.75, 13.75, 8 ],
    "to": [ 8.5, 18.75, 8.75 ],
    "rotation": { "origin": [ 7.75, 18.75, 8 ], "axis": "x", "angle": -22.5 },
    "faces": {
        "down":  { "uv": [ 8.25, 8.75, 7.5, 8 ], "texture": "#texture" },
        "up":    { "uv": [ 7.75, 8, 8.5, 8.75 ], "texture": "#texture" },
        "north": { "uv": [ 7.5, 0, 8.25, 2.25 ], "texture": "#texture" },
        "south": { "uv": [ 7.75, 0, 8.5, 2.25 ], "texture": "#texture" },
        "west":  { "uv": [ 8, 0, 8.75, 2.25 ], "texture": "#texture" },
        "east":  { "uv": [ 7.25, 0, 8, 2.25 ], "texture": "#texture" }
    }
},
{
    "from": [ 7.75, 14.5, 8.5 ],
    "to": [ 8.5, 16.75, 9.6875 ],
    "faces": {
        "down":  { "uv": [ 8.25, 9.6875, 7.5, 8.5 ], "texture": "#texture" },
        "up":    { "uv": [ 7.75, 8.5, 8.5, 9.6875 ], "texture": "#texture" },
        "north": { "uv": [ 7.5, 0, 8.25, 1.5 ], "texture": "#texture" },
        "south": { "uv": [ 7.75, 0, 8.5, 1.5 ], "texture": "#texture" },
        "west":  { "uv": [ 8.5, 0, 9.6875, 1.5 ], "texture": "#texture" },
        "east":  { "uv": [ 6.3125, 0, 7.5, 1.5 ], "texture": "#texture" }
    }
},
{
    "from": [ 1, 7.5, 10.5 ],
    "to": [ 6.75, 9, 12 ],
    "rotation": { "origin": [ 1, 7.5, 10.5 ], "axis": "y", "angle": 22.5 },
    "faces": {
        "down":  { "uv": [ 15, 12, 9.25, 10.5 ], "texture": "#texture" },
        "up":    { "uv": [ 1, 10.5, 6.75, 12 ], "texture": "#texture" },
        "north": { "uv": [ 9.25, 7, 15, 8.5 ], "texture": "#texture" },
        "south": { "uv": [ 1, 7, 6.75, 8.5 ], "texture": "#texture" },
        "west":  { "uv": [ 10.5, 7, 12, 8.5 ], "texture": "#texture" },
        "east":  { "uv": [ 4, 7, 5.5, 8.5 ], "texture": "#texture" }
    }
},
{
    "from": [ 10, 7.5, 8.5 ],
    "to": [ 15.75, 9, 10 ],
    "rotation": { "origin": [ 10, 7.5, 8.5 ], "axis": "y", "angle": -22.5 },
    "faces": {
        "down":  { "uv": [ 6, 10, 0.25, 8.5 ], "texture": "#texture" },
        "up":    { "uv": [ 10, 8.5, 15.75, 10 ], "texture": "#texture" },
        "north": { "uv": [ 0.25, 7, 6, 8.5 ], "texture": "#texture" },
        "south": { "uv": [ 10, 7, 15.75, 8.5 ], "texture": "#texture" },
        "west":  { "uv": [ 8.5, 7, 10, 8.5 ], "texture": "#texture" },
        "east":  { "uv": [ 6, 7, 7.5, 8.5 ], "texture": "#texture" }
    }
},
{
    "from": [ 5.125, 10.9375, 5.25 ],
    "to": [ 10.8125, 12.9375, 7.5 ],
    "rotation": { "origin": [ 5.125, 12.9375, 5.25 ], "axis": "x", "angle": -45 },
    "faces": {
        "down":  { "uv": [ 10.875, 7.5, 5.1875, 5.25 ], "texture": "#texture" },
        "up":    { "uv": [ 5.125, 5.25, 10.8125, 7.5 ], "texture": "#texture" },
        "north": { "uv": [ 5.1875, 3.0625, 10.875, 5.0625 ], "texture": "#texture" },
        "south": { "uv": [ 5.125, 3.0625, 10.8125, 5.0625 ], "texture": "#texture" },
        "west":  { "uv": [ 5.25, 3.0625, 7.5, 5.0625 ], "texture": "#texture" },
        "east":  { "uv": [ 8.5, 3.0625, 10.75, 5.0625 ], "texture": "#texture" }
    }
},
{
    "from": [ 4.5, 6.1875, 5.25 ],
    "to": [ 11.5, 12.9375, 8.75 ],
    "rotation": { "origin": [ 4.5, 12.9375, 5.25 ], "axis": "x", "angle": 22.5 },
    "faces": {
        "down":  { "uv": [ 11.5, 8.75, 4.5, 5.25 ], "texture": "#texture" },
        "up":    { "uv": [ 4.5, 5.25, 11.5, 8.75 ], "texture": "#texture" },
        "north": { "uv": [ 4.5, 3.0625, 11.5, 9.8125 ], "texture": "#texture" },
        "south": { "uv": [ 4.5, 3.0625, 11.5, 9.8125 ], "texture": "#texture" },
        "west":  { "uv": [ 5.25, 3.0625, 8.75, 9.8125 ], "texture": "#texture" },
        "east":  { "uv": [ 7.25, 3.0625, 10.75, 9.8125 ], "texture": "#texture" }
    }
},
{
    "from": [ 4.5, 1.5, 2.75 ],
    "to": [ 11.5, 7, 5.5 ],
    "faces": {
        "down":  { "uv": [ 11.5, 5.5, 4.5, 2.75 ], "texture": "#texture" },
        "up":    { "uv": [ 4.5, 2.75, 11.5, 5.5 ], "texture": "#texture" },
        "north": { "uv": [ 4.5, 9, 11.5, 14.5 ], "texture": "#texture" },
        "south": { "uv": [ 4.5, 9, 11.5, 14.5 ], "texture": "#texture" },
        "west":  { "uv": [ 2.75, 9, 5.5, 14.5 ], "texture": "#texture" },
        "east":  { "uv": [ 10.5, 9, 13.25, 14.5 ], "texture": "#texture" }
    }
},
{
    "from": [ 2.5, 2.75, -0.0625 ],
    "to": [ 3.5, 5.25, 4.4375 ],
    "rotation": { "origin": [ 2.5, 2.75, -0.0625 ], "axis": "y", "angle": 45 },
    "faces": {
        "down":  { "uv": [ 13.5, 4.4375, 12.5, 0 ], "texture": "#texture" },
        "up":    { "uv": [ 2.5, 0, 3.5, 4.4375 ], "texture": "#texture" },
        "north": { "uv": [ 12.5, 10.75, 13.5, 13.25 ], "texture": "#texture" },
        "south": { "uv": [ 2.5, 10.75, 3.5, 13.25 ], "texture": "#texture" },
        "west":  { "uv": [ 0, 10.75, 4.4375, 13.25 ], "texture": "#texture" },
        "east":  { "uv": [ 11.5625, 10.75, 16, 13.25 ], "texture": "#texture" }
    }
},
{
    "from": [ 6.75, -0.25, -1 ],
    "to": [ 9.25, 0.75, 3.25 ],
    "rotation": { "origin": [ 6.75, 0.75, -1 ], "axis": "x", "angle": -22.5 },
    "faces": {
        "down":  { "uv": [ 9.25, 3.25, 6.75, 0 ], "texture": "#texture" },
        "up":    { "uv": [ 6.75, 0, 9.25, 3.25 ], "texture": "#texture" },
        "north": { "uv": [ 6.75, 15.25, 9.25, 16 ], "texture": "#texture" },
        "south": { "uv": [ 6.75, 15.25, 9.25, 16 ], "texture": "#texture" },
        "west":  { "uv": [ 0, 15.25, 3.25, 16 ], "texture": "#texture" },
        "east":  { "uv": [ 12.75, 15.25, 16, 16 ], "texture": "#texture" }
    }
},
{
    "from": [ 6.75, 7.5, -0.867313 ],
    "to": [ 9.25, 8.5, 3.38269 ],
    "rotation": { "origin": [ 6.75, 8.5, -0.867313 ], "axis": "x", "angle": 22.5 },
    "faces": {
        "down":  { "uv": [ 9.25, 3.38268, 6.75, 0 ], "texture": "#texture" },
        "up":    { "uv": [ 6.75, 0, 9.25, 3.38268 ], "texture": "#texture" },
        "north": { "uv": [ 6.75, 7.5, 9.25, 8.5 ], "texture": "#texture" },
        "south": { "uv": [ 6.75, 7.5, 9.25, 8.5 ], "texture": "#texture" },
        "west":  { "uv": [ 0, 7.5, 3.38268, 8.5 ], "texture": "#texture" },
        "east":  { "uv": [ 12.6173, 7.5, 16, 8.5 ], "texture": "#texture" }
    }
},
{
    "from": [ 12.5, 2.75, -0.5 ],
    "to": [ 13.5, 5.25, 4 ],
    "rotation": { "origin": [ 12.5, 2.75, -0.5 ], "axis": "y", "angle": -45 },
    "faces": {
        "down":  { "uv": [ 3.5, 4, 2.5, 0 ], "texture": "#texture" },
        "up":    { "uv": [ 12.5, 0, 13.5, 4 ], "texture": "#texture" },
        "north": { "uv": [ 2.5, 10.75, 3.5, 13.25 ], "texture": "#texture" },
        "south": { "uv": [ 12.5, 10.75, 13.5, 13.25 ], "texture": "#texture" },
        "west":  { "uv": [ 0, 10.75, 4, 13.25 ], "texture": "#texture" },
        "east":  { "uv": [ 12, 10.75, 16, 13.25 ], "texture": "#texture" }
    }
},
{
    "from": [ 9, 6.75, -0.679813 ],
    "to": [ 11.5, 7.75, 3.57019 ],
    "rotation": { "origin": [ 9, 7.75, -0.679813 ], "axis": "x", "angle": 22.5 },
    "faces": {
        "down":  { "uv": [ 7, 3.57018, 4.5, 0 ], "texture": "#texture" },
        "up":    { "uv": [ 9, 0, 11.5, 3.57018 ], "texture": "#texture" },
        "north": { "uv": [ 4.5, 8.25, 7, 9.25 ], "texture": "#texture" },
        "south": { "uv": [ 9, 8.25, 11.5, 9.25 ], "texture": "#texture" },
        "west":  { "uv": [ 0, 8.25, 3.57018, 9.25 ], "texture": "#texture" },
        "east":  { "uv": [ 12.4298, 8.25, 16, 9.25 ], "texture": "#texture" }
    }
},
{
    "from": [ 4.5, 6.75, -0.75 ],
    "to": [ 7, 7.75, 3.5 ],
    "rotation": { "origin": [ 4.5, 7.75, -0.75 ], "axis": "x", "angle": 22.5 },
    "faces": {
        "down":  { "uv": [ 11.5, 3.5, 9, 0 ], "texture": "#texture" },
        "up":    { "uv": [ 4.5, 0, 7, 3.5 ], "texture": "#texture" },
        "north": { "uv": [ 9, 8.25, 11.5, 9.25 ], "texture": "#texture" },
        "south": { "uv": [ 4.5, 8.25, 7, 9.25 ], "texture": "#texture" },
        "west":  { "uv": [ 0, 8.25, 3.5, 9.25 ], "texture": "#texture" },
        "east":  { "uv": [ 12.5, 8.25, 16, 9.25 ], "texture": "#texture" }
    }
},
{
    "from": [ 4.5, 0.25, -1 ],
    "to": [ 7, 1.25, 3.25 ],
    "rotation": { "origin": [ 4.5, 1.25, -1 ], "axis": "x", "angle": -22.5 },
    "faces": {
        "down":  { "uv": [ 11.5, 3.25, 9, 0 ], "texture": "#texture" },
        "up":    { "uv": [ 4.5, 0, 7, 3.25 ], "texture": "#texture" },
        "north": { "uv": [ 9, 14.75, 11.5, 15.75 ], "texture": "#texture" },
        "south": { "uv": [ 4.5, 14.75, 7, 15.75 ], "texture": "#texture" },
        "west":  { "uv": [ 0, 14.75, 3.25, 15.75 ], "texture": "#texture" },
        "east":  { "uv": [ 12.75, 14.75, 16, 15.75 ], "texture": "#texture" }
    }
},
{
    "from": [ 8.5, 0.186094, -1 ],
    "to": [ 11, 1.18609, 3.25 ],
    "rotation": { "origin": [ 8.5, 1.18609, -1 ], "axis": "x", "angle": -22.5 },
    "faces": {
        "down":  { "uv": [ 7.5, 3.25, 5, 0 ], "texture": "#texture" },
        "up":    { "uv": [ 8.5, 0, 11, 3.25 ], "texture": "#texture" },
        "north": { "uv": [ 5, 14.8139, 7.5, 15.8139 ], "texture": "#texture" },
        "south": { "uv": [ 8.5, 14.8139, 11, 15.8139 ], "texture": "#texture" },
        "west":  { "uv": [ 0, 14.8139, 3.25, 15.8139 ], "texture": "#texture" },
        "east":  { "uv": [ 12.75, 14.8139, 16, 15.8139 ], "texture": "#texture" }
    }
},
{
    "from": [ 3, 1, 0 ],
    "to": [ 4, 3, 4.5 ],
    "rotation": { "origin": [ 3, 1, 0 ], "axis": "y", "angle": 45 },
    "faces": {
        "down":  { "uv": [ 13, 4.5, 12, 0 ], "texture": "#texture" },
        "up":    { "uv": [ 3, 0, 4, 4.5 ], "texture": "#texture" },
        "north": { "uv": [ 12, 13, 13, 15 ], "texture": "#texture" },
        "south": { "uv": [ 3, 13, 4, 15 ], "texture": "#texture" },
        "west":  { "uv": [ 0, 13, 4.5, 15 ], "texture": "#texture" },
        "east":  { "uv": [ 11.5, 13, 16, 15 ], "texture": "#texture" }
    }
},
{
    "from": [ 3, 4.5, 0 ],
    "to": [ 4, 6.5, 4.5 ],
    "rotation": { "origin": [ 3, 4.5, 0 ], "axis": "y", "angle": 45 },
    "faces": {
        "down":  { "uv": [ 13, 4.5, 12, 0 ], "texture": "#texture" },
        "up":    { "uv": [ 3, 0, 4, 4.5 ], "texture": "#texture" },
        "north": { "uv": [ 12, 9.5, 13, 11.5 ], "texture": "#texture" },
        "south": { "uv": [ 3, 9.5, 4, 11.5 ], "texture": "#texture" },
        "west":  { "uv": [ 0, 9.5, 4.5, 11.5 ], "texture": "#texture" },
        "east":  { "uv": [ 11.5, 9.5, 16, 11.5 ], "texture": "#texture" }
    }
},
{
    "from": [ 11.5, 4.75, 0 ],
    "to": [ 12.5, 6.75, 4.5 ],
    "rotation": { "origin": [ 11.5, 4.75, 0 ], "axis": "y", "angle": -45 },
    "faces": {
        "down":  { "uv": [ 4.5, 4.5, 3.5, 0 ], "texture": "#texture" },
        "up":    { "uv": [ 11.5, 0, 12.5, 4.5 ], "texture": "#texture" },
        "north": { "uv": [ 3.5, 9.25, 4.5, 11.25 ], "texture": "#texture" },
        "south": { "uv": [ 11.5, 9.25, 12.5, 11.25 ], "texture": "#texture" },
        "west":  { "uv": [ 0, 9.25, 4.5, 11.25 ], "texture": "#texture" },
        "east":  { "uv": [ 11.5, 9.25, 16, 11.25 ], "texture": "#texture" }
    }
},
{
    "from": [ 11.75, 1, -0.25 ],
    "to": [ 12.75, 3, 4.25 ],
    "rotation": { "origin": [ 11.75, 1, -0.25 ], "axis": "y", "angle": -45 },
    "faces": {
        "down":  { "uv": [ 4.25, 4.25, 3.25, 0 ], "texture": "#texture" },
        "up":    { "uv": [ 11.75, 0, 12.75, 4.25 ], "texture": "#texture" },
        "north": { "uv": [ 3.25, 13, 4.25, 15 ], "texture": "#texture" },
        "south": { "uv": [ 11.75, 13, 12.75, 15 ], "texture": "#texture" },
        "west":  { "uv": [ 0, 13, 4.25, 15 ], "texture": "#texture" },
        "east":  { "uv": [ 11.75, 13, 16, 15 ], "texture": "#texture" }
    }
},
{
    "from": [ 6.75, 2.75, 0.25 ],
    "to": [ 9, 5, 3 ],
    "faces": {
        "down":  { "uv": [ 9.25, 3, 7, 0.25 ], "texture": "#texture" },
        "up":    { "uv": [ 6.75, 0.25, 9, 3 ], "texture": "#texture" },
        "north": { "uv": [ 7, 11, 9.25, 13.25 ], "texture": "#texture" },
        "south": { "uv": [ 6.75, 11, 9, 13.25 ], "texture": "#texture" },
        "west":  { "uv": [ 0.25, 11, 3, 13.25 ], "texture": "#texture" },
        "east":  { "uv": [ 13, 11, 15.75, 13.25 ], "texture": "#texture" }
    }
},
{
    "from": [ 4.875, 11, 11.5 ],
    "to": [ 7.875, 13.75, 11.5625 ],
    "rotation": { "origin": [ 4.875, 11, 11.5 ], "axis": "y", "angle": -22.5 },
    "faces": {
        "south": { "uv": [ 0.5, 0.25, 6.25, 4.75 ], "texture": "#larvitar_detailings" }
    }
},
{
    "from": [ 8.3125, 11, 12.625 ],
    "to": [ 11.3125, 13.75, 12.6875 ],
    "rotation": { "origin": [ 8.3125, 11, 12.625 ], "axis": "y", "angle": 22.5 },
    "faces": {
        "south": { "uv": [ 6.25, 0.25, 0.5, 4.75 ], "texture": "#larvitar_detailings" }
    }
},
{
    "from": [ 7.0625, 10.5, 12.4375 ],
    "to": [ 8.0625, 11.25, 12.5 ],
    "rotation": { "origin": [ 7.0625, 10.5, 12.4375 ], "axis": "y", "angle": -22.5 },
    "faces": {
        "south": { "uv": [ 7, 1.75, 8.25, 2.75 ], "texture": "#larvitar_detailings" }
    }
},
{
    "from": [ 7.9375, 10.5, 12.75 ],
    "to": [ 8.9375, 11.25, 12.8125 ],
    "rotation": { "origin": [ 7.9375, 10.5, 12.75 ], "axis": "y", "angle": 22.5 },
    "faces": {
        "south": { "uv": [ 8.25, 1.75, 7, 2.75 ], "texture": "#larvitar_detailings" }
    }
},
{
    "from": [ 4.75, 4, 11.25 ],
    "to": [ 6, 6.5, 11.3125 ],
    "faces": {
        "south": { "uv": [ 11.5, 3.25, 14.25, 6 ], "texture": "#larvitar_detailings" }
    }
},
{
    "from": [ 10, 4, 11.25 ],
    "to": [ 11.25, 6.5, 11.3125 ],
    "faces": {
        "south": { "uv": [ 11.5, 3.25, 14.25, 6 ], "texture": "#larvitar_detailings" }
    }
},
{
    "from": [ 6.25, 2.75, 11.25 ],
    "to": [ 9.75, 7.75, 11.3125 ],
    "faces": {
        "south": { "uv": [ 7.25, 9, 10, 13.25 ], "texture": "#larvitar_detailings" }
    }
},
{
    "from": [ 4.4375, 5, 5 ],
    "to": [ 4.5, 8, 7 ],
    "faces": {
        "west":  { "uv": [ 11.5, 3.25, 14.25, 6 ], "texture": "#larvitar_detailings" },
        "east":  { "uv": [ 11.5, 3.25, 14.25, 6 ], "texture": "#larvitar_detailings" }
    }
},
{
    "from": [ 11.5, 5, 4.75 ],
    "to": [ 11.5625, 8, 6.75 ],
    "faces": {
        "west":  { "uv": [ 11.5, 3.25, 14.25, 6 ], "texture": "#larvitar_detailings" },
        "east":  { "uv": [ 11.5, 3.25, 14.25, 6 ], "texture": "#larvitar_detailings" }
    }
}
],
	"display": {
		"thirdperson_righthand": {
			"rotation":  [ 70, 180, 0 ],
			"translation":  [ -6, -4.1, 1.8 ],
			"scale":  [ 1.5, 1.7, 1.5 ]
		},
		"thirdperson_lefthand": {
			"rotation":  [ 70, 180, 0 ],
			"translation":  [ -6, -4.1, 1.8 ],
			"scale":  [ 1.5, 1.7, 1.5 ]
		},
		"head": {
			"rotation":  [ 0, 180, 0 ],
			"translation":  [ 0, -23.9, -1.5 ],
			"scale":  [ 2.45, 2.85, 2.45 ]
		},
		"firstperson_righthand": {
			"scale":  [ 0, 0, 0 ]
		},
		"firstperson_lefthand": {
			"scale":  [ 0, 0, 0 ]
		},
		"gui": {
			"scale":  [ 0, 0, 0 ]
		},
		"ground": {
			"scale":  [ 0, 0, 0 ]
		}
	}
}