{
"__comment": "Designed by Ramonaskye with BDcraft Cubik PRO 0.96 Beta - http://bdcraft.net",
"elements": [ 
{
    "from": [ 4, 8, 9.9375 ],
    "to": [ 12, 14.5, 17.6875 ],
    "rotation": { "origin": [ 4, 14.5, 9.9375 ], "axis": "x", "angle": 22.5 },
    "faces": {
        "down":  { "uv": [ 12, 12, 4, 4 ], "texture": "#texture" },
        "up":    { "uv": [ 4, 4, 12, 12 ], "texture": "#texture" },
        "north": { "uv": [ 4, 2, 12, 8.5 ], "texture": "#texture" },
        "south": { "uv": [ 4, 2, 12, 8.5 ], "texture": "#texture" },
        "west":  { "uv": [ 4, 2, 12, 8.5 ], "texture": "#texture" },
        "east":  { "uv": [ 4, 2, 12, 8.5 ], "texture": "#texture" }
    }
},
{
    "from": [ 4.25, 5, 8 ],
    "to": [ 11.75, 9, 15.5 ],
    "rotation": { "origin": [ 4.25, 9, 8 ], "axis": "x", "angle": 22.5 },
    "faces": {
        "down":  { "uv": [ 12, 12, 4, 4 ], "texture": "#texture" },
        "up":    { "uv": [ 4, 4, 12, 12 ], "texture": "#texture" },
        "north": { "uv": [ 4, 2, 12, 8.5 ], "texture": "#texture" },
        "south": { "uv": [ 4, 2, 12, 8.5 ], "texture": "#texture" },
        "west":  { "uv": [ 4, 2, 12, 8.5 ], "texture": "#texture" },
        "east":  { "uv": [ 4, 2, 12, 8.5 ], "texture": "#texture" }
    }
},
{
    "from": [ 4.75, 2.25, 7.5 ],
    "to": [ 11.25, 5.75, 13.5 ],
    "rotation": { "origin": [ 4.75, 5.75, 7.5 ], "axis": "x", "angle": 22.5 },
    "faces": {
        "down":  { "uv": [ 12, 12, 4, 4 ], "texture": "#texture" },
        "up":    { "uv": [ 4, 4, 12, 12 ], "texture": "#texture" },
        "north": { "uv": [ 4, 2, 12, 8.5 ], "texture": "#texture" },
        "south": { "uv": [ 4, 2, 12, 8.5 ], "texture": "#texture" },
        "west":  { "uv": [ 4, 2, 12, 8.5 ], "texture": "#texture" },
        "east":  { "uv": [ 4, 2, 12, 8.5 ], "texture": "#texture" }
    }
},
{
    "from": [ 5.5, -1.25, 6.5 ],
    "to": [ 10.5, 2.75, 10.25 ],
    "rotation": { "origin": [ 5.5, 2.75, 6.5 ], "axis": "x", "angle": -22.5 },
    "faces": {
        "down":  { "uv": [ 12, 12, 4, 4 ], "texture": "#texture" },
        "up":    { "uv": [ 4, 4, 12, 12 ], "texture": "#texture" },
        "north": { "uv": [ 4, 2, 12, 8.5 ], "texture": "#texture" },
        "south": { "uv": [ 4, 2, 12, 8.5 ], "texture": "#texture" },
        "west":  { "uv": [ 4, 2, 12, 8.5 ], "texture": "#texture" },
        "east":  { "uv": [ 4, 2, 12, 8.5 ], "texture": "#texture" }
    }
},
{
    "from": [ 2.75, 1.5, 9.75 ],
    "to": [ 5, 3, 11.25 ],
    "rotation": { "origin": [ 2.75, 3, 9.75 ], "axis": "z", "angle": 22.5 },
    "faces": {
        "down":  { "uv": [ 12, 12, 4, 4 ], "texture": "#texture" },
        "up":    { "uv": [ 4, 4, 12, 12 ], "texture": "#texture" },
        "north": { "uv": [ 4, 2, 12, 8.5 ], "texture": "#texture" },
        "south": { "uv": [ 4, 2, 12, 8.5 ], "texture": "#texture" },
        "west":  { "uv": [ 4, 2, 12, 8.5 ], "texture": "#texture" },
        "east":  { "uv": [ 4, 2, 12, 8.5 ], "texture": "#texture" }
    }
},
{
    "from": [ 11, 2.25, 9.75 ],
    "to": [ 13.25, 3.75, 11.25 ],
    "rotation": { "origin": [ 11, 3.75, 9.75 ], "axis": "z", "angle": -22.5 },
    "faces": {
        "down":  { "uv": [ 12, 12, 4, 4 ], "texture": "#texture" },
        "up":    { "uv": [ 4, 4, 12, 12 ], "texture": "#texture" },
        "north": { "uv": [ 4, 2, 12, 8.5 ], "texture": "#texture" },
        "south": { "uv": [ 4, 2, 12, 8.5 ], "texture": "#texture" },
        "west":  { "uv": [ 4, 2, 12, 8.5 ], "texture": "#texture" },
        "east":  { "uv": [ 4, 2, 12, 8.5 ], "texture": "#texture" }
    }
},
{
    "from": [ 4.25, 4.5, 17.25 ],
    "to": [ 11.75, 15.25, 17.3125 ],
    "faces": {
        "north": { "uv": [ 3.75, 0, 9.25, 10.5 ], "texture": "#pupitar_detailings" },
        "south": { "uv": [ 3.75, 0, 9.25, 10.5 ], "texture": "#pupitar_detailings" }
    }
},
{
    "from": [ -1.01831, 4.5, 12 ],
    "to": [ 6.48169, 15.25, 12.0625 ],
    "rotation": { "origin": [ -1.01831, 4.5, 12 ], "axis": "y", "angle": -45 },
    "faces": {
        "north": { "uv": [ 4.25, 0, 0, 10.5 ], "texture": "#pupitar_detailings" },
        "south": { "uv": [ 0, 0, 4.25, 10.5 ], "texture": "#pupitar_detailings" }
    }
},
{
    "from": [ 11.6875, 4.5, 17.3125 ],
    "to": [ 19.1875, 15.25, 17.375 ],
    "rotation": { "origin": [ 11.6875, 4.5, 17.3125 ], "axis": "y", "angle": 45 },
    "faces": {
        "north": { "uv": [ 0, 0, 4.25, 10.5 ], "texture": "#pupitar_detailings" },
        "south": { "uv": [ 4.25, 0, 0, 10.5 ], "texture": "#pupitar_detailings" }
    }
},
{
    "from": [ 7.25, 17.0625, 13.375 ],
    "to": [ 8.75, 17.125, 16.875 ],
    "rotation": { "origin": [ 7.25, 17.125, 13.375 ], "axis": "x", "angle": 45 },
    "faces": {
        "down":  { "uv": [ 7.25, 12.75, 5.75, 11.5 ], "texture": "#pupitar_detailings" },
        "up":    { "uv": [ 7.25, 11.5, 5.75, 12.75 ], "texture": "#pupitar_detailings" }
    }
},
{
    "from": [ 4.25, 10.7886, 15.6875 ],
    "to": [ 11.75, 14.7886, 15.75 ],
    "rotation": { "origin": [ 4.25, 14.7886, 15.6875 ], "axis": "x", "angle": -22.5 },
    "faces": {
        "north": { "uv": [ 4, 12.25, 9, 16 ], "texture": "#pupitar_detailings" },
        "south": { "uv": [ 4, 12.25, 9, 16 ], "texture": "#pupitar_detailings" }
    }
},
{
    "from": [ 3.9375, 8.5625, 7.5 ],
    "to": [ 12.0625, 8.9375, 15.5 ],
    "rotation": { "origin": [ 3.9375, 8.9375, 7.5 ], "axis": "x", "angle": 22.5 },
    "faces": {
        "down":  { "uv": [ 4.5, 3.75, 5, 4.25 ], "texture": "#pupitar_detailings" },
        "up":    { "uv": [ 4.5, 3.75, 5, 4.25 ], "texture": "#pupitar_detailings" },
        "north": { "uv": [ 4.5, 4, 5, 4.25 ], "texture": "#pupitar_detailings" },
        "south": { "uv": [ 4.5, 4, 5, 4.25 ], "texture": "#pupitar_detailings" },
        "west":  { "uv": [ 4.5, 3.75, 5, 4.25 ], "texture": "#pupitar_detailings" },
        "east":  { "uv": [ 4.5, 3.75, 5, 4.25 ], "texture": "#pupitar_detailings" }
    }
},
{
    "from": [ 4.1875, 5.375, 6.625 ],
    "to": [ 11.8125, 5.6875, 14.1875 ],
    "rotation": { "origin": [ 4.1875, 5.6875, 6.625 ], "axis": "x", "angle": 22.5 },
    "faces": {
        "down":  { "uv": [ 4.5, 3.75, 5, 4.25 ], "texture": "#pupitar_detailings" },
        "up":    { "uv": [ 4.5, 3.75, 5, 4.25 ], "texture": "#pupitar_detailings" },
        "north": { "uv": [ 4.5, 4, 5, 4.25 ], "texture": "#pupitar_detailings" },
        "south": { "uv": [ 4.5, 4, 5, 4.25 ], "texture": "#pupitar_detailings" },
        "west":  { "uv": [ 4.5, 3.75, 5, 4.25 ], "texture": "#pupitar_detailings" },
        "east":  { "uv": [ 4.5, 3.75, 5, 4.25 ], "texture": "#pupitar_detailings" }
    }
}
],
"display": {
		"thirdperson_righthand": {
			"rotation":  [ 70, 180, 0 ],
			"translation":  [ -6, -5, 9.5 ],
			"scale":  [ 1.2, 1.5, 1.2 ]
		},
		"thirdperson_lefthand": {
			"rotation":  [ 70, 180, 0 ],
			"translation":  [ -6, -5, 9.5 ],
			"scale":  [ 1.2, 1.5, 1.2 ]
		},
		"head": {
			"rotation":  [ 0, 180, 0 ],
			"translation":  [ 0, -13, 4.35 ],
			"scale":  [ 2, 2.5, 2 ]
		},
		"firstperson_righthand": {
			"scale":  [ 0, 0, 0 ]
		},
		"firstperson_lefthand": {
			"scale":  [ 0, 0, 0 ]
		},
		"gui": {
			"scale":  [ 0, 0, 0 ]
		},
		"ground": {
			"scale":  [ 0, 0, 0 ]
		}
}
}