{
    "__comment": "Made by MadstonMagic using Cubik Pro, Copyright © MadstonMagic Modeling 2015-2017. All rights reserved",
    "elements": [
        {
            "from": [ 6.5, 2.5, 6.5 ], 
            "to": [ 7.0, 6.3, 8.5 ], 
            "faces": {
                "north": { "texture": "#0", "uv": [ 1.0, 1.0, 3.5, 3.5 ] },
                "south": { "texture": "#0", "uv": [ 0.5, 0.5, 3.5, 3.5 ] },
                "west": { "texture": "#0", "uv": [ 1.0, 1.0, 3.0, 4.0 ] },
                "up": { "texture": "#0", "uv": [ 1.0, 1.5, 4.0, 3.5 ] },
                "down": { "texture": "#0", "uv": [ 1.0, 1.0, 4.0, 3.5 ] }
            }
        },
        {
            "from": [ 9.0, 2.5, 6.5 ], 
            "to": [ 9.5, 6.3, 8.5 ], 
            "faces": {
                "north": { "texture": "#0", "uv": [ 1.0, 1.0, 3.5, 3.5 ] },
                "east": { "texture": "#0", "uv": [ 1.0, 0.5, 3.0, 3.0 ] },
                "south": { "texture": "#0", "uv": [ 0.5, 0.5, 3.5, 3.5 ] },
                "up": { "texture": "#0", "uv": [ 1.0, 1.5, 4.0, 3.5 ] },
                "down": { "texture": "#0", "uv": [ 1.0, 1.0, 4.0, 3.5 ] }
            }
        },
        {
            "from": [ 7.0, 2.0, 6.5 ], 
            "to": [ 9.0, 3.0, 8.5 ], 
            "faces": {
                "north": { "texture": "#0", "uv": [ 1.0, 1.0, 3.5, 3.5 ] },
                "east": { "texture": "#0", "uv": [ 1.0, 0.5, 3.0, 3.0 ] },
                "south": { "texture": "#0", "uv": [ 0.5, 0.5, 3.5, 3.5 ] },
                "west": { "texture": "#0", "uv": [ 1.0, 1.0, 3.0, 4.0 ] },
                "up": { "texture": "#0", "uv": [ 1.0, 1.5, 4.0, 3.5 ] },
                "down": { "texture": "#0", "uv": [ 1.0, 1.0, 4.0, 3.5 ] }
            }
        },
        {
            "from": [ 7.0, 3.0, 6.5 ], 
            "to": [ 7.5, 3.5, 8.5 ], 
            "faces": {
                "north": { "texture": "#0", "uv": [ 1.0, 1.0, 3.5, 3.5 ] },
                "east": { "texture": "#0", "uv": [ 1.0, 0.5, 3.0, 3.0 ] },
                "south": { "texture": "#0", "uv": [ 0.5, 0.5, 3.5, 3.5 ] },
                "west": { "texture": "#0", "uv": [ 1.0, 1.0, 3.0, 4.0 ] },
                "up": { "texture": "#0", "uv": [ 1.0, 1.5, 4.0, 3.5 ] },
                "down": { "texture": "#0", "uv": [ 1.0, 1.0, 4.0, 3.5 ] }
            }
        },
        {
            "from": [ 8.5, 3.0, 6.5 ], 
            "to": [ 9.0, 3.5, 8.5 ], 
            "faces": {
                "north": { "texture": "#0", "uv": [ 1.0, 1.0, 3.5, 3.5 ] },
                "east": { "texture": "#0", "uv": [ 1.0, 0.5, 3.0, 3.0 ] },
                "south": { "texture": "#0", "uv": [ 0.5, 0.5, 3.5, 3.5 ] },
                "west": { "texture": "#0", "uv": [ 1.0, 1.0, 3.0, 4.0 ] },
                "up": { "texture": "#0", "uv": [ 1.0, 1.5, 4.0, 3.5 ] },
                "down": { "texture": "#0", "uv": [ 1.0, 1.0, 4.0, 3.5 ] }
            }
        },
        {
            "from": [ 7.0, 3.5, 6.5 ], 
            "to": [ 9.0, 6.3, 8.0 ], 
            "faces": {
                "north": { "texture": "#0", "uv": [ 5.75, 1.5, 7.75, 3.5 ] },
                "east": { "texture": "#0", "uv": [ 5.5, 1.0, 7.5, 3.0 ] },
                "south": { "texture": "#0", "uv": [ 1.5, 0.75, 3.5, 2.75 ] },
                "west": { "texture": "#0", "uv": [ 6.5, 0.5, 8.5, 2.5 ] },
                "up": { "texture": "#0", "uv": [ 6.0, 1.0, 8.0, 3.0 ] },
                "down": { "texture": "#0", "uv": [ 6.0, 1.0, 8.0, 3.0 ] }
            }
        },
        {
            "from": [ 7.5, 3.0, 6.5 ], 
            "to": [ 8.5, 3.5, 8.5 ], 
            "faces": {
                "north": { "texture": "#0", "uv": [ 5.75, 1.5, 7.75, 3.5 ] },
                "east": { "texture": "#0", "uv": [ 5.5, 1.0, 7.5, 3.0 ] },
                "south": { "texture": "#0", "uv": [ 1.5, 0.75, 3.5, 2.75 ] },
                "west": { "texture": "#0", "uv": [ 6.5, 0.5, 8.5, 2.5 ] },
                "up": { "texture": "#0", "uv": [ 6.0, 1.0, 8.0, 3.0 ] },
                "down": { "texture": "#0", "uv": [ 6.0, 1.0, 8.0, 3.0 ] }
            }
        },
        {
            "from": [ 8.6675, 1.855, 6.5 ], 
            "to": [ 9.355, 2.355, 8.5 ], 
            "rotation": { "origin": [ 8.6675, 2.355, 6.5 ], "axis": "z", "angle": 45.0 },
            "faces": {
                "north": { "texture": "#0", "uv": [ 1.0, 1.0, 3.5, 3.5 ] },
                "east": { "texture": "#0", "uv": [ 1.0, 0.5, 3.0, 3.0 ] },
                "south": { "texture": "#0", "uv": [ 0.5, 0.5, 3.5, 3.5 ] },
                "west": { "texture": "#0", "uv": [ 1.0, 1.0, 3.0, 4.0 ] },
                "up": { "texture": "#0", "uv": [ 1.0, 1.5, 4.0, 3.5 ] },
                "down": { "texture": "#0", "uv": [ 1.0, 1.0, 4.0, 3.5 ] }
            }
        },
        {
            "from": [ 6.855, 2.3325, 6.5 ], 
            "to": [ 7.5425, 2.8325, 8.5 ], 
            "rotation": { "origin": [ 6.855, 2.8325, 6.5 ], "axis": "z", "angle": -45.0 },
            "faces": {
                "north": { "texture": "#0", "uv": [ 1.0, 1.0, 3.5, 3.5 ] },
                "east": { "texture": "#0", "uv": [ 1.0, 0.5, 3.0, 3.0 ] },
                "south": { "texture": "#0", "uv": [ 0.5, 0.5, 3.5, 3.5 ] },
                "west": { "texture": "#0", "uv": [ 1.0, 1.0, 3.0, 4.0 ] },
                "up": { "texture": "#0", "uv": [ 1.0, 1.5, 4.0, 3.5 ] },
                "down": { "texture": "#0", "uv": [ 1.0, 1.0, 4.0, 3.5 ] }
            }
        },
        {
            "from": [ 6.5, -0.25, 7.0 ], 
            "to": [ 7.5, 2.5, 8.0 ], 
            "rotation": { "origin": [ 6.5, 2.5, 7.0 ], "axis": "z", "angle": -22.5 },
            "faces": {
                "north": { "texture": "#0", "uv": [ 1.0, 1.0, 3.5, 3.5 ] },
                "east": { "texture": "#0", "uv": [ 1.0, 0.5, 3.0, 3.0 ] },
                "south": { "texture": "#0", "uv": [ 0.5, 0.5, 3.5, 3.5 ] },
                "west": { "texture": "#0", "uv": [ 1.0, 1.0, 3.0, 4.0 ] },
                "up": { "texture": "#0", "uv": [ 1.0, 1.5, 4.0, 3.5 ] },
                "down": { "texture": "#0", "uv": [ 1.0, 1.0, 4.0, 3.5 ] }
            }
        },
        {
            "from": [ 5.5, -1.5, 5.75 ], 
            "to": [ 6.5, -1.0, 7.0 ], 
            "faces": {
                "north": { "texture": "#0", "uv": [ 1.0, 1.0, 3.5, 3.5 ] },
                "east": { "texture": "#0", "uv": [ 1.0, 0.5, 3.0, 3.0 ] },
                "south": { "texture": "#0", "uv": [ 0.5, 0.5, 3.5, 3.5 ] },
                "west": { "texture": "#0", "uv": [ 1.0, 1.0, 3.0, 4.0 ] },
                "up": { "texture": "#0", "uv": [ 1.0, 1.5, 4.0, 3.5 ] },
                "down": { "texture": "#0", "uv": [ 1.0, 1.0, 4.0, 3.5 ] }
            }
        },
        {
            "from": [ 5.75, -1.5, 5.25 ], 
            "to": [ 6.25, -1.0, 5.75 ], 
            "faces": {
                "north": { "texture": "#0", "uv": [ 1.0, 1.0, 3.5, 3.5 ] },
                "east": { "texture": "#0", "uv": [ 1.0, 0.5, 3.0, 3.0 ] },
                "south": { "texture": "#0", "uv": [ 0.5, 0.5, 3.5, 3.5 ] },
                "west": { "texture": "#0", "uv": [ 1.0, 1.0, 3.0, 4.0 ] },
                "up": { "texture": "#0", "uv": [ 1.0, 1.5, 4.0, 3.5 ] },
                "down": { "texture": "#0", "uv": [ 1.0, 1.0, 4.0, 3.5 ] }
            }
        },
        {
            "from": [ 5.0, -1.5, 5.5 ], 
            "to": [ 5.5, -1.0, 6.9375 ], 
            "rotation": { "origin": [ 5.0, -1.5, 5.5 ], "axis": "y", "angle": 22.5 },
            "faces": {
                "north": { "texture": "#0", "uv": [ 1.0, 1.0, 3.5, 3.5 ] },
                "east": { "texture": "#0", "uv": [ 1.0, 0.5, 3.0, 3.0 ] },
                "south": { "texture": "#0", "uv": [ 0.5, 0.5, 3.5, 3.5 ] },
                "west": { "texture": "#0", "uv": [ 1.0, 1.0, 3.0, 4.0 ] },
                "up": { "texture": "#0", "uv": [ 1.0, 1.5, 4.0, 3.5 ] },
                "down": { "texture": "#0", "uv": [ 1.0, 1.0, 4.0, 3.5 ] }
            }
        },
        {
            "from": [ 6.5625, -1.5, 5.3125 ], 
            "to": [ 7.0625, -1.0, 6.75 ], 
            "rotation": { "origin": [ 6.5625, -1.5, 5.3125 ], "axis": "y", "angle": -22.5 },
            "faces": {
                "north": { "texture": "#0", "uv": [ 1.0, 1.0, 3.5, 3.5 ] },
                "east": { "texture": "#0", "uv": [ 1.0, 0.5, 3.0, 3.0 ] },
                "south": { "texture": "#0", "uv": [ 0.5, 0.5, 3.5, 3.5 ] },
                "west": { "texture": "#0", "uv": [ 1.0, 1.0, 3.0, 4.0 ] },
                "up": { "texture": "#0", "uv": [ 1.0, 1.5, 4.0, 3.5 ] },
                "down": { "texture": "#0", "uv": [ 1.0, 1.0, 4.0, 3.5 ] }
            }
        },
        {
            "from": [ 5.5, -1.05, 7.0 ], 
            "to": [ 6.5, 0.075, 8.0 ], 
            "faces": {
                "north": { "texture": "#0", "uv": [ 1.0, 1.0, 3.5, 3.5 ] },
                "east": { "texture": "#0", "uv": [ 1.0, 0.5, 3.0, 3.0 ] },
                "south": { "texture": "#0", "uv": [ 0.5, 0.5, 3.5, 3.5 ] },
                "west": { "texture": "#0", "uv": [ 1.0, 1.0, 3.0, 4.0 ] },
                "up": { "texture": "#0", "uv": [ 1.0, 1.5, 4.0, 3.5 ] },
                "down": { "texture": "#0", "uv": [ 1.0, 1.0, 4.0, 3.5 ] }
            }
        },
        {
            "from": [ 9.0, 6.25, 7.0 ], 
            "to": [ 11.0, 7.25, 8.0 ], 
            "rotation": { "origin": [ 9.0, 7.25, 7.0 ], "axis": "z", "angle": 22.5 },
            "faces": {
                "north": { "texture": "#0", "uv": [ 1.0, 1.0, 3.5, 3.5 ] },
                "east": { "texture": "#0", "uv": [ 1.0, 0.5, 3.0, 3.0 ] },
                "south": { "texture": "#0", "uv": [ 0.5, 0.5, 3.5, 3.5 ] },
                "west": { "texture": "#0", "uv": [ 1.0, 1.0, 3.0, 4.0 ] },
                "up": { "texture": "#0", "uv": [ 1.0, 1.5, 4.0, 3.5 ] },
                "down": { "texture": "#0", "uv": [ 1.0, 1.0, 4.0, 3.5 ] }
            }
        },
        {
            "from": [ 5.5, 6.25, 7.0 ], 
            "to": [ 7.1, 7.25, 8.0 ], 
            "faces": {
                "north": { "texture": "#0", "uv": [ 1.0, 1.0, 3.5, 3.5 ] },
                "east": { "texture": "#0", "uv": [ 1.0, 0.5, 3.0, 3.0 ] },
                "south": { "texture": "#0", "uv": [ 0.5, 0.5, 3.5, 3.5 ] },
                "west": { "texture": "#0", "uv": [ 1.0, 1.0, 3.0, 4.0 ] },
                "up": { "texture": "#0", "uv": [ 1.0, 1.5, 4.0, 3.5 ] },
                "down": { "texture": "#0", "uv": [ 1.0, 1.0, 4.0, 3.5 ] }
            }
        },
        {
            "from": [ 5.5, 6.25, 6.625 ], 
            "to": [ 6.5, 7.25, 7.625 ], 
            "rotation": { "origin": [ 5.5, 6.25, 6.625 ], "axis": "y", "angle": -45.0 },
            "faces": {
                "north": { "texture": "#0", "uv": [ 1.0, 1.0, 3.5, 3.5 ] },
                "east": { "texture": "#0", "uv": [ 1.0, 0.5, 3.0, 3.0 ] },
                "south": { "texture": "#0", "uv": [ 0.5, 0.5, 3.5, 3.5 ] },
                "west": { "texture": "#0", "uv": [ 1.0, 1.0, 3.0, 4.0 ] },
                "up": { "texture": "#0", "uv": [ 1.0, 1.5, 4.0, 3.5 ] },
                "down": { "texture": "#0", "uv": [ 1.0, 1.0, 4.0, 3.5 ] }
            }
        },
        {
            "from": [ 4.125, 6.25, 5.75 ], 
            "to": [ 5.125, 7.25, 7.5 ], 
            "rotation": { "origin": [ 4.125, 6.25, 5.75 ], "axis": "y", "angle": 22.5 },
            "faces": {
                "north": { "texture": "#0", "uv": [ 1.0, 1.0, 3.5, 3.5 ] },
                "east": { "texture": "#0", "uv": [ 1.0, 0.5, 3.0, 3.0 ] },
                "south": { "texture": "#0", "uv": [ 0.5, 0.5, 3.5, 3.5 ] },
                "west": { "texture": "#0", "uv": [ 1.0, 1.0, 3.0, 4.0 ] },
                "up": { "texture": "#0", "uv": [ 1.0, 1.5, 4.0, 3.5 ] },
                "down": { "texture": "#0", "uv": [ 1.0, 1.0, 4.0, 3.5 ] }
            }
        },
        {
            "from": [ 10.8125, 7.0, 7.0 ], 
            "to": [ 12.8125, 8.0, 8.0 ], 
            "faces": {
                "north": { "texture": "#0", "uv": [ 1.0, 1.0, 3.5, 3.5 ] },
                "east": { "texture": "#0", "uv": [ 1.0, 0.5, 3.0, 3.0 ] },
                "south": { "texture": "#0", "uv": [ 0.5, 0.5, 3.5, 3.5 ] },
                "west": { "texture": "#0", "uv": [ 1.0, 1.0, 3.0, 4.0 ] },
                "up": { "texture": "#0", "uv": [ 1.0, 1.5, 4.0, 3.5 ] },
                "down": { "texture": "#0", "uv": [ 1.0, 1.0, 4.0, 3.5 ] }
            }
        },
        {
            "from": [ 12.5, 7.25, 7.0 ], 
            "to": [ 14.0, 7.75, 7.5 ], 
            "rotation": { "origin": [ 12.5, 7.25, 7.0 ], "axis": "y", "angle": 22.5 },
            "faces": {
                "north": { "texture": "#0", "uv": [ 1.0, 1.0, 3.5, 3.5 ] },
                "east": { "texture": "#0", "uv": [ 1.0, 0.5, 3.0, 3.0 ] },
                "south": { "texture": "#0", "uv": [ 0.5, 0.5, 3.5, 3.5 ] },
                "west": { "texture": "#0", "uv": [ 1.0, 1.0, 3.0, 4.0 ] },
                "up": { "texture": "#0", "uv": [ 1.0, 1.5, 4.0, 3.5 ] },
                "down": { "texture": "#0", "uv": [ 1.0, 1.0, 4.0, 3.5 ] }
            }
        },
        {
            "from": [ 12.3125, 7.25, 7.625 ], 
            "to": [ 14.3125, 7.75, 8.125 ], 
            "rotation": { "origin": [ 12.3125, 7.25, 7.625 ], "axis": "y", "angle": -22.5 },
            "faces": {
                "north": { "texture": "#0", "uv": [ 1.0, 1.0, 3.5, 3.5 ] },
                "east": { "texture": "#0", "uv": [ 1.0, 0.5, 3.0, 3.0 ] },
                "south": { "texture": "#0", "uv": [ 0.5, 0.5, 3.5, 3.5 ] },
                "west": { "texture": "#0", "uv": [ 1.0, 1.0, 3.0, 4.0 ] },
                "up": { "texture": "#0", "uv": [ 1.0, 1.5, 4.0, 3.5 ] },
                "down": { "texture": "#0", "uv": [ 1.0, 1.0, 4.0, 3.5 ] }
            }
        },
        {
            "from": [ 12.75, 7.25, 7.375 ], 
            "to": [ 14.25, 7.75, 7.875 ], 
            "faces": {
                "north": { "texture": "#0", "uv": [ 1.0, 1.0, 3.5, 3.5 ] },
                "east": { "texture": "#0", "uv": [ 1.0, 0.5, 3.0, 3.0 ] },
                "south": { "texture": "#0", "uv": [ 0.5, 0.5, 3.5, 3.5 ] },
                "west": { "texture": "#0", "uv": [ 1.0, 1.0, 3.0, 4.0 ] },
                "up": { "texture": "#0", "uv": [ 1.0, 1.5, 4.0, 3.5 ] },
                "down": { "texture": "#0", "uv": [ 1.0, 1.0, 4.0, 3.5 ] }
            }
        },
        {
            "from": [ 3.8125, 6.5, 4.5 ], 
            "to": [ 4.3125, 7.0, 6.0 ], 
            "rotation": { "origin": [ 3.8125, 6.5, 4.5 ], "axis": "y", "angle": 22.5 },
            "faces": {
                "north": { "texture": "#0", "uv": [ 1.0, 1.0, 3.5, 3.5 ] },
                "east": { "texture": "#0", "uv": [ 1.0, 0.5, 3.0, 3.0 ] },
                "south": { "texture": "#0", "uv": [ 0.5, 0.5, 3.5, 3.5 ] },
                "west": { "texture": "#0", "uv": [ 1.0, 1.0, 3.0, 4.0 ] },
                "up": { "texture": "#0", "uv": [ 1.0, 1.5, 4.0, 3.5 ] },
                "down": { "texture": "#0", "uv": [ 1.0, 1.0, 4.0, 3.5 ] }
            }
        },
        {
            "from": [ 4.875, 6.5, 4.0625 ], 
            "to": [ 5.375, 7.0, 6.0625 ], 
            "faces": {
                "north": { "texture": "#0", "uv": [ 1.0, 1.0, 3.5, 3.5 ] },
                "east": { "texture": "#0", "uv": [ 1.0, 0.5, 3.0, 3.0 ] },
                "south": { "texture": "#0", "uv": [ 0.5, 0.5, 3.5, 3.5 ] },
                "west": { "texture": "#0", "uv": [ 1.0, 1.0, 3.0, 4.0 ] },
                "up": { "texture": "#0", "uv": [ 1.0, 1.5, 4.0, 3.5 ] },
                "down": { "texture": "#0", "uv": [ 1.0, 1.0, 4.0, 3.5 ] }
            }
        },
        {
            "from": [ 3.0625, 6.5, 5.125 ], 
            "to": [ 3.5625, 7.0, 7.125 ], 
            "rotation": { "origin": [ 3.0625, 6.5, 5.125 ], "axis": "y", "angle": 45.0 },
            "faces": {
                "north": { "texture": "#0", "uv": [ 1.0, 1.0, 3.5, 3.5 ] },
                "east": { "texture": "#0", "uv": [ 1.0, 0.5, 3.0, 3.0 ] },
                "south": { "texture": "#0", "uv": [ 0.5, 0.5, 3.5, 3.5 ] },
                "west": { "texture": "#0", "uv": [ 1.0, 1.0, 3.0, 4.0 ] },
                "up": { "texture": "#0", "uv": [ 1.0, 1.5, 4.0, 3.5 ] },
                "down": { "texture": "#0", "uv": [ 1.0, 1.0, 4.0, 3.5 ] }
            }
        },
        {
            "from": [ 7.0, 2.25, 8.0 ], 
            "to": [ 9.0, 6.3, 9.0 ], 
            "faces": {
                "east": { "texture": "#0", "uv": [ 1.0, 0.5, 3.0, 3.0 ] },
                "south": { "texture": "#0", "uv": [ 0.5, 0.5, 3.5, 3.5 ] },
                "west": { "texture": "#0", "uv": [ 1.0, 1.0, 3.0, 4.0 ] },
                "up": { "texture": "#0", "uv": [ 1.0, 1.5, 4.0, 3.5 ] },
                "down": { "texture": "#0", "uv": [ 1.0, 1.0, 4.0, 3.5 ] }
            }
        },
        {
            "from": [ 6.8125, 2.5, 8.125 ], 
            "to": [ 7.5625, 6.3, 8.625 ], 
            "rotation": { "origin": [ 6.8125, 2.5, 8.125 ], "axis": "y", "angle": -45.0 },
            "faces": {
                "north": { "texture": "#0", "uv": [ 1.0, 1.0, 3.5, 3.5 ] },
                "east": { "texture": "#0", "uv": [ 1.0, 0.5, 3.0, 3.0 ] },
                "south": { "texture": "#0", "uv": [ 0.5, 0.5, 3.5, 3.5 ] },
                "west": { "texture": "#0", "uv": [ 1.0, 1.0, 3.0, 4.0 ] },
                "up": { "texture": "#0", "uv": [ 1.0, 1.5, 4.0, 3.5 ] },
                "down": { "texture": "#0", "uv": [ 1.0, 1.0, 4.0, 3.5 ] }
            }
        },
        {
            "from": [ 8.625, 2.5, 8.6875 ], 
            "to": [ 9.375, 6.3, 9.1875 ], 
            "rotation": { "origin": [ 8.625, 2.5, 8.6875 ], "axis": "y", "angle": 45.0 },
            "faces": {
                "north": { "texture": "#0", "uv": [ 1.0, 1.0, 3.5, 3.5 ] },
                "east": { "texture": "#0", "uv": [ 1.0, 0.5, 3.0, 3.0 ] },
                "south": { "texture": "#0", "uv": [ 0.5, 0.5, 3.5, 3.5 ] },
                "west": { "texture": "#0", "uv": [ 1.0, 1.0, 3.0, 4.0 ] },
                "up": { "texture": "#0", "uv": [ 1.0, 1.5, 4.0, 3.5 ] },
                "down": { "texture": "#0", "uv": [ 1.0, 1.0, 4.0, 3.5 ] }
            }
        },
        {
            "from": [ 7.0, 1.875, 8.125 ], 
            "to": [ 9.0, 2.375, 8.8125 ], 
            "rotation": { "origin": [ 7.0, 2.375, 8.125 ], "axis": "x", "angle": -45.0 },
            "faces": {
                "north": { "texture": "#0", "uv": [ 1.0, 1.0, 3.5, 3.5 ] },
                "east": { "texture": "#0", "uv": [ 1.0, 0.5, 3.0, 3.0 ] },
                "south": { "texture": "#0", "uv": [ 0.5, 0.5, 3.5, 3.5 ] },
                "west": { "texture": "#0", "uv": [ 1.0, 1.0, 3.0, 4.0 ] },
                "up": { "texture": "#0", "uv": [ 1.0, 1.5, 4.0, 3.5 ] },
                "down": { "texture": "#0", "uv": [ 1.0, 1.0, 4.0, 3.5 ] }
            }
        },
        {
            "from": [ 8.25, 2.25, 9.5 ], 
            "to": [ 9.75, 4.0, 13.5 ], 
            "rotation": { "origin": [ 8.25, 4.0, 9.5 ], "axis": "x", "angle": 22.5 },
            "faces": {
                "north": { "texture": "#0", "uv": [ 11.75, 1.0, 13.25, 2.75 ] },
                "east": { "texture": "#0", "uv": [ 11.0, 1.0, 13.0, 2.75 ] },
                "south": { "texture": "#0", "uv": [ 11.75, 1.5, 13.25, 3.25 ] },
                "west": { "texture": "#0", "uv": [ 11.0, 1.75, 13.0, 3.5 ] },
                "up": { "texture": "#0", "uv": [ 11.0, 1.75, 13.0, 3.25 ] },
                "down": { "texture": "#0", "uv": [ 11.25, 1.0, 13.25, 3.0 ] }
            }
        },
        {
            "from": [ 6.25, 2.15, 9.5 ], 
            "to": [ 7.75, 4.0, 13.5 ], 
            "rotation": { "origin": [ 6.25, 4.0, 9.5 ], "axis": "x", "angle": 22.5 },
            "faces": {
                "north": { "texture": "#0", "uv": [ 11.75, 1.0, 13.25, 2.75 ] },
                "east": { "texture": "#0", "uv": [ 11.0, 1.0, 13.0, 2.75 ] },
                "south": { "texture": "#0", "uv": [ 11.75, 1.5, 13.25, 3.25 ] },
                "west": { "texture": "#0", "uv": [ 11.0, 1.75, 13.0, 3.5 ] },
                "up": { "texture": "#0", "uv": [ 11.0, 1.75, 13.0, 3.25 ] },
                "down": { "texture": "#0", "uv": [ 11.25, 1.0, 13.25, 3.0 ] }
            }
        },
        {
            "from": [ 6.75, 2.25, 8.5 ], 
            "to": [ 9.25, 4.0, 9.5 ], 
            "faces": {
                "north": { "texture": "#0", "uv": [ 11.75, 1.0, 13.25, 2.75 ] },
                "east": { "texture": "#0", "uv": [ 11.0, 1.0, 13.0, 2.75 ] },
                "south": { "texture": "#0", "uv": [ 11.75, 1.5, 13.25, 3.25 ] },
                "west": { "texture": "#0", "uv": [ 11.0, 1.75, 13.0, 3.5 ] },
                "up": { "texture": "#0", "uv": [ 11.0, 1.75, 13.0, 3.25 ] },
                "down": { "texture": "#0", "uv": [ 11.25, 1.0, 13.25, 3.0 ] }
            }
        },
        {
            "from": [ 7.3, 7.2875, 6.4375 ], 
            "to": [ 8.7, 9.1625, 6.8375 ], 
            "rotation": { "origin": [ 8.0, 8.0625, 7.1375 ], "axis": "x", "angle": -45.0 },
            "faces": {
                "north": { "texture": "#0", "uv": [ 6.0, 0.0, 8.0, 2.0 ] },
                "east": { "texture": "#0", "uv": [ 6.0, 0.0, 8.0, 2.0 ] },
                "west": { "texture": "#0", "uv": [ 6.0, 0.0, 8.0, 2.0 ] },
                "up": { "texture": "#0", "uv": [ 6.0, 0.0, 8.0, 2.0 ] },
                "down": { "texture": "#0", "uv": [ 6.0, 0.0, 8.0, 2.0 ] }
            }
        },
        {
            "from": [ 6.7, 7.6875, 7.5 ], 
            "to": [ 9.3, 9.4, 8.5 ], 
            "rotation": { "origin": [ 7.0, 9.0, 7.5 ], "axis": "x", "angle": 22.5 },
            "faces": {
                "north": { "texture": "#0", "uv": [ 1.0, 1.0, 3.5, 3.5 ] },
                "east": { "texture": "#0", "uv": [ 1.0, 0.5, 3.0, 3.0 ] },
                "south": { "texture": "#0", "uv": [ 0.5, 0.5, 3.5, 3.5 ] },
                "west": { "texture": "#0", "uv": [ 1.0, 1.0, 3.0, 4.0 ] },
                "up": { "texture": "#0", "uv": [ 1.0, 1.5, 4.0, 3.5 ] },
                "down": { "texture": "#0", "uv": [ 1.0, 1.0, 4.0, 3.5 ] }
            }
        },
        {
            "from": [ 6.7, 7.5, 7.45 ], 
            "to": [ 9.3, 8.125, 8.875 ], 
            "rotation": { "origin": [ 7.0, 8.125, 7.75 ], "axis": "x", "angle": -45.0 },
            "faces": {
                "north": { "texture": "#0", "uv": [ 1.0, 1.0, 3.5, 3.5 ] },
                "east": { "texture": "#0", "uv": [ 1.0, 0.5, 3.0, 3.0 ] },
                "south": { "texture": "#0", "uv": [ 0.5, 0.5, 3.5, 3.5 ] },
                "west": { "texture": "#0", "uv": [ 1.0, 1.0, 3.0, 4.0 ] },
                "up": { "texture": "#0", "uv": [ 1.0, 1.5, 4.0, 3.5 ] },
                "down": { "texture": "#0", "uv": [ 1.0, 1.0, 4.0, 3.5 ] }
            }
        },
        {
            "from": [ 6.7, 9.625, 8.8125 ], 
            "to": [ 9.3, 11.25, 9.4375 ], 
            "faces": {
                "north": { "texture": "#0", "uv": [ 1.0, 1.0, 3.5, 3.5 ] },
                "east": { "texture": "#0", "uv": [ 1.0, 0.5, 3.0, 3.0 ] },
                "south": { "texture": "#0", "uv": [ 0.5, 0.5, 3.5, 3.5 ] },
                "west": { "texture": "#0", "uv": [ 1.0, 1.0, 3.0, 4.0 ] },
                "up": { "texture": "#0", "uv": [ 1.0, 1.5, 4.0, 3.5 ] },
                "down": { "texture": "#0", "uv": [ 1.0, 1.0, 4.0, 3.5 ] }
            }
        },
        {
            "from": [ 6.6, 10.25, 7.675 ], 
            "to": [ 7.825, 11.125, 8.3 ], 
            "rotation": { "origin": [ 7.0, 12.125, 7.675 ], "axis": "x", "angle": -45.0 },
            "faces": {
                "north": { "texture": "#0", "uv": [ 1.0, 1.0, 3.5, 3.5 ] },
                "east": { "texture": "#0", "uv": [ 1.0, 0.5, 3.0, 3.0 ] },
                "south": { "texture": "#0", "uv": [ 0.5, 0.5, 3.5, 3.5 ] },
                "west": { "texture": "#0", "uv": [ 1.0, 1.0, 3.0, 4.0 ] },
                "up": { "texture": "#0", "uv": [ 1.0, 1.5, 4.0, 3.5 ] },
                "down": { "texture": "#0", "uv": [ 1.0, 1.0, 4.0, 3.5 ] }
            }
        },
        {
            "from": [ 6.6, 11.95, 7.5 ], 
            "to": [ 7.725, 12.575, 8.125 ], 
            "faces": {
                "north": { "texture": "#0", "uv": [ 1.0, 1.0, 3.5, 3.5 ] },
                "east": { "texture": "#0", "uv": [ 1.0, 0.5, 3.0, 3.0 ] },
                "south": { "texture": "#0", "uv": [ 0.5, 0.5, 3.5, 3.5 ] },
                "west": { "texture": "#0", "uv": [ 1.0, 1.0, 3.0, 4.0 ] },
                "up": { "texture": "#0", "uv": [ 1.0, 1.5, 4.0, 3.5 ] },
                "down": { "texture": "#0", "uv": [ 1.0, 1.0, 4.0, 3.5 ] }
            }
        },
        {
            "from": [ 8.275, 11.95, 7.5 ], 
            "to": [ 9.4, 12.575, 8.125 ], 
            "faces": {
                "north": { "texture": "#0", "uv": [ 1.0, 1.0, 3.5, 3.5 ] },
                "east": { "texture": "#0", "uv": [ 1.0, 0.5, 3.0, 3.0 ] },
                "south": { "texture": "#0", "uv": [ 0.5, 0.5, 3.5, 3.5 ] },
                "west": { "texture": "#0", "uv": [ 1.0, 1.0, 3.0, 4.0 ] },
                "up": { "texture": "#0", "uv": [ 1.0, 1.5, 4.0, 3.5 ] },
                "down": { "texture": "#0", "uv": [ 1.0, 1.0, 4.0, 3.5 ] }
            }
        },
        {
            "from": [ 6.6, 11.4625, 6.3425 ], 
            "to": [ 7.725, 12.0875, 7.5925 ], 
            "rotation": { "origin": [ 7.0, 12.0875, 6.3425 ], "axis": "x", "angle": -22.5 },
            "faces": {
                "north": { "texture": "#0", "uv": [ 1.0, 1.0, 3.5, 3.5 ] },
                "east": { "texture": "#0", "uv": [ 1.0, 0.5, 3.0, 3.0 ] },
                "south": { "texture": "#0", "uv": [ 0.5, 0.5, 3.5, 3.5 ] },
                "west": { "texture": "#0", "uv": [ 1.0, 1.0, 3.0, 4.0 ] },
                "up": { "texture": "#0", "uv": [ 1.0, 1.5, 4.0, 3.5 ] },
                "down": { "texture": "#0", "uv": [ 1.0, 1.0, 4.0, 3.5 ] }
            }
        },
        {
            "from": [ 8.275, 11.4625, 6.3425 ], 
            "to": [ 9.4, 12.0875, 7.5925 ], 
            "rotation": { "origin": [ 8.375, 12.0875, 6.3425 ], "axis": "x", "angle": -22.5 },
            "faces": {
                "north": { "texture": "#0", "uv": [ 1.0, 1.0, 3.5, 3.5 ] },
                "east": { "texture": "#0", "uv": [ 1.0, 0.5, 3.0, 3.0 ] },
                "south": { "texture": "#0", "uv": [ 0.5, 0.5, 3.5, 3.5 ] },
                "west": { "texture": "#0", "uv": [ 1.0, 1.0, 3.0, 4.0 ] },
                "up": { "texture": "#0", "uv": [ 1.0, 1.5, 4.0, 3.5 ] },
                "down": { "texture": "#0", "uv": [ 1.0, 1.0, 4.0, 3.5 ] }
            }
        },
        {
            "from": [ 6.6, 10.92, 5.8125 ], 
            "to": [ 7.725, 11.545, 6.5625 ], 
            "rotation": { "origin": [ 7.0, 11.545, 5.8125 ], "axis": "x", "angle": -45.0 },
            "faces": {
                "north": { "texture": "#0", "uv": [ 1.0, 1.0, 3.5, 3.5 ] },
                "east": { "texture": "#0", "uv": [ 1.0, 0.5, 3.0, 3.0 ] },
                "south": { "texture": "#0", "uv": [ 0.5, 0.5, 3.5, 3.5 ] },
                "west": { "texture": "#0", "uv": [ 1.0, 1.0, 3.0, 4.0 ] },
                "up": { "texture": "#0", "uv": [ 1.0, 1.5, 4.0, 3.5 ] },
                "down": { "texture": "#0", "uv": [ 1.0, 1.0, 4.0, 3.5 ] }
            }
        },
        {
            "from": [ 6.6, 10.42, 5.8125 ], 
            "to": [ 7.825, 11.545, 6.4375 ], 
            "rotation": { "origin": [ 7.0, 11.545, 5.8125 ], "axis": "x", "angle": 22.5 },
            "faces": {
                "north": { "texture": "#0", "uv": [ 1.0, 1.0, 3.5, 3.5 ] },
                "east": { "texture": "#0", "uv": [ 1.0, 0.5, 3.0, 3.0 ] },
                "south": { "texture": "#0", "uv": [ 0.5, 0.5, 3.5, 3.5 ] },
                "west": { "texture": "#0", "uv": [ 1.0, 1.0, 3.0, 4.0 ] },
                "up": { "texture": "#0", "uv": [ 1.0, 1.5, 4.0, 3.5 ] },
                "down": { "texture": "#0", "uv": [ 1.0, 1.0, 4.0, 3.5 ] }
            }
        },
        {
            "from": [ 8.275, 10.92, 5.8125 ], 
            "to": [ 9.4, 11.545, 6.5625 ], 
            "rotation": { "origin": [ 8.375, 11.545, 5.8125 ], "axis": "x", "angle": -45.0 },
            "faces": {
                "north": { "texture": "#0", "uv": [ 1.0, 1.0, 3.5, 3.5 ] },
                "east": { "texture": "#0", "uv": [ 1.0, 0.5, 3.0, 3.0 ] },
                "south": { "texture": "#0", "uv": [ 0.5, 0.5, 3.5, 3.5 ] },
                "west": { "texture": "#0", "uv": [ 1.0, 1.0, 3.0, 4.0 ] },
                "up": { "texture": "#0", "uv": [ 1.0, 1.5, 4.0, 3.5 ] },
                "down": { "texture": "#0", "uv": [ 1.0, 1.0, 4.0, 3.5 ] }
            }
        },
        {
            "from": [ 8.175, 10.42, 5.80552 ], 
            "to": [ 9.4, 11.545, 6.43052 ], 
            "rotation": { "origin": [ 8.375, 11.545, 5.80552 ], "axis": "x", "angle": 22.5 },
            "faces": {
                "north": { "texture": "#0", "uv": [ 1.0, 1.0, 3.5, 3.5 ] },
                "east": { "texture": "#0", "uv": [ 1.0, 0.5, 3.0, 3.0 ] },
                "south": { "texture": "#0", "uv": [ 0.5, 0.5, 3.5, 3.5 ] },
                "west": { "texture": "#0", "uv": [ 1.0, 1.0, 3.0, 4.0 ] },
                "up": { "texture": "#0", "uv": [ 1.0, 1.5, 4.0, 3.5 ] },
                "down": { "texture": "#0", "uv": [ 1.0, 1.0, 4.0, 3.5 ] }
            }
        },
        {
            "from": [ 7.5, 8.525, 4.75 ], 
            "to": [ 8.5, 9.65, 5.875 ], 
            "faces": {
                "north": { "texture": "#0", "uv": [ 1.0, 1.0, 3.5, 3.5 ] },
                "east": { "texture": "#0", "uv": [ 1.0, 0.5, 3.0, 3.0 ] },
                "south": { "texture": "#0", "uv": [ 0.5, 0.5, 3.5, 3.5 ] },
                "west": { "texture": "#0", "uv": [ 1.0, 1.0, 3.0, 4.0 ] },
                "up": { "texture": "#0", "uv": [ 1.0, 1.5, 4.0, 3.5 ] },
                "down": { "texture": "#0", "uv": [ 1.0, 1.0, 4.0, 3.5 ] }
            }
        },
        {
            "from": [ 7.375, 8.65, 4.75 ], 
            "to": [ 8.625, 9.525, 5.875 ], 
            "faces": {
                "north": { "texture": "#0", "uv": [ 1.0, 1.0, 3.5, 3.5 ] },
                "east": { "texture": "#0", "uv": [ 1.0, 0.5, 3.0, 3.0 ] },
                "west": { "texture": "#0", "uv": [ 1.0, 1.0, 3.0, 4.0 ] },
                "up": { "texture": "#0", "uv": [ 1.0, 1.5, 4.0, 3.5 ] },
                "down": { "texture": "#0", "uv": [ 1.0, 1.0, 4.0, 3.5 ] }
            }
        },
        {
            "from": [ 7.625, 8.4, 4.75 ], 
            "to": [ 8.375, 9.775, 5.875 ], 
            "faces": {
                "north": { "texture": "#0", "uv": [ 1.0, 1.0, 3.5, 3.5 ] },
                "east": { "texture": "#0", "uv": [ 1.0, 0.5, 3.0, 3.0 ] },
                "south": { "texture": "#0", "uv": [ 0.5, 0.5, 3.5, 3.5 ] },
                "west": { "texture": "#0", "uv": [ 1.0, 1.0, 3.0, 4.0 ] },
                "up": { "texture": "#0", "uv": [ 1.0, 1.5, 4.0, 3.5 ] },
                "down": { "texture": "#0", "uv": [ 1.0, 1.0, 4.0, 3.5 ] }
            }
        },
        {
            "from": [ 7.5, 8.65, 4.625 ], 
            "to": [ 8.5, 9.525, 4.75 ], 
            "faces": {
                "north": { "texture": "#0", "uv": [ 1.0, 1.0, 3.5, 3.5 ] },
                "east": { "texture": "#0", "uv": [ 1.0, 0.5, 3.0, 3.0 ] },
                "south": { "texture": "#0", "uv": [ 0.5, 0.5, 3.5, 3.5 ] },
                "west": { "texture": "#0", "uv": [ 1.0, 1.0, 3.0, 4.0 ] },
                "up": { "texture": "#0", "uv": [ 1.0, 1.5, 4.0, 3.5 ] },
                "down": { "texture": "#0", "uv": [ 1.0, 1.0, 4.0, 3.5 ] }
            }
        },
        {
            "from": [ 7.625, 8.525, 4.625 ], 
            "to": [ 8.375, 9.65, 4.75 ], 
            "faces": {
                "north": { "texture": "#0", "uv": [ 1.0, 1.0, 3.5, 3.5 ] },
                "east": { "texture": "#0", "uv": [ 1.0, 0.5, 3.0, 3.0 ] },
                "south": { "texture": "#0", "uv": [ 0.5, 0.5, 3.5, 3.5 ] },
                "west": { "texture": "#0", "uv": [ 1.0, 1.0, 3.0, 4.0 ] },
                "up": { "texture": "#0", "uv": [ 1.0, 1.5, 4.0, 3.5 ] },
                "down": { "texture": "#0", "uv": [ 1.0, 1.0, 4.0, 3.5 ] }
            }
        },
        {
            "from": [ 6.7, 8.625, 8.275 ], 
            "to": [ 9.3, 9.875, 9.5 ], 
            "rotation": { "origin": [ 7.0, 9.875, 8.875 ], "axis": "x", "angle": 22.5 },
            "faces": {
                "north": { "texture": "#0", "uv": [ 1.0, 1.0, 3.5, 3.5 ] },
                "east": { "texture": "#0", "uv": [ 1.0, 0.5, 3.0, 3.0 ] },
                "south": { "texture": "#0", "uv": [ 0.5, 0.5, 3.5, 3.5 ] },
                "west": { "texture": "#0", "uv": [ 1.0, 1.0, 3.0, 4.0 ] },
                "up": { "texture": "#0", "uv": [ 1.0, 1.5, 4.0, 3.5 ] },
                "down": { "texture": "#0", "uv": [ 1.0, 1.0, 4.0, 3.5 ] }
            }
        },
        {
            "from": [ 8.175, 10.25, 7.675 ], 
            "to": [ 9.4, 11.125, 8.3 ], 
            "rotation": { "origin": [ 8.375, 12.125, 7.675 ], "axis": "x", "angle": -45.0 },
            "faces": {
                "north": { "texture": "#0", "uv": [ 1.0, 1.0, 3.5, 3.5 ] },
                "east": { "texture": "#0", "uv": [ 1.0, 0.5, 3.0, 3.0 ] },
                "south": { "texture": "#0", "uv": [ 0.5, 0.5, 3.5, 3.5 ] },
                "west": { "texture": "#0", "uv": [ 1.0, 1.0, 3.0, 4.0 ] },
                "up": { "texture": "#0", "uv": [ 1.0, 1.5, 4.0, 3.5 ] },
                "down": { "texture": "#0", "uv": [ 1.0, 1.0, 4.0, 3.5 ] }
            }
        },
        {
            "from": [ 6.7, 8.875, 5.375 ], 
            "to": [ 9.3, 10.5, 7.125 ], 
            "faces": {
                "north": { "texture": "#0", "uv": [ 1.0, 1.0, 3.5, 3.5 ] },
                "east": { "texture": "#0", "uv": [ 1.0, 0.5, 3.0, 3.0 ] },
                "south": { "texture": "#0", "uv": [ 0.5, 0.5, 3.5, 3.5 ] },
                "west": { "texture": "#0", "uv": [ 1.0, 1.0, 3.0, 4.0 ] },
                "up": { "texture": "#0", "uv": [ 1.0, 1.5, 4.0, 3.5 ] },
                "down": { "texture": "#0", "uv": [ 1.0, 1.0, 4.0, 3.5 ] }
            }
        },
        {
            "from": [ 7.0, 8.5, 7.375 ], 
            "to": [ 9.0, 9.25, 8.625 ], 
            "faces": {
                "north": { "texture": "#0", "uv": [ 1.0, 1.0, 3.5, 3.5 ] },
                "east": { "texture": "#0", "uv": [ 1.0, 0.5, 3.0, 3.0 ] },
                "south": { "texture": "#0", "uv": [ 0.5, 0.5, 3.5, 3.5 ] },
                "west": { "texture": "#0", "uv": [ 1.0, 1.0, 3.0, 4.0 ] },
                "up": { "texture": "#0", "uv": [ 1.0, 1.5, 4.0, 3.5 ] },
                "down": { "texture": "#0", "uv": [ 1.0, 1.0, 4.0, 3.5 ] }
            }
        },
        {
            "from": [ 7.0, 10.0, 5.75 ], 
            "to": [ 9.0, 10.5, 7.25 ], 
            "rotation": { "origin": [ 7.0, 10.5, 5.75 ], "axis": "x", "angle": -22.5 },
            "faces": {
                "north": { "texture": "#0", "uv": [ 1.0, 1.0, 3.5, 3.5 ] },
                "east": { "texture": "#0", "uv": [ 1.0, 0.5, 3.0, 3.0 ] },
                "south": { "texture": "#0", "uv": [ 0.5, 0.5, 3.5, 3.5 ] },
                "west": { "texture": "#0", "uv": [ 1.0, 1.0, 3.0, 4.0 ] },
                "up": { "texture": "#0", "uv": [ 1.0, 1.5, 4.0, 3.5 ] },
                "down": { "texture": "#0", "uv": [ 1.0, 1.0, 4.0, 3.5 ] }
            }
        },
        {
            "from": [ 7.0, 9.1875, 7.125 ], 
            "to": [ 9.0, 11.0625, 8.875 ], 
            "faces": {
                "north": { "texture": "#0", "uv": [ 1.0, 1.0, 3.5, 3.5 ] },
                "east": { "texture": "#0", "uv": [ 1.0, 0.5, 3.0, 3.0 ] },
                "south": { "texture": "#0", "uv": [ 0.5, 0.5, 3.5, 3.5 ] },
                "west": { "texture": "#0", "uv": [ 1.0, 1.0, 3.0, 4.0 ] },
                "up": { "texture": "#0", "uv": [ 1.0, 1.5, 4.0, 3.5 ] },
                "down": { "texture": "#0", "uv": [ 1.0, 1.0, 4.0, 3.5 ] }
            }
        },
        {
            "from": [ 7.0, 9.405, 6.04 ], 
            "to": [ 9.0, 10.655, 7.29 ], 
            "faces": {
                "north": { "texture": "#0", "uv": [ 1.0, 1.0, 3.5, 3.5 ] },
                "east": { "texture": "#0", "uv": [ 1.0, 0.5, 3.0, 3.0 ] },
                "south": { "texture": "#0", "uv": [ 0.5, 0.5, 3.5, 3.5 ] },
                "west": { "texture": "#0", "uv": [ 1.0, 1.0, 3.0, 4.0 ] },
                "up": { "texture": "#0", "uv": [ 1.0, 1.5, 4.0, 3.5 ] },
                "down": { "texture": "#0", "uv": [ 1.0, 1.0, 4.0, 3.5 ] }
            }
        },
        {
            "from": [ 6.449, 9.3125, 6.1625 ], 
            "to": [ 9.559, 10.825, 8.225 ], 
            "faces": {
                "east": { "texture": "#1", "uv": [ 16.0, 0.0, 0.0, 13.0 ] },
                "west": { "texture": "#1", "uv": [ 0.0, 0.0, 16.0, 13.0 ] }
            }
        },
        {
            "from": [ 7.0, 11.0, 6.5 ], 
            "to": [ 7.625, 12.0, 8.375 ], 
            "faces": {
                "north": { "texture": "#0", "uv": [ 1.0, 1.0, 3.5, 3.5 ] },
                "east": { "texture": "#0", "uv": [ 1.0, 0.5, 3.0, 3.0 ] },
                "south": { "texture": "#0", "uv": [ 0.5, 0.5, 3.5, 3.5 ] },
                "west": { "texture": "#0", "uv": [ 1.0, 1.0, 3.0, 4.0 ] },
                "up": { "texture": "#0", "uv": [ 1.0, 1.5, 4.0, 3.5 ] },
                "down": { "texture": "#0", "uv": [ 1.0, 1.0, 4.0, 3.5 ] }
            }
        },
        {
            "from": [ 7.0, 10.625, 6.125 ], 
            "to": [ 7.625, 11.5, 7.0 ], 
            "faces": {
                "north": { "texture": "#0", "uv": [ 1.0, 1.0, 3.5, 3.5 ] },
                "east": { "texture": "#0", "uv": [ 1.0, 0.5, 3.0, 3.0 ] },
                "south": { "texture": "#0", "uv": [ 0.5, 0.5, 3.5, 3.5 ] },
                "west": { "texture": "#0", "uv": [ 1.0, 1.0, 3.0, 4.0 ] },
                "up": { "texture": "#0", "uv": [ 1.0, 1.5, 4.0, 3.5 ] },
                "down": { "texture": "#0", "uv": [ 1.0, 1.0, 4.0, 3.5 ] }
            }
        },
        {
            "from": [ 7.0, 11.0, 8.375 ], 
            "to": [ 7.625, 11.5, 8.75 ], 
            "faces": {
                "north": { "texture": "#0", "uv": [ 1.0, 1.0, 3.5, 3.5 ] },
                "east": { "texture": "#0", "uv": [ 1.0, 0.5, 3.0, 3.0 ] },
                "south": { "texture": "#0", "uv": [ 0.5, 0.5, 3.5, 3.5 ] },
                "west": { "texture": "#0", "uv": [ 1.0, 1.0, 3.0, 4.0 ] },
                "up": { "texture": "#0", "uv": [ 1.0, 1.5, 4.0, 3.5 ] },
                "down": { "texture": "#0", "uv": [ 1.0, 1.0, 4.0, 3.5 ] }
            }
        },
        {
            "from": [ 8.375, 11.0, 6.5 ], 
            "to": [ 9.0, 12.0, 8.375 ], 
            "faces": {
                "north": { "texture": "#0", "uv": [ 1.0, 1.0, 3.5, 3.5 ] },
                "east": { "texture": "#0", "uv": [ 1.0, 0.5, 3.0, 3.0 ] },
                "south": { "texture": "#0", "uv": [ 0.5, 0.5, 3.5, 3.5 ] },
                "west": { "texture": "#0", "uv": [ 1.0, 1.0, 3.0, 4.0 ] },
                "up": { "texture": "#0", "uv": [ 1.0, 1.5, 4.0, 3.5 ] },
                "down": { "texture": "#0", "uv": [ 1.0, 1.0, 4.0, 3.5 ] }
            }
        },
        {
            "from": [ 8.375, 10.625, 6.125 ], 
            "to": [ 9.0, 11.5, 7.0 ], 
            "faces": {
                "north": { "texture": "#0", "uv": [ 1.0, 1.0, 3.5, 3.5 ] },
                "east": { "texture": "#0", "uv": [ 1.0, 0.5, 3.0, 3.0 ] },
                "south": { "texture": "#0", "uv": [ 0.5, 0.5, 3.5, 3.5 ] },
                "west": { "texture": "#0", "uv": [ 1.0, 1.0, 3.0, 4.0 ] },
                "up": { "texture": "#0", "uv": [ 1.0, 1.5, 4.0, 3.5 ] },
                "down": { "texture": "#0", "uv": [ 1.0, 1.0, 4.0, 3.5 ] }
            }
        },
        {
            "from": [ 8.375, 11.0, 8.375 ], 
            "to": [ 9.0, 11.5, 8.75 ], 
            "faces": {
                "north": { "texture": "#0", "uv": [ 1.0, 1.0, 3.5, 3.5 ] },
                "east": { "texture": "#0", "uv": [ 1.0, 0.5, 3.0, 3.0 ] },
                "south": { "texture": "#0", "uv": [ 0.5, 0.5, 3.5, 3.5 ] },
                "west": { "texture": "#0", "uv": [ 1.0, 1.0, 3.0, 4.0 ] },
                "up": { "texture": "#0", "uv": [ 1.0, 1.5, 4.0, 3.5 ] },
                "down": { "texture": "#0", "uv": [ 1.0, 1.0, 4.0, 3.5 ] }
            }
        },
        {
            "from": [ 8.375, 9.025, 4.624 ], 
            "to": [ 8.4375, 9.2, 4.6865 ], 
            "rotation": { "origin": [ 7.8, 9.3, 8.0 ], "axis": "z", "angle": -22.5 },
            "faces": {
                "north": { "texture": "#1", "uv": [ 7.125, 4.0, 7.375, 4.25 ] }
            }
        },
        {
            "from": [ 7.625, 9.025, 4.624 ], 
            "to": [ 7.6875, 9.2, 4.6865 ], 
            "rotation": { "origin": [ 8.2, 9.1, 8.0 ], "axis": "z", "angle": 22.5 },
            "faces": {
                "north": { "texture": "#1", "uv": [ 7.125, 4.0, 7.375, 4.25 ] }
            }
        },
        {
            "from": [ 6.45, 9.55, 8.65 ], 
            "to": [ 9.55, 11.05, 9.15 ], 
            "faces": {
                "north": { "texture": "#0", "uv": [ 1.0, 1.0, 3.5, 3.5 ] },
                "east": { "texture": "#0", "uv": [ 1.0, 0.5, 3.0, 3.0 ] },
                "south": { "texture": "#0", "uv": [ 0.5, 0.5, 3.5, 3.5 ] },
                "west": { "texture": "#0", "uv": [ 1.0, 1.0, 3.0, 4.0 ] },
                "up": { "texture": "#0", "uv": [ 1.0, 1.5, 4.0, 3.5 ] },
                "down": { "texture": "#0", "uv": [ 1.0, 1.0, 4.0, 3.5 ] }
            }
        },
        {
            "from": [ 6.45, 10.25, 7.64 ], 
            "to": [ 9.55, 11.75, 8.24 ], 
            "rotation": { "origin": [ 6.75, 11.75, 7.74 ], "axis": "x", "angle": -45.0 },
            "faces": {
                "north": { "texture": "#0", "uv": [ 1.0, 1.0, 3.5, 3.5 ] },
                "east": { "texture": "#0", "uv": [ 1.0, 0.5, 3.0, 3.0 ] },
                "south": { "texture": "#0", "uv": [ 0.5, 0.5, 3.5, 3.5 ] },
                "west": { "texture": "#0", "uv": [ 1.0, 1.0, 3.0, 4.0 ] },
                "up": { "texture": "#0", "uv": [ 1.0, 1.5, 4.0, 3.5 ] },
                "down": { "texture": "#0", "uv": [ 1.0, 1.0, 4.0, 3.5 ] }
            }
        },
        {
            "from": [ 6.45, 11.61, 7.6 ], 
            "to": [ 9.55, 12.11, 8.1 ], 
            "faces": {
                "north": { "texture": "#0", "uv": [ 1.0, 1.0, 3.5, 3.5 ] },
                "east": { "texture": "#0", "uv": [ 1.0, 0.5, 3.0, 3.0 ] },
                "south": { "texture": "#0", "uv": [ 0.5, 0.5, 3.5, 3.5 ] },
                "west": { "texture": "#0", "uv": [ 1.0, 1.0, 3.0, 4.0 ] },
                "up": { "texture": "#0", "uv": [ 1.0, 1.5, 4.0, 3.5 ] },
                "down": { "texture": "#0", "uv": [ 1.0, 1.0, 4.0, 3.5 ] }
            }
        },
        {
            "from": [ 6.45, 11.22, 6.674 ], 
            "to": [ 9.55, 11.72, 7.674 ], 
            "rotation": { "origin": [ 6.75, 11.72, 6.674 ], "axis": "x", "angle": -22.5 },
            "faces": {
                "north": { "texture": "#0", "uv": [ 1.0, 1.0, 3.5, 3.5 ] },
                "east": { "texture": "#0", "uv": [ 1.0, 0.5, 3.0, 3.0 ] },
                "south": { "texture": "#0", "uv": [ 0.5, 0.5, 3.5, 3.5 ] },
                "west": { "texture": "#0", "uv": [ 1.0, 1.0, 3.0, 4.0 ] },
                "up": { "texture": "#0", "uv": [ 1.0, 1.5, 4.0, 3.5 ] },
                "down": { "texture": "#0", "uv": [ 1.0, 1.0, 4.0, 3.5 ] }
            }
        },
        {
            "from": [ 6.45, 10.786, 6.25 ], 
            "to": [ 9.55, 11.286, 6.85 ], 
            "rotation": { "origin": [ 6.75, 11.286, 6.25 ], "axis": "x", "angle": -45.0 },
            "faces": {
                "north": { "texture": "#0", "uv": [ 1.0, 1.0, 3.5, 3.5 ] },
                "east": { "texture": "#0", "uv": [ 1.0, 0.5, 3.0, 3.0 ] },
                "south": { "texture": "#0", "uv": [ 0.5, 0.5, 3.5, 3.5 ] },
                "west": { "texture": "#0", "uv": [ 1.0, 1.0, 3.0, 4.0 ] },
                "up": { "texture": "#0", "uv": [ 1.0, 1.5, 4.0, 3.5 ] },
                "down": { "texture": "#0", "uv": [ 1.0, 1.0, 4.0, 3.5 ] }
            }
        },
        {
            "from": [ 6.45, 10.386, 6.25 ], 
            "to": [ 9.55, 11.286, 6.75 ], 
            "rotation": { "origin": [ 6.75, 11.286, 6.25 ], "axis": "x", "angle": 22.5 },
            "faces": {
                "north": { "texture": "#0", "uv": [ 1.0, 1.0, 3.5, 3.5 ] },
                "east": { "texture": "#0", "uv": [ 1.0, 0.5, 3.0, 3.0 ] },
                "south": { "texture": "#0", "uv": [ 0.5, 0.5, 3.5, 3.5 ] },
                "west": { "texture": "#0", "uv": [ 1.0, 1.0, 3.0, 4.0 ] },
                "up": { "texture": "#0", "uv": [ 1.0, 1.5, 4.0, 3.5 ] },
                "down": { "texture": "#0", "uv": [ 1.0, 1.0, 4.0, 3.5 ] }
            }
        },
        {
            "from": [ 6.45, 10.85, 6.8 ], 
            "to": [ 9.55, 11.65, 8.3 ], 
            "faces": {
                "north": { "texture": "#0", "uv": [ 1.0, 1.0, 3.5, 3.5 ] },
                "east": { "texture": "#0", "uv": [ 1.0, 0.5, 3.0, 3.0 ] },
                "south": { "texture": "#0", "uv": [ 0.5, 0.5, 3.5, 3.5 ] },
                "west": { "texture": "#0", "uv": [ 1.0, 1.0, 3.0, 4.0 ] },
                "up": { "texture": "#0", "uv": [ 1.0, 1.5, 4.0, 3.5 ] },
                "down": { "texture": "#0", "uv": [ 1.0, 1.0, 4.0, 3.5 ] }
            }
        },
        {
            "from": [ 6.45, 10.55, 6.5 ], 
            "to": [ 9.55, 11.25, 7.2 ], 
            "faces": {
                "north": { "texture": "#0", "uv": [ 1.0, 1.0, 3.5, 3.5 ] },
                "east": { "texture": "#0", "uv": [ 1.0, 0.5, 3.0, 3.0 ] },
                "south": { "texture": "#0", "uv": [ 0.5, 0.5, 3.5, 3.5 ] },
                "west": { "texture": "#0", "uv": [ 1.0, 1.0, 3.0, 4.0 ] },
                "up": { "texture": "#0", "uv": [ 1.0, 1.5, 4.0, 3.5 ] },
                "down": { "texture": "#0", "uv": [ 1.0, 1.0, 4.0, 3.5 ] }
            }
        },
        {
            "from": [ 6.45, 10.85, 8.3 ], 
            "to": [ 9.55, 11.25, 8.6 ], 
            "faces": {
                "north": { "texture": "#0", "uv": [ 1.0, 1.0, 3.5, 3.5 ] },
                "east": { "texture": "#0", "uv": [ 1.0, 0.5, 3.0, 3.0 ] },
                "south": { "texture": "#0", "uv": [ 0.5, 0.5, 3.5, 3.5 ] },
                "west": { "texture": "#0", "uv": [ 1.0, 1.0, 3.0, 4.0 ] },
                "up": { "texture": "#0", "uv": [ 1.0, 1.5, 4.0, 3.5 ] },
                "down": { "texture": "#0", "uv": [ 1.0, 1.0, 4.0, 3.5 ] }
            }
        },
        {
            "from": [ 6.45, 9.5075, 5.905 ], 
            "to": [ 9.55, 10.4575, 7.28 ], 
            "faces": {
                "north": { "texture": "#0", "uv": [ 1.0, 1.0, 3.5, 3.5 ] },
                "east": { "texture": "#0", "uv": [ 1.0, 0.5, 3.0, 3.0 ] },
                "south": { "texture": "#0", "uv": [ 0.5, 0.5, 3.5, 3.5 ] },
                "west": { "texture": "#0", "uv": [ 1.0, 1.0, 3.0, 4.0 ] },
                "up": { "texture": "#0", "uv": [ 1.0, 1.5, 4.0, 3.5 ] },
                "down": { "texture": "#0", "uv": [ 1.0, 1.0, 4.0, 3.5 ] }
            }
        },
        {
            "from": [ 8.7, 7.3125, 6.5 ], 
            "to": [ 9.075, 8.8375, 8.0 ], 
            "rotation": { "origin": [ 8.0, 8.0, 6.6 ], "axis": "x", "angle": -45.0 },
            "faces": {
                "north": { "texture": "#0", "uv": [ 5.0, 0.0, 7.0, 2.0 ] },
                "east": { "texture": "#0", "uv": [ 5.0, 0.0, 7.0, 2.0 ] },
                "south": { "texture": "#0", "uv": [ 5.0, 0.0, 7.0, 2.0 ] },
                "west": { "texture": "#0", "uv": [ 5.0, 0.0, 7.0, 2.0 ] },
                "up": { "texture": "#0", "uv": [ 5.0, 0.0, 7.0, 2.0 ] },
                "down": { "texture": "#0", "uv": [ 5.0, 0.0, 7.0, 2.0 ] }
            }
        },
        {
            "from": [ 6.45, 8.7375, 5.905 ], 
            "to": [ 9.55, 9.4875, 7.28 ], 
            "rotation": { "origin": [ 6.75, 9.4875, 5.905 ], "axis": "x", "angle": -45.0 },
            "faces": {
                "north": { "texture": "#0", "uv": [ 1.0, 1.0, 3.5, 3.5 ] },
                "east": { "texture": "#0", "uv": [ 1.0, 0.5, 3.0, 3.0 ] },
                "south": { "texture": "#0", "uv": [ 0.5, 0.5, 3.5, 3.5 ] },
                "west": { "texture": "#0", "uv": [ 1.0, 1.0, 3.0, 4.0 ] },
                "up": { "texture": "#0", "uv": [ 1.0, 1.5, 4.0, 3.5 ] },
                "down": { "texture": "#0", "uv": [ 1.0, 1.0, 4.0, 3.5 ] }
            }
        },
        {
            "from": [ 6.45, 8.925, 6.5625 ], 
            "to": [ 9.55, 9.7, 7.125 ], 
            "rotation": { "origin": [ 6.75, 9.3, 6.5625 ], "axis": "x", "angle": 22.5 },
            "faces": {
                "north": { "texture": "#0", "uv": [ 1.0, 1.0, 3.5, 3.5 ] },
                "east": { "texture": "#0", "uv": [ 1.0, 0.5, 3.0, 3.0 ] },
                "south": { "texture": "#0", "uv": [ 0.5, 0.5, 3.5, 3.5 ] },
                "west": { "texture": "#0", "uv": [ 1.0, 1.0, 3.0, 4.0 ] },
                "up": { "texture": "#0", "uv": [ 1.0, 1.5, 4.0, 3.5 ] },
                "down": { "texture": "#0", "uv": [ 1.0, 1.0, 4.0, 3.5 ] }
            }
        },
        {
            "from": [ 6.45, 8.7375, 6.9375 ], 
            "to": [ 9.55, 9.3125, 8.375 ], 
            "faces": {
                "north": { "texture": "#0", "uv": [ 1.0, 1.0, 3.5, 3.5 ] },
                "east": { "texture": "#0", "uv": [ 1.0, 0.5, 3.0, 3.0 ] },
                "south": { "texture": "#0", "uv": [ 0.5, 0.5, 3.5, 3.5 ] },
                "west": { "texture": "#0", "uv": [ 1.0, 1.0, 3.0, 4.0 ] },
                "up": { "texture": "#0", "uv": [ 1.0, 1.5, 4.0, 3.5 ] },
                "down": { "texture": "#0", "uv": [ 1.0, 1.0, 4.0, 3.5 ] }
            }
        },
        {
            "from": [ 6.45, 9.1125, 8.6875 ], 
            "to": [ 9.55, 9.7375, 9.1875 ], 
            "rotation": { "origin": [ 6.75, 9.7375, 8.6875 ], "axis": "x", "angle": 22.5 },
            "faces": {
                "north": { "texture": "#0", "uv": [ 1.0, 1.0, 3.5, 3.5 ] },
                "east": { "texture": "#0", "uv": [ 1.0, 0.5, 3.0, 3.0 ] },
                "south": { "texture": "#0", "uv": [ 0.5, 0.5, 3.5, 3.5 ] },
                "west": { "texture": "#0", "uv": [ 1.0, 1.0, 3.0, 4.0 ] },
                "up": { "texture": "#0", "uv": [ 1.0, 1.5, 4.0, 3.5 ] },
                "down": { "texture": "#0", "uv": [ 1.0, 1.0, 4.0, 3.5 ] }
            }
        },
        {
            "from": [ 6.45, 8.7375, 8.25 ], 
            "to": [ 9.55, 9.3125, 8.8125 ], 
            "rotation": { "origin": [ 6.75, 9.1125, 8.25 ], "axis": "x", "angle": -22.5 },
            "faces": {
                "north": { "texture": "#0", "uv": [ 1.0, 1.0, 3.5, 3.5 ] },
                "east": { "texture": "#0", "uv": [ 1.0, 0.5, 3.0, 3.0 ] },
                "south": { "texture": "#0", "uv": [ 0.5, 0.5, 3.5, 3.5 ] },
                "west": { "texture": "#0", "uv": [ 1.0, 1.0, 3.0, 4.0 ] },
                "up": { "texture": "#0", "uv": [ 1.0, 1.5, 4.0, 3.5 ] },
                "down": { "texture": "#0", "uv": [ 1.0, 1.0, 4.0, 3.5 ] }
            }
        },
        {
            "from": [ 6.45, 9.25, 7.125 ], 
            "to": [ 9.55, 10.875, 8.75 ], 
            "faces": {
                "north": { "texture": "#0", "uv": [ 1.0, 1.0, 3.5, 3.5 ] },
                "east": { "texture": "#0", "uv": [ 1.0, 0.5, 3.0, 3.0 ] },
                "south": { "texture": "#0", "uv": [ 0.5, 0.5, 3.5, 3.5 ] },
                "west": { "texture": "#0", "uv": [ 1.0, 1.0, 3.0, 4.0 ] },
                "up": { "texture": "#0", "uv": [ 1.0, 1.5, 4.0, 3.5 ] },
                "down": { "texture": "#0", "uv": [ 1.0, 1.0, 4.0, 3.5 ] }
            }
        },
        {
            "from": [ 7.625, 8.295, 5.3425 ], 
            "to": [ 8.375, 9.67, 6.4675 ], 
            "rotation": { "origin": [ 7.625, 9.67, 5.3425 ], "axis": "x", "angle": -22.5 },
            "faces": {
                "north": { "texture": "#0", "uv": [ 1.0, 1.0, 3.5, 3.5 ] },
                "east": { "texture": "#0", "uv": [ 1.0, 0.5, 3.0, 3.0 ] },
                "south": { "texture": "#0", "uv": [ 0.5, 0.5, 3.5, 3.5 ] },
                "west": { "texture": "#0", "uv": [ 1.0, 1.0, 3.0, 4.0 ] },
                "up": { "texture": "#0", "uv": [ 1.0, 1.5, 4.0, 3.5 ] },
                "down": { "texture": "#0", "uv": [ 1.0, 1.0, 4.0, 3.5 ] }
            }
        },
        {
            "from": [ 6.925, 7.3125, 6.5 ], 
            "to": [ 7.3, 8.8375, 6.675 ], 
            "rotation": { "origin": [ 8.0, 8.0375, 6.6 ], "axis": "x", "angle": -45.0 },
            "faces": {
                "north": { "texture": "#0", "uv": [ 5.0, 0.0, 7.0, 2.0 ] },
                "east": { "texture": "#0", "uv": [ 5.0, 0.0, 7.0, 2.0 ] },
                "south": { "texture": "#0", "uv": [ 5.0, 0.0, 7.0, 2.0 ] },
                "west": { "texture": "#0", "uv": [ 5.0, 0.0, 7.0, 2.0 ] },
                "up": { "texture": "#0", "uv": [ 5.0, 0.0, 7.0, 2.0 ] },
                "down": { "texture": "#0", "uv": [ 5.0, 0.0, 7.0, 2.0 ] }
            }
        },
        {
            "from": [ 8.5, -0.25, 7.0 ], 
            "to": [ 9.5, 2.5, 8.0 ], 
            "rotation": { "origin": [ 9.2, 2.5, 7.0 ], "axis": "z", "angle": 22.5 },
            "faces": {
                "north": { "texture": "#0", "uv": [ 1.0, 1.0, 3.5, 3.5 ] },
                "east": { "texture": "#0", "uv": [ 1.0, 0.5, 3.0, 3.0 ] },
                "south": { "texture": "#0", "uv": [ 0.5, 0.5, 3.5, 3.5 ] },
                "west": { "texture": "#0", "uv": [ 1.0, 1.0, 3.0, 4.0 ] },
                "up": { "texture": "#0", "uv": [ 1.0, 1.5, 4.0, 3.5 ] },
                "down": { "texture": "#0", "uv": [ 1.0, 1.0, 4.0, 3.5 ] }
            }
        },
        {
            "from": [ 9.5, -1.05, 7.0 ], 
            "to": [ 10.5, 0.075, 8.0 ], 
            "faces": {
                "north": { "texture": "#0", "uv": [ 1.0, 1.0, 3.5, 3.5 ] },
                "east": { "texture": "#0", "uv": [ 1.0, 0.5, 3.0, 3.0 ] },
                "south": { "texture": "#0", "uv": [ 0.5, 0.5, 3.5, 3.5 ] },
                "west": { "texture": "#0", "uv": [ 1.0, 1.0, 3.0, 4.0 ] },
                "up": { "texture": "#0", "uv": [ 1.0, 1.5, 4.0, 3.5 ] },
                "down": { "texture": "#0", "uv": [ 1.0, 1.0, 4.0, 3.5 ] }
            }
        },
        {
            "from": [ 5.5, -1.525, 6.625 ], 
            "to": [ 6.5, -1.025, 7.875 ], 
            "rotation": { "origin": [ 7.5, -1.125, 6.625 ], "axis": "x", "angle": -22.5 },
            "faces": {
                "north": { "texture": "#0", "uv": [ 1.0, 1.0, 3.5, 3.5 ] },
                "east": { "texture": "#0", "uv": [ 1.0, 0.5, 3.0, 3.0 ] },
                "south": { "texture": "#0", "uv": [ 0.5, 0.5, 3.5, 3.5 ] },
                "west": { "texture": "#0", "uv": [ 1.0, 1.0, 3.0, 4.0 ] },
                "up": { "texture": "#0", "uv": [ 1.0, 1.5, 4.0, 3.5 ] },
                "down": { "texture": "#0", "uv": [ 1.0, 1.0, 4.0, 3.5 ] }
            }
        },
        {
            "from": [ 9.5, -1.525, 6.625 ], 
            "to": [ 10.5, -1.025, 7.875 ], 
            "rotation": { "origin": [ 7.5, -1.125, 6.625 ], "axis": "x", "angle": -22.5 },
            "faces": {
                "north": { "texture": "#0", "uv": [ 1.0, 1.0, 3.5, 3.5 ] },
                "east": { "texture": "#0", "uv": [ 1.0, 0.5, 3.0, 3.0 ] },
                "south": { "texture": "#0", "uv": [ 0.5, 0.5, 3.5, 3.5 ] },
                "west": { "texture": "#0", "uv": [ 1.0, 1.0, 3.0, 4.0 ] },
                "up": { "texture": "#0", "uv": [ 1.0, 1.5, 4.0, 3.5 ] },
                "down": { "texture": "#0", "uv": [ 1.0, 1.0, 4.0, 3.5 ] }
            }
        },
        {
            "from": [ 10.5625, -1.5, 5.3125 ], 
            "to": [ 11.0625, -1.0, 6.75 ], 
            "rotation": { "origin": [ 10.5625, -1.5, 5.3125 ], "axis": "y", "angle": -22.5 },
            "faces": {
                "north": { "texture": "#0", "uv": [ 1.0, 1.0, 3.5, 3.5 ] },
                "east": { "texture": "#0", "uv": [ 1.0, 0.5, 3.0, 3.0 ] },
                "south": { "texture": "#0", "uv": [ 0.5, 0.5, 3.5, 3.5 ] },
                "west": { "texture": "#0", "uv": [ 1.0, 1.0, 3.0, 4.0 ] },
                "up": { "texture": "#0", "uv": [ 1.0, 1.5, 4.0, 3.5 ] },
                "down": { "texture": "#0", "uv": [ 1.0, 1.0, 4.0, 3.5 ] }
            }
        },
        {
            "from": [ 9.5, -1.5, 5.75 ], 
            "to": [ 10.5, -1.0, 7.0 ], 
            "faces": {
                "north": { "texture": "#0", "uv": [ 1.0, 1.0, 3.5, 3.5 ] },
                "east": { "texture": "#0", "uv": [ 1.0, 0.5, 3.0, 3.0 ] },
                "south": { "texture": "#0", "uv": [ 0.5, 0.5, 3.5, 3.5 ] },
                "west": { "texture": "#0", "uv": [ 1.0, 1.0, 3.0, 4.0 ] },
                "up": { "texture": "#0", "uv": [ 1.0, 1.5, 4.0, 3.5 ] },
                "down": { "texture": "#0", "uv": [ 1.0, 1.0, 4.0, 3.5 ] }
            }
        },
        {
            "from": [ 9.75, -1.5, 5.25 ], 
            "to": [ 10.25, -1.0, 5.75 ], 
            "faces": {
                "north": { "texture": "#0", "uv": [ 1.0, 1.0, 3.5, 3.5 ] },
                "east": { "texture": "#0", "uv": [ 1.0, 0.5, 3.0, 3.0 ] },
                "south": { "texture": "#0", "uv": [ 0.5, 0.5, 3.5, 3.5 ] },
                "west": { "texture": "#0", "uv": [ 1.0, 1.0, 3.0, 4.0 ] },
                "up": { "texture": "#0", "uv": [ 1.0, 1.5, 4.0, 3.5 ] },
                "down": { "texture": "#0", "uv": [ 1.0, 1.0, 4.0, 3.5 ] }
            }
        },
        {
            "from": [ 9.0, -1.5, 5.5 ], 
            "to": [ 9.5, -1.0, 6.9375 ], 
            "rotation": { "origin": [ 9.0, -1.5, 5.5 ], "axis": "y", "angle": 22.5 },
            "faces": {
                "north": { "texture": "#0", "uv": [ 1.0, 1.0, 3.5, 3.5 ] },
                "east": { "texture": "#0", "uv": [ 1.0, 0.5, 3.0, 3.0 ] },
                "south": { "texture": "#0", "uv": [ 0.5, 0.5, 3.5, 3.5 ] },
                "west": { "texture": "#0", "uv": [ 1.0, 1.0, 3.0, 4.0 ] },
                "up": { "texture": "#0", "uv": [ 1.0, 1.5, 4.0, 3.5 ] },
                "down": { "texture": "#0", "uv": [ 1.0, 1.0, 4.0, 3.5 ] }
            }
        },
        {
            "from": [ 6.35, 2.25, 13.5 ], 
            "to": [ 7.65, 3.8, 14.3 ], 
            "rotation": { "origin": [ 6.25, 4.0, 9.7 ], "axis": "x", "angle": 22.5 },
            "faces": {
                "north": { "texture": "#0", "uv": [ 11.75, 1.0, 13.25, 2.75 ] },
                "east": { "texture": "#0", "uv": [ 11.0, 1.0, 13.0, 2.75 ] },
                "south": { "texture": "#0", "uv": [ 11.75, 1.5, 13.25, 3.25 ] },
                "west": { "texture": "#0", "uv": [ 11.0, 1.75, 13.0, 3.5 ] },
                "up": { "texture": "#0", "uv": [ 11.0, 1.75, 13.0, 3.25 ] },
                "down": { "texture": "#0", "uv": [ 11.25, 1.0, 13.25, 3.0 ] }
            }
        },
        {
            "from": [ 6.45, 2.45, 14.3 ], 
            "to": [ 7.55, 3.7, 14.8 ], 
            "rotation": { "origin": [ 6.25, 4.0, 9.7 ], "axis": "x", "angle": 22.5 },
            "faces": {
                "east": { "texture": "#0", "uv": [ 11.0, 1.0, 13.0, 2.75 ] },
                "south": { "texture": "#0", "uv": [ 11.75, 1.5, 13.25, 3.25 ] },
                "west": { "texture": "#0", "uv": [ 11.0, 1.75, 13.0, 3.5 ] },
                "up": { "texture": "#0", "uv": [ 11.0, 1.75, 13.0, 3.25 ] },
                "down": { "texture": "#0", "uv": [ 11.25, 1.0, 13.25, 3.0 ] }
            }
        },
        {
            "from": [ 6.55, 2.65, 14.8 ], 
            "to": [ 7.45, 3.8, 15.1 ], 
            "rotation": { "origin": [ 6.25, 4.0, 9.7 ], "axis": "x", "angle": 22.5 },
            "faces": {
                "north": { "texture": "#0", "uv": [ 11.75, 1.0, 13.25, 2.75 ] },
                "east": { "texture": "#0", "uv": [ 11.0, 1.0, 13.0, 2.75 ] },
                "south": { "texture": "#0", "uv": [ 11.75, 1.5, 13.25, 3.25 ] },
                "west": { "texture": "#0", "uv": [ 11.0, 1.75, 13.0, 3.5 ] },
                "up": { "texture": "#0", "uv": [ 11.0, 1.75, 13.0, 3.25 ] },
                "down": { "texture": "#0", "uv": [ 11.25, 1.0, 13.25, 3.0 ] }
            }
        },
        {
            "from": [ 6.5, 1.7, 13.8 ], 
            "to": [ 7.5, 2.6, 14.7 ], 
            "faces": {
                "north": { "texture": "#0", "uv": [ 10.0, 0.0, 12.0, 2.0 ] },
                "east": { "texture": "#0", "uv": [ 10.0, 0.0, 12.0, 2.0 ] },
                "south": { "texture": "#0", "uv": [ 10.0, 0.0, 12.0, 2.0 ] },
                "west": { "texture": "#0", "uv": [ 10.0, 0.0, 12.0, 2.0 ] },
                "up": { "texture": "#0", "uv": [ 10.0, 0.0, 12.0, 2.0 ] },
                "down": { "texture": "#0", "uv": [ 10.0, 0.0, 12.0, 2.0 ] }
            }
        },
        {
            "from": [ 8.35, 2.25, 13.5 ], 
            "to": [ 9.65, 3.8, 14.3 ], 
            "rotation": { "origin": [ 6.25, 4.0, 9.7 ], "axis": "x", "angle": 22.5 },
            "faces": {
                "east": { "texture": "#0", "uv": [ 11.0, 1.0, 13.0, 2.75 ] },
                "south": { "texture": "#0", "uv": [ 11.75, 1.5, 13.25, 3.25 ] },
                "west": { "texture": "#0", "uv": [ 11.0, 1.75, 13.0, 3.5 ] },
                "up": { "texture": "#0", "uv": [ 11.0, 1.75, 13.0, 3.25 ] },
                "down": { "texture": "#0", "uv": [ 11.25, 1.0, 13.25, 3.0 ] }
            }
        },
        {
            "from": [ 8.45, 2.45, 14.3 ], 
            "to": [ 9.55, 3.7, 14.8 ], 
            "rotation": { "origin": [ 6.25, 4.0, 9.7 ], "axis": "x", "angle": 22.5 },
            "faces": {
                "north": { "texture": "#0", "uv": [ 11.75, 1.0, 13.25, 2.75 ] },
                "east": { "texture": "#0", "uv": [ 11.0, 1.0, 13.0, 2.75 ] },
                "south": { "texture": "#0", "uv": [ 11.75, 1.5, 13.25, 3.25 ] },
                "west": { "texture": "#0", "uv": [ 11.0, 1.75, 13.0, 3.5 ] },
                "up": { "texture": "#0", "uv": [ 11.0, 1.75, 13.0, 3.25 ] },
                "down": { "texture": "#0", "uv": [ 11.25, 1.0, 13.25, 3.0 ] }
            }
        },
        {
            "from": [ 8.55, 2.65, 14.8 ], 
            "to": [ 9.45, 3.8, 15.1 ], 
            "rotation": { "origin": [ 6.25, 4.0, 9.7 ], "axis": "x", "angle": 22.5 },
            "faces": {
                "north": { "texture": "#0", "uv": [ 11.75, 1.0, 13.25, 2.75 ] },
                "east": { "texture": "#0", "uv": [ 11.0, 1.0, 13.0, 2.75 ] },
                "south": { "texture": "#0", "uv": [ 11.75, 1.5, 13.25, 3.25 ] },
                "west": { "texture": "#0", "uv": [ 11.0, 1.75, 13.0, 3.5 ] },
                "up": { "texture": "#0", "uv": [ 11.0, 1.75, 13.0, 3.25 ] },
                "down": { "texture": "#0", "uv": [ 11.25, 1.0, 13.25, 3.0 ] }
            }
        },
        {
            "from": [ 8.5, 1.7, 13.8 ], 
            "to": [ 9.5, 2.6, 14.7 ], 
            "faces": {
                "north": { "texture": "#0", "uv": [ 10.0, 0.0, 12.0, 2.0 ] },
                "east": { "texture": "#0", "uv": [ 10.0, 0.0, 12.0, 2.0 ] },
                "south": { "texture": "#0", "uv": [ 10.0, 0.0, 12.0, 2.0 ] },
                "west": { "texture": "#0", "uv": [ 10.0, 0.0, 12.0, 2.0 ] },
                "up": { "texture": "#0", "uv": [ 10.0, 0.0, 12.0, 2.0 ] },
                "down": { "texture": "#0", "uv": [ 10.0, 0.0, 12.0, 2.0 ] }
            }
        },
        {
            "from": [ 7.1, 6.3, 6.6 ], 
            "to": [ 8.9, 7.1, 8.1 ], 
            "faces": {
                "north": { "texture": "#0", "uv": [ 5.75, 1.5, 7.75, 3.5 ] },
                "east": { "texture": "#0", "uv": [ 5.5, 1.0, 7.5, 3.0 ] },
                "west": { "texture": "#0", "uv": [ 6.5, 0.5, 8.5, 2.5 ] },
                "up": { "texture": "#0", "uv": [ 6.0, 1.0, 8.0, 3.0 ] }
            }
        },
        {
            "from": [ 6.7, 6.3, 6.6 ], 
            "to": [ 7.1, 7.1, 8.4 ], 
            "faces": {
                "north": { "texture": "#0", "uv": [ 1.0, 1.0, 3.5, 3.5 ] },
                "south": { "texture": "#0", "uv": [ 0.5, 0.5, 3.5, 3.5 ] },
                "west": { "texture": "#0", "uv": [ 1.0, 1.0, 3.0, 4.0 ] },
                "up": { "texture": "#0", "uv": [ 1.0, 1.5, 4.0, 3.5 ] }
            }
        },
        {
            "from": [ 8.9, 6.3, 6.6 ], 
            "to": [ 9.3, 7.1, 8.4 ], 
            "faces": {
                "north": { "texture": "#0", "uv": [ 1.0, 1.0, 3.5, 3.5 ] },
                "east": { "texture": "#0", "uv": [ 1.0, 0.5, 3.0, 3.0 ] },
                "south": { "texture": "#0", "uv": [ 0.5, 0.5, 3.5, 3.5 ] },
                "up": { "texture": "#0", "uv": [ 1.0, 1.5, 4.0, 3.5 ] }
            }
        },
        {
            "from": [ 7.0, 6.2, 8.1 ], 
            "to": [ 9.0, 7.1, 8.7 ], 
            "faces": {
                "east": { "texture": "#0", "uv": [ 1.0, 0.5, 3.0, 3.0 ] },
                "south": { "texture": "#0", "uv": [ 0.5, 0.5, 3.5, 3.5 ] },
                "west": { "texture": "#0", "uv": [ 1.0, 1.0, 3.0, 4.0 ] },
                "up": { "texture": "#0", "uv": [ 1.0, 1.5, 4.0, 3.5 ] }
            }
        },
        {
            "from": [ 7.0, 2.7, 6.3 ], 
            "to": [ 9.0, 5.8, 6.5 ], 
            "faces": {
                "north": { "texture": "#0", "uv": [ 5.75, 1.5, 7.75, 3.5 ] },
                "east": { "texture": "#0", "uv": [ 5.5, 1.0, 7.5, 3.0 ] },
                "west": { "texture": "#0", "uv": [ 6.5, 0.5, 8.5, 2.5 ] },
                "up": { "texture": "#0", "uv": [ 6.0, 1.0, 8.0, 3.0 ] },
                "down": { "texture": "#0", "uv": [ 6.0, 1.0, 8.0, 3.0 ] }
            }
        },
        {
            "from": [ 7.3, 7.1, 6.8 ], 
            "to": [ 8.7, 7.5, 7.9 ], 
            "faces": {
                "north": { "texture": "#0", "uv": [ 5.75, 1.5, 7.75, 3.5 ] },
                "east": { "texture": "#0", "uv": [ 5.5, 1.0, 7.5, 3.0 ] },
                "south": { "texture": "#0", "uv": [ 1.5, 0.75, 3.5, 2.75 ] },
                "west": { "texture": "#0", "uv": [ 6.5, 0.5, 8.5, 2.5 ] },
                "up": { "texture": "#0", "uv": [ 6.0, 1.0, 8.0, 3.0 ] },
                "down": { "texture": "#0", "uv": [ 6.0, 1.0, 8.0, 3.0 ] }
            }
        },
        {
            "from": [ 7.1, 7.1, 6.8 ], 
            "to": [ 7.3, 7.5, 8.2 ], 
            "faces": {
                "north": { "texture": "#0", "uv": [ 1.0, 1.0, 3.5, 3.5 ] },
                "east": { "texture": "#0", "uv": [ 1.0, 0.5, 3.0, 3.0 ] },
                "south": { "texture": "#0", "uv": [ 0.5, 0.5, 3.5, 3.5 ] },
                "west": { "texture": "#0", "uv": [ 1.0, 1.0, 3.0, 4.0 ] },
                "up": { "texture": "#0", "uv": [ 1.0, 1.5, 4.0, 3.5 ] },
                "down": { "texture": "#0", "uv": [ 1.0, 1.0, 4.0, 3.5 ] }
            }
        },
        {
            "from": [ 8.7, 7.1, 6.8 ], 
            "to": [ 8.9, 7.5, 8.2 ], 
            "faces": {
                "north": { "texture": "#0", "uv": [ 1.0, 1.0, 3.5, 3.5 ] },
                "east": { "texture": "#0", "uv": [ 1.0, 0.5, 3.0, 3.0 ] },
                "south": { "texture": "#0", "uv": [ 0.5, 0.5, 3.5, 3.5 ] },
                "west": { "texture": "#0", "uv": [ 1.0, 1.0, 3.0, 4.0 ] },
                "up": { "texture": "#0", "uv": [ 1.0, 1.5, 4.0, 3.5 ] },
                "down": { "texture": "#0", "uv": [ 1.0, 1.0, 4.0, 3.5 ] }
            }
        },
        {
            "from": [ 7.3, 7.1, 7.9 ], 
            "to": [ 8.7, 7.5, 8.4 ], 
            "faces": {
                "north": { "texture": "#0", "uv": [ 1.0, 1.0, 3.5, 3.5 ] },
                "east": { "texture": "#0", "uv": [ 1.0, 0.5, 3.0, 3.0 ] },
                "south": { "texture": "#0", "uv": [ 0.5, 0.5, 3.5, 3.5 ] },
                "west": { "texture": "#0", "uv": [ 1.0, 1.0, 3.0, 4.0 ] },
                "up": { "texture": "#0", "uv": [ 1.0, 1.5, 4.0, 3.5 ] },
                "down": { "texture": "#0", "uv": [ 1.0, 1.0, 4.0, 3.5 ] }
            }
        },
        {
            "from": [ 7.3, 8.2875, 5.6375 ], 
            "to": [ 8.7, 9.1625, 6.9375 ], 
            "faces": {
                "north": { "texture": "#0", "uv": [ 6.0, 0.0, 8.0, 2.0 ] },
                "east": { "texture": "#0", "uv": [ 6.0, 0.0, 8.0, 2.0 ] },
                "south": { "texture": "#0", "uv": [ 6.0, 0.0, 8.0, 2.0 ] },
                "west": { "texture": "#0", "uv": [ 6.0, 0.0, 8.0, 2.0 ] },
                "up": { "texture": "#0", "uv": [ 6.0, 0.0, 8.0, 2.0 ] },
                "down": { "texture": "#0", "uv": [ 6.0, 0.0, 8.0, 2.0 ] }
            }
        },
        {
            "from": [ 8.275, 11.05, 7.675 ], 
            "to": [ 9.4, 12.125, 8.3 ], 
            "rotation": { "origin": [ 8.375, 12.125, 7.675 ], "axis": "x", "angle": -45.0 },
            "faces": {
                "north": { "texture": "#0", "uv": [ 1.0, 1.0, 3.5, 3.5 ] },
                "east": { "texture": "#0", "uv": [ 1.0, 0.5, 3.0, 3.0 ] },
                "south": { "texture": "#0", "uv": [ 0.5, 0.5, 3.5, 3.5 ] },
                "west": { "texture": "#0", "uv": [ 1.0, 1.0, 3.0, 4.0 ] },
                "up": { "texture": "#0", "uv": [ 1.0, 1.5, 4.0, 3.5 ] },
                "down": { "texture": "#0", "uv": [ 1.0, 1.0, 4.0, 3.5 ] }
            }
        },
        {
            "from": [ 6.6, 11.05, 7.675 ], 
            "to": [ 7.725, 12.125, 8.3 ], 
            "rotation": { "origin": [ 7.0, 12.125, 7.675 ], "axis": "x", "angle": -45.0 },
            "faces": {
                "north": { "texture": "#0", "uv": [ 1.0, 1.0, 3.5, 3.5 ] },
                "east": { "texture": "#0", "uv": [ 1.0, 0.5, 3.0, 3.0 ] },
                "south": { "texture": "#0", "uv": [ 0.5, 0.5, 3.5, 3.5 ] },
                "west": { "texture": "#0", "uv": [ 1.0, 1.0, 3.0, 4.0 ] },
                "up": { "texture": "#0", "uv": [ 1.0, 1.5, 4.0, 3.5 ] },
                "down": { "texture": "#0", "uv": [ 1.0, 1.0, 4.0, 3.5 ] }
            }
        },
        {
            "from": [ 6.7, 8.4875, 6.8 ], 
            "to": [ 9.3, 9.1, 8.9 ], 
            "faces": {
                "north": { "texture": "#0", "uv": [ 1.0, 1.0, 3.5, 3.5 ] },
                "east": { "texture": "#0", "uv": [ 1.0, 0.5, 3.0, 3.0 ] },
                "south": { "texture": "#0", "uv": [ 0.5, 0.5, 3.5, 3.5 ] },
                "west": { "texture": "#0", "uv": [ 1.0, 1.0, 3.0, 4.0 ] },
                "up": { "texture": "#0", "uv": [ 1.0, 1.5, 4.0, 3.5 ] },
                "down": { "texture": "#0", "uv": [ 1.0, 1.0, 4.0, 3.5 ] }
            }
        },
        {
            "from": [ 6.7, 7.6875, 7.5 ], 
            "to": [ 9.3, 9.4, 8.5 ], 
            "rotation": { "origin": [ 8.0, 7.1, 7.1 ], "axis": "x", "angle": -45.0 },
            "faces": {
                "north": { "texture": "#0", "uv": [ 1.0, 1.0, 3.5, 3.5 ] },
                "east": { "texture": "#0", "uv": [ 1.0, 0.5, 3.0, 3.0 ] },
                "south": { "texture": "#0", "uv": [ 0.5, 0.5, 3.5, 3.5 ] },
                "west": { "texture": "#0", "uv": [ 1.0, 1.0, 3.0, 4.0 ] },
                "up": { "texture": "#0", "uv": [ 1.0, 1.5, 4.0, 3.5 ] },
                "down": { "texture": "#0", "uv": [ 1.0, 1.0, 4.0, 3.5 ] }
            }
        },
        {
            "from": [ 6.9, 7.5, 7.0 ], 
            "to": [ 9.1, 7.8, 7.8 ], 
            "faces": {
                "north": { "texture": "#0", "uv": [ 1.0, 1.0, 3.5, 3.5 ] },
                "east": { "texture": "#0", "uv": [ 1.0, 0.5, 3.0, 3.0 ] },
                "south": { "texture": "#0", "uv": [ 0.5, 0.5, 3.5, 3.5 ] },
                "west": { "texture": "#0", "uv": [ 1.0, 1.0, 3.0, 4.0 ] },
                "up": { "texture": "#0", "uv": [ 1.0, 1.5, 4.0, 3.5 ] },
                "down": { "texture": "#0", "uv": [ 1.0, 1.0, 4.0, 3.5 ] }
            }
        },
        {
            "from": [ 6.99, 3.5, 6.29 ], 
            "to": [ 9.01, 3.7, 6.5 ], 
            "faces": {
                "north": { "texture": "#1", "uv": [ 6.0, 0.0, 8.0, 0.5 ] },
                "east": { "texture": "#1", "uv": [ 6.0, 0.0, 7.0, 0.5 ] },
                "west": { "texture": "#1", "uv": [ 6.0, 0.0, 7.0, 0.2 ] }
            }
        },
        {
            "from": [ 6.9, 8.4875, 5.8375 ], 
            "to": [ 9.1, 9.1625, 6.1375 ], 
            "faces": {
                "north": { "texture": "#0", "uv": [ 6.0, 0.0, 8.0, 2.0 ] },
                "east": { "texture": "#0", "uv": [ 6.0, 0.0, 8.0, 2.0 ] },
                "south": { "texture": "#0", "uv": [ 6.0, 0.0, 8.0, 2.0 ] },
                "west": { "texture": "#0", "uv": [ 6.0, 0.0, 8.0, 2.0 ] },
                "up": { "texture": "#0", "uv": [ 6.0, 0.0, 8.0, 2.0 ] },
                "down": { "texture": "#0", "uv": [ 6.0, 0.0, 8.0, 2.0 ] }
            }
        }
    ],
"display": {
    "head": {
        "translation": [ 0, -10.5, 1 ],
        "scale": [ 3.6, 3.6, 3.6 ]
    },
    "thirdperson_lefthand": {
			"rotation":  [ 70, 0, 0 ],
			"translation":  [ -6, -3, 8.5 ],
			"scale":  [ 2.2, 2.2, 2.2 ]
		},
		"thirdperson_righthand": {
			"rotation":  [ 70, 0, 0 ],
			"translation":  [ -6, -3, 8.5 ],
			"scale":  [ 2.2, 2.2, 2.2 ]
		},
		"firstperson_righthand": {
			"scale":  [ 0, 0, 0 ]
		},
		"firstperson_lefthand": {
			"scale":  [ 0, 0, 0 ]
		},
		"gui": {
			"scale":  [ 0, 0, 0 ]
		},
		"ground": {
			"scale":  [ 0, 0, 0 ]
		}
}
}