{
"__comment": "Made by MadstonMagic using Cubik Pro, Copyright © MadstonMagic Modeling 2015-2017. All rights reserved",
"elements": [
{
	"from": [ 6.75, 5, 7.5 ], 
	"to": [ 9.25, 6, 8.5 ], 
	"faces": {
		"north": { "texture": "#0", "uv": [ 10.5, 5, 13.5, 6 ] },
		"east": { "texture": "#0", "uv": [ 10.75, 3.75, 11.75, 4.75 ] },
		"south": { "texture": "#0", "uv": [ 10.75, 3.5, 13.75, 4.5 ] },
		"west": { "texture": "#0", "uv": [ 12.25, 4.25, 13.25, 5.25 ] },
		"up": { "texture": "#0", "uv": [ 10.25, 3.5, 13.25, 4.5 ] },
		"down": { "texture": "#0", "uv": [ 10.5, 3.75, 13.75, 4.75 ] }
	}
},
{
	"from": [ 7, 4.6875, 8.25 ], 
	"to": [ 9, 5.6875, 9.5 ], 
	"rotation": { "origin": [ 7, 5.6875, 8.25 ], "axis": "x", "angle": 45 },
	"faces": {
		"north": { "texture": "#0", "uv": [ 10.5, 5, 13.5, 6 ] },
		"east": { "texture": "#0", "uv": [ 10.75, 3.75, 11.75, 4.75 ] },
		"south": { "texture": "#0", "uv": [ 10.75, 3.5, 13.75, 4.5 ] },
		"west": { "texture": "#0", "uv": [ 12.25, 4.25, 13.25, 5.25 ] },
		"up": { "texture": "#0", "uv": [ 10.25, 3.5, 13.25, 4.5 ] },
		"down": { "texture": "#0", "uv": [ 10.5, 3.75, 13.75, 4.75 ] }
	}
},
{
	"from": [ 7.25, 4.0625, 8.4375 ], 
	"to": [ 8.75, 5.0625, 9.6875 ], 
	"faces": {
		"north": { "texture": "#0", "uv": [ 10.5, 5, 13.5, 6 ] },
		"east": { "texture": "#0", "uv": [ 10.75, 3.75, 11.75, 4.75 ] },
		"south": { "texture": "#0", "uv": [ 10.75, 3.5, 13.75, 4.5 ] },
		"west": { "texture": "#0", "uv": [ 12.25, 4.25, 13.25, 5.25 ] },
		"up": { "texture": "#0", "uv": [ 10.25, 3.5, 13.25, 4.5 ] },
		"down": { "texture": "#0", "uv": [ 10.5, 3.75, 13.75, 4.75 ] }
	}
},
{
	"from": [ 6, 5, 7.5 ], 
	"to": [ 6.75, 6, 9.75 ], 
	"faces": {
		"north": { "texture": "#0", "uv": [ 3, 3.5, 6, 4.5 ] },
		"east": { "texture": "#0", "uv": [ 3.5, 2.75, 4.5, 3.75 ] },
		"south": { "texture": "#0", "uv": [ 2.25, 4, 5.25, 5 ] },
		"west": { "texture": "#0", "uv": [ 5.25, 4.25, 6.25, 5.25 ] },
		"up": { "texture": "#0", "uv": [ 3, 2.75, 6, 3.75 ] },
		"down": { "texture": "#0", "uv": [ 1.75, 3.5, 5, 4.5 ] }
	}
},
{
	"from": [ 6, 4.25, 8.5 ], 
	"to": [ 10, 6, 9.75 ], 
	"faces": {
		"north": { "texture": "#0", "uv": [ 3, 3.5, 6, 4.5 ] },
		"east": { "texture": "#0", "uv": [ 3.5, 2.75, 4.5, 3.75 ] },
		"south": { "texture": "#0", "uv": [ 2.25, 4, 5.25, 5 ] },
		"west": { "texture": "#0", "uv": [ 5.25, 4.25, 6.25, 5.25 ] },
		"up": { "texture": "#0", "uv": [ 3, 2.75, 6, 3.75 ] },
		"down": { "texture": "#0", "uv": [ 1.75, 3.5, 5, 4.5 ] }
	}
},
{
	"from": [ 9.25, 5, 7.5 ], 
	"to": [ 10, 6, 9.75 ], 
	"faces": {
		"north": { "texture": "#0", "uv": [ 3, 3.5, 6, 4.5 ] },
		"east": { "texture": "#0", "uv": [ 3.5, 2.75, 4.5, 3.75 ] },
		"south": { "texture": "#0", "uv": [ 2.25, 4, 5.25, 5 ] },
		"west": { "texture": "#0", "uv": [ 5.25, 4.25, 6.25, 5.25 ] },
		"up": { "texture": "#0", "uv": [ 3, 2.75, 6, 3.75 ] },
		"down": { "texture": "#0", "uv": [ 1.75, 3.5, 5, 4.5 ] }
	}
},
{
	"from": [ 6, 4.6875, 8.25 ], 
	"to": [ 7, 5.6875, 9.5 ], 
	"rotation": { "origin": [ 6, 5.6875, 8.25 ], "axis": "x", "angle": 45 },
	"faces": {
		"north": { "texture": "#0", "uv": [ 3, 3.5, 6, 4.5 ] },
		"east": { "texture": "#0", "uv": [ 3.5, 2.75, 4.5, 3.75 ] },
		"south": { "texture": "#0", "uv": [ 2.25, 4, 5.25, 5 ] },
		"west": { "texture": "#0", "uv": [ 5.25, 4.25, 6.25, 5.25 ] },
		"up": { "texture": "#0", "uv": [ 3, 2.75, 6, 3.75 ] },
		"down": { "texture": "#0", "uv": [ 1.75, 3.5, 5, 4.5 ] }
	}
},
{
	"from": [ 9, 4.6875, 8.25 ], 
	"to": [ 10, 5.6875, 9.5 ], 
	"rotation": { "origin": [ 9, 5.6875, 8.25 ], "axis": "x", "angle": 45 },
	"faces": {
		"north": { "texture": "#0", "uv": [ 3, 3.5, 6, 4.5 ] },
		"east": { "texture": "#0", "uv": [ 3.5, 2.75, 4.5, 3.75 ] },
		"south": { "texture": "#0", "uv": [ 2.25, 4, 5.25, 5 ] },
		"west": { "texture": "#0", "uv": [ 5.25, 4.25, 6.25, 5.25 ] },
		"up": { "texture": "#0", "uv": [ 3, 2.75, 6, 3.75 ] },
		"down": { "texture": "#0", "uv": [ 1.75, 3.5, 5, 4.5 ] }
	}
},
{
	"from": [ 6, 4.0625, 8.4375 ], 
	"to": [ 7.25, 4.25, 9.75 ], 
	"faces": {
		"north": { "texture": "#0", "uv": [ 3, 3.5, 6, 4.5 ] },
		"east": { "texture": "#0", "uv": [ 3.5, 2.75, 4.5, 3.75 ] },
		"south": { "texture": "#0", "uv": [ 2.25, 4, 5.25, 5 ] },
		"west": { "texture": "#0", "uv": [ 5.25, 4.25, 6.25, 5.25 ] },
		"up": { "texture": "#0", "uv": [ 3, 2.75, 6, 3.75 ] },
		"down": { "texture": "#0", "uv": [ 1.75, 3.5, 5, 4.5 ] }
	}
},
{
	"from": [ 8.75, 4.0625, 8.4375 ], 
	"to": [ 10, 4.25, 9.75 ], 
	"faces": {
		"north": { "texture": "#0", "uv": [ 3, 3.5, 6, 4.5 ] },
		"east": { "texture": "#0", "uv": [ 3.5, 2.75, 4.5, 3.75 ] },
		"south": { "texture": "#0", "uv": [ 2.25, 4, 5.25, 5 ] },
		"west": { "texture": "#0", "uv": [ 5.25, 4.25, 6.25, 5.25 ] },
		"up": { "texture": "#0", "uv": [ 3, 2.75, 6, 3.75 ] },
		"down": { "texture": "#0", "uv": [ 1.75, 3.5, 5, 4.5 ] }
	}
},
{
	"from": [ 5.25, 3.75, 8.75 ], 
	"to": [ 6.5, 6, 11 ], 
	"rotation": { "origin": [ 5.25, 6, 8.75 ], "axis": "x", "angle": 45 },
	"faces": {
		"north": { "texture": "#0", "uv": [ 3, 3.5, 6, 4.5 ] },
		"east": { "texture": "#0", "uv": [ 3.5, 2.75, 4.5, 3.75 ] },
		"south": { "texture": "#0", "uv": [ 2.25, 4, 5.25, 5 ] },
		"west": { "texture": "#0", "uv": [ 5.25, 4.25, 6.25, 5.25 ] },
		"up": { "texture": "#0", "uv": [ 3, 2.75, 6, 3.75 ] },
		"down": { "texture": "#0", "uv": [ 1.75, 3.5, 5, 4.5 ] }
	}
},
{
	"from": [ 9.5, 3.75, 8.75 ], 
	"to": [ 10.75, 6, 11 ], 
	"rotation": { "origin": [ 9.5, 6, 8.75 ], "axis": "x", "angle": 45 },
	"faces": {
		"north": { "texture": "#0", "uv": [ 3, 3.5, 6, 4.5 ] },
		"east": { "texture": "#0", "uv": [ 3.5, 2.75, 4.5, 3.75 ] },
		"south": { "texture": "#0", "uv": [ 2.25, 4, 5.25, 5 ] },
		"west": { "texture": "#0", "uv": [ 5.25, 4.25, 6.25, 5.25 ] },
		"up": { "texture": "#0", "uv": [ 3, 2.75, 6, 3.75 ] },
		"down": { "texture": "#0", "uv": [ 1.75, 3.5, 5, 4.5 ] }
	}
},
{
	"from": [ 5.5, 2, 7.75 ], 
	"to": [ 6.25, 4.25, 8.75 ], 
	"rotation": { "origin": [ 5.5, 4.25, 7.75 ], "axis": "x", "angle": 22.5 },
	"faces": {
		"north": { "texture": "#0", "uv": [ 3, 3.5, 6, 4.5 ] },
		"east": { "texture": "#0", "uv": [ 3.5, 2.75, 4.5, 3.75 ] },
		"south": { "texture": "#0", "uv": [ 2.25, 4, 5.25, 5 ] },
		"west": { "texture": "#0", "uv": [ 5.25, 4.25, 6.25, 5.25 ] },
		"up": { "texture": "#0", "uv": [ 3, 2.75, 6, 3.75 ] },
		"down": { "texture": "#0", "uv": [ 1.75, 3.5, 5, 4.5 ] }
	}
},
{
	"from": [ 5.5, -0.0625, 6.9375 ], 
	"to": [ 6.25, 2.1875, 7.9375 ], 
	"rotation": { "origin": [ 5.5, 2.1875, 6.9375 ], "axis": "x", "angle": -22.5 },
	"faces": {
		"north": { "texture": "#0", "uv": [ 3, 3.5, 6, 4.5 ] },
		"east": { "texture": "#0", "uv": [ 3.5, 2.75, 4.5, 3.75 ] },
		"south": { "texture": "#0", "uv": [ 2.25, 4, 5.25, 5 ] },
		"west": { "texture": "#0", "uv": [ 5.25, 4.25, 6.25, 5.25 ] },
		"up": { "texture": "#0", "uv": [ 3, 2.75, 6, 3.75 ] },
		"down": { "texture": "#0", "uv": [ 1.75, 3.5, 5, 4.5 ] }
	}
},
{
	"from": [ 9.75, 1.75, 7.5 ], 
	"to": [ 10.5, 4, 8.5 ], 
	"faces": {
		"north": { "texture": "#0", "uv": [ 3, 3.5, 6, 4.5 ] },
		"east": { "texture": "#0", "uv": [ 3.5, 2.75, 4.5, 3.75 ] },
		"south": { "texture": "#0", "uv": [ 2.25, 4, 5.25, 5 ] },
		"west": { "texture": "#0", "uv": [ 5.25, 4.25, 6.25, 5.25 ] },
		"up": { "texture": "#0", "uv": [ 3, 2.75, 6, 3.75 ] },
		"down": { "texture": "#0", "uv": [ 1.75, 3.5, 5, 4.5 ] }
	}
},
{
	"from": [ 9.75, -0.5, 7.5 ], 
	"to": [ 10.5, 1.75, 8.5 ], 
	"rotation": { "origin": [ 9.75, 1.75, 7.5 ], "axis": "x", "angle": -45 },
	"faces": {
		"north": { "texture": "#0", "uv": [ 3, 3.5, 6, 4.5 ] },
		"east": { "texture": "#0", "uv": [ 3.5, 2.75, 4.5, 3.75 ] },
		"south": { "texture": "#0", "uv": [ 2.25, 4, 5.25, 5 ] },
		"west": { "texture": "#0", "uv": [ 5.25, 4.25, 6.25, 5.25 ] },
		"up": { "texture": "#0", "uv": [ 3, 2.75, 6, 3.75 ] },
		"down": { "texture": "#0", "uv": [ 1.75, 3.5, 5, 4.5 ] }
	}
},
{
	"from": [ 4.75, 0.125, 6.75 ], 
	"to": [ 5.5, 0.5, 9 ], 
	"rotation": { "origin": [ 4.75, 0.125, 6.75 ], "axis": "y", "angle": 22.5 },
	"faces": {
			"north": { "texture": "#0", "uv": [ 3, 3.5, 6, 4.5 ] },
		"east": { "texture": "#0", "uv": [ 3.5, 2.75, 4.5, 3.75 ] },
		"south": { "texture": "#0", "uv": [ 2.25, 4, 5.25, 5 ] },
		"west": { "texture": "#0", "uv": [ 5.25, 4.25, 6.25, 5.25 ] },
		"up": { "texture": "#0", "uv": [ 3, 2.75, 6, 3.75 ] },
		"down": { "texture": "#0", "uv": [ 1.75, 3.5, 5, 4.5 ] }
	}
},
{
	"from": [ 6.25, 0.125, 6.5 ], 
	"to": [ 7, 0.5, 8.75 ], 
	"rotation": { "origin": [ 6.25, 0.125, 6.5 ], "axis": "y", "angle": -22.5 },
	"faces": {
		"north": { "texture": "#0", "uv": [ 3, 3.5, 6, 4.5 ] },
		"east": { "texture": "#0", "uv": [ 3.5, 2.75, 4.5, 3.75 ] },
		"south": { "texture": "#0", "uv": [ 2.25, 4, 5.25, 5 ] },
		"west": { "texture": "#0", "uv": [ 5.25, 4.25, 6.25, 5.25 ] },
		"up": { "texture": "#0", "uv": [ 3, 2.75, 6, 3.75 ] },
		"down": { "texture": "#0", "uv": [ 1.75, 3.5, 5, 4.5 ] }
	}
},
{
	"from": [ 5.5, 0.125, 8.5 ], 
	"to": [ 6.25, 0.5, 9.5 ], 
	"faces": {
		"north": { "texture": "#0", "uv": [ 3, 3.5, 6, 4.5 ] },
		"east": { "texture": "#0", "uv": [ 3.5, 2.75, 4.5, 3.75 ] },
		"south": { "texture": "#0", "uv": [ 2.25, 4, 5.25, 5 ] },
		"west": { "texture": "#0", "uv": [ 5.25, 4.25, 6.25, 5.25 ] },
		"up": { "texture": "#0", "uv": [ 3, 2.75, 6, 3.75 ] },
		"down": { "texture": "#0", "uv": [ 1.75, 3.5, 5, 4.5 ] }
	}
},
{
	"from": [ 5.5, 0.125, 9.5 ], 
	"to": [ 6.25, 0.5, 10.25 ], 
	"rotation": { "origin": [ 5.5, 0.5, 9.5 ], "axis": "x", "angle": 45 },
	"faces": {
		"north": { "texture": "#0", "uv": [ 3, 3.5, 6, 4.5 ] },
		"east": { "texture": "#0", "uv": [ 3.5, 2.75, 4.5, 3.75 ] },
		"south": { "texture": "#0", "uv": [ 2.25, 4, 5.25, 5 ] },
		"west": { "texture": "#0", "uv": [ 5.25, 4.25, 6.25, 5.25 ] },
		"up": { "texture": "#0", "uv": [ 3, 2.75, 6, 3.75 ] },
		"down": { "texture": "#0", "uv": [ 1.75, 3.5, 5, 4.5 ] }
	}
},
{
	"from": [ 4.75, -0.375, 6.125 ], 
	"to": [ 5.5, 0, 6.875 ], 
	"rotation": { "origin": [ 4.75, 0, 6.125 ], "axis": "x", "angle": -45 },
	"faces": {
		"north": { "texture": "#0", "uv": [ 3, 3.5, 6, 4.5 ] },
		"east": { "texture": "#0", "uv": [ 3.5, 2.75, 4.5, 3.75 ] },
		"south": { "texture": "#0", "uv": [ 2.25, 4, 5.25, 5 ] },
		"west": { "texture": "#0", "uv": [ 5.25, 4.25, 6.25, 5.25 ] },
		"up": { "texture": "#0", "uv": [ 3, 2.75, 6, 3.75 ] },
		"down": { "texture": "#0", "uv": [ 1.75, 3.5, 5, 4.5 ] }
	}
},
{
	"from": [ 6.1875, -0.375, 6.1875 ], 
	"to": [ 6.9375, 0, 6.9375 ], 
	"rotation": { "origin": [ 6.1875, 0, 6.1875 ], "axis": "x", "angle": -45 },
	"faces": {
		"north": { "texture": "#0", "uv": [ 3, 3.5, 6, 4.5 ] },
		"east": { "texture": "#0", "uv": [ 3.5, 2.75, 4.5, 3.75 ] },
		"south": { "texture": "#0", "uv": [ 2.25, 4, 5.25, 5 ] },
		"west": { "texture": "#0", "uv": [ 5.25, 4.25, 6.25, 5.25 ] },
		"up": { "texture": "#0", "uv": [ 3, 2.75, 6, 3.75 ] },
		"down": { "texture": "#0", "uv": [ 1.75, 3.5, 5, 4.5 ] }
	}
},
{
	"from": [ 9, 0.125, 7.5 ], 
	"to": [ 9.75, 0.5, 9.75 ], 
	"rotation": { "origin": [ 9, 0.125, 7.5 ], "axis": "y", "angle": 22.5 },
	"faces": {
		"north": { "texture": "#0", "uv": [ 3, 3.5, 6, 4.5 ] },
		"east": { "texture": "#0", "uv": [ 3.5, 2.75, 4.5, 3.75 ] },
		"south": { "texture": "#0", "uv": [ 2.25, 4, 5.25, 5 ] },
		"west": { "texture": "#0", "uv": [ 5.25, 4.25, 6.25, 5.25 ] },
		"up": { "texture": "#0", "uv": [ 3, 2.75, 6, 3.75 ] },
		"down": { "texture": "#0", "uv": [ 1.75, 3.5, 5, 4.5 ] }
	}
},
{
	"from": [ 10.5, 0.125, 7.25 ], 
	"to": [ 11.25, 0.5, 9.5 ], 
	"rotation": { "origin": [ 10.5, 0.125, 7.25 ], "axis": "y", "angle": -22.5 },
	"faces": {
		"north": { "texture": "#0", "uv": [ 3, 3.5, 6, 4.5 ] },
		"east": { "texture": "#0", "uv": [ 3.5, 2.75, 4.5, 3.75 ] },
		"south": { "texture": "#0", "uv": [ 2.25, 4, 5.25, 5 ] },
		"west": { "texture": "#0", "uv": [ 5.25, 4.25, 6.25, 5.25 ] },
		"up": { "texture": "#0", "uv": [ 3, 2.75, 6, 3.75 ] },
		"down": { "texture": "#0", "uv": [ 1.75, 3.5, 5, 4.5 ] }
	}
},
{
	"from": [ 9.75, 0.125, 9.25 ], 
	"to": [ 10.5, 0.5, 10.25 ], 
	"faces": {
		"north": { "texture": "#0", "uv": [ 3, 3.5, 6, 4.5 ] },
		"east": { "texture": "#0", "uv": [ 3.5, 2.75, 4.5, 3.75 ] },
		"south": { "texture": "#0", "uv": [ 2.25, 4, 5.25, 5 ] },
		"west": { "texture": "#0", "uv": [ 5.25, 4.25, 6.25, 5.25 ] },
		"up": { "texture": "#0", "uv": [ 3, 2.75, 6, 3.75 ] },
		"down": { "texture": "#0", "uv": [ 1.75, 3.5, 5, 4.5 ] }
	}
},
{
	"from": [ 9.75, 0.125, 10.25 ], 
	"to": [ 10.5, 0.5, 11 ], 
	"rotation": { "origin": [ 9.75, 0.5, 10.25 ], "axis": "x", "angle": 45 },
	"faces": {
		"north": { "texture": "#0", "uv": [ 3, 3.5, 6, 4.5 ] },
		"east": { "texture": "#0", "uv": [ 3.5, 2.75, 4.5, 3.75 ] },
		"south": { "texture": "#0", "uv": [ 2.25, 4, 5.25, 5 ] },
		"west": { "texture": "#0", "uv": [ 5.25, 4.25, 6.25, 5.25 ] },
		"up": { "texture": "#0", "uv": [ 3, 2.75, 6, 3.75 ] },
		"down": { "texture": "#0", "uv": [ 1.75, 3.5, 5, 4.5 ] }
	}
},
{
	"from": [ 9, -0.375, 6.875 ], 
	"to": [ 9.75, 0, 7.625 ], 
	"rotation": { "origin": [ 9, 0, 6.875 ], "axis": "x", "angle": -45 },
	"faces": {
		"north": { "texture": "#0", "uv": [ 3, 3.5, 6, 4.5 ] },
		"east": { "texture": "#0", "uv": [ 3.5, 2.75, 4.5, 3.75 ] },
		"south": { "texture": "#0", "uv": [ 2.25, 4, 5.25, 5 ] },
		"west": { "texture": "#0", "uv": [ 5.25, 4.25, 6.25, 5.25 ] },
		"up": { "texture": "#0", "uv": [ 3, 2.75, 6, 3.75 ] },
		"down": { "texture": "#0", "uv": [ 1.75, 3.5, 5, 4.5 ] }
	}
},
{
	"from": [ 10.4375, -0.375, 6.9375 ], 
	"to": [ 11.1875, 0, 7.6875 ], 
	"rotation": { "origin": [ 10.4375, 0, 6.9375 ], "axis": "x", "angle": -45 },
	"faces": {
		"north": { "texture": "#0", "uv": [ 3, 3.5, 6, 4.5 ] },
		"east": { "texture": "#0", "uv": [ 3.5, 2.75, 4.5, 3.75 ] },
		"south": { "texture": "#0", "uv": [ 2.25, 4, 5.25, 5 ] },
		"west": { "texture": "#0", "uv": [ 5.25, 4.25, 6.25, 5.25 ] },
		"up": { "texture": "#0", "uv": [ 3, 2.75, 6, 3.75 ] },
		"down": { "texture": "#0", "uv": [ 1.75, 3.5, 5, 4.5 ] }
	}
},
{
	"from": [ 9.75, 0.375, 8.8125 ], 
	"to": [ 10.5, 0.875, 9.8125 ], 
	"faces": {
		"north": { "texture": "#0", "uv": [ 3, 3.5, 6, 4.5 ] },
		"east": { "texture": "#0", "uv": [ 3.5, 2.75, 4.5, 3.75 ] },
		"south": { "texture": "#0", "uv": [ 2.25, 4, 5.25, 5 ] },
		"west": { "texture": "#0", "uv": [ 5.25, 4.25, 6.25, 5.25 ] },
		"up": { "texture": "#0", "uv": [ 3, 2.75, 6, 3.75 ] },
		"down": { "texture": "#0", "uv": [ 1.75, 3.5, 5, 4.5 ] }
	}
},
{
	"from": [ 5.75, 4.9375, 8.75 ], 
	"to": [ 8.75, 5, 17.75 ], 
	"rotation": { "origin": [ 5.75, 4.9375, 8.75 ], "axis": "y", "angle": -22.5 },
	"faces": {
		"up": { "texture": "#1", "uv": [ 11.5, 0.5, 15, 13 ] },
		"down": { "texture": "#1", "uv": [ 11.5, 13, 15, 0.5 ] }
	}
},
{
	"from": [ 7.25, 4.9375, 10 ], 
	"to": [ 10.25, 5, 19 ], 
	"rotation": { "origin": [ 7.25, 4.9375, 10 ], "axis": "y", "angle": 22.5 },
	"faces": {
		"up": { "texture": "#1", "uv": [ 11.5, 0.5, 15, 13 ] },
		"down": { "texture": "#1", "uv": [ 11.5, 13, 15, 0.5 ] }
	}
},
{
	"from": [ 6.75, 6.5, 7.5 ], 
	"to": [ 9.25, 9.5, 8.5 ], 
	"faces": {
		"north": { "texture": "#0", "uv": [ 10.5, 5, 13.5, 6 ] },
		"east": { "texture": "#0", "uv": [ 10.75, 3.75, 11.75, 4.75 ] },
		"south": { "texture": "#0", "uv": [ 10.75, 3.5, 13.75, 4.5 ] },
		"west": { "texture": "#0", "uv": [ 12.25, 4.25, 13.25, 5.25 ] },
		"up": { "texture": "#0", "uv": [ 10.25, 3.5, 13.25, 4.5 ] },
		"down": { "texture": "#0", "uv": [ 10.5, 3.75, 13.75, 4.75 ] }
	}
},
{
	"from": [ 7.25, 9.0625, 6.25 ], 
	"to": [ 8.75, 9.5625, 7.25 ], 
	"rotation": { "origin": [ 7.25, 12.0625, 6.25 ], "axis": "x", "angle": -22.5 },
	"faces": {
		"north": { "texture": "#0", "uv": [ 10.5, 5, 13.5, 6 ] },
		"east": { "texture": "#0", "uv": [ 10.75, 3.75, 11.75, 4.75 ] },
		"south": { "texture": "#0", "uv": [ 10.75, 3.5, 13.75, 4.5 ] },
		"west": { "texture": "#0", "uv": [ 12.25, 4.25, 13.25, 5.25 ] },
		"up": { "texture": "#0", "uv": [ 10.25, 3.5, 13.25, 4.5 ] },
		"down": { "texture": "#0", "uv": [ 10.5, 3.75, 13.75, 4.75 ] }
	}
},
{
	"from": [ 6.25, 6, 7.5 ], 
	"to": [ 9.75, 6.5, 9.75 ], 
	"faces": {
		"north": { "texture": "#0", "uv": [ 3, 3.5, 6, 4.5 ] },
		"east": { "texture": "#0", "uv": [ 3.5, 2.75, 4.5, 3.75 ] },
		"south": { "texture": "#0", "uv": [ 2.25, 4, 5.25, 5 ] },
		"west": { "texture": "#0", "uv": [ 5.25, 4.25, 6.25, 5.25 ] },
		"up": { "texture": "#0", "uv": [ 3, 2.75, 6, 3.75 ] },
		"down": { "texture": "#0", "uv": [ 1.75, 3.5, 5, 4.5 ] }
	}
},
{
	"from": [ 9.25, 6.5, 7.5 ], 
	"to": [ 9.75, 8.75, 9.75 ], 
	"faces": {
		"north": { "texture": "#0", "uv": [ 3, 3.5, 6, 4.5 ] },
		"east": { "texture": "#0", "uv": [ 3.5, 2.75, 4.5, 3.75 ] },
		"south": { "texture": "#0", "uv": [ 2.25, 4, 5.25, 5 ] },
		"west": { "texture": "#0", "uv": [ 5.25, 4.25, 6.25, 5.25 ] },
		"up": { "texture": "#0", "uv": [ 3, 2.75, 6, 3.75 ] },
		"down": { "texture": "#0", "uv": [ 1.75, 3.5, 5, 4.5 ] }
	}
},
{
	"from": [ 6.25, 6.5, 7.5 ], 
	"to": [ 6.75, 8.75, 9.75 ], 
	"faces": {
		"north": { "texture": "#0", "uv": [ 3, 3.5, 6, 4.5 ] },
		"east": { "texture": "#0", "uv": [ 3.5, 2.75, 4.5, 3.75 ] },
		"south": { "texture": "#0", "uv": [ 2.25, 4, 5.25, 5 ] },
		"west": { "texture": "#0", "uv": [ 5.25, 4.25, 6.25, 5.25 ] },
		"up": { "texture": "#0", "uv": [ 3, 2.75, 6, 3.75 ] },
		"down": { "texture": "#0", "uv": [ 1.75, 3.5, 5, 4.5 ] }
	}
},
{
	"from": [ 6.75, 8.725, 6.625 ], 
	"to": [ 7.25, 9.725, 7.625 ], 
	"rotation": { "origin": [ 6.75, 12.125, 6.625 ], "axis": "x", "angle": -22.5 },
	"faces": {
		"north": { "texture": "#0", "uv": [ 3, 3.5, 6, 4.5 ] },
		"east": { "texture": "#0", "uv": [ 3.5, 2.75, 4.5, 3.75 ] },
		"south": { "texture": "#0", "uv": [ 2.25, 4, 5.25, 5 ] },
		"west": { "texture": "#0", "uv": [ 5.25, 4.25, 6.25, 5.25 ] },
		"up": { "texture": "#0", "uv": [ 3, 2.75, 6, 3.75 ] },
		"down": { "texture": "#0", "uv": [ 1.75, 3.5, 5, 4.5 ] }
	}
},
{
	"from": [ 6.75, 5.25, 9.5 ], 
	"to": [ 9.25, 8.75, 10 ], 
	"faces": {
		"north": { "texture": "#0", "uv": [ 3, 3.5, 6, 4.5 ] },
		"east": { "texture": "#0", "uv": [ 3.5, 2.75, 4.5, 3.75 ] },
		"south": { "texture": "#0", "uv": [ 2.25, 4, 5.25, 5 ] },
		"west": { "texture": "#0", "uv": [ 5.25, 4.25, 6.25, 5.25 ] },
		"up": { "texture": "#0", "uv": [ 3, 2.75, 6, 3.75 ] },
		"down": { "texture": "#0", "uv": [ 1.75, 3.5, 5, 4.5 ] }
	}
},
{
	"from": [ 7.25, 8.6875, 7.3125 ], 
	"to": [ 8.75, 12.25, 7.875 ], 
	"rotation": { "origin": [ 7.25, 12.25, 7.3125 ], "axis": "x", "angle": -22.5 },
	"faces": {
		"north": { "texture": "#0", "uv": [ 3, 3.5, 6, 4.5 ] },
		"east": { "texture": "#0", "uv": [ 3.5, 2.75, 4.5, 3.75 ] },
		"south": { "texture": "#0", "uv": [ 2.25, 4, 5.25, 5 ] },
		"west": { "texture": "#0", "uv": [ 5.25, 4.25, 6.25, 5.25 ] },
		"up": { "texture": "#0", "uv": [ 3, 2.75, 6, 3.75 ] },
		"down": { "texture": "#0", "uv": [ 1.75, 3.5, 5, 4.5 ] }
	}
},
{
	"from": [ 5.25, 8, 8 ], 
	"to": [ 6.25, 9.25, 9.25 ], 
	"faces": {
		"north": { "texture": "#0", "uv": [ 3, 3.5, 6, 4.5 ] },
		"east": { "texture": "#0", "uv": [ 3.5, 2.75, 4.5, 3.75 ] },
		"south": { "texture": "#0", "uv": [ 2.25, 4, 5.25, 5 ] },
		"west": { "texture": "#0", "uv": [ 5.25, 4.25, 6.25, 5.25 ] },
		"up": { "texture": "#0", "uv": [ 3, 2.75, 6, 3.75 ] },
		"down": { "texture": "#0", "uv": [ 1.75, 3.5, 5, 4.5 ] }
	}
},
{
	"from": [ 3.5, 8.25, 7.25 ], 
	"to": [ 6.25, 9, 8 ], 
	"rotation": { "origin": [ 3.5, 8.25, 7.25 ], "axis": "y", "angle": -22.5 },
	"faces": {
		"north": { "texture": "#0", "uv": [ 3, 3.5, 6, 4.5 ] },
		"east": { "texture": "#0", "uv": [ 3.5, 2.75, 4.5, 3.75 ] },
		"south": { "texture": "#0", "uv": [ 2.25, 4, 5.25, 5 ] },
		"west": { "texture": "#0", "uv": [ 5.25, 4.25, 6.25, 5.25 ] },
		"up": { "texture": "#0", "uv": [ 3, 2.75, 6, 3.75 ] },
		"down": { "texture": "#0", "uv": [ 1.75, 3.5, 5, 4.5 ] }
	}
},
{
	"from": [ 2.1875, 8.25, 5.4375 ], 
	"to": [ 2.9375, 9, 8.1875 ], 
	"rotation": { "origin": [ 2.1875, 8.25, 5.4375 ], "axis": "y", "angle": 22.5 },
	"faces": {
		"north": { "texture": "#0", "uv": [ 3, 3.5, 6, 4.5 ] },
		"east": { "texture": "#0", "uv": [ 3.5, 2.75, 4.5, 3.75 ] },
		"south": { "texture": "#0", "uv": [ 2.25, 4, 5.25, 5 ] },
		"west": { "texture": "#0", "uv": [ 5.25, 4.25, 6.25, 5.25 ] },
		"up": { "texture": "#0", "uv": [ 3, 2.75, 6, 3.75 ] },
		"down": { "texture": "#0", "uv": [ 1.75, 3.5, 5, 4.5 ] }
	}
},
{
	"from": [ 3.25, 8.375, 7.75 ], 
	"to": [ 3.75, 8.875, 8.75 ], 
	"faces": {
		"north": { "texture": "#0", "uv": [ 3, 3.5, 6, 4.5 ] },
		"east": { "texture": "#0", "uv": [ 3.5, 2.75, 4.5, 3.75 ] },
		"south": { "texture": "#0", "uv": [ 2.25, 4, 5.25, 5 ] },
		"west": { "texture": "#0", "uv": [ 5.25, 4.25, 6.25, 5.25 ] },
		"up": { "texture": "#0", "uv": [ 3, 2.75, 6, 3.75 ] },
		"down": { "texture": "#0", "uv": [ 1.75, 3.5, 5, 4.5 ] }
	}
},
{
	"from": [ 2.5, 8.375, 3.75 ], 
	"to": [ 3, 8.875, 5.5 ], 
	"faces": {
		"north": { "texture": "#0", "uv": [ 3, 3.5, 6, 4.5 ] },
		"east": { "texture": "#0", "uv": [ 3.5, 2.75, 4.5, 3.75 ] },
		"south": { "texture": "#0", "uv": [ 2.25, 4, 5.25, 5 ] },
		"west": { "texture": "#0", "uv": [ 5.25, 4.25, 6.25, 5.25 ] },
		"up": { "texture": "#0", "uv": [ 3, 2.75, 6, 3.75 ] },
		"down": { "texture": "#0", "uv": [ 1.75, 3.5, 5, 4.5 ] }
	}
},
{
	"from": [ 1, 8.375, 4.5 ], 
	"to": [ 1.5, 8.875, 6.25 ], 
	"rotation": { "origin": [ 1, 8.375, 4.5 ], "axis": "y", "angle": 45 },
	"faces": {
		"north": { "texture": "#0", "uv": [ 3, 3.5, 6, 4.5 ] },
		"east": { "texture": "#0", "uv": [ 3.5, 2.75, 4.5, 3.75 ] },
		"south": { "texture": "#0", "uv": [ 2.25, 4, 5.25, 5 ] },
		"west": { "texture": "#0", "uv": [ 5.25, 4.25, 6.25, 5.25 ] },
		"up": { "texture": "#0", "uv": [ 3, 2.75, 6, 3.75 ] },
		"down": { "texture": "#0", "uv": [ 1.75, 3.5, 5, 4.5 ] }
	}
},
{
	"from": [ 2.5, 8.1875, 3.75 ], 
	"to": [ 3, 8.875, 4.125 ], 
	"rotation": { "origin": [ 2.5, 8.875, 3.75 ], "axis": "x", "angle": 45 },
	"faces": {
		"north": { "texture": "#0", "uv": [ 3, 3.5, 6, 4.5 ] },
		"east": { "texture": "#0", "uv": [ 3.5, 2.75, 4.5, 3.75 ] },
		"south": { "texture": "#0", "uv": [ 2.25, 4, 5.25, 5 ] },
		"west": { "texture": "#0", "uv": [ 5.25, 4.25, 6.25, 5.25 ] },
		"up": { "texture": "#0", "uv": [ 3, 2.75, 6, 3.75 ] },
		"down": { "texture": "#0", "uv": [ 1.75, 3.5, 5, 4.5 ] }
	}
},
{
	"from": [ 1, 8.1875, 4.375 ], 
	"to": [ 1.5, 8.875, 4.75 ], 
	"rotation": { "origin": [ 1, 8.875, 4.375 ], "axis": "x", "angle": 45 },
	"faces": {
		"north": { "texture": "#0", "uv": [ 3, 3.5, 6, 4.5 ] },
		"east": { "texture": "#0", "uv": [ 3.5, 2.75, 4.5, 3.75 ] },
		"south": { "texture": "#0", "uv": [ 2.25, 4, 5.25, 5 ] },
		"west": { "texture": "#0", "uv": [ 5.25, 4.25, 6.25, 5.25 ] },
		"up": { "texture": "#0", "uv": [ 3, 2.75, 6, 3.75 ] },
		"down": { "texture": "#0", "uv": [ 1.75, 3.5, 5, 4.5 ] }
	}
},
{
	"from": [ 9.75, 8, 8 ], 
	"to": [ 10.75, 9.25, 9.25 ], 
	"faces": {
		"north": { "texture": "#0", "uv": [ 3, 3.5, 6, 4.5 ] },
		"east": { "texture": "#0", "uv": [ 3.5, 2.75, 4.5, 3.75 ] },
		"south": { "texture": "#0", "uv": [ 2.25, 4, 5.25, 5 ] },
		"west": { "texture": "#0", "uv": [ 5.25, 4.25, 6.25, 5.25 ] },
		"up": { "texture": "#0", "uv": [ 3, 2.75, 6, 3.75 ] },
		"down": { "texture": "#0", "uv": [ 1.75, 3.5, 5, 4.5 ] }
	}
},
{
	"from": [ 10.5, 8.25, 8.125 ], 
	"to": [ 13.25, 9, 8.875 ], 
	"rotation": { "origin": [ 10.5, 8.25, 8.125 ], "axis": "y", "angle": 22.5 },
	"faces": {
		"north": { "texture": "#0", "uv": [ 3, 3.5, 6, 4.5 ] },
		"east": { "texture": "#0", "uv": [ 3.5, 2.75, 4.5, 3.75 ] },
		"south": { "texture": "#0", "uv": [ 2.25, 4, 5.25, 5 ] },
		"west": { "texture": "#0", "uv": [ 5.25, 4.25, 6.25, 5.25 ] },
		"up": { "texture": "#0", "uv": [ 3, 2.75, 6, 3.75 ] },
		"down": { "texture": "#0", "uv": [ 1.75, 3.5, 5, 4.5 ] }
	}
},
{
	"from": [ 13.75, 8.25, 4.9375 ], 
	"to": [ 14.5, 9, 7.6875 ], 
	"rotation": { "origin": [ 13.75, 8.25, 4.9375 ], "axis": "y", "angle": -22.5 },
	"faces": {
		"north": { "texture": "#0", "uv": [ 3, 3.5, 6, 4.5 ] },
		"east": { "texture": "#0", "uv": [ 3.5, 2.75, 4.5, 3.75 ] },
		"south": { "texture": "#0", "uv": [ 2.25, 4, 5.25, 5 ] },
		"west": { "texture": "#0", "uv": [ 5.25, 4.25, 6.25, 5.25 ] },
		"up": { "texture": "#0", "uv": [ 3, 2.75, 6, 3.75 ] },
		"down": { "texture": "#0", "uv": [ 1.75, 3.5, 5, 4.5 ] }
	}
},
{
	"from": [ 12.75, 8.375, 7.6875 ], 
	"to": [ 13.25, 8.875, 8.6875 ], 
	"faces": {
		"north": { "texture": "#0", "uv": [ 3, 3.5, 6, 4.5 ] },
		"east": { "texture": "#0", "uv": [ 3.5, 2.75, 4.5, 3.75 ] },
		"south": { "texture": "#0", "uv": [ 2.25, 4, 5.25, 5 ] },
		"west": { "texture": "#0", "uv": [ 5.25, 4.25, 6.25, 5.25 ] },
		"up": { "texture": "#0", "uv": [ 3, 2.75, 6, 3.75 ] },
		"down": { "texture": "#0", "uv": [ 1.75, 3.5, 5, 4.5 ] }
	}
},
{
	"from": [ 13.5, 8.375, 3.75 ], 
	"to": [ 14, 8.875, 5.5 ], 
	"faces": {
		"north": { "texture": "#0", "uv": [ 3, 3.5, 6, 4.5 ] },
		"east": { "texture": "#0", "uv": [ 3.5, 2.75, 4.5, 3.75 ] },
		"south": { "texture": "#0", "uv": [ 2.25, 4, 5.25, 5 ] },
		"west": { "texture": "#0", "uv": [ 5.25, 4.25, 6.25, 5.25 ] },
		"up": { "texture": "#0", "uv": [ 3, 2.75, 6, 3.75 ] },
		"down": { "texture": "#0", "uv": [ 1.75, 3.5, 5, 4.5 ] }
	}
},
{
	"from": [ 15.25, 8.375, 4 ], 
	"to": [ 15.75, 8.875, 5.75 ], 
	"rotation": { "origin": [ 15.25, 8.375, 4 ], "axis": "y", "angle": -45 },
	"faces": {
		"north": { "texture": "#0", "uv": [ 3, 3.5, 6, 4.5 ] },
		"east": { "texture": "#0", "uv": [ 3.5, 2.75, 4.5, 3.75 ] },
		"south": { "texture": "#0", "uv": [ 2.25, 4, 5.25, 5 ] },
		"west": { "texture": "#0", "uv": [ 5.25, 4.25, 6.25, 5.25 ] },
		"up": { "texture": "#0", "uv": [ 3, 2.75, 6, 3.75 ] },
		"down": { "texture": "#0", "uv": [ 1.75, 3.5, 5, 4.5 ] }
	}
},
{
	"from": [ 13.5, 8.1875, 3.75 ], 
	"to": [ 14, 8.875, 4.125 ], 
	"rotation": { "origin": [ 13.5, 8.875, 3.75 ], "axis": "x", "angle": 45 },
	"faces": {
		"north": { "texture": "#0", "uv": [ 3, 3.5, 6, 4.5 ] },
		"east": { "texture": "#0", "uv": [ 3.5, 2.75, 4.5, 3.75 ] },
		"south": { "texture": "#0", "uv": [ 2.25, 4, 5.25, 5 ] },
		"west": { "texture": "#0", "uv": [ 5.25, 4.25, 6.25, 5.25 ] },
		"up": { "texture": "#0", "uv": [ 3, 2.75, 6, 3.75 ] },
		"down": { "texture": "#0", "uv": [ 1.75, 3.5, 5, 4.5 ] }
	}
},
{
	"from": [ 15.125, 8.25, 4.125 ], 
	"to": [ 15.625, 8.9375, 4.5 ], 
	"rotation": { "origin": [ 15.125, 8.9375, 4.125 ], "axis": "x", "angle": 45 },
	"faces": {
		"north": { "texture": "#0", "uv": [ 3, 3.5, 6, 4.5 ] },
		"east": { "texture": "#0", "uv": [ 3.5, 2.75, 4.5, 3.75 ] },
		"south": { "texture": "#0", "uv": [ 2.25, 4, 5.25, 5 ] },
		"west": { "texture": "#0", "uv": [ 5.25, 4.25, 6.25, 5.25 ] },
		"up": { "texture": "#0", "uv": [ 3, 2.75, 6, 3.75 ] },
		"down": { "texture": "#0", "uv": [ 1.75, 3.5, 5, 4.5 ] }
	}
},
{
	"from": [ 2.4, 8.7875, 6.25 ], 
	"to": [ 3.35, 8.85, 11 ], 
	"rotation": { "origin": [ 2.5, 8.6875, 6.25 ], "axis": "y", "angle": -22.5 },
	"faces": {
		"up": { "texture": "#1", "uv": [ 11.5, 0.5, 15, 13 ] },
		"down": { "texture": "#1", "uv": [ 11.5, 13, 15, 0.5 ] }
	}
},
{
	"from": [ 2.4, 8.6875, 7 ], 
	"to": [ 3.35, 8.75, 11.75 ], 
	"faces": {
		"up": { "texture": "#1", "uv": [ 11.5, 0.5, 15, 13 ] },
		"down": { "texture": "#1", "uv": [ 11.5, 13, 15, 0.5 ] }
	}
},
{
	"from": [ 2.65, 8.6875, 5.75 ], 
	"to": [ 3.6, 8.75, 10.5 ], 
	"rotation": { "origin": [ 2.75, 8.6875, 5.75 ], "axis": "y", "angle": -45 },
	"faces": {
		"north": { "texture": "#1", "uv": [ 5.25, 9, 8.25, 9.5 ] },
		"east": { "texture": "#1", "uv": [ 7, 6, 8.25, 7.75 ] },
		"south": { "texture": "#1", "uv": [ 7, 6.75, 10, 7.25 ] },
		"west": { "texture": "#1", "uv": [ 6.5, 6.5, 8.5, 8 ] },
		"up": { "texture": "#1", "uv": [ 11.5, 0.5, 15, 13 ] },
		"down": { "texture": "#1", "uv": [ 11.5, 13, 15, 0.5 ] }
	}
},
{
	"from": [ 12.9, 8.6875, 7 ], 
	"to": [ 13.85, 8.75, 11.75 ], 
	"faces": {
		"up": { "texture": "#1", "uv": [ 11.5, 0.5, 15, 13 ] },
		"down": { "texture": "#1", "uv": [ 11.5, 13, 15, 0.5 ] }
	}
},
{
	"from": [ 12.9, 8.7875, 6.75 ], 
	"to": [ 13.85, 8.85, 11.5 ], 
	"rotation": { "origin": [ 13, 8.6875, 6.75 ], "axis": "y", "angle": 22.5 },
	"faces": {
		"up": { "texture": "#1", "uv": [ 11.5, 0.5, 15, 13 ] },
		"down": { "texture": "#1", "uv": [ 11.5, 13, 15, 0.5 ] }
	}
},
{
	"from": [ 13.15, 8.6875, 6.75 ], 
	"to": [ 14.1, 8.75, 11.5 ], 
	"rotation": { "origin": [ 13.25, 8.6875, 6.75 ], "axis": "y", "angle": 45 },
	"faces": {
		"up": { "texture": "#1", "uv": [ 11.5, 0.5, 15.0, 13 ] },
		"down": { "texture": "#1", "uv": [ 11.5, 13, 15, 0.5 ] }
	}
},
{
	"from": [ 7.25, 12, 5.625 ], 
	"to": [ 8.75, 12.5, 7.125 ], 
	"rotation": { "origin": [ 7.25, 12.5, 5.625 ], "axis": "x", "angle": 22.5 },
	"faces": {
		"north": { "texture": "#0", "uv": [ 10.5, 5, 13.5, 6 ] },
		"east": { "texture": "#0", "uv": [ 10.75, 3.75, 11.75, 4.75 ] },
		"south": { "texture": "#0", "uv": [ 10.75, 3.5, 13.75, 4.5 ] },
		"west": { "texture": "#0", "uv": [ 12.25, 4.25, 13.25, 5.25 ] },
		"up": { "texture": "#0", "uv": [ 10.25, 3.5, 13.25, 4.5 ] },
		"down": { "texture": "#0", "uv": [ 10.5, 3.75, 13.75, 4.75 ] }
	}
},
{
	"from": [ 7.25, 12, 3.7 ], 
	"to": [ 8.75, 12.5, 5.625 ], 
	"faces": {
		"north": { "texture": "#0", "uv": [ 10.5, 5, 13.5, 6 ] },
		"east": { "texture": "#0", "uv": [ 10.75, 3.75, 11.75, 4.75 ] },
		"south": { "texture": "#0", "uv": [ 10.75, 3.5, 13.75, 4.5 ] },
		"west": { "texture": "#0", "uv": [ 12.25, 4.25, 13.25, 5.25 ] },
		"up": { "texture": "#0", "uv": [ 10.25, 3.5, 13.25, 4.5 ] },
		"down": { "texture": "#0", "uv": [ 10.5, 3.75, 13.75, 4.75 ] }
	}
},
{
	"from": [ 6.25, 8.75, 7.5 ], 
	"to": [ 6.75, 9.5, 9.5 ], 
	"faces": {
		"north": { "texture": "#0", "uv": [ 3, 3.5, 6, 4.5 ] },
		"east": { "texture": "#0", "uv": [ 3.5, 2.75, 4.5, 3.75 ] },
		"south": { "texture": "#0", "uv": [ 2.25, 4, 5.25, 5 ] },
		"west": { "texture": "#0", "uv": [ 5.25, 4.25, 6.25, 5.25 ] },
		"up": { "texture": "#0", "uv": [ 3, 2.75, 6, 3.75 ] },
		"down": { "texture": "#0", "uv": [ 1.75, 3.5, 5, 4.5 ] }
	}
},
{
	"from": [ 9.25, 8.75, 7.5 ], 
	"to": [ 9.75, 9.5, 9.5 ], 
	"faces": {
		"north": { "texture": "#0", "uv": [ 3, 3.5, 6, 4.5 ] },
		"east": { "texture": "#0", "uv": [ 3.5, 2.75, 4.5, 3.75 ] },
		"south": { "texture": "#0", "uv": [ 2.25, 4, 5.25, 5 ] },
		"west": { "texture": "#0", "uv": [ 5.25, 4.25, 6.25, 5.25 ] },
		"up": { "texture": "#0", "uv": [ 3, 2.75, 6, 3.75 ] },
		"down": { "texture": "#0", "uv": [ 1.75, 3.5, 5, 4.5 ] }
	}
},
{
	"from": [ 6.75, 8.75, 9.25 ], 
	"to": [ 9.25, 9.5, 9.75 ], 
	"faces": {
		"north": { "texture": "#0", "uv": [ 3, 3.5, 6, 4.5 ] },
		"east": { "texture": "#0", "uv": [ 3.5, 2.75, 4.5, 3.75 ] },
		"south": { "texture": "#0", "uv": [ 2.25, 4, 5.25, 5 ] },
		"west": { "texture": "#0", "uv": [ 5.25, 4.25, 6.25, 5.25 ] },
		"up": { "texture": "#0", "uv": [ 3, 2.75, 6, 3.75 ] },
		"down": { "texture": "#0", "uv": [ 1.75, 3.5, 5, 4.5 ] }
	}
},
{
	"from": [ 6.75, 8.6875, 8.25 ], 
	"to": [ 9.25, 10.1875, 8.75 ], 
	"rotation": { "origin": [ 6.75, 10.1875, 8.25 ], "axis": "x", "angle": -45 },
	"faces": {
		"north": { "texture": "#0", "uv": [ 3, 3.5, 6, 4.5 ] },
		"east": { "texture": "#0", "uv": [ 3.5, 2.75, 4.5, 3.75 ] },
		"south": { "texture": "#0", "uv": [ 2.25, 4, 5.25, 5 ] },
		"west": { "texture": "#0", "uv": [ 5.25, 4.25, 6.25, 5.25 ] },
		"up": { "texture": "#0", "uv": [ 3, 2.75, 6, 3.75 ] },
		"down": { "texture": "#0", "uv": [ 1.75, 3.5, 5, 4.5 ] }
	}
},
{
	"from": [ 6.25, 9.625, 8.625 ], 
	"to": [ 6.75, 10.375, 9.875 ], 
	"rotation": { "origin": [ 6.25, 10.375, 8.625 ], "axis": "x", "angle": 45 },
	"faces": {
		"north": { "texture": "#0", "uv": [ 3, 3.5, 6, 4.5 ] },
		"east": { "texture": "#0", "uv": [ 3.5, 2.75, 4.5, 3.75 ] },
		"south": { "texture": "#0", "uv": [ 2.25, 4, 5.25, 5 ] },
		"west": { "texture": "#0", "uv": [ 5.25, 4.25, 6.25, 5.25 ] },
		"up": { "texture": "#0", "uv": [ 3, 2.75, 6, 3.75 ] },
		"down": { "texture": "#0", "uv": [ 1.75, 3.5, 5, 4.5 ] }
	}
},
{
	"from": [ 9.25, 9.625, 8.625 ], 
	"to": [ 9.75, 10.375, 9.875 ], 
	"rotation": { "origin": [ 9.25, 10.375, 8.625 ], "axis": "x", "angle": 45 },
	"faces": {
		"north": { "texture": "#0", "uv": [ 3, 3.5, 6, 4.5 ] },
		"east": { "texture": "#0", "uv": [ 3.5, 2.75, 4.5, 3.75 ] },
		"south": { "texture": "#0", "uv": [ 2.25, 4, 5.25, 5 ] },
		"west": { "texture": "#0", "uv": [ 5.25, 4.25, 6.25, 5.25 ] },
		"up": { "texture": "#0", "uv": [ 3, 2.75, 6, 3.75 ] },
		"down": { "texture": "#0", "uv": [ 1.75, 3.5, 5, 4.5 ] }
	}
},
{
	"from": [ 6.25, 8.8125, 7.4375 ], 
	"to": [ 9.75, 9.5625, 8.6875 ], 
	"rotation": { "origin": [ 6.25, 9.5625, 7.4375 ], "axis": "x", "angle": -22.5 },
	"faces": {
		"north": { "texture": "#0", "uv": [ 3, 3.5, 6, 4.5 ] },
		"east": { "texture": "#0", "uv": [ 3.5, 2.75, 4.5, 3.75 ] },
		"south": { "texture": "#0", "uv": [ 2.25, 4, 5.25, 5 ] },
		"west": { "texture": "#0", "uv": [ 5.25, 4.25, 6.25, 5.25 ] },
		"up": { "texture": "#0", "uv": [ 3, 2.75, 6, 3.75 ] },
		"down": { "texture": "#0", "uv": [ 1.75, 3.5, 5, 4.5 ] }
	}
},
{
	"from": [ 7.25, 12.1875, 7.25 ], 
	"to": [ 8.75, 13.4375, 7.75 ], 
	"faces": {
		"north": { "texture": "#0", "uv": [ 3, 3.5, 6, 4.5 ] },
		"east": { "texture": "#0", "uv": [ 3.5, 2.75, 4.5, 3.75 ] },
		"south": { "texture": "#0", "uv": [ 2.25, 4, 5.25, 5 ] },
		"west": { "texture": "#0", "uv": [ 5.25, 4.25, 6.25, 5.25 ] },
		"up": { "texture": "#0", "uv": [ 3, 2.75, 6, 3.75 ] },
		"down": { "texture": "#0", "uv": [ 1.75, 3.5, 5, 4.5 ] }
	}
},
{
	"from": [ 7.25, 12.875, 6.875 ], 
	"to": [ 8.75, 13.625, 7.375 ], 
	"rotation": { "origin": [ 7.25, 13.625, 6.875 ], "axis": "x", "angle": -45 },
	"faces": {
		"north": { "texture": "#0", "uv": [ 3, 3.5, 6, 4.5 ] },
		"east": { "texture": "#0", "uv": [ 3.5, 2.75, 4.5, 3.75 ] },
		"south": { "texture": "#0", "uv": [ 2.25, 4, 5.25, 5 ] },
		"west": { "texture": "#0", "uv": [ 5.25, 4.25, 6.25, 5.25 ] },
		"up": { "texture": "#0", "uv": [ 3, 2.75, 6, 3.75 ] },
		"down": { "texture": "#0", "uv": [ 1.75, 3.5, 5, 4.5 ] }
	}
},
{
	"from": [ 7.25, 14.0625, 5.875 ], 
	"to": [ 8.75, 14.5625, 7.375 ], 
	"rotation": { "origin": [ 7.25, 14.5625, 5.875 ], "axis": "x", "angle": 22.5 },
	"faces": {
		"north": { "texture": "#0", "uv": [ 3, 3.5, 6, 4.5 ] },
		"east": { "texture": "#0", "uv": [ 3.5, 2.75, 4.5, 3.75 ] },
		"south": { "texture": "#0", "uv": [ 2.25, 4, 5.25, 5 ] },
		"west": { "texture": "#0", "uv": [ 5.25, 4.25, 6.25, 5.25 ] },
		"up": { "texture": "#0", "uv": [ 3, 2.75, 6, 3.75 ] },
		"down": { "texture": "#0", "uv": [ 1.75, 3.5, 5, 4.5 ] }
	}
},
{
	"from": [ 7.25, 14.0625, 4.875 ], 
	"to": [ 8.75, 14.5625, 5.875 ], 
	"faces": {
		"north": { "texture": "#0", "uv": [ 3, 3.5, 6, 4.5 ] },
		"east": { "texture": "#0", "uv": [ 3.5, 2.75, 4.5, 3.75 ] },
		"south": { "texture": "#0", "uv": [ 2.25, 4, 5.25, 5 ] },
		"west": { "texture": "#0", "uv": [ 5.25, 4.25, 6.25, 5.25 ] },
		"up": { "texture": "#0", "uv": [ 3, 2.75, 6, 3.75 ] },
		"down": { "texture": "#0", "uv": [ 1.75, 3.5, 5, 4.5 ] }
	}
},
{
	"from": [ 7.25, 13, 3.8125 ], 
	"to": [ 8.75, 13.5, 5.3125 ], 
	"rotation": { "origin": [ 7.25, 13.5, 3.8125 ], "axis": "x", "angle": -45 },
	"faces": {
		"north": { "texture": "#0", "uv": [ 3, 3.5, 6, 4.5 ] },
		"east": { "texture": "#0", "uv": [ 3.5, 2.75, 4.5, 3.75 ] },
		"south": { "texture": "#0", "uv": [ 2.25, 4, 5.25, 5 ] },
		"west": { "texture": "#0", "uv": [ 5.25, 4.25, 6.25, 5.25 ] },
		"up": { "texture": "#0", "uv": [ 3, 2.75, 6, 3.75 ] },
		"down": { "texture": "#0", "uv": [ 1.75, 3.5, 5, 4.5 ] }
	}
},
{
	"from": [ 7.25, 12.6875, 3.0625 ], 
	"to": [ 8.75, 13.1875, 4.0625 ], 
	"rotation": { "origin": [ 7.25, 13.1875, 3.0625 ], "axis": "x", "angle": -22.5 },
	"faces": {
		"north": { "texture": "#0", "uv": [ 3, 3.5, 6, 4.5 ] },
		"east": { "texture": "#0", "uv": [ 3.5, 2.75, 4.5, 3.75 ] },
		"south": { "texture": "#0", "uv": [ 2.25, 4, 5.25, 5 ] },
		"west": { "texture": "#0", "uv": [ 5.25, 4.25, 6.25, 5.25 ] },
		"up": { "texture": "#0", "uv": [ 3, 2.75, 6, 3.75 ] },
		"down": { "texture": "#0", "uv": [ 1.75, 3.5, 5, 4.5 ] }
	}
},
{
	"from": [ 7.25, 12.1875, 2.9 ], 
	"to": [ 8.75, 13.1875, 3.7 ], 
	"faces": {
		"north": { "texture": "#0", "uv": [ 3, 3.5, 6, 4.5 ] },
		"east": { "texture": "#0", "uv": [ 3.5, 2.75, 4.5, 3.75 ] },
		"south": { "texture": "#0", "uv": [ 2.25, 4, 5.25, 5 ] },
		"west": { "texture": "#0", "uv": [ 5.25, 4.25, 6.25, 5.25 ] },
		"up": { "texture": "#0", "uv": [ 3, 2.75, 6, 3.75 ] },
		"down": { "texture": "#0", "uv": [ 1.75, 3.5, 5, 4.5 ] }
	}
},
{
	"from": [ 7.25, 12.5, 3.5 ], 
	"to": [ 8.75, 13, 7.25 ], 
	"faces": {
		"north": { "texture": "#0", "uv": [ 3, 3.5, 6, 4.5 ] },
		"east": { "texture": "#0", "uv": [ 3.5, 2.75, 4.5, 3.75 ] },
		"south": { "texture": "#0", "uv": [ 2.25, 4, 5.25, 5 ] },
		"west": { "texture": "#0", "uv": [ 5.25, 4.25, 6.25, 5.25 ] },
		"up": { "texture": "#0", "uv": [ 3, 2.75, 6, 3.75 ] },
		"down": { "texture": "#0", "uv": [ 1.75, 3.5, 5, 4.5 ] }
	}
},
{
	"from": [ 7.25, 12.4375, 5.875 ], 
	"to": [ 8.75, 13.1875, 7.625 ], 
	"rotation": { "origin": [ 7.25, 13.1875, 5.875 ], "axis": "x", "angle": 22.5 },
	"faces": {
		"north": { "texture": "#0", "uv": [ 3, 3.5, 6, 4.5 ] },
		"east": { "texture": "#0", "uv": [ 3.5, 2.75, 4.5, 3.75 ] },
		"south": { "texture": "#0", "uv": [ 2.25, 4, 5.25, 5 ] },
		"west": { "texture": "#0", "uv": [ 5.25, 4.25, 6.25, 5.25 ] },
		"up": { "texture": "#0", "uv": [ 3, 2.75, 6, 3.75 ] },
		"down": { "texture": "#0", "uv": [ 1.75, 3.5, 5, 4.5 ] }
	}
},
{
	"from": [ 7.25, 12, 3.4 ], 
	"to": [ 8.75, 12.1875, 3.7 ], 
	"faces": {
		"north": { "texture": "#0", "uv": [ 10.5, 5, 13.5, 6 ] },
		"east": { "texture": "#0", "uv": [ 10.75, 3.75, 11.75, 4.75 ] },
		"south": { "texture": "#0", "uv": [ 10.75, 3.5, 13.75, 4.5 ] },
		"west": { "texture": "#0", "uv": [ 12.25, 4.25, 13.25, 5.25 ] },
		"up": { "texture": "#0", "uv": [ 10.25, 3.5, 13.25, 4.5 ] },
		"down": { "texture": "#0", "uv": [ 10.5, 3.75, 13.75, 4.75 ] }
	}
},
{
	"from": [ 7.25, 13.0, 5 ], 
	"to": [ 8.75, 14.25, 6.25 ], 
	"faces": {
		"north": { "texture": "#0", "uv": [ 3, 3.5, 6, 4.5 ] },
		"east": { "texture": "#0", "uv": [ 3.5, 2.75, 4.5, 3.75 ] },
		"south": { "texture": "#0", "uv": [ 2.25, 4, 5.25, 5 ] },
		"west": { "texture": "#0", "uv": [ 5.25, 4.25, 6.25, 5.25 ] },
		"up": { "texture": "#0", "uv": [ 3, 2.75, 6, 3.75 ] },
		"down": { "texture": "#0", "uv": [ 1.75, 3.5, 5, 4.5 ] }
	}
},
{
	"from": [ 7.25, 12.5, 5.125 ], 
	"to": [ 8.75, 14.25, 5.6875 ], 
	"rotation": { "origin": [ 7.25, 14.25, 5.125 ], "axis": "x", "angle": 45 },
	"faces": {
		"north": { "texture": "#0", "uv": [ 3, 3.5, 6, 4.5 ] },
		"east": { "texture": "#0", "uv": [ 3.5, 2.75, 4.5, 3.75 ] },
		"south": { "texture": "#0", "uv": [ 2.25, 4, 5.25, 5 ] },
		"west": { "texture": "#0", "uv": [ 5.25, 4.25, 6.25, 5.25 ] },
		"up": { "texture": "#0", "uv": [ 3, 2.75, 6, 3.75 ] },
		"down": { "texture": "#0", "uv": [ 1.75, 3.5, 5, 4.5 ] }
	}
},
{
	"from": [ 7.25, 12.875, 4.5625 ], 
	"to": [ 8.75, 13.375, 5.0625 ], 
	"faces": {
		"north": { "texture": "#0", "uv": [ 3, 3.5, 6, 4.5 ] },
		"east": { "texture": "#0", "uv": [ 3.5, 2.75, 4.5, 3.75 ] },
		"south": { "texture": "#0", "uv": [ 2.25, 4, 5.25, 5 ] },
		"west": { "texture": "#0", "uv": [ 5.25, 4.25, 6.25, 5.25 ] },
		"up": { "texture": "#0", "uv": [ 3, 2.75, 6, 3.75 ] },
		"down": { "texture": "#0", "uv": [ 1.75, 3.5, 5, 4.5 ] }
	}
},
{
	"from": [ 7.25, 12.75, 6.25 ], 
	"to": [ 8.75, 14, 7.625 ], 
	"rotation": { "origin": [ 7.25, 14, 6.25 ], "axis": "x", "angle": 22.5 },
	"faces": {
		"north": { "texture": "#0", "uv": [ 3, 3.5, 6, 4.5 ] },
		"east": { "texture": "#0", "uv": [ 3.5, 2.75, 4.5, 3.75 ] },
		"south": { "texture": "#0", "uv": [ 2.25, 4, 5.25, 5 ] },
		"west": { "texture": "#0", "uv": [ 5.25, 4.25, 6.25, 5.25 ] },
		"up": { "texture": "#0", "uv": [ 3, 2.75, 6, 3.75 ] },
		"down": { "texture": "#0", "uv": [ 1.75, 3.5, 5, 4.5 ] }
	}
},
{
	"from": [ 7.5, 12.0625, 3 ], 
	"to": [ 8.5, 13.3125, 3.925 ], 
	"faces": {
		"north": { "texture": "#0", "uv": [ 3, 3.5, 6, 4.5 ] },
		"east": { "texture": "#0", "uv": [ 3.5, 2.75, 4.5, 3.75 ] },
		"south": { "texture": "#0", "uv": [ 2.25, 4, 5.25, 5 ] },
		"west": { "texture": "#0", "uv": [ 5.25, 4.25, 6.25, 5.25 ] },
		"up": { "texture": "#0", "uv": [ 3, 2.75, 6, 3.75 ] },
		"down": { "texture": "#0", "uv": [ 1.75, 3.5, 5, 4.5 ] }
	}
},
{
	"from": [ 7, 12.25, 7.1 ], 
	"to": [ 8.95, 13.15, 7.5 ], 
	"faces": {
		"north": { "texture": "#0", "uv": [ 3, 3.5, 6, 4.5 ] },
		"east": { "texture": "#0", "uv": [ 3.5, 2.75, 4.5, 3.75 ] },
		"south": { "texture": "#0", "uv": [ 2.25, 4, 5.25, 5 ] },
		"west": { "texture": "#0", "uv": [ 5.25, 4.25, 6.25, 5.25 ] },
		"up": { "texture": "#0", "uv": [ 3, 2.75, 6, 3.75 ] },
		"down": { "texture": "#0", "uv": [ 1.75, 3.5, 5, 4.5 ] }
	}
},
{
	"from": [ 7, 12.7, 6.8 ], 
	"to": [ 8.95, 13.3, 7.2 ], 
	"rotation": { "origin": [ 7, 13.3, 6.8 ], "axis": "x", "angle": -45 },
	"faces": {
		"north": { "texture": "#0", "uv": [ 3, 3.5, 6, 4.5 ] },
		"east": { "texture": "#0", "uv": [ 3.5, 2.75, 4.5, 3.75 ] },
		"south": { "texture": "#0", "uv": [ 2.25, 4, 5.25, 5 ] },
		"west": { "texture": "#0", "uv": [ 5.25, 4.25, 6.25, 5.25 ] },
		"up": { "texture": "#0", "uv": [ 3, 2.75, 6, 3.75 ] },
		"down": { "texture": "#0", "uv": [ 1.75, 3.5, 5, 4.5 ] }
	}
},
{
	"from": [ 7, 13.65, 6 ], 
	"to": [ 8.95, 14.05, 7.2 ], 
	"rotation": { "origin": [ 7, 14.05, 6 ], "axis": "x", "angle": 22.5 },
	"faces": {
		"north": { "texture": "#0", "uv": [ 3, 3.5, 6, 4.5 ] },
		"east": { "texture": "#0", "uv": [ 3.5, 2.75, 4.5, 3.75 ] },
		"south": { "texture": "#0", "uv": [ 2.25, 4, 5.25, 5 ] },
		"west": { "texture": "#0", "uv": [ 5.25, 4.25, 6.25, 5.25 ] },
		"up": { "texture": "#0", "uv": [ 3, 2.75, 6, 3.75 ] },
		"down": { "texture": "#0", "uv": [ 1.75, 3.5, 5, 4.5 ] }
	}
},
{
	"from": [ 7, 13.65, 5.2 ], 
	"to": [ 8.95, 14.05, 6 ], 
	"faces": {
		"north": { "texture": "#0", "uv": [ 3, 3.5, 6, 4.5 ] },
		"east": { "texture": "#0", "uv": [ 3.5, 2.75, 4.5, 3.75 ] },
		"south": { "texture": "#0", "uv": [ 2.25, 4, 5.25, 5 ] },
		"west": { "texture": "#0", "uv": [ 5.25, 4.25, 6.25, 5.25 ] },
		"up": { "texture": "#0", "uv": [ 3, 2.75, 6, 3.75 ] },
		"down": { "texture": "#0", "uv": [ 1.75, 3.5, 5, 4.5 ] }
	}
},
{
	"from": [ 7, 12.8, 4.35 ], 
	"to": [ 8.95, 13.2, 5.55 ], 
	"rotation": { "origin": [ 7, 13.2, 4.35 ], "axis": "x", "angle": -45 },
	"faces": {
		"north": { "texture": "#0", "uv": [ 3, 3.5, 6, 4.5 ] },
		"east": { "texture": "#0", "uv": [ 3.5, 2.75, 4.5, 3.75 ] },
		"south": { "texture": "#0", "uv": [ 2.25, 4, 5.25, 5 ] },
		"west": { "texture": "#0", "uv": [ 5.25, 4.25, 6.25, 5.25 ] },
		"up": { "texture": "#0", "uv": [ 3, 2.75, 6, 3.75 ] },
		"down": { "texture": "#0", "uv": [ 1.75, 3.5, 5, 4.5 ] }
	}
},
{
	"from": [ 7, 12.55, 3.75 ], 
	"to": [ 8.95, 12.95, 4.55 ], 
	"rotation": { "origin": [ 7, 12.95, 3.75 ], "axis": "x", "angle": -22.5 },
	"faces": {
		"north": { "texture": "#0", "uv": [ 3, 3.5, 6, 4.5 ] },
		"east": { "texture": "#0", "uv": [ 3.5, 2.75, 4.5, 3.75 ] },
		"south": { "texture": "#0", "uv": [ 2.25, 4, 5.25, 5 ] },
		"west": { "texture": "#0", "uv": [ 5.25, 4.25, 6.25, 5.25 ] },
		"up": { "texture": "#0", "uv": [ 3, 2.75, 6, 3.75 ] },
		"down": { "texture": "#0", "uv": [ 1.75, 3.5, 5, 4.5 ] }
	}
},
{
	"from": [ 7, 12.5625, 3.875 ], 
	"to": [ 8.95, 12.8125, 5.375 ], 
	"faces": {
		"north": { "texture": "#0", "uv": [ 3, 3.5, 6, 4.5 ] },
		"east": { "texture": "#0", "uv": [ 3.5, 2.75, 4.5, 3.75 ] },
		"south": { "texture": "#0", "uv": [ 2.25, 4, 5.25, 5 ] },
		"west": { "texture": "#0", "uv": [ 5.25, 4.25, 6.25, 5.25 ] },
		"up": { "texture": "#0", "uv": [ 3, 2.75, 6, 3.75 ] },
		"down": { "texture": "#0", "uv": [ 1.75, 3.5, 5, 4.5 ] }
	}
},
{
	"from": [ 7, 12.625, 5.3125 ], 
	"to": [ 8.95, 12.875, 7.3375 ], 
	"rotation": { "origin": [ 7, 12.875, 5.3125 ], "axis": "x", "angle": 22.5 },
	"faces": {
		"north": { "texture": "#0", "uv": [ 3, 3.5, 6, 4.5 ] },
		"east": { "texture": "#0", "uv": [ 3.5, 2.75, 4.5, 3.75 ] },
		"south": { "texture": "#0", "uv": [ 2.25, 4, 5.25, 5 ] },
		"west": { "texture": "#0", "uv": [ 5.25, 4.25, 6.25, 5.25 ] },
		"up": { "texture": "#0", "uv": [ 3, 2.75, 6, 3.75 ] },
		"down": { "texture": "#0", "uv": [ 1.75, 3.5, 5, 4.5 ] }
	}
},
{
	"from": [ 7, 12.5625, 5.25 ], 
	"to": [ 8.95, 13.6875, 6.25 ], 
	"faces": {
		"north": { "texture": "#0", "uv": [ 3, 3.5, 6, 4.5 ] },
		"east": { "texture": "#0", "uv": [ 3.5, 2.75, 4.5, 3.75 ] },
		"south": { "texture": "#0", "uv": [ 2.25, 4, 5.25, 5 ] },
		"west": { "texture": "#0", "uv": [ 5.25, 4.25, 6.25, 5.25 ] },
		"up": { "texture": "#0", "uv": [ 3, 2.75, 6, 3.75 ] },
		"down": { "texture": "#0", "uv": [ 1.75, 3.5, 5, 4.5 ] }
	}
},
{
	"from": [ 7, 12.8125, 6.1875 ], 
	"to": [ 8.95, 13.75, 8.1875 ], 
	"rotation": { "origin": [ 7, 13.75, 6.1875 ], "axis": "x", "angle": 45 },
	"faces": {
		"north": { "texture": "#0", "uv": [ 3, 3.5, 6, 4.5 ] },
		"east": { "texture": "#0", "uv": [ 3.5, 2.75, 4.5, 3.75 ] },
		"south": { "texture": "#0", "uv": [ 2.25, 4, 5.25, 5 ] },
		"west": { "texture": "#0", "uv": [ 5.25, 4.25, 6.25, 5.25 ] },
		"up": { "texture": "#0", "uv": [ 3, 2.75, 6, 3.75 ] },
		"down": { "texture": "#0", "uv": [ 1.75, 3.5, 5, 4.5 ] }
	}
},
{
	"from": [ 7, 12.5625, 4.3125 ], 
	"to": [ 8.95, 13.125, 5.625 ], 
	"rotation": { "origin": [ 7, 13.125, 4.3125 ], "axis": "x", "angle": -22.5 },
	"faces": {
		"north": { "texture": "#0", "uv": [ 3, 3.5, 6, 4.5 ] },
		"east": { "texture": "#0", "uv": [ 3.5, 2.75, 4.5, 3.75 ] },
		"south": { "texture": "#0", "uv": [ 2.25, 4, 5.25, 5 ] },
		"west": { "texture": "#0", "uv": [ 5.25, 4.25, 6.25, 5.25 ] },
		"up": { "texture": "#0", "uv": [ 3, 2.75, 6, 3.75 ] },
		"down": { "texture": "#0", "uv": [ 1.75, 3.5, 5, 4.5 ] }
	}
},
{
	"from": [ 7, 12.625, 4.6875 ], 
	"to": [ 8.95, 13.375, 7.1875 ], 
	"faces": {
		"north": { "texture": "#0", "uv": [ 3, 3.5, 6, 4.5 ] },
		"east": { "texture": "#0", "uv": [ 3.5, 2.75, 4.5, 3.75 ] },
		"south": { "texture": "#0", "uv": [ 2.25, 4, 5.25, 5 ] },
		"west": { "texture": "#0", "uv": [ 5.25, 4.25, 6.25, 5.25 ] },
		"up": { "texture": "#0", "uv": [ 3, 2.75, 6, 3.75 ] },
		"down": { "texture": "#0", "uv": [ 1.75, 3.5, 5, 4.5 ] }
	}
},
{
	"from": [ 7, 14.5625, 5.875 ], 
	"to": [ 9, 14.625, 9.625 ], 
	"faces": {
		"up": { "texture": "#1", "uv": [ 0.5, 0, 4, 3.5 ] },
		"down": { "texture": "#1", "uv": [ 0.5, 3.5, 4, 0 ] }
	}
},
{
	"from": [ 7, 14.525, 8.9125 ], 
	"to": [ 9, 14.5875, 14.4125 ], 
	"rotation": { "origin": [ 8, 13.1875, 9.4125 ], "axis": "x", "angle": 22.5 },
	"faces": {
		"up": { "texture": "#1", "uv": [ 0.5, 4, 4, 9.5 ] },
		"down": { "texture": "#1", "uv": [ 0.5, 9.5, 4, 4 ] }
	}
},
{
	"from": [ 7, 12.225, 13.65 ], 
	"to": [ 9, 12.2875, 18 ], 
	"rotation": { "origin": [ 8, 11.3875, 14.45 ], "axis": "x", "angle": 45 },
	"faces": {
		"up": { "texture": "#1", "uv": [ 0.5, 11, 4, 15.5 ] },
		"down": { "texture": "#1", "uv": [ 0.5, 15.5, 4, 11 ] }
	}
},
{
	"from": [ 8.75, 8.75, 6.4375 ], 
	"to": [ 9.25, 9.65, 7.4375 ], 
	"rotation": { "origin": [ 8.75, 12.25, 6.4375 ], "axis": "x", "angle": -22.5 },
	"faces": {
		"north": { "texture": "#0", "uv": [ 3, 3.5, 6, 4.5 ] },
		"east": { "texture": "#0", "uv": [ 3.5, 2.75, 4.5, 3.75 ] },
		"south": { "texture": "#0", "uv": [ 2.25, 4, 5.25, 5 ] },
		"west": { "texture": "#0", "uv": [ 5.25, 4.25, 6.25, 5.25 ] },
		"up": { "texture": "#0", "uv": [ 3, 2.75, 6, 3.75 ] },
		"down": { "texture": "#0", "uv": [ 1.75, 3.5, 5, 4.5 ] }
	}
},
{
	"from": [ 6.999, 12.8125, 4.625 ], 
	"to": [ 7.0615, 13.25, 6 ], 
	"rotation": { "origin": [ 6.999, 13.25, 4.625 ], "axis": "x", "angle": -22.5 },
	"faces": {
		"east": { "texture": "#2", "uv": [ 16, 0, 0, 5.5 ] },
		"west": { "texture": "#2", "uv": [ 0, 0, 16, 5.5 ] }
	}
},
{
	"from": [ 8.888, 12.8125, 4.625 ], 
	"to": [ 8.9505, 13.25, 6 ], 
	"rotation": { "origin": [ 8.888, 13.25, 4.625 ], "axis": "x", "angle": -22.5 },
	"faces": {
		"north": { "texture": "#2", "uv": [ 8.75, 8.75, 9.25, 9.5 ] },
		"east": { "texture": "#2", "uv": [ 16, 0, 0, 5.5 ] },
		"south": { "texture": "#2", "uv": [ 7, 7.5, 7.5, 8.25 ] },
		"west": { "texture": "#2", "uv": [ 0, 0, 16, 5.5 ] },
		"up": { "texture": "#2", "uv": [ 7, 8.75, 7.5, 10 ] },
		"down": { "texture": "#2", "uv": [ 10.25, 7.5, 10.75, 8.75 ] }
	}
},
{
	"from": [ 7.475, 12.25, 2.775 ], 
	"to": [ 8.5875, 13.125, 3.6375 ], 
	"faces": {
		"north": { "texture": "#0", "uv": [ 3, 3.5, 6, 4.5 ] },
		"east": { "texture": "#0", "uv": [ 3.5, 2.75, 4.5, 3.75 ] },
		"south": { "texture": "#0", "uv": [ 2.25, 4, 5.25, 5 ] },
		"west": { "texture": "#0", "uv": [ 5.25, 4.25, 6.25, 5.25 ] },
		"up": { "texture": "#0", "uv": [ 3, 2.75, 6, 3.75 ] },
		"down": { "texture": "#0", "uv": [ 1.75, 3.5, 5, 4.5 ] }
	}
},
{
	"from": [ 8.3125, 12.375, 2.774 ], 
	"to": [ 8.375, 12.6, 3.274 ], 
	"rotation": { "origin": [ 8.3, 12.6, 8 ], "axis": "z", "angle": -22.5 },
	"faces": {
		"north": { "texture": "#2", "uv": [ 1, 13.5, 2.75, 15.25 ] }
	}
},
{
	"from": [ 7.5625, 12.375, 2.774 ], 
	"to": [ 7.625, 12.6, 3.274 ], 
	"rotation": { "origin": [ 7.7, 12.8, 8 ], "axis": "z", "angle": 22.5 },
	"faces": {
		"north": { "texture": "#2", "uv": [ 1, 13.5, 2.75, 15.25 ] }
	}
},
{
	"from": [ 7.45, 9.5625, 6.25 ], 
	"to": [ 8.55, 11.5625, 7.25 ], 
	"rotation": { "origin": [ 7.25, 12.0625, 6.25 ], "axis": "x", "angle": -22.5 },
	"faces": {
		"north": { "texture": "#0", "uv": [ 10.5, 5, 13.5, 6 ] },
		"east": { "texture": "#0", "uv": [ 10.75, 3.75, 11.75, 4.75 ] },
		"south": { "texture": "#0", "uv": [ 10.75, 3.5, 13.75, 4.5 ] },
		"west": { "texture": "#0", "uv": [ 12.25, 4.25, 13.25, 5.25 ] },
		"up": { "texture": "#0", "uv": [ 10.25, 3.5, 13.25, 4.5 ] },
		"down": { "texture": "#0", "uv": [ 10.5, 3.75, 13.75, 4.75 ] }
	}
},
{
	"from": [ 7.15, 9.625, 6.625 ], 
	"to": [ 7.45, 11.925, 7.625 ], 
	"rotation": { "origin": [ 6.75, 12.125, 6.625 ], "axis": "x", "angle": -22.5 },
	"faces": {
		"north": { "texture": "#0", "uv": [ 3, 3.5, 6, 4.5 ] },
		"east": { "texture": "#0", "uv": [ 3.5, 2.75, 4.5, 3.75 ] },
		"south": { "texture": "#0", "uv": [ 2.25, 4, 5.25, 5 ] },
		"west": { "texture": "#0", "uv": [ 5.25, 4.25, 6.25, 5.25 ] },
		"up": { "texture": "#0", "uv": [ 3, 2.75, 6, 3.75 ] },
		"down": { "texture": "#0", "uv": [ 1.75, 3.5, 5, 4.5 ] }
	}
},
{
	"from": [ 8.55, 9.65, 6.4375 ], 
	"to": [ 8.85, 12.15, 7.4375 ], 
	"rotation": { "origin": [ 8.75, 12.25, 6.4375 ], "axis": "x", "angle": -22.5 },
	"faces": {
		"north": { "texture": "#0", "uv": [ 3, 3.5, 6, 4.5 ] },
		"east": { "texture": "#0", "uv": [ 3.5, 2.75, 4.5, 3.75 ] },
		"south": { "texture": "#0", "uv": [ 2.25, 4, 5.25, 5 ] },
		"west": { "texture": "#0", "uv": [ 5.25, 4.25, 6.25, 5.25 ] },
		"up": { "texture": "#0", "uv": [ 3, 2.75, 6, 3.75 ] },
		"down": { "texture": "#0", "uv": [ 1.75, 3.5, 5, 4.5 ] }
	}
},
{
	"from": [ 6.95, 6, 7.2 ], 
	"to": [ 9.05, 6.5, 7.55 ], 
	"faces": {
		"north": { "texture": "#0", "uv": [ 3, 3.5, 6, 4.5 ] },
		"east": { "texture": "#0", "uv": [ 3.5, 2.75, 4.5, 3.75 ] },
		"south": { "texture": "#0", "uv": [ 2.25, 4, 5.25, 5 ] },
		"west": { "texture": "#0", "uv": [ 5.25, 4.25, 6.25, 5.25 ] },
		"up": { "texture": "#0", "uv": [ 3, 2.75, 6, 3.75 ] },
		"down": { "texture": "#0", "uv": [ 1.75, 3.5, 5, 4.5 ] }
	}
},
{
	"from": [ 6.95, 6.5, 7.2 ], 
	"to": [ 9.05, 8.7, 7.5 ], 
	"faces": {
		"north": { "texture": "#0", "uv": [ 10.5, 5, 13.5, 6 ] },
		"east": { "texture": "#0", "uv": [ 10.75, 3.75, 11.75, 4.75 ] },
		"south": { "texture": "#0", "uv": [ 10.75, 3.5, 13.75, 4.5 ] },
		"west": { "texture": "#0", "uv": [ 12.25, 4.25, 13.25, 5.25 ] },
		"up": { "texture": "#0", "uv": [ 10.25, 3.5, 13.25, 4.5 ] },
		"down": { "texture": "#0", "uv": [ 10.5, 3.75, 13.75, 4.75 ] }
	}
},
{
	"from": [ 6.95, 5.4, 7.2 ], 
	"to": [ 9.05, 6, 7.5 ], 
	"faces": {
		"north": { "texture": "#0", "uv": [ 10.5, 5, 13.5, 6 ] },
		"east": { "texture": "#0", "uv": [ 10.75, 3.75, 11.75, 4.75 ] },
		"south": { "texture": "#0", "uv": [ 10.75, 3.5, 13.75, 4.5 ] },
		"west": { "texture": "#0", "uv": [ 12.25, 4.25, 13.25, 5.25 ] },
		"up": { "texture": "#0", "uv": [ 10.25, 3.5, 13.25, 4.5 ] },
		"down": { "texture": "#0", "uv": [ 10.5, 3.75, 13.75, 4.75 ] }
	}
},
{
	"from": [ 7.25, 8.7, 7.3 ], 
	"to": [ 8.75, 9.1, 7.5 ], 
	"faces": {
		"north": { "texture": "#0", "uv": [ 10.5, 5, 13.5, 6 ] },
		"east": { "texture": "#0", "uv": [ 10.75, 3.75, 11.75, 4.75 ] },
		"south": { "texture": "#0", "uv": [ 10.75, 3.5, 13.75, 4.5 ] },
		"west": { "texture": "#0", "uv": [ 12.25, 4.25, 13.25, 5.25 ] },
		"up": { "texture": "#0", "uv": [ 10.25, 3.5, 13.25, 4.5 ] },
		"down": { "texture": "#0", "uv": [ 10.5, 3.75, 13.75, 4.75 ] }
	}
}
],
"display": {
	"head": {
		"translation": [ 0, -17, -1 ],
		"scale": [ 3.3, 3.3, 3.3 ]
	},
	"thirdperson_lefthand": {
			"rotation":  [ 70, 0, 0 ],
			"translation":  [ -6, -2.5, 5 ],
			"scale":  [ 2.1, 2.1, 2.1 ]
		},
		"thirdperson_righthand": {
			"rotation":  [ 70, 0, 0 ],
			"translation":  [ -6, -2.5, 5 ],
			"scale":  [ 2.1, 2.1, 2.1 ]
		},
		"firstperson_righthand": {
			"scale":  [ 0, 0, 0 ]
		},
		"firstperson_lefthand": {
			"scale":  [ 0, 0, 0 ]
		},
		"gui": {
			"scale":  [ 0, 0, 0 ]
		},
		"ground": {
			"scale":  [ 0, 0, 0 ]
		}
}
}