{
"__comment": "Made by MadstonMagic Cubik Pro, Copyright � MadstonMagic Modeling 2015-2017. All rights reserved",
"elements": [ 
{
    "from": [ 6.5, 5, 6.5 ],
    "to": [ 9.5, 8, 9.5 ],
    "faces": {
        "down":  { "uv": [ 10.5, 2, 13.5, 5 ], "texture": "#texture" },
        "up":    { "uv": [ 12, 3, 15, 6 ], "texture": "#texture" },
        "north": { "uv": [ 10.5, 2.5, 13.5, 5.5 ], "texture": "#texture" },
        "south": { "uv": [ 10, 2.5, 13, 5.5 ], "texture": "#texture" },
        "west":  { "uv": [ 11, 2, 14, 5 ], "texture": "#texture" },
        "east":  { "uv": [ 11.5, 2, 14.5, 5 ], "texture": "#texture" }
    }
},
{
    "from": [ 6.75, 4.75, 6.75 ],
    "to": [ 9.25, 8.25, 9.25 ],
    "faces": {
        "down":  { "uv": [ 10.5, 2, 13.5, 5 ], "texture": "#texture" },
        "up":    { "uv": [ 12, 3, 15, 6 ], "texture": "#texture" },
        "north": { "uv": [ 10.5, 2.5, 13.5, 5.5 ], "texture": "#texture" },
        "south": { "uv": [ 10, 2.5, 13, 5.5 ], "texture": "#texture" },
        "west":  { "uv": [ 11, 2, 14, 5 ], "texture": "#texture" },
        "east":  { "uv": [ 11.5, 2, 14.5, 5 ], "texture": "#texture" }
    }
},
{
    "from": [ 6.75, 5.25, 6.25 ],
    "to": [ 9.25, 7.75, 9.75 ],
    "faces": {
        "down":  { "uv": [ 10.5, 2, 13.5, 5 ], "texture": "#texture" },
        "up":    { "uv": [ 12, 3, 15, 6 ], "texture": "#texture" },
        "north": { "uv": [ 10.5, 2.5, 13.5, 5.5 ], "texture": "#texture" },
        "south": { "uv": [ 10, 2.5, 13, 5.5 ], "texture": "#texture" },
        "west":  { "uv": [ 11, 2, 14, 5 ], "texture": "#texture" },
        "east":  { "uv": [ 11.5, 2, 14.5, 5 ], "texture": "#texture" }
    }
},
{
    "from": [ 6.25, 5.25, 6.75 ],
    "to": [ 9.75, 7.75, 9.25 ],
    "faces": {
        "down":  { "uv": [ 10.5, 2, 13.5, 5 ], "texture": "#texture" },
        "up":    { "uv": [ 12, 3, 15, 6 ], "texture": "#texture" },
        "north": { "uv": [ 10.5, 2.5, 13.5, 5.5 ], "texture": "#texture" },
        "south": { "uv": [ 10, 2.5, 13, 5.5 ], "texture": "#texture" },
        "west":  { "uv": [ 11, 2, 14, 5 ], "texture": "#texture" },
        "east":  { "uv": [ 11.5, 2, 14.5, 5 ], "texture": "#texture" }
    }
},
{
    "from": [ 6.75, 4.5625, 8.7825 ],
    "to": [ 9.25, 5.25, 9.47 ],
    "rotation": { "origin": [ 6.75, 5.25, 8.7825 ], "axis": "x", "angle": -45 },
    "faces": {
        "down":  { "uv": [ 10.5, 2, 13.5, 5 ], "texture": "#texture" },
        "up":    { "uv": [ 12, 3, 15, 6 ], "texture": "#texture" },
        "north": { "uv": [ 10.5, 2.5, 13.5, 5.5 ], "texture": "#texture" },
        "south": { "uv": [ 10, 2.5, 13, 5.5 ], "texture": "#texture" },
        "west":  { "uv": [ 11, 2, 14, 5 ], "texture": "#texture" },
        "east":  { "uv": [ 11.5, 2, 14.5, 5 ], "texture": "#texture" }
    }
},
{
    "from": [ 8.7825, 4.5425, 6.75 ],
    "to": [ 9.47, 5.23, 9.25 ],
    "rotation": { "origin": [ 8.7825, 5.23, 6.75 ], "axis": "z", "angle": 45 },
    "faces": {
        "down":  { "uv": [ 10.5, 2, 13.5, 5 ], "texture": "#texture" },
        "up":    { "uv": [ 12, 3, 15, 6 ], "texture": "#texture" },
        "north": { "uv": [ 10.5, 2.5, 13.5, 5.5 ], "texture": "#texture" },
        "south": { "uv": [ 10, 2.5, 13, 5.5 ], "texture": "#texture" },
        "west":  { "uv": [ 11, 2, 14, 5 ], "texture": "#texture" },
        "east":  { "uv": [ 11.5, 2, 14.5, 5 ], "texture": "#texture" }
    }
},
{
    "from": [ 6.75, 5.0325, 6.73 ],
    "to": [ 9.25, 5.72, 7.4175 ],
    "rotation": { "origin": [ 6.75, 5.72, 6.73 ], "axis": "x", "angle": 45 },
    "faces": {
        "down":  { "uv": [ 10.5, 2, 13.5, 5 ], "texture": "#texture" },
        "up":    { "uv": [ 12, 3, 15, 6 ], "texture": "#texture" },
        "north": { "uv": [ 10.5, 2.5, 13.5, 5.5 ], "texture": "#texture" },
        "south": { "uv": [ 10, 2.5, 13, 5.5 ], "texture": "#texture" },
        "west":  { "uv": [ 11, 2, 14, 5 ], "texture": "#texture" },
        "east":  { "uv": [ 11.5, 2, 14.5, 5 ], "texture": "#texture" }
    }
},
{
    "from": [ 6.73, 5.0325, 6.75 ],
    "to": [ 7.4175, 5.72, 9.25 ],
    "rotation": { "origin": [ 6.73, 5.72, 6.75 ], "axis": "z", "angle": -45 },
    "faces": {
        "down":  { "uv": [ 10.5, 2, 13.5, 5 ], "texture": "#texture" },
        "up":    { "uv": [ 12, 3, 15, 6 ], "texture": "#texture" },
        "north": { "uv": [ 10.5, 2.5, 13.5, 5.5 ], "texture": "#texture" },
        "south": { "uv": [ 10, 2.5, 13, 5.5 ], "texture": "#texture" },
        "west":  { "uv": [ 11, 2, 14, 5 ], "texture": "#texture" },
        "east":  { "uv": [ 11.5, 2, 14.5, 5 ], "texture": "#texture" }
    }
},
{
    "from": [ 6.25, 7.0625, 6.75 ],
    "to": [ 6.9375, 7.75, 9.25 ],
    "rotation": { "origin": [ 6.25, 7.75, 6.75 ], "axis": "z", "angle": 45 },
    "faces": {
        "down":  { "uv": [ 10.5, 2, 13.5, 5 ], "texture": "#texture" },
        "up":    { "uv": [ 12, 3, 15, 6 ], "texture": "#texture" },
        "north": { "uv": [ 10.5, 2.5, 13.5, 5.5 ], "texture": "#texture" },
        "south": { "uv": [ 10, 2.5, 13, 5.5 ], "texture": "#texture" },
        "west":  { "uv": [ 11, 2, 14, 5 ], "texture": "#texture" },
        "east":  { "uv": [ 11.5, 2, 14.5, 5 ], "texture": "#texture" }
    }
},
{
    "from": [ 9.25, 7.5625, 6.75 ],
    "to": [ 9.9375, 8.25, 9.25 ],
    "rotation": { "origin": [ 9.25, 8.25, 6.75 ], "axis": "z", "angle": -45 },
    "faces": {
        "down":  { "uv": [ 10.5, 2, 13.5, 5 ], "texture": "#texture" },
        "up":    { "uv": [ 12, 3, 15, 6 ], "texture": "#texture" },
        "north": { "uv": [ 10.5, 2.5, 13.5, 5.5 ], "texture": "#texture" },
        "south": { "uv": [ 10, 2.5, 13, 5.5 ], "texture": "#texture" },
        "west":  { "uv": [ 11, 2, 14, 5 ], "texture": "#texture" },
        "east":  { "uv": [ 11.5, 2, 14.5, 5 ], "texture": "#texture" }
    }
},
{
    "from": [ 6.75, 7.0625, 6.25 ],
    "to": [ 9.25, 7.75, 6.9375 ],
    "rotation": { "origin": [ 6.75, 7.75, 6.25 ], "axis": "x", "angle": -45 },
    "faces": {
        "down":  { "uv": [ 10.5, 2, 13.5, 5 ], "texture": "#texture" },
        "up":    { "uv": [ 12, 3, 15, 6 ], "texture": "#texture" },
        "north": { "uv": [ 10.5, 2.5, 13.5, 5.5 ], "texture": "#texture" },
        "south": { "uv": [ 10, 2.5, 13, 5.5 ], "texture": "#texture" },
        "west":  { "uv": [ 11, 2, 14, 5 ], "texture": "#texture" },
        "east":  { "uv": [ 11.5, 2, 14.5, 5 ], "texture": "#texture" }
    }
},
{
    "from": [ 6.75, 7.5625, 9.25 ],
    "to": [ 9.25, 8.25, 9.9375 ],
    "rotation": { "origin": [ 6.75, 8.25, 9.25 ], "axis": "x", "angle": 45 },
    "faces": {
        "down":  { "uv": [ 10.5, 2, 13.5, 5 ], "texture": "#texture" },
        "up":    { "uv": [ 12, 3, 15, 6 ], "texture": "#texture" },
        "north": { "uv": [ 10.5, 2.5, 13.5, 5.5 ], "texture": "#texture" },
        "south": { "uv": [ 10, 2.5, 13, 5.5 ], "texture": "#texture" },
        "west":  { "uv": [ 11, 2, 14, 5 ], "texture": "#texture" },
        "east":  { "uv": [ 11.5, 2, 14.5, 5 ], "texture": "#texture" }
    }
},
{
    "from": [ 6.249, 5.5, 8 ],
    "to": [ 6.3115, 5.6875, 8.125 ],
    "faces": {
        "down":  { "uv": [ 9.25, 11.5, 9.75, 12 ], "texture": "#texture" },
        "up":    { "uv": [ 9, 11.25, 9.5, 11.75 ], "texture": "#texture" },
        "north": { "uv": [ 9.5, 11, 10, 11.75 ], "texture": "#texture" },
        "south": { "uv": [ 9.25, 11.25, 9.75, 12 ], "texture": "#texture" },
        "west":  { "uv": [ 9.25, 11, 9.75, 11.75 ], "texture": "#texture" },
        "east":  { "uv": [ 9.25, 11, 9.75, 11.75 ], "texture": "#texture" }
    }
},
{
    "__comment": "hat",
    "from": [ 6.2, 6.3, 6.2 ],
    "to": [ 9.8, 8.2, 6.6 ],
    "faces": {
        "down":  { "uv": [ 4, 2.75, 7, 5.75 ], "texture": "#texture" },
        "up":    { "uv": [ 2.75, 2.75, 5.75, 5.75 ], "texture": "#texture" },
        "north": { "uv": [ 2.75, 2.75, 5.75, 5.75 ], "texture": "#texture" },
        "south": { "uv": [ 3.75, 1.5, 6.75, 4.5 ], "texture": "#texture" },
        "west":  { "uv": [ 1.25, 2, 4.25, 5 ], "texture": "#texture" },
        "east":  { "uv": [ 3, 2.75, 6, 5.75 ], "texture": "#texture" }
    }
},
{
    "__comment": "hat",
    "from": [ 6.5, 8.3, 6.5 ],
    "to": [ 9.5, 8.5, 9.5 ],
    "faces": {
        "down":  { "uv": [ 4, 2.75, 7, 5.75 ], "texture": "#texture" },
        "up":    { "uv": [ 2.75, 2.75, 5.75, 5.75 ], "texture": "#texture" },
        "north": { "uv": [ 2.75, 2.75, 5.75, 5.75 ], "texture": "#texture" },
        "south": { "uv": [ 3.75, 1.5, 6.75, 4.5 ], "texture": "#texture" },
        "west":  { "uv": [ 1.25, 2, 4.25, 5 ], "texture": "#texture" },
        "east":  { "uv": [ 3, 2.75, 6, 5.75 ], "texture": "#texture" }
    }
},
{
    "__comment": "hat",
    "from": [ 6.5, 6.3, 5.9 ],
    "to": [ 9.5, 7.9, 6.25 ],
    "faces": {
        "down":  { "uv": [ 4, 2.75, 7, 5.75 ], "texture": "#texture" },
        "up":    { "uv": [ 2.75, 2.75, 5.75, 5.75 ], "texture": "#texture" },
        "north": { "uv": [ 2.75, 2.75, 5.75, 5.75 ], "texture": "#texture" },
        "south": { "uv": [ 3.75, 1.5, 6.75, 4.5 ], "texture": "#texture" },
        "west":  { "uv": [ 1.25, 2, 4.25, 5 ], "texture": "#texture" },
        "east":  { "uv": [ 3, 2.75, 6, 5.75 ], "texture": "#texture" }
    }
},
{
    "__comment": "hat",
    "from": [ 5.9, 6.3, 6.5 ],
    "to": [ 6.2, 7.9, 9.5 ],
    "faces": {
        "down":  { "uv": [ 4, 2.75, 7, 5.75 ], "texture": "#texture" },
        "up":    { "uv": [ 2.75, 2.75, 5.75, 5.75 ], "texture": "#texture" },
        "north": { "uv": [ 2.75, 2.75, 5.75, 5.75 ], "texture": "#texture" },
        "south": { "uv": [ 3.75, 1.5, 6.75, 4.5 ], "texture": "#texture" },
        "west":  { "uv": [ 1.25, 2, 4.25, 5 ], "texture": "#texture" },
        "east":  { "uv": [ 3, 2.75, 6, 5.75 ], "texture": "#texture" }
    }
},
{
    "__comment": "hat",
    "from": [ 5.9, 7.075, 6.5 ],
    "to": [ 6.725, 7.9, 9.5 ],
    "rotation": { "origin": [ 5.9, 7.9, 6.5 ], "axis": "z", "angle": 45 },
    "faces": {
        "down":  { "uv": [ 4, 2.75, 7, 5.75 ], "texture": "#texture" },
        "up":    { "uv": [ 2.75, 2.75, 5.75, 5.75 ], "texture": "#texture" },
        "north": { "uv": [ 2.75, 2.75, 5.75, 5.75 ], "texture": "#texture" },
        "south": { "uv": [ 3.75, 1.5, 6.75, 4.5 ], "texture": "#texture" },
        "west":  { "uv": [ 1.25, 2, 4.25, 5 ], "texture": "#texture" },
        "east":  { "uv": [ 3, 2.75, 6, 5.75 ], "texture": "#texture" }
    }
},
{
    "__comment": "hat",
    "from": [ 9.5, 7.675, 6.5 ],
    "to": [ 10.325, 8.5, 9.5 ],
    "rotation": { "origin": [ 9.5, 8.5, 6.5 ], "axis": "z", "angle": -45 },
    "faces": {
        "down":  { "uv": [ 4, 2.75, 7, 5.75 ], "texture": "#texture" },
        "up":    { "uv": [ 2.75, 2.75, 5.75, 5.75 ], "texture": "#texture" },
        "north": { "uv": [ 2.75, 2.75, 5.75, 5.75 ], "texture": "#texture" },
        "south": { "uv": [ 3.75, 1.5, 6.75, 4.5 ], "texture": "#texture" },
        "west":  { "uv": [ 1.25, 2, 4.25, 5 ], "texture": "#texture" },
        "east":  { "uv": [ 3, 2.75, 6, 5.75 ], "texture": "#texture" }
    }
},
{
    "__comment": "hat",
    "from": [ 6.5, 7.075, 5.9 ],
    "to": [ 9.5, 7.9, 6.725 ],
    "rotation": { "origin": [ 6.5, 7.9, 5.9 ], "axis": "x", "angle": -45 },
    "faces": {
        "down":  { "uv": [ 4, 2.75, 7, 5.75 ], "texture": "#texture" },
        "up":    { "uv": [ 2.75, 2.75, 5.75, 5.75 ], "texture": "#texture" },
        "north": { "uv": [ 2.75, 2.75, 5.75, 5.75 ], "texture": "#texture" },
        "south": { "uv": [ 3.75, 1.5, 6.75, 4.5 ], "texture": "#texture" },
        "west":  { "uv": [ 1.25, 2, 4.25, 5 ], "texture": "#texture" },
        "east":  { "uv": [ 3, 2.75, 6, 5.75 ], "texture": "#texture" }
    }
},
{
    "__comment": "hat",
    "from": [ 6.5, 7.675, 9.5 ],
    "to": [ 9.5, 8.5, 10.325 ],
    "rotation": { "origin": [ 6.5, 8.5, 9.5 ], "axis": "x", "angle": 45 },
    "faces": {
        "down":  { "uv": [ 4, 2.75, 7, 5.75 ], "texture": "#texture" },
        "up":    { "uv": [ 2.75, 2.75, 5.75, 5.75 ], "texture": "#texture" },
        "north": { "uv": [ 2.75, 2.75, 5.75, 5.75 ], "texture": "#texture" },
        "south": { "uv": [ 3.75, 1.5, 6.75, 4.5 ], "texture": "#texture" },
        "west":  { "uv": [ 1.25, 2, 4.25, 5 ], "texture": "#texture" },
        "east":  { "uv": [ 3, 2.75, 6, 5.75 ], "texture": "#texture" }
    }
},
{
    "__comment": "hat*",
    "from": [ 9.8, 6.3, 6.5 ],
    "to": [ 10.1, 7.9, 9.5 ],
    "faces": {
        "down":  { "uv": [ 4, 2.75, 7, 5.75 ], "texture": "#texture" },
        "up":    { "uv": [ 2.75, 2.75, 5.75, 5.75 ], "texture": "#texture" },
        "north": { "uv": [ 2.75, 2.75, 5.75, 5.75 ], "texture": "#texture" },
        "south": { "uv": [ 3.75, 1.5, 6.75, 4.5 ], "texture": "#texture" },
        "west":  { "uv": [ 1.25, 2, 4.25, 5 ], "texture": "#texture" },
        "east":  { "uv": [ 3, 2.75, 6, 5.75 ], "texture": "#texture" }
    }
},
{
    "__comment": "hat*",
    "from": [ 6.5, 6.3, 9.8 ],
    "to": [ 9.5, 7.9, 10.1 ],
    "faces": {
        "down":  { "uv": [ 4, 2.75, 7, 5.75 ], "texture": "#texture" },
        "up":    { "uv": [ 2.75, 2.75, 5.75, 5.75 ], "texture": "#texture" },
        "north": { "uv": [ 2.75, 2.75, 5.75, 5.75 ], "texture": "#texture" },
        "south": { "uv": [ 3.75, 1.5, 6.75, 4.5 ], "texture": "#texture" },
        "west":  { "uv": [ 1.25, 2, 4.25, 5 ], "texture": "#texture" },
        "east":  { "uv": [ 3, 2.75, 6, 5.75 ], "texture": "#texture" }
    }
},
{
    "__comment": "hat*",
    "from": [ 6.2, 6.3, 9.4 ],
    "to": [ 9.8, 8.2, 9.8 ],
    "faces": {
        "down":  { "uv": [ 4, 2.75, 7, 5.75 ], "texture": "#texture" },
        "up":    { "uv": [ 2.75, 2.75, 5.75, 5.75 ], "texture": "#texture" },
        "north": { "uv": [ 2.75, 2.75, 5.75, 5.75 ], "texture": "#texture" },
        "south": { "uv": [ 3.75, 1.5, 6.75, 4.5 ], "texture": "#texture" },
        "west":  { "uv": [ 1.25, 2, 4.25, 5 ], "texture": "#texture" },
        "east":  { "uv": [ 3, 2.75, 6, 5.75 ], "texture": "#texture" }
    }
},
{
    "__comment": "hat*",
    "from": [ 6.2, 6.3, 6.6 ],
    "to": [ 6.6, 8.2, 9.4 ],
    "faces": {
        "down":  { "uv": [ 4, 2.75, 7, 5.75 ], "texture": "#texture" },
        "up":    { "uv": [ 2.75, 2.75, 5.75, 5.75 ], "texture": "#texture" },
        "north": { "uv": [ 2.75, 2.75, 5.75, 5.75 ], "texture": "#texture" },
        "south": { "uv": [ 3.75, 1.5, 6.75, 4.5 ], "texture": "#texture" },
        "west":  { "uv": [ 1.25, 2, 4.25, 5 ], "texture": "#texture" },
        "east":  { "uv": [ 3, 2.75, 6, 5.75 ], "texture": "#texture" }
    }
},
{
    "__comment": "hat*",
    "from": [ 9.4, 6.3, 6.6 ],
    "to": [ 9.8, 8.2, 9.4 ],
    "faces": {
        "down":  { "uv": [ 4, 2.75, 7, 5.75 ], "texture": "#texture" },
        "up":    { "uv": [ 2.75, 2.75, 5.75, 5.75 ], "texture": "#texture" },
        "north": { "uv": [ 2.75, 2.75, 5.75, 5.75 ], "texture": "#texture" },
        "south": { "uv": [ 3.75, 1.5, 6.75, 4.5 ], "texture": "#texture" },
        "west":  { "uv": [ 1.25, 2, 4.25, 5 ], "texture": "#texture" },
        "east":  { "uv": [ 3, 2.75, 6, 5.75 ], "texture": "#texture" }
    }
},
{
    "from": [ 4.5, 5.75, 7.75 ],
    "to": [ 6.25, 8.75, 8.25 ],
    "rotation": { "origin": [ 4.5, 8.75, 7.75 ], "axis": "z", "angle": 45 },
    "faces": {
        "down":  { "uv": [ 2.75, 10, 4.5, 10.5 ], "texture": "#texture" },
        "up":    { "uv": [ 3, 10.75, 4.75, 11.25 ], "texture": "#texture" },
        "north": { "uv": [ 2.75, 10.75, 4.5, 13.75 ], "texture": "#texture" },
        "south": { "uv": [ 3.25, 9.5, 5, 12.5 ], "texture": "#texture" },
        "west":  { "uv": [ 6, 9.25, 6.5, 12.25 ], "texture": "#texture" },
        "east":  { "uv": [ 5.25, 9.5, 5.75, 12.5 ], "texture": "#texture" }
    }
},
{
    "from": [ 5.25, 6.75, 7.75 ],
    "to": [ 5.75, 8.25, 8.25 ],
    "rotation": { "origin": [ 5.25, 8.25, 7.75 ], "axis": "z", "angle": 22.5 },
    "faces": {
        "down":  { "uv": [ 2.75, 10, 4.5, 10.5 ], "texture": "#texture" },
        "up":    { "uv": [ 3, 10.75, 4.75, 11.25 ], "texture": "#texture" },
        "north": { "uv": [ 2.75, 10.75, 4.5, 13.75 ], "texture": "#texture" },
        "south": { "uv": [ 3.25, 9.5, 5, 12.5 ], "texture": "#texture" },
        "west":  { "uv": [ 6, 9.25, 6.5, 12.25 ], "texture": "#texture" },
        "east":  { "uv": [ 5.25, 9.5, 5.75, 12.5 ], "texture": "#texture" }
    }
},
{
    "from": [ 6.3125, 8.625, 7.75 ],
    "to": [ 8.0625, 9.125, 8.25 ],
    "rotation": { "origin": [ 6.3125, 9.125, 7.75 ], "axis": "z", "angle": -22.5 },
    "faces": {
        "down":  { "uv": [ 2.75, 10, 4.5, 10.5 ], "texture": "#texture" },
        "up":    { "uv": [ 3, 10.75, 4.75, 11.25 ], "texture": "#texture" },
        "north": { "uv": [ 2.75, 10.75, 4.5, 13.75 ], "texture": "#texture" },
        "south": { "uv": [ 3.25, 9.5, 5, 12.5 ], "texture": "#texture" },
        "west":  { "uv": [ 6, 9.25, 6.5, 12.25 ], "texture": "#texture" },
        "east":  { "uv": [ 5.25, 9.5, 5.75, 12.5 ], "texture": "#texture" }
    }
},
{
    "from": [ 4.5625, 8.8125, 7.75 ],
    "to": [ 5.8125, 9.0625, 8.25 ],
    "rotation": { "origin": [ 4.5625, 9.0625, 7.75 ], "axis": "z", "angle": 45 },
    "faces": {
        "down":  { "uv": [ 2.75, 10, 4.5, 10.5 ], "texture": "#texture" },
        "up":    { "uv": [ 3, 10.75, 4.75, 11.25 ], "texture": "#texture" },
        "north": { "uv": [ 2.75, 10.75, 4.5, 13.75 ], "texture": "#texture" },
        "south": { "uv": [ 3.25, 9.5, 5, 12.5 ], "texture": "#texture" },
        "west":  { "uv": [ 6, 9.25, 6.5, 12.25 ], "texture": "#texture" },
        "east":  { "uv": [ 5.25, 9.5, 5.75, 12.5 ], "texture": "#texture" }
    }
},
{
    "from": [ 10, 7.5, 7.75 ],
    "to": [ 11.5, 9.5, 8.25 ],
    "rotation": { "origin": [ 10, 9.5, 7.75 ], "axis": "z", "angle": -45 },
    "faces": {
        "down":  { "uv": [ 2.75, 10, 4.5, 10.5 ], "texture": "#texture" },
        "up":    { "uv": [ 3, 10.75, 4.75, 11.25 ], "texture": "#texture" },
        "north": { "uv": [ 2.75, 10.75, 4.5, 13.75 ], "texture": "#texture" },
        "south": { "uv": [ 3.25, 9.5, 5, 12.5 ], "texture": "#texture" },
        "west":  { "uv": [ 6, 9.25, 6.5, 12.25 ], "texture": "#texture" },
        "east":  { "uv": [ 5.25, 9.5, 5.75, 12.5 ], "texture": "#texture" }
    }
},
{
    "from": [ 10.3125, 9.1875, 7.75 ],
    "to": [ 11.3125, 9.4375, 8.25 ],
    "rotation": { "origin": [ 10.3125, 9.4375, 7.75 ], "axis": "z", "angle": -45 },
    "faces": {
        "down":  { "uv": [ 2.75, 10, 4.5, 10.5 ], "texture": "#texture" },
        "up":    { "uv": [ 3, 10.75, 4.75, 11.25 ], "texture": "#texture" },
        "north": { "uv": [ 2.75, 10.75, 4.5, 13.75 ], "texture": "#texture" },
        "south": { "uv": [ 3.25, 9.5, 5, 12.5 ], "texture": "#texture" },
        "west":  { "uv": [ 6, 9.25, 6.5, 12.25 ], "texture": "#texture" },
        "east":  { "uv": [ 5.25, 9.5, 5.75, 12.5 ], "texture": "#texture" }
    }
},
{
    "from": [ 7.5, 4, 7.5 ],
    "to": [ 8.5, 4.75, 8.5 ],
    "faces": {
        "down":  { "uv": [ 10.5, 2, 13.5, 5 ], "texture": "#texture" },
        "up":    { "uv": [ 12, 3, 15, 6 ], "texture": "#texture" },
        "north": { "uv": [ 10.5, 2.5, 13.5, 5.5 ], "texture": "#texture" },
        "south": { "uv": [ 10, 2.5, 13, 5.5 ], "texture": "#texture" },
        "west":  { "uv": [ 11, 2, 14, 5 ], "texture": "#texture" },
        "east":  { "uv": [ 11.5, 2, 14.5, 5 ], "texture": "#texture" }
    }
},
{
    "from": [ 7.5, 3, 7 ],
    "to": [ 8.5, 4, 9 ],
    "faces": {
        "down":  { "uv": [ 10.5, 2, 13.5, 5 ], "texture": "#texture" },
        "up":    { "uv": [ 12, 3, 15, 6 ], "texture": "#texture" },
        "north": { "uv": [ 10.5, 2.5, 13.5, 5.5 ], "texture": "#texture" },
        "south": { "uv": [ 10, 2.5, 13, 5.5 ], "texture": "#texture" },
        "west":  { "uv": [ 11, 2, 14, 5 ], "texture": "#texture" },
        "east":  { "uv": [ 11.5, 2, 14.5, 5 ], "texture": "#texture" }
    }
},
{
    "from": [ 7.75, 1.25, 7 ],
    "to": [ 8.75, 3.5, 9 ],
    "rotation": { "origin": [ 7.75, 3.5, 7 ], "axis": "z", "angle": -45 },
    "faces": {
        "down":  { "uv": [ 10.5, 2, 13.5, 5 ], "texture": "#texture" },
        "up":    { "uv": [ 12, 3, 15, 6 ], "texture": "#texture" },
        "north": { "uv": [ 10.5, 2.5, 13.5, 5.5 ], "texture": "#texture" },
        "south": { "uv": [ 10, 2.5, 13, 5.5 ], "texture": "#texture" },
        "west":  { "uv": [ 11, 2, 14, 5 ], "texture": "#texture" },
        "east":  { "uv": [ 11.5, 2, 14.5, 5 ], "texture": "#texture" }
    }
},
{
    "from": [ 6.1875, 0.4375, 6.5 ],
    "to": [ 7.1875, 1.9375, 7.75 ],
    "rotation": { "origin": [ 6.1875, 1.9375, 6.5 ], "axis": "z", "angle": -22.5 },
    "faces": {
        "down":  { "uv": [ 10.5, 2, 13.5, 5 ], "texture": "#texture" },
        "up":    { "uv": [ 12, 3, 15, 6 ], "texture": "#texture" },
        "north": { "uv": [ 10.5, 2.5, 13.5, 5.5 ], "texture": "#texture" },
        "south": { "uv": [ 10, 2.5, 13, 5.5 ], "texture": "#texture" },
        "west":  { "uv": [ 11, 2, 14, 5 ], "texture": "#texture" },
        "east":  { "uv": [ 11.5, 2, 14.5, 5 ], "texture": "#texture" }
    }
},
{
    "from": [ 6.1875, 0.4375, 8.25 ],
    "to": [ 7.1875, 1.9375, 9.5 ],
    "rotation": { "origin": [ 6.1875, 1.9375, 8.25 ], "axis": "z", "angle": -22.5 },
    "faces": {
        "down":  { "uv": [ 10.5, 2, 13.5, 5 ], "texture": "#texture" },
        "up":    { "uv": [ 12, 3, 15, 6 ], "texture": "#texture" },
        "north": { "uv": [ 10.5, 2.5, 13.5, 5.5 ], "texture": "#texture" },
        "south": { "uv": [ 10, 2.5, 13, 5.5 ], "texture": "#texture" },
        "west":  { "uv": [ 11, 2, 14, 5 ], "texture": "#texture" },
        "east":  { "uv": [ 11.5, 2, 14.5, 5 ], "texture": "#texture" }
    }
},
{
    "from": [ 6.5, 0.25, 7 ],
    "to": [ 8.25, 2.25, 9 ],
    "faces": {
        "down":  { "uv": [ 10.5, 2, 13.5, 5 ], "texture": "#texture" },
        "up":    { "uv": [ 12, 3, 15, 6 ], "texture": "#texture" },
        "north": { "uv": [ 10.5, 2.5, 13.5, 5.5 ], "texture": "#texture" },
        "south": { "uv": [ 10, 2.5, 13, 5.5 ], "texture": "#texture" },
        "west":  { "uv": [ 11, 2, 14, 5 ], "texture": "#texture" },
        "east":  { "uv": [ 11.5, 2, 14.5, 5 ], "texture": "#texture" }
    }
},
{
    "from": [ 5.625, -0.125, 8.25 ],
    "to": [ 9.0625, 0.5625, 9.5 ],
    "faces": {
        "down":  { "uv": [ 10.5, 2, 13.5, 5 ], "texture": "#texture" },
        "up":    { "uv": [ 12, 3, 15, 6 ], "texture": "#texture" },
        "north": { "uv": [ 10.5, 2.5, 13.5, 5.5 ], "texture": "#texture" },
        "south": { "uv": [ 10, 2.5, 13, 5.5 ], "texture": "#texture" },
        "west":  { "uv": [ 11, 2, 14, 5 ], "texture": "#texture" },
        "east":  { "uv": [ 11.5, 2, 14.5, 5 ], "texture": "#texture" }
    }
},
{
    "from": [ 5.625, -0.125, 6.5 ],
    "to": [ 9.0625, 0.5625, 7.75 ],
    "faces": {
        "down":  { "uv": [ 10.5, 2, 13.5, 5 ], "texture": "#texture" },
        "up":    { "uv": [ 12, 3, 15, 6 ], "texture": "#texture" },
        "north": { "uv": [ 10.5, 2.5, 13.5, 5.5 ], "texture": "#texture" },
        "south": { "uv": [ 10, 2.5, 13, 5.5 ], "texture": "#texture" },
        "west":  { "uv": [ 11, 2, 14, 5 ], "texture": "#texture" },
        "east":  { "uv": [ 11.5, 2, 14.5, 5 ], "texture": "#texture" }
    }
},
{
    "from": [ 8.5625, -0.125, 8.3125 ],
    "to": [ 12, 0.5625, 9.5625 ],
    "rotation": { "origin": [ 8.5625, -0.125, 8.3125 ], "axis": "y", "angle": 22.5 },
    "faces": {
        "down":  { "uv": [ 10.5, 2, 13.5, 5 ], "texture": "#texture" },
        "up":    { "uv": [ 12, 3, 15, 6 ], "texture": "#texture" },
        "north": { "uv": [ 10.5, 2.5, 13.5, 5.5 ], "texture": "#texture" },
        "south": { "uv": [ 10, 2.5, 13, 5.5 ], "texture": "#texture" },
        "west":  { "uv": [ 11, 2, 14, 5 ], "texture": "#texture" },
        "east":  { "uv": [ 11.5, 2, 14.5, 5 ], "texture": "#texture" }
    }
},
{
    "from": [ 9.0625, -0.125, 6.5 ],
    "to": [ 12.5, 0.5625, 7.75 ],
    "rotation": { "origin": [ 9.0625, -0.125, 6.5 ], "axis": "y", "angle": -22.5 },
    "faces": {
        "down":  { "uv": [ 10.5, 2, 13.5, 5 ], "texture": "#texture" },
        "up":    { "uv": [ 12, 3, 15, 6 ], "texture": "#texture" },
        "north": { "uv": [ 10.5, 2.5, 13.5, 5.5 ], "texture": "#texture" },
        "south": { "uv": [ 10, 2.5, 13, 5.5 ], "texture": "#texture" },
        "west":  { "uv": [ 11, 2, 14, 5 ], "texture": "#texture" },
        "east":  { "uv": [ 11.5, 2, 14.5, 5 ], "texture": "#texture" }
    }
},
{
    "from": [ 7.75, 0.5, 7 ],
    "to": [ 8.5, 3, 9 ],
    "faces": {
        "down":  { "uv": [ 10.5, 2, 13.5, 5 ], "texture": "#texture" },
        "up":    { "uv": [ 12, 3, 15, 6 ], "texture": "#texture" },
        "north": { "uv": [ 10.5, 2.5, 13.5, 5.5 ], "texture": "#texture" },
        "south": { "uv": [ 10, 2.5, 13, 5.5 ], "texture": "#texture" },
        "west":  { "uv": [ 11, 2, 14, 5 ], "texture": "#texture" },
        "east":  { "uv": [ 11.5, 2, 14.5, 5 ], "texture": "#texture" }
    }
},
{
    "from": [ 7.25, 0.25, 7 ],
    "to": [ 8.5, 2.75, 9 ],
    "rotation": { "origin": [ 7.25, 2.75, 7 ], "axis": "z", "angle": 22.5 },
    "faces": {
        "down":  { "uv": [ 10.5, 2, 13.5, 5 ], "texture": "#texture" },
        "up":    { "uv": [ 12, 3, 15, 6 ], "texture": "#texture" },
        "north": { "uv": [ 10.5, 2.5, 13.5, 5.5 ], "texture": "#texture" },
        "south": { "uv": [ 10, 2.5, 13, 5.5 ], "texture": "#texture" },
        "west":  { "uv": [ 11, 2, 14, 5 ], "texture": "#texture" },
        "east":  { "uv": [ 11.5, 2, 14.5, 5 ], "texture": "#texture" }
    }
},
{
    "from": [ 7.8125, -0.75, 7 ],
    "to": [ 8.625, 1.75, 9 ],
    "rotation": { "origin": [ 7.8125, 1.75, 7 ], "axis": "z", "angle": 45 },
    "faces": {
        "down":  { "uv": [ 10.5, 2, 13.5, 5 ], "texture": "#texture" },
        "up":    { "uv": [ 12, 3, 15, 6 ], "texture": "#texture" },
        "north": { "uv": [ 10.5, 2.5, 13.5, 5.5 ], "texture": "#texture" },
        "south": { "uv": [ 10, 2.5, 13, 5.5 ], "texture": "#texture" },
        "west":  { "uv": [ 11, 2, 14, 5 ], "texture": "#texture" },
        "east":  { "uv": [ 11.5, 2, 14.5, 5 ], "texture": "#texture" }
    }
},
{
    "from": [ 9.5625, 0.625, 7.5 ],
    "to": [ 11.3125, 1.125, 8.5 ],
    "rotation": { "origin": [ 9.5625, 1.125, 7.5 ], "axis": "z", "angle": -22.5 },
    "faces": {
        "down":  { "uv": [ 10.5, 2, 13.5, 5 ], "texture": "#texture" },
        "up":    { "uv": [ 12, 3, 15, 6 ], "texture": "#texture" },
        "north": { "uv": [ 10.5, 2.5, 13.5, 5.5 ], "texture": "#texture" },
        "south": { "uv": [ 10, 2.5, 13, 5.5 ], "texture": "#texture" },
        "west":  { "uv": [ 11, 2, 14, 5 ], "texture": "#texture" },
        "east":  { "uv": [ 11.5, 2, 14.5, 5 ], "texture": "#texture" }
    }
},
{
    "from": [ 8.25, 0.5, 7 ],
    "to": [ 9.25, 1, 9 ],
    "faces": {
        "down":  { "uv": [ 10.5, 2, 13.5, 5 ], "texture": "#texture" },
        "up":    { "uv": [ 12, 3, 15, 6 ], "texture": "#texture" },
        "north": { "uv": [ 10.5, 2.5, 13.5, 5.5 ], "texture": "#texture" },
        "south": { "uv": [ 10, 2.5, 13, 5.5 ], "texture": "#texture" },
        "west":  { "uv": [ 11, 2, 14, 5 ], "texture": "#texture" },
        "east":  { "uv": [ 11.5, 2, 14.5, 5 ], "texture": "#texture" }
    }
},
{
    "from": [ 6.375, -0.625, 6.5 ],
    "to": [ 7.375, 0.875, 9.5 ],
    "rotation": { "origin": [ 6.375, 0.875, 6.5 ], "axis": "z", "angle": 45 },
    "faces": {
        "down":  { "uv": [ 10.5, 2, 13.5, 5 ], "texture": "#texture" },
        "up":    { "uv": [ 12, 3, 15, 6 ], "texture": "#texture" },
        "north": { "uv": [ 10.5, 2.5, 13.5, 5.5 ], "texture": "#texture" },
        "south": { "uv": [ 10, 2.5, 13, 5.5 ], "texture": "#texture" },
        "west":  { "uv": [ 11, 2, 14, 5 ], "texture": "#texture" },
        "east":  { "uv": [ 11.5, 2, 14.5, 5 ], "texture": "#texture" }
    }
},
{
    "from": [ 7.75, 2.25, 8.5 ],
    "to": [ 8.25, 3.5, 9 ],
    "rotation": { "origin": [ 7.75, 3.5, 8.5 ], "axis": "x", "angle": -45 },
    "faces": {
        "down":  { "uv": [ 10.5, 2, 13.5, 5 ], "texture": "#texture" },
        "up":    { "uv": [ 12, 3, 15, 6 ], "texture": "#texture" },
        "north": { "uv": [ 10.5, 2.5, 13.5, 5.5 ], "texture": "#texture" },
        "south": { "uv": [ 10, 2.5, 13, 5.5 ], "texture": "#texture" },
        "west":  { "uv": [ 11, 2, 14, 5 ], "texture": "#texture" },
        "east":  { "uv": [ 11.5, 2, 14.5, 5 ], "texture": "#texture" }
    }
},
{
    "from": [ 7.75, 1.5, 9.25 ],
    "to": [ 8.25, 2.75, 9.75 ],
    "rotation": { "origin": [ 7.75, 2.75, 9.25 ], "axis": "x", "angle": -22.5 },
    "faces": {
        "down":  { "uv": [ 10.5, 2, 13.5, 5 ], "texture": "#texture" },
        "up":    { "uv": [ 12, 3, 15, 6 ], "texture": "#texture" },
        "north": { "uv": [ 10.5, 2.5, 13.5, 5.5 ], "texture": "#texture" },
        "south": { "uv": [ 10, 2.5, 13, 5.5 ], "texture": "#texture" },
        "west":  { "uv": [ 11, 2, 14, 5 ], "texture": "#texture" },
        "east":  { "uv": [ 11.5, 2, 14.5, 5 ], "texture": "#texture" }
    }
},
{
    "from": [ 7.25, 3.25, 6.5 ],
    "to": [ 7.75, 3.75, 7.75 ],
    "rotation": { "origin": [ 7.25, 3.25, 6.5 ], "axis": "y", "angle": 45 },
    "faces": {
        "down":  { "uv": [ 10.5, 2, 13.5, 5 ], "texture": "#texture" },
        "up":    { "uv": [ 12, 3, 15, 6 ], "texture": "#texture" },
        "north": { "uv": [ 10.5, 2.5, 13.5, 5.5 ], "texture": "#texture" },
        "south": { "uv": [ 10, 2.5, 13, 5.5 ], "texture": "#texture" },
        "west":  { "uv": [ 11, 2, 14, 5 ], "texture": "#texture" },
        "east":  { "uv": [ 11.5, 2, 14.5, 5 ], "texture": "#texture" }
    }
},
{
    "from": [ 6.6875, 3.25, 5.75 ],
    "to": [ 7.6875, 3.75, 6.25 ],
    "rotation": { "origin": [ 6.6875, 3.25, 5.75 ], "axis": "y", "angle": -22.5 },
    "faces": {
        "down":  { "uv": [ 10.5, 2, 13.5, 5 ], "texture": "#texture" },
        "up":    { "uv": [ 12, 3, 15, 6 ], "texture": "#texture" },
        "north": { "uv": [ 10.5, 2.5, 13.5, 5.5 ], "texture": "#texture" },
        "south": { "uv": [ 10, 2.5, 13, 5.5 ], "texture": "#texture" },
        "west":  { "uv": [ 11, 2, 14, 5 ], "texture": "#texture" },
        "east":  { "uv": [ 11.5, 2, 14.5, 5 ], "texture": "#texture" }
    }
}
],
"display": {
    "head": {
        "rotation": [ 0, -90, 0 ],
        "translation": [ 0, -12.5, 0 ],
        "scale": [ 4, 4, 4 ]
    },
    "thirdperson_lefthand": {
			"rotation":  [ 70, 90, 0 ],
			"translation":  [ -6, -2.5, 8 ],
			"scale":  [ 2.5, 2.5, 2.5 ]
		},
		"thirdperson_righthand": {
			"rotation":  [ 70, -90, 0 ],
			"translation":  [ -6, -2.5, 8 ],
			"scale":  [ 2.5, 2.5, 2.5 ]
		},
		"firstperson_righthand": {
			"scale":  [ 0, 0, 0 ]
		},
		"firstperson_lefthand": {
			"scale":  [ 0, 0, 0 ]
		},
		"gui": {
			"scale":  [ 0, 0, 0 ]
		},
		"ground": {
			"scale":  [ 0, 0, 0 ]
		}
}
}