{
"__comment": "Made by MadstonMagic using OPL's Model Creator and Cubik Pro, Copyright � MadstonMagic Modeling 2015-2017. All rights reserved",
"elements": [ 
{
    "from": [ 6.5, 3.75, 7 ],
    "to": [ 9.5, 4, 9 ],
    "faces": {
        "down":  { "uv": [ 2, 4, 5, 6 ], "texture": "#particle" },
        "up":    { "uv": [ 2.5, 2, 5.5, 4 ], "texture": "#particle" },
        "north": { "uv": [ 2.5, 2, 5.5, 4 ], "texture": "#particle" },
        "south": { "uv": [ 2.5, 2.5, 5.5, 4.5 ], "texture": "#particle" },
        "west":  { "uv": [ 3, 2.5, 5, 4.5 ], "texture": "#particle" },
        "east":  { "uv": [ 3.5, 2.5, 5.5, 4.5 ], "texture": "#particle" }
    }
},
{
    "from": [ 7, 3.25, 7.25 ],
    "to": [ 9, 3.75, 8.75 ],
    "faces": {
        "down":  { "uv": [ 2, 4, 5, 6 ], "texture": "#particle" },
        "up":    { "uv": [ 2.5, 2, 5.5, 4 ], "texture": "#particle" },
        "north": { "uv": [ 2.5, 2, 5.5, 4 ], "texture": "#particle" },
        "south": { "uv": [ 2.5, 2.5, 5.5, 4.5 ], "texture": "#particle" },
        "west":  { "uv": [ 3, 2.5, 5, 4.5 ], "texture": "#particle" },
        "east":  { "uv": [ 3.5, 2.5, 5.5, 4.5 ], "texture": "#particle" }
    }
},
{
    "from": [ 6.75, 1.5, 7.5 ],
    "to": [ 7.5, 3.75, 8.5 ],
    "faces": {
        "down":  { "uv": [ 14, 8.5, 15, 9.5 ], "texture": "#particle" },
        "up":    { "uv": [ 14, 8.5, 15, 9.5 ], "texture": "#particle" },
        "north": { "uv": [ 14, 8.5, 15, 9.5 ], "texture": "#particle" },
        "south": { "uv": [ 14, 8.5, 15, 9.5 ], "texture": "#particle" },
        "west":  { "uv": [ 14, 8.5, 15, 9.5 ], "texture": "#particle" },
        "east":  { "uv": [ 14, 8.5, 15, 9.5 ], "texture": "#particle" }
    }
},
{
    "from": [ 6.75, -1.3125, 7.75 ],
    "to": [ 7.5, 0.1875, 8.25 ],
    "faces": {
        "down":  { "uv": [ 14, 8.5, 15, 9.5 ], "texture": "#particle" },
        "up":    { "uv": [ 14, 8.5, 15, 9.5 ], "texture": "#particle" },
        "north": { "uv": [ 14, 8.5, 15, 9.5 ], "texture": "#particle" },
        "south": { "uv": [ 14, 8.5, 15, 9.5 ], "texture": "#particle" },
        "west":  { "uv": [ 14, 8.5, 15, 9.5 ], "texture": "#particle" },
        "east":  { "uv": [ 14, 8.5, 15, 9.5 ], "texture": "#particle" }
    }
},
{
    "from": [ 6.875, 0.1875, 7.75 ],
    "to": [ 7.375, 1.5, 8.1875 ],
    "faces": {
        "down":  { "uv": [ 14, 8.5, 15, 9.5 ], "texture": "#particle" },
        "up":    { "uv": [ 14, 8.5, 15, 9.5 ], "texture": "#particle" },
        "north": { "uv": [ 14, 8.5, 15, 9.5 ], "texture": "#particle" },
        "south": { "uv": [ 14, 8.5, 15, 9.5 ], "texture": "#particle" },
        "west":  { "uv": [ 14, 8.5, 15, 9.5 ], "texture": "#particle" },
        "east":  { "uv": [ 14, 8.5, 15, 9.5 ], "texture": "#particle" }
    }
},
{
    "from": [ 8.5, 1.5, 7.5 ],
    "to": [ 9.25, 3.75, 8.5 ],
    "rotation": { "origin": [ 8.5, 3.75, 7.5 ], "axis": "z", "angle": 45 },
    "faces": {
        "down":  { "uv": [ 14, 8.5, 15, 9.5 ], "texture": "#particle" },
        "up":    { "uv": [ 14, 8.5, 15, 9.5 ], "texture": "#particle" },
        "north": { "uv": [ 14, 8.5, 15, 9.5 ], "texture": "#particle" },
        "south": { "uv": [ 14, 8.5, 15, 9.5 ], "texture": "#particle" },
        "west":  { "uv": [ 14, 8.5, 15, 9.5 ], "texture": "#particle" },
        "east":  { "uv": [ 14, 8.5, 15, 9.5 ], "texture": "#particle" }
    }
},
{
    "from": [ 9.1875, -0.0625, 7.75 ],
    "to": [ 9.6875, 1.5625, 8.25 ],
    "rotation": { "origin": [ 9.1875, 1.5625, 7.75 ], "axis": "z", "angle": -45 },
    "faces": {
        "down":  { "uv": [ 14, 8.5, 15, 9.5 ], "texture": "#particle" },
        "up":    { "uv": [ 14, 8.5, 15, 9.5 ], "texture": "#particle" },
        "north": { "uv": [ 14, 8.5, 15, 9.5 ], "texture": "#particle" },
        "south": { "uv": [ 14, 8.5, 15, 9.5 ], "texture": "#particle" },
        "west":  { "uv": [ 14, 8.5, 15, 9.5 ], "texture": "#particle" },
        "east":  { "uv": [ 14, 8.5, 15, 9.5 ], "texture": "#particle" }
    }
},
{
    "__comment": "skirt",
    "from": [ 6.5, 4, 6.75 ],
    "to": [ 9.5, 5, 9.25 ],
    "faces": {
        "down":  { "uv": [ 10, 2.5, 14.25, 5 ], "texture": "#particle" },
        "up":    { "uv": [ 10.75, 2.5, 15, 5 ], "texture": "#particle" },
        "north": { "uv": [ 10.5, 3.25, 14.75, 4.25 ], "texture": "#particle" },
        "south": { "uv": [ 10.75, 3.25, 15, 4.25 ], "texture": "#particle" },
        "west":  { "uv": [ 10, 3.5, 12.5, 4.5 ], "texture": "#particle" },
        "east":  { "uv": [ 11.5, 3, 14, 4 ], "texture": "#particle" }
    }
},
{
    "__comment": "skirt*",
    "from": [ 7.75, 4.5, 7.5 ],
    "to": [ 8.5, 7.5, 8.5625 ],
    "rotation": { "origin": [ 7.75, 7.5, 7.5 ], "axis": "z", "angle": -22.5 },
    "faces": {
        "down":  { "uv": [ 11.75, 8.5, 12.5, 9.25 ], "texture": "#particle" },
        "up":    { "uv": [ 11.5, 8.5, 12.5, 9.25 ], "texture": "#particle" },
        "north": { "uv": [ 11.5, 8.5, 12.25, 9.25 ], "texture": "#particle" },
        "south": { "uv": [ 11.75, 8.75, 12.25, 9.25 ], "texture": "#particle" },
        "west":  { "uv": [ 11.5, 8.75, 12.25, 9.5 ], "texture": "#particle" },
        "east":  { "uv": [ 11.5, 8.75, 12.5, 9.5 ], "texture": "#particle" }
    }
},
{
    "from": [ 8, -1, 7.75 ],
    "to": [ 8.75, 0.5, 8.25 ],
    "rotation": { "origin": [ 8, 0.5, 7.75 ], "axis": "z", "angle": -45 },
    "faces": {
        "down":  { "uv": [ 14, 8.5, 15, 9.5 ], "texture": "#particle" },
        "up":    { "uv": [ 14, 8.5, 15, 9.5 ], "texture": "#particle" },
        "north": { "uv": [ 14, 8.5, 15, 9.5 ], "texture": "#particle" },
        "south": { "uv": [ 14, 8.5, 15, 9.5 ], "texture": "#particle" },
        "west":  { "uv": [ 14, 8.5, 15, 9.5 ], "texture": "#particle" },
        "east":  { "uv": [ 14, 8.5, 15, 9.5 ], "texture": "#particle" }
    }
},
{
    "__comment": "skirt*",
    "from": [ 7.5, 7.25, 7.75 ],
    "to": [ 8.5, 8.25, 8.25 ],
    "faces": {
        "down":  { "uv": [ 11.75, 8.5, 12.5, 9.25 ], "texture": "#particle" },
        "up":    { "uv": [ 11.5, 8.5, 12.5, 9.25 ], "texture": "#particle" },
        "north": { "uv": [ 11.5, 8.5, 12.25, 9.25 ], "texture": "#particle" },
        "south": { "uv": [ 11.75, 8.75, 12.25, 9.25 ], "texture": "#particle" },
        "west":  { "uv": [ 11.5, 8.75, 12.25, 9.5 ], "texture": "#particle" },
        "east":  { "uv": [ 11.5, 8.75, 12.5, 9.5 ], "texture": "#particle" }
    }
},
{
    "__comment": "skirt*",
    "from": [ 5.25, 6.5, 7.75 ],
    "to": [ 7.75, 7, 8.25 ],
    "rotation": { "origin": [ 5.25, 7, 7.75 ], "axis": "z", "angle": 22.5 },
    "faces": {
        "down":  { "uv": [ 11.75, 8.5, 12.5, 9.25 ], "texture": "#particle" },
        "up":    { "uv": [ 11.5, 8.5, 12.5, 9.25 ], "texture": "#particle" },
        "north": { "uv": [ 11.5, 8.5, 12.25, 9.25 ], "texture": "#particle" },
        "south": { "uv": [ 11.75, 8.75, 12.25, 9.25 ], "texture": "#particle" },
        "west":  { "uv": [ 11.5, 8.75, 12.25, 9.5 ], "texture": "#particle" },
        "east":  { "uv": [ 11.5, 8.75, 12.5, 9.5 ], "texture": "#particle" }
    }
},
{
    "__comment": "skirt*",
    "from": [ 8.5, 7.5, 7.75 ],
    "to": [ 11, 8, 8.25 ],
    "rotation": { "origin": [ 8.5, 8, 7.75 ], "axis": "z", "angle": -22.5 },
    "faces": {
        "down":  { "uv": [ 11.75, 8.5, 12.5, 9.25 ], "texture": "#particle" },
        "up":    { "uv": [ 11.5, 8.5, 12.5, 9.25 ], "texture": "#particle" },
        "north": { "uv": [ 11.5, 8.5, 12.25, 9.25 ], "texture": "#particle" },
        "south": { "uv": [ 11.75, 8.75, 12.25, 9.25 ], "texture": "#particle" },
        "west":  { "uv": [ 11.5, 8.75, 12.25, 9.5 ], "texture": "#particle" },
        "east":  { "uv": [ 11.5, 8.75, 12.5, 9.5 ], "texture": "#particle" }
    }
},
{
    "__comment": "skirt*",
    "from": [ 4.9375, 6.3125, 9.125 ],
    "to": [ 6.9375, 7.0625, 9.875 ],
    "rotation": { "origin": [ 4.9375, 6.3125, 9.125 ], "axis": "y", "angle": -22.5 },
    "faces": {
        "down":  { "uv": [ 11.75, 8.5, 12.5, 9.25 ], "texture": "#particle" },
        "up":    { "uv": [ 11.5, 8.5, 12.5, 9.25 ], "texture": "#particle" },
        "north": { "uv": [ 11.5, 8.5, 12.25, 9.25 ], "texture": "#particle" },
        "south": { "uv": [ 11.75, 8.75, 12.25, 9.25 ], "texture": "#particle" },
        "west":  { "uv": [ 11.5, 8.75, 12.25, 9.5 ], "texture": "#particle" },
        "east":  { "uv": [ 11.5, 8.75, 12.5, 9.5 ], "texture": "#particle" }
    }
},
{
    "__comment": "skirt*",
    "from": [ 4, 6.5, 9 ],
    "to": [ 5.75, 7, 9.5 ],
    "rotation": { "origin": [ 4, 6.5, 9 ], "axis": "y", "angle": 45 },
    "faces": {
        "down":  { "uv": [ 11.75, 8.5, 12.5, 9.25 ], "texture": "#particle" },
        "up":    { "uv": [ 11.5, 8.5, 12.5, 9.25 ], "texture": "#particle" },
        "north": { "uv": [ 11.5, 8.5, 12.25, 9.25 ], "texture": "#particle" },
        "south": { "uv": [ 11.75, 8.75, 12.25, 9.25 ], "texture": "#particle" },
        "west":  { "uv": [ 11.5, 8.75, 12.25, 9.5 ], "texture": "#particle" },
        "east":  { "uv": [ 11.5, 8.75, 12.5, 9.5 ], "texture": "#particle" }
    }
},
{
    "__comment": "skirt*",
    "from": [ 10.75, 6.5, 7.75 ],
    "to": [ 12.5, 7, 8.25 ],
    "rotation": { "origin": [ 10.75, 6.5, 7.75 ], "axis": "y", "angle": -45 },
    "faces": {
        "down":  { "uv": [ 11.75, 8.5, 12.5, 9.25 ], "texture": "#particle" },
        "up":    { "uv": [ 11.5, 8.5, 12.5, 9.25 ], "texture": "#particle" },
        "north": { "uv": [ 11.5, 8.5, 12.25, 9.25 ], "texture": "#particle" },
        "south": { "uv": [ 11.75, 8.75, 12.25, 9.25 ], "texture": "#particle" },
        "west":  { "uv": [ 11.5, 8.75, 12.25, 9.5 ], "texture": "#particle" },
        "east":  { "uv": [ 11.5, 8.75, 12.5, 9.5 ], "texture": "#particle" }
    }
},
{
    "__comment": "skirt*",
    "from": [ 11.5, 6.5, 8.75 ],
    "to": [ 12, 7, 9.75 ],
    "rotation": { "origin": [ 11.5, 6.5, 8.75 ], "axis": "y", "angle": -22.5 },
    "faces": {
        "down":  { "uv": [ 11.75, 8.5, 12.5, 9.25 ], "texture": "#particle" },
        "up":    { "uv": [ 11.5, 8.5, 12.5, 9.25 ], "texture": "#particle" },
        "north": { "uv": [ 11.5, 8.5, 12.25, 9.25 ], "texture": "#particle" },
        "south": { "uv": [ 11.75, 8.75, 12.25, 9.25 ], "texture": "#particle" },
        "west":  { "uv": [ 11.5, 8.75, 12.25, 9.5 ], "texture": "#particle" },
        "east":  { "uv": [ 11.5, 8.75, 12.5, 9.5 ], "texture": "#particle" }
    }
},
{
    "__comment": "skirt*",
    "from": [ 4, 6.5, 9.0625 ],
    "to": [ 4.5, 7, 10.0625 ],
    "rotation": { "origin": [ 4, 6.5, 9.0625 ], "axis": "y", "angle": 45 },
    "faces": {
        "down":  { "uv": [ 11.75, 8.5, 12.5, 9.25 ], "texture": "#particle" },
        "up":    { "uv": [ 11.5, 8.5, 12.5, 9.25 ], "texture": "#particle" },
        "north": { "uv": [ 11.5, 8.5, 12.25, 9.25 ], "texture": "#particle" },
        "south": { "uv": [ 11.75, 8.75, 12.25, 9.25 ], "texture": "#particle" },
        "west":  { "uv": [ 11.5, 8.75, 12.25, 9.5 ], "texture": "#particle" },
        "east":  { "uv": [ 11.5, 8.75, 12.5, 9.5 ], "texture": "#particle" }
    }
},
{
    "__comment": "skirt*",
    "from": [ 9.5, 6.3125, 10 ],
    "to": [ 11.5, 7.0625, 10.75 ],
    "rotation": { "origin": [ 9.5, 6.3125, 10 ], "axis": "y", "angle": 22.5 },
    "faces": {
        "down":  { "uv": [ 11.75, 8.5, 12.5, 9.25 ], "texture": "#particle" },
        "up":    { "uv": [ 11.5, 8.5, 12.5, 9.25 ], "texture": "#particle" },
        "north": { "uv": [ 11.5, 8.5, 12.25, 9.25 ], "texture": "#particle" },
        "south": { "uv": [ 11.75, 8.75, 12.25, 9.25 ], "texture": "#particle" },
        "west":  { "uv": [ 11.5, 8.75, 12.25, 9.5 ], "texture": "#particle" },
        "east":  { "uv": [ 11.5, 8.75, 12.5, 9.5 ], "texture": "#particle" }
    }
},
{
    "__comment": "skirt*",
    "from": [ 6.75, 8, 7.005 ],
    "to": [ 9.25, 11.25, 9.255 ],
    "faces": {
        "down":  { "uv": [ 11.75, 8.5, 12.5, 9.25 ], "texture": "#particle" },
        "up":    { "uv": [ 11.5, 8.5, 12.5, 9.25 ], "texture": "#particle" },
        "north": { "uv": [ 11.5, 8.5, 12.25, 9.25 ], "texture": "#particle" },
        "south": { "uv": [ 11.75, 8.75, 12.25, 9.25 ], "texture": "#particle" },
        "west":  { "uv": [ 11.5, 8.75, 12.25, 9.5 ], "texture": "#particle" },
        "east":  { "uv": [ 11.5, 8.75, 12.5, 9.5 ], "texture": "#particle" }
    }
},
{
    "__comment": "skirt*",
    "from": [ 6.25, 8.5, 7.005 ],
    "to": [ 9.75, 10.75, 9.255 ],
    "faces": {
        "down":  { "uv": [ 11.75, 8.5, 12.5, 9.25 ], "texture": "#particle" },
        "up":    { "uv": [ 11.5, 8.5, 12.5, 9.25 ], "texture": "#particle" },
        "north": { "uv": [ 11.5, 8.5, 12.25, 9.25 ], "texture": "#particle" },
        "south": { "uv": [ 11.75, 8.75, 12.25, 9.25 ], "texture": "#particle" },
        "west":  { "uv": [ 11.5, 8.75, 12.25, 9.5 ], "texture": "#particle" },
        "east":  { "uv": [ 11.5, 8.75, 12.5, 9.5 ], "texture": "#particle" }
    }
},
{
    "__comment": "skirt*",
    "from": [ 6.75, 8.5, 6.5 ],
    "to": [ 9.25, 10.75, 9.75 ],
    "faces": {
        "down":  { "uv": [ 11.75, 8.5, 12.5, 9.25 ], "texture": "#particle" },
        "up":    { "uv": [ 11.5, 8.5, 12.5, 9.25 ], "texture": "#particle" },
        "north": { "uv": [ 11.5, 8.5, 12.25, 9.25 ], "texture": "#particle" },
        "south": { "uv": [ 11.75, 8.75, 12.25, 9.25 ], "texture": "#particle" },
        "west":  { "uv": [ 11.5, 8.75, 12.25, 9.5 ], "texture": "#particle" },
        "east":  { "uv": [ 11.5, 8.75, 12.5, 9.5 ], "texture": "#particle" }
    }
},
{
    "__comment": "skirt*",
    "from": [ 6.75, 11.25, 7 ],
    "to": [ 9.25, 11.5, 9.25 ],
    "faces": {
        "down":  { "uv": [ 14, 8.5, 15, 9.5 ], "texture": "#particle" },
        "up":    { "uv": [ 14, 8.5, 14.5, 9.5 ], "texture": "#particle" },
        "north": { "uv": [ 14, 8.5, 15, 9.5 ], "texture": "#particle" },
        "south": { "uv": [ 14, 8.5, 15, 9.5 ], "texture": "#particle" },
        "west":  { "uv": [ 14.25, 8.5, 15, 9.5 ], "texture": "#particle" },
        "east":  { "uv": [ 14.25, 8.5, 15, 9.25 ], "texture": "#particle" }
    }
},
{
    "__comment": "skirt*",
    "from": [ 6.6875, 11.25, 9.22067 ],
    "to": [ 9.3125, 11.5, 9.90817 ],
    "rotation": { "origin": [ 6.6875, 11.5, 9.22067 ], "axis": "x", "angle": 22.5 },
    "faces": {
        "down":  { "uv": [ 14, 8.5, 15, 9.5 ], "texture": "#particle" },
        "up":    { "uv": [ 14, 8.5, 14.5, 9.5 ], "texture": "#particle" },
        "north": { "uv": [ 14, 8.5, 15, 9.5 ], "texture": "#particle" },
        "south": { "uv": [ 14, 8.5, 15, 9.5 ], "texture": "#particle" },
        "west":  { "uv": [ 14.25, 8.5, 15, 9.5 ], "texture": "#particle" },
        "east":  { "uv": [ 14.25, 8.5, 15, 9.25 ], "texture": "#particle" }
    }
},
{
    "__comment": "skirt*",
    "from": [ 6.6875, 10.15, 9.9575 ],
    "to": [ 9.3125, 10.9, 10.2075 ],
    "faces": {
        "down":  { "uv": [ 14, 8.5, 15, 9.5 ], "texture": "#particle" },
        "up":    { "uv": [ 14, 8.5, 14.5, 9.5 ], "texture": "#particle" },
        "north": { "uv": [ 14, 8.5, 15, 9.5 ], "texture": "#particle" },
        "south": { "uv": [ 14, 8.5, 15, 9.5 ], "texture": "#particle" },
        "west":  { "uv": [ 14.25, 8.5, 15, 9.5 ], "texture": "#particle" },
        "east":  { "uv": [ 14.25, 8.5, 15, 9.25 ], "texture": "#particle" }
    }
},
{
    "__comment": "skirt*",
    "from": [ 7.5, 8.605, 9.9575 ],
    "to": [ 8.5, 10.23, 10.2075 ],
    "faces": {
        "down":  { "uv": [ 14, 8.5, 15, 9.5 ], "texture": "#particle" },
        "up":    { "uv": [ 14, 8.5, 14.5, 9.5 ], "texture": "#particle" },
        "north": { "uv": [ 14, 8.5, 15, 9.5 ], "texture": "#particle" },
        "south": { "uv": [ 14, 8.5, 15, 9.5 ], "texture": "#particle" },
        "west":  { "uv": [ 14.25, 8.5, 15, 9.5 ], "texture": "#particle" },
        "east":  { "uv": [ 14.25, 8.5, 15, 9.25 ], "texture": "#particle" }
    }
},
{
    "__comment": "skirt*",
    "from": [ 6.8125, 8.525, 9.9575 ],
    "to": [ 7.5625, 10.275, 10.2075 ],
    "rotation": { "origin": [ 6.8125, 10.275, 9.9575 ], "axis": "z", "angle": 22.5 },
    "faces": {
        "down":  { "uv": [ 14, 8.5, 15, 9.5 ], "texture": "#particle" },
        "up":    { "uv": [ 14, 8.5, 14.5, 9.5 ], "texture": "#particle" },
        "north": { "uv": [ 14, 8.5, 15, 9.5 ], "texture": "#particle" },
        "south": { "uv": [ 14, 8.5, 15, 9.5 ], "texture": "#particle" },
        "west":  { "uv": [ 14.25, 8.5, 15, 9.5 ], "texture": "#particle" },
        "east":  { "uv": [ 14.25, 8.5, 15, 9.25 ], "texture": "#particle" }
    }
},
{
    "__comment": "skirt*",
    "from": [ 8.49, 8.8025, 9.9575 ],
    "to": [ 9.24, 10.5525, 10.2075 ],
    "rotation": { "origin": [ 8.49, 10.5525, 9.9575 ], "axis": "z", "angle": -22.5 },
    "faces": {
        "down":  { "uv": [ 14, 8.5, 15, 9.5 ], "texture": "#particle" },
        "up":    { "uv": [ 14, 8.5, 14.5, 9.5 ], "texture": "#particle" },
        "north": { "uv": [ 14, 8.5, 15, 9.5 ], "texture": "#particle" },
        "south": { "uv": [ 14, 8.5, 15, 9.5 ], "texture": "#particle" },
        "west":  { "uv": [ 14.25, 8.5, 15, 9.5 ], "texture": "#particle" },
        "east":  { "uv": [ 14.25, 8.5, 15, 9.25 ], "texture": "#particle" }
    }
},
{
    "__comment": "skirt*",
    "from": [ 6, 10.5, 6.9375 ],
    "to": [ 7.0625, 10.75, 9.3125 ],
    "rotation": { "origin": [ 6, 10.75, 6.9375 ], "axis": "z", "angle": 45 },
    "faces": {
        "down":  { "uv": [ 14, 8.5, 15, 9.5 ], "texture": "#particle" },
        "up":    { "uv": [ 14, 8.5, 14.5, 9.5 ], "texture": "#particle" },
        "north": { "uv": [ 14, 8.5, 15, 9.5 ], "texture": "#particle" },
        "south": { "uv": [ 14, 8.5, 15, 9.5 ], "texture": "#particle" },
        "west":  { "uv": [ 14.25, 8.5, 15, 9.5 ], "texture": "#particle" },
        "east":  { "uv": [ 14.25, 8.5, 15, 9.25 ], "texture": "#particle" }
    }
},
{
    "__comment": "skirt*",
    "from": [ 9.25, 11.25, 6.9375 ],
    "to": [ 10.3125, 11.5, 9.3125 ],
    "rotation": { "origin": [ 9.25, 11.5, 6.9375 ], "axis": "z", "angle": -45 },
    "faces": {
        "down":  { "uv": [ 14, 8.5, 15, 9.5 ], "texture": "#particle" },
        "up":    { "uv": [ 14, 8.5, 14.5, 9.5 ], "texture": "#particle" },
        "north": { "uv": [ 14, 8.5, 15, 9.5 ], "texture": "#particle" },
        "south": { "uv": [ 14, 8.5, 15, 9.5 ], "texture": "#particle" },
        "west":  { "uv": [ 14.25, 8.5, 15, 9.5 ], "texture": "#particle" },
        "east":  { "uv": [ 14.25, 8.5, 15, 9.25 ], "texture": "#particle" }
    }
},
{
    "__comment": "skirt*",
    "from": [ 9.75, 9.75, 6.9375 ],
    "to": [ 10, 10.75, 9.3125 ],
    "faces": {
        "down":  { "uv": [ 14, 8.5, 15, 9.5 ], "texture": "#particle" },
        "up":    { "uv": [ 14, 8.5, 14.5, 9.5 ], "texture": "#particle" },
        "north": { "uv": [ 14, 8.5, 15, 9.5 ], "texture": "#particle" },
        "south": { "uv": [ 14, 8.5, 15, 9.5 ], "texture": "#particle" },
        "west":  { "uv": [ 14.25, 8.5, 15, 9.5 ], "texture": "#particle" },
        "east":  { "uv": [ 14.25, 8.5, 15, 9.25 ], "texture": "#particle" }
    }
},
{
    "__comment": "skirt*",
    "from": [ 9.75, 6.8125, 6.9375 ],
    "to": [ 10, 9.8125, 8.0625 ],
    "rotation": { "origin": [ 9.75, 9.8125, 6.9375 ], "axis": "z", "angle": 22.5 },
    "faces": {
        "down":  { "uv": [ 14, 8.5, 15, 9.5 ], "texture": "#particle" },
        "up":    { "uv": [ 14, 8.5, 14.5, 9.5 ], "texture": "#particle" },
        "north": { "uv": [ 14, 8.5, 15, 9.5 ], "texture": "#particle" },
        "south": { "uv": [ 14, 8.5, 15, 9.5 ], "texture": "#particle" },
        "west":  { "uv": [ 14.25, 8.5, 15, 9.5 ], "texture": "#particle" },
        "east":  { "uv": [ 14.25, 8.5, 15, 9.25 ], "texture": "#particle" }
    }
},
{
    "__comment": "skirt*",
    "from": [ 9.75, 6.84181, 8.1875 ],
    "to": [ 10, 9.84181, 9.3125 ],
    "rotation": { "origin": [ 9.75, 9.84181, 8.1875 ], "axis": "z", "angle": 22.5 },
    "faces": {
        "down":  { "uv": [ 14, 8.5, 15, 9.5 ], "texture": "#particle" },
        "up":    { "uv": [ 14, 8.5, 14.5, 9.5 ], "texture": "#particle" },
        "north": { "uv": [ 14, 8.5, 15, 9.5 ], "texture": "#particle" },
        "south": { "uv": [ 14, 8.5, 15, 9.5 ], "texture": "#particle" },
        "west":  { "uv": [ 14.25, 8.5, 15, 9.5 ], "texture": "#particle" },
        "east":  { "uv": [ 14.25, 8.5, 15, 9.25 ], "texture": "#particle" }
    }
},
{
    "__comment": "skirt*",
    "from": [ 6.6875, 10.5, 6.25 ],
    "to": [ 9.3125, 10.75, 7.25 ],
    "rotation": { "origin": [ 6.6875, 10.75, 6.25 ], "axis": "x", "angle": -45 },
    "faces": {
        "down":  { "uv": [ 14, 8.5, 15, 9.5 ], "texture": "#particle" },
        "up":    { "uv": [ 14, 8.5, 14.5, 9.5 ], "texture": "#particle" },
        "north": { "uv": [ 14, 8.5, 15, 9.5 ], "texture": "#particle" },
        "south": { "uv": [ 14, 8.5, 15, 9.5 ], "texture": "#particle" },
        "west":  { "uv": [ 14.25, 8.5, 15, 9.5 ], "texture": "#particle" },
        "east":  { "uv": [ 14.25, 8.5, 15, 9.25 ], "texture": "#particle" }
    }
},
{
    "__comment": "skirt*",
    "from": [ 6.6875, 8.25, 6.25 ],
    "to": [ 9.3125, 10.75, 6.5 ],
    "faces": {
        "down":  { "uv": [ 14, 8.5, 15, 9.5 ], "texture": "#particle" },
        "up":    { "uv": [ 14, 8.5, 14.5, 9.5 ], "texture": "#particle" },
        "north": { "uv": [ 14, 8.5, 15, 9.5 ], "texture": "#particle" },
        "south": { "uv": [ 14, 8.5, 15, 9.5 ], "texture": "#particle" },
        "west":  { "uv": [ 14.25, 8.5, 15, 9.5 ], "texture": "#particle" },
        "east":  { "uv": [ 14.25, 8.5, 15, 9.25 ], "texture": "#particle" }
    }
},
{
    "__comment": "skirt*",
    "from": [ 9.3125, 8.25, 6.25 ],
    "to": [ 10.3125, 10.75, 6.5 ],
    "rotation": { "origin": [ 9.3125, 8.25, 6.25 ], "axis": "y", "angle": -45 },
    "faces": {
        "down":  { "uv": [ 14, 8.5, 15, 9.5 ], "texture": "#particle" },
        "up":    { "uv": [ 14, 8.5, 14.5, 9.5 ], "texture": "#particle" },
        "north": { "uv": [ 14, 8.5, 15, 9.5 ], "texture": "#particle" },
        "south": { "uv": [ 14, 8.5, 15, 9.5 ], "texture": "#particle" },
        "west":  { "uv": [ 14.25, 8.5, 15, 9.5 ], "texture": "#particle" },
        "east":  { "uv": [ 14.25, 8.5, 15, 9.25 ], "texture": "#particle" }
    }
},
{
    "__comment": "skirt*",
    "from": [ 6, 8.25, 6.9375 ],
    "to": [ 6.9375, 10.75, 7.25 ],
    "rotation": { "origin": [ 6, 8.25, 6.9375 ], "axis": "y", "angle": 45 },
    "faces": {
        "down":  { "uv": [ 14, 8.5, 15, 9.5 ], "texture": "#particle" },
        "up":    { "uv": [ 14, 8.5, 14.5, 9.5 ], "texture": "#particle" },
        "north": { "uv": [ 14, 8.5, 15, 9.5 ], "texture": "#particle" },
        "south": { "uv": [ 14, 8.5, 15, 9.5 ], "texture": "#particle" },
        "west":  { "uv": [ 14.25, 8.5, 15, 9.5 ], "texture": "#particle" },
        "east":  { "uv": [ 14.25, 8.5, 15, 9.25 ], "texture": "#particle" }
    }
},
{
    "__comment": "skirt*",
    "from": [ 6, 9.75, 6.9375 ],
    "to": [ 6.25, 10.75, 9.3125 ],
    "faces": {
        "down":  { "uv": [ 14, 8.5, 15, 9.5 ], "texture": "#particle" },
        "up":    { "uv": [ 14, 8.5, 14.5, 9.5 ], "texture": "#particle" },
        "north": { "uv": [ 14, 8.5, 15, 9.5 ], "texture": "#particle" },
        "south": { "uv": [ 14, 8.5, 15, 9.5 ], "texture": "#particle" },
        "west":  { "uv": [ 14.25, 8.5, 15, 9.5 ], "texture": "#particle" },
        "east":  { "uv": [ 14.25, 8.5, 15, 9.25 ], "texture": "#particle" }
    }
},
{
    "__comment": "skirt*",
    "from": [ 6, 6.875, 8.1875 ],
    "to": [ 6.25, 9.875, 9.3125 ],
    "rotation": { "origin": [ 6, 9.875, 8.1875 ], "axis": "z", "angle": -22.5 },
    "faces": {
        "down":  { "uv": [ 14, 8.5, 15, 9.5 ], "texture": "#particle" },
        "up":    { "uv": [ 14, 8.5, 14.5, 9.5 ], "texture": "#particle" },
        "north": { "uv": [ 14, 8.5, 15, 9.5 ], "texture": "#particle" },
        "south": { "uv": [ 14, 8.5, 15, 9.5 ], "texture": "#particle" },
        "west":  { "uv": [ 14.25, 8.5, 15, 9.5 ], "texture": "#particle" },
        "east":  { "uv": [ 14.25, 8.5, 15, 9.25 ], "texture": "#particle" }
    }
},
{
    "__comment": "skirt*",
    "from": [ 6, 6.875, 6.9375 ],
    "to": [ 6.25, 9.875, 8.0625 ],
    "rotation": { "origin": [ 6, 9.875, 6.9375 ], "axis": "z", "angle": -22.5 },
    "faces": {
        "down":  { "uv": [ 14, 8.5, 15, 9.5 ], "texture": "#particle" },
        "up":    { "uv": [ 14, 8.5, 14.5, 9.5 ], "texture": "#particle" },
        "north": { "uv": [ 14, 8.5, 15, 9.5 ], "texture": "#particle" },
        "south": { "uv": [ 14, 8.5, 15, 9.5 ], "texture": "#particle" },
        "west":  { "uv": [ 14.25, 8.5, 15, 9.5 ], "texture": "#particle" },
        "east":  { "uv": [ 14.25, 8.5, 15, 9.25 ], "texture": "#particle" }
    }
},
{
    "__comment": "skirt*",
    "from": [ 6.375, 8.625, 6.625 ],
    "to": [ 9.625, 11.0625, 7.375 ],
    "faces": {
        "down":  { "uv": [ 14.25, 8.5, 15, 9.25 ], "texture": "#particle" },
        "up":    { "uv": [ 14, 8.75, 15, 9.5 ], "texture": "#particle" },
        "north": { "uv": [ 14, 8.75, 14.75, 9.5 ], "texture": "#particle" },
        "south": { "uv": [ 14.25, 8.75, 14.75, 9.25 ], "texture": "#particle" },
        "west":  { "uv": [ 14.25, 8.5, 15, 9.25 ], "texture": "#particle" },
        "east":  { "uv": [ 14, 8.75, 15, 9.5 ], "texture": "#particle" }
    }
},
{
    "__comment": "skirt*",
    "from": [ 6.6875, 10.99, 9.855 ],
    "to": [ 9.3125, 11.24, 10.355 ],
    "rotation": { "origin": [ 6.6875, 11.24, 9.855 ], "axis": "x", "angle": 45 },
    "faces": {
        "down":  { "uv": [ 14, 8.5, 15, 9.5 ], "texture": "#particle" },
        "up":    { "uv": [ 14, 8.5, 14.5, 9.5 ], "texture": "#particle" },
        "north": { "uv": [ 14, 8.5, 15, 9.5 ], "texture": "#particle" },
        "south": { "uv": [ 14, 8.5, 15, 9.5 ], "texture": "#particle" },
        "west":  { "uv": [ 14.25, 8.5, 15, 9.5 ], "texture": "#particle" },
        "east":  { "uv": [ 14.25, 8.5, 15, 9.25 ], "texture": "#particle" }
    }
},
{
    "__comment": "MOUTH",
    "from": [ 7.75, 8.8125, 9.75 ],
    "to": [ 8.25, 8.875, 9.8125 ],
    "faces": {
        "down":  { "uv": [ 4.75, 2.5, 5, 4 ], "texture": "#eye" },
        "up":    { "uv": [ 4.75, 2.75, 5, 3.25 ], "texture": "#eye" },
        "north": { "uv": [ 4.75, 2.75, 5, 3.5 ], "texture": "#eye" },
        "south": { "uv": [ 4.75, 2.75, 5, 3.75 ], "texture": "#eye" },
        "west":  { "uv": [ 4.75, 2.75, 5, 3.5 ], "texture": "#eye" },
        "east":  { "uv": [ 4.75, 2.75, 5, 3.75 ], "texture": "#eye" }
    }
},
{
    "__comment": "EYE",
    "from": [ 6.75, 9.1875, 9.6885 ],
    "to": [ 7.0625, 10.0625, 9.751 ],
    "faces": {
        "down":  { "uv": [ 1.25, 8.75, 2.75, 9.25 ], "texture": "#eye" },
        "up":    { "uv": [ 1.25, 10.25, 2.75, 10.75 ], "texture": "#eye" },
        "north": { "uv": [ 0.5, 0.5, 6.5, 8.5 ], "texture": "#eye" },
        "south": { "uv": [ 6.5, 0.5, 0.5, 8.5 ], "texture": "#eye" },
        "west":  { "uv": [ 5, 9.25, 5.5, 10.25 ], "texture": "#eye" },
        "east":  { "uv": [ 3.75, 10, 4.25, 11 ], "texture": "#eye" }
    }
},
{
    "__comment": "head",
    "from": [ 6.625, 8.5, 8.915 ],
    "to": [ 7.3125, 10.75, 9.415 ],
    "rotation": { "origin": [ 6.625, 8.5, 8.915 ], "axis": "y", "angle": -45 },
    "faces": {
        "down":  { "uv": [ 11.75, 8.5, 12.5, 9.25 ], "texture": "#particle" },
        "up":    { "uv": [ 11.5, 8.5, 12.5, 9.25 ], "texture": "#particle" },
        "north": { "uv": [ 11.5, 8.5, 12.25, 9.25 ], "texture": "#particle" },
        "south": { "uv": [ 11.75, 8.75, 12.25, 9.25 ], "texture": "#particle" },
        "west":  { "uv": [ 11.5, 8.75, 12.25, 9.5 ], "texture": "#particle" },
        "east":  { "uv": [ 11.5, 8.75, 12.5, 9.5 ], "texture": "#particle" }
    }
},
{
    "__comment": "head*",
    "from": [ 8.895, 8.5, 9.3975 ],
    "to": [ 9.5825, 10.75, 9.8975 ],
    "rotation": { "origin": [ 8.895, 8.5, 9.3975 ], "axis": "y", "angle": 45 },
    "faces": {
        "down":  { "uv": [ 11.75, 8.5, 12.5, 9.25 ], "texture": "#particle" },
        "up":    { "uv": [ 11.5, 8.5, 12.5, 9.25 ], "texture": "#particle" },
        "north": { "uv": [ 11.5, 8.5, 12.25, 9.25 ], "texture": "#particle" },
        "south": { "uv": [ 11.75, 8.75, 12.25, 9.25 ], "texture": "#particle" },
        "west":  { "uv": [ 11.5, 8.75, 12.25, 9.5 ], "texture": "#particle" },
        "east":  { "uv": [ 11.5, 8.75, 12.5, 9.5 ], "texture": "#particle" }
    }
},
{
    "__comment": "skirt*",
    "from": [ 9.75, 11, 7.25 ],
    "to": [ 10, 12, 9 ],
    "rotation": { "origin": [ 9.75, 12, 7.25 ], "axis": "z", "angle": -22.5 },
    "faces": {
        "down":  { "uv": [ 9, 8.5, 10, 9.5 ], "texture": "#particle" },
        "up":    { "uv": [ 9, 8.5, 9.5, 9.5 ], "texture": "#particle" },
        "north": { "uv": [ 9, 8.25, 10, 9.25 ], "texture": "#particle" },
        "south": { "uv": [ 9, 8.5, 10, 9.5 ], "texture": "#particle" },
        "west":  { "uv": [ 9, 8.5, 9.75, 9.5 ], "texture": "#particle" },
        "east":  { "uv": [ 9.25, 8.5, 10, 9.25 ], "texture": "#particle" }
    }
},
{
    "__comment": "skirt*",
    "from": [ 9.8225, 11.9375, 7.5 ],
    "to": [ 10.0725, 12.1875, 8.75 ],
    "rotation": { "origin": [ 9.8225, 12.1875, 7.5 ], "axis": "z", "angle": -22.5 },
    "faces": {
        "down":  { "uv": [ 9, 8.5, 10, 9.5 ], "texture": "#particle" },
        "up":    { "uv": [ 9, 8.5, 9.5, 9.5 ], "texture": "#particle" },
        "north": { "uv": [ 9, 8.25, 10, 9.25 ], "texture": "#particle" },
        "south": { "uv": [ 9, 8.5, 10, 9.5 ], "texture": "#particle" },
        "west":  { "uv": [ 9, 8.5, 9.75, 9.5 ], "texture": "#particle" },
        "east":  { "uv": [ 9.25, 8.5, 10, 9.25 ], "texture": "#particle" }
    }
},
{
    "__comment": "skirt*",
    "from": [ 6, 11, 7.25 ],
    "to": [ 6.25, 12, 9 ],
    "rotation": { "origin": [ 6, 12, 7.25 ], "axis": "z", "angle": 22.5 },
    "faces": {
        "down":  { "uv": [ 9, 8.5, 10, 9.5 ], "texture": "#particle" },
        "up":    { "uv": [ 9, 8.5, 9.5, 9.5 ], "texture": "#particle" },
        "north": { "uv": [ 9, 8.25, 10, 9.25 ], "texture": "#particle" },
        "south": { "uv": [ 9, 8.5, 10, 9.5 ], "texture": "#particle" },
        "west":  { "uv": [ 9, 8.5, 9.75, 9.5 ], "texture": "#particle" },
        "east":  { "uv": [ 9.25, 8.5, 10, 9.25 ], "texture": "#particle" }
    }
},
{
    "__comment": "skirt*",
    "from": [ 5.915, 11.9475, 7.5 ],
    "to": [ 6.165, 12.1975, 8.75 ],
    "rotation": { "origin": [ 5.915, 12.1975, 7.5 ], "axis": "z", "angle": 22.5 },
    "faces": {
        "down":  { "uv": [ 9, 8.5, 10, 9.5 ], "texture": "#particle" },
        "up":    { "uv": [ 9, 8.5, 9.5, 9.5 ], "texture": "#particle" },
        "north": { "uv": [ 9, 8.25, 10, 9.25 ], "texture": "#particle" },
        "south": { "uv": [ 9, 8.5, 10, 9.5 ], "texture": "#particle" },
        "west":  { "uv": [ 9, 8.5, 9.75, 9.5 ], "texture": "#particle" },
        "east":  { "uv": [ 9.25, 8.5, 10, 9.25 ], "texture": "#particle" }
    }
},
{
    "__comment": "EYE*",
    "from": [ 6.41, 9.1875, 9.3275 ],
    "to": [ 6.9725, 10.0625, 9.39 ],
    "rotation": { "origin": [ 6.41, 9.1875, 9.3275 ], "axis": "y", "angle": -45 },
    "faces": {
        "down":  { "uv": [ 1.25, 8.75, 2.75, 9.25 ], "texture": "#eye" },
        "up":    { "uv": [ 1.25, 10.25, 2.75, 10.75 ], "texture": "#eye" },
        "north": { "uv": [ 6.5, 0.5, 13.5, 8.5 ], "texture": "#eye" },
        "south": { "uv": [ 13.375, 0.5, 6.5, 8.5 ], "texture": "#eye" },
        "west":  { "uv": [ 5, 9.25, 5.5, 10.25 ], "texture": "#eye" },
        "east":  { "uv": [ 3.75, 10, 4.25, 11 ], "texture": "#eye" }
    }
},
{
    "__comment": "EYE*",
    "from": [ 8.8125, 9.1875, 9.6925 ],
    "to": [ 9.25, 10.0625, 9.755 ],
    "faces": {
        "down":  { "uv": [ 1.25, 8.75, 2.75, 9.25 ], "texture": "#eye" },
        "up":    { "uv": [ 1.25, 10.25, 2.75, 10.75 ], "texture": "#eye" },
        "north": { "uv": [ 6.5, 0.5, 0.5, 8.5 ], "texture": "#eye" },
        "south": { "uv": [ 0.5, 0.5, 6.5, 8.5 ], "texture": "#eye" },
        "west":  { "uv": [ 5, 9.25, 5.5, 10.25 ], "texture": "#eye" },
        "east":  { "uv": [ 3.75, 10, 4.25, 11 ], "texture": "#eye" }
    }
},
{
    "__comment": "EYE*",
    "from": [ 9.1875, 9.1875, 9.73 ],
    "to": [ 9.75, 10.0625, 9.7925 ],
    "rotation": { "origin": [ 9.1875, 9.1875, 9.73 ], "axis": "y", "angle": 45 },
    "faces": {
        "down":  { "uv": [ 1.25, 8.75, 2.75, 9.25 ], "texture": "#eye" },
        "up":    { "uv": [ 1.25, 10.25, 2.75, 10.75 ], "texture": "#eye" },
        "north": { "uv": [ 13.5, 0.5, 6.5, 8.5 ], "texture": "#eye" },
        "south": { "uv": [ 6.5, 0.5, 13.375, 8.5 ], "texture": "#eye" },
        "west":  { "uv": [ 5, 9.25, 5.5, 10.25 ], "texture": "#eye" },
        "east":  { "uv": [ 3.75, 10, 4.25, 11 ], "texture": "#eye" }
    }
},
{
    "__comment": "skirt_bottom*",
    "from": [ 8.5, 4.9375, 3 ],
    "to": [ 14, 5, 13 ],
    "rotation": { "origin": [ 8.5, 5, 3 ], "axis": "z", "angle": -22.5 },
    "faces": {
        "down":  { "uv": [ 0.5, 0.5, 11.5, 15 ], "texture": "#skirt" },
        "up":    { "uv": [ 11.5, 0.5, 0.5, 15 ], "rotation": 180, "texture": "#skirt" },
        "north": { "uv": [ 11.75, 2.5, 12.5, 3.25 ], "texture": "#skirt" },
        "south": { "uv": [ 12, 2.5, 12.75, 3.25 ], "texture": "#skirt" },
        "west":  { "uv": [ 13.25, 1.75, 14, 2.5 ], "texture": "#skirt" },
        "east":  { "uv": [ 11.75, 2.25, 12.5, 3 ], "texture": "#skirt" }
    }
},
{
    "__comment": "skirt*",
    "from": [ 6.375, 10.75, 9.3125 ],
    "to": [ 9.625, 11.1875, 9.6875 ],
    "faces": {
        "down":  { "uv": [ 14.25, 8.5, 15, 9.25 ], "texture": "#particle" },
        "up":    { "uv": [ 14, 8.75, 15, 9.5 ], "texture": "#particle" },
        "north": { "uv": [ 14, 8.75, 14.75, 9.5 ], "texture": "#particle" },
        "south": { "uv": [ 14.25, 8.75, 14.75, 9.25 ], "texture": "#particle" },
        "west":  { "uv": [ 14.25, 8.5, 15, 9.25 ], "texture": "#particle" },
        "east":  { "uv": [ 14, 8.75, 15, 9.5 ], "texture": "#particle" }
    }
},
{
    "__comment": "skirt*",
    "from": [ 6.3125, 10.1875, 9 ],
    "to": [ 7.375, 10.8125, 9.4375 ],
    "rotation": { "origin": [ 6.3125, 10.1875, 9 ], "axis": "y", "angle": -45 },
    "faces": {
        "down":  { "uv": [ 14, 8.5, 15, 9.5 ], "texture": "#particle" },
        "up":    { "uv": [ 14, 8.5, 14.5, 9.5 ], "texture": "#particle" },
        "north": { "uv": [ 14, 8.5, 15, 9.5 ], "texture": "#particle" },
        "south": { "uv": [ 14, 8.5, 15, 9.5 ], "texture": "#particle" },
        "west":  { "uv": [ 14.25, 8.5, 15, 9.5 ], "texture": "#particle" },
        "east":  { "uv": [ 14.25, 8.5, 15, 9.25 ], "texture": "#particle" }
    }
},
{
    "__comment": "skirt*",
    "from": [ 6.75, 10.75, 9.6875 ],
    "to": [ 9.25, 11.0625, 10 ],
    "faces": {
        "down":  { "uv": [ 14.25, 8.5, 15, 9.25 ], "texture": "#particle" },
        "up":    { "uv": [ 14, 8.75, 15, 9.5 ], "texture": "#particle" },
        "north": { "uv": [ 14, 8.75, 14.75, 9.5 ], "texture": "#particle" },
        "south": { "uv": [ 14.25, 8.75, 14.75, 9.25 ], "texture": "#particle" },
        "west":  { "uv": [ 14.25, 8.5, 15, 9.25 ], "texture": "#particle" },
        "east":  { "uv": [ 14, 8.75, 15, 9.5 ], "texture": "#particle" }
    }
},
{
    "__comment": "skirt*",
    "from": [ 8.9375, 10.1875, 9.75 ],
    "to": [ 10, 10.8125, 10.1875 ],
    "rotation": { "origin": [ 8.9375, 10.1875, 9.75 ], "axis": "y", "angle": 45 },
    "faces": {
        "down":  { "uv": [ 14, 8.5, 15, 9.5 ], "texture": "#particle" },
        "up":    { "uv": [ 14, 8.5, 14.5, 9.5 ], "texture": "#particle" },
        "north": { "uv": [ 14, 8.5, 15, 9.5 ], "texture": "#particle" },
        "south": { "uv": [ 14, 8.5, 15, 9.5 ], "texture": "#particle" },
        "west":  { "uv": [ 14.25, 8.5, 15, 9.5 ], "texture": "#particle" },
        "east":  { "uv": [ 14.25, 8.5, 15, 9.25 ], "texture": "#particle" }
    }
},
{
    "from": [ 10.375, 0.6875, 7.5 ],
    "to": [ 11.125, 2.9375, 8.5 ],
    "rotation": { "origin": [ 10.375, 2.9375, 7.5 ], "axis": "z", "angle": -45 },
    "faces": {
        "down":  { "uv": [ 14, 8.5, 15, 9.5 ], "texture": "#particle" },
        "up":    { "uv": [ 14, 8.5, 15, 9.5 ], "texture": "#particle" },
        "north": { "uv": [ 14, 8.5, 15, 9.5 ], "texture": "#particle" },
        "south": { "uv": [ 14, 8.5, 15, 9.5 ], "texture": "#particle" },
        "west":  { "uv": [ 14, 8.5, 15, 9.5 ], "texture": "#particle" },
        "east":  { "uv": [ 14, 8.5, 15, 9.5 ], "texture": "#particle" }
    }
},
{
    "__comment": "skirt*",
    "from": [ 6.75, 8.3025, 6.905 ],
    "to": [ 9.25, 8.8025, 7.53 ],
    "rotation": { "origin": [ 6.75, 8.8025, 6.905 ], "axis": "x", "angle": 45 },
    "faces": {
        "down":  { "uv": [ 11.75, 8.5, 12.5, 9.25 ], "texture": "#particle" },
        "up":    { "uv": [ 11.5, 8.5, 12.5, 9.25 ], "texture": "#particle" },
        "north": { "uv": [ 11.5, 8.5, 12.25, 9.25 ], "texture": "#particle" },
        "south": { "uv": [ 11.75, 8.75, 12.25, 9.25 ], "texture": "#particle" },
        "west":  { "uv": [ 11.5, 8.75, 12.25, 9.5 ], "texture": "#particle" },
        "east":  { "uv": [ 11.5, 8.75, 12.5, 9.5 ], "texture": "#particle" }
    }
},
{
    "__comment": "skirt*",
    "from": [ 6.75, 7.855, 8.915 ],
    "to": [ 9.25, 8.355, 9.6025 ],
    "rotation": { "origin": [ 6.75, 8.355, 8.915 ], "axis": "x", "angle": -45 },
    "faces": {
        "down":  { "uv": [ 11.75, 8.5, 12.5, 9.25 ], "texture": "#particle" },
        "up":    { "uv": [ 11.5, 8.5, 12.5, 9.25 ], "texture": "#particle" },
        "north": { "uv": [ 11.5, 8.5, 12.25, 9.25 ], "texture": "#particle" },
        "south": { "uv": [ 11.75, 8.75, 12.25, 9.25 ], "texture": "#particle" },
        "west":  { "uv": [ 11.5, 8.75, 12.25, 9.5 ], "texture": "#particle" },
        "east":  { "uv": [ 11.5, 8.75, 12.5, 9.5 ], "texture": "#particle" }
    }
},
{
    "__comment": "skirt*",
    "from": [ 6.615, 8.3425, 7 ],
    "to": [ 7.3025, 8.8425, 9.25 ],
    "rotation": { "origin": [ 6.615, 8.8425, 7 ], "axis": "z", "angle": -45 },
    "faces": {
        "down":  { "uv": [ 11.75, 8.5, 12.5, 9.25 ], "texture": "#particle" },
        "up":    { "uv": [ 11.5, 8.5, 12.5, 9.25 ], "texture": "#particle" },
        "north": { "uv": [ 11.5, 8.5, 12.25, 9.25 ], "texture": "#particle" },
        "south": { "uv": [ 11.75, 8.75, 12.25, 9.25 ], "texture": "#particle" },
        "west":  { "uv": [ 11.5, 8.75, 12.25, 9.5 ], "texture": "#particle" },
        "east":  { "uv": [ 11.5, 8.75, 12.5, 9.5 ], "texture": "#particle" }
    }
},
{
    "__comment": "skirt*",
    "from": [ 8.905, 7.845, 7 ],
    "to": [ 9.5925, 8.345, 9.25 ],
    "rotation": { "origin": [ 8.905, 8.345, 7 ], "axis": "z", "angle": 45 },
    "faces": {
        "down":  { "uv": [ 11.75, 8.5, 12.5, 9.25 ], "texture": "#particle" },
        "up":    { "uv": [ 11.5, 8.5, 12.5, 9.25 ], "texture": "#particle" },
        "north": { "uv": [ 11.5, 8.5, 12.25, 9.25 ], "texture": "#particle" },
        "south": { "uv": [ 11.75, 8.75, 12.25, 9.25 ], "texture": "#particle" },
        "west":  { "uv": [ 11.5, 8.75, 12.25, 9.5 ], "texture": "#particle" },
        "east":  { "uv": [ 11.5, 8.75, 12.5, 9.5 ], "texture": "#particle" }
    }
},
{
    "__comment": "skirt_bottom*",
    "from": [ 2.5, 2.77024, 3 ],
    "to": [ 8, 2.83274, 13 ],
    "rotation": { "origin": [ 2.5, 2.83274, 3 ], "axis": "z", "angle": 22.5 },
    "faces": {
        "down":  { "uv": [ 0.5, 0.5, 11.5, 15 ], "rotation": 180, "texture": "#skirt" },
        "up":    { "uv": [ 11.5, 0.5, 0.5, 15 ], "texture": "#skirt" },
        "north": { "uv": [ 11.75, 2.5, 12.5, 3.25 ], "texture": "#skirt" },
        "south": { "uv": [ 12, 2.5, 12.75, 3.25 ], "texture": "#skirt" },
        "west":  { "uv": [ 13.25, 1.75, 14, 2.5 ], "texture": "#skirt" },
        "east":  { "uv": [ 11.75, 2.25, 12.5, 3 ], "texture": "#skirt" }
    }
},
{
    "__comment": "skirt*",
    "from": [ 7.5, 4.75, 7.75 ],
    "to": [ 8.5, 7.5, 8.5 ],
    "rotation": { "origin": [ 7.5, 7.5, 7.75 ], "axis": "x", "angle": 22.5 },
    "faces": {
        "down":  { "uv": [ 11.75, 8.5, 12.5, 9.25 ], "texture": "#particle" },
        "up":    { "uv": [ 11.5, 8.5, 12.5, 9.25 ], "texture": "#particle" },
        "north": { "uv": [ 11.5, 8.5, 12.25, 9.25 ], "texture": "#particle" },
        "south": { "uv": [ 11.75, 8.75, 12.25, 9.25 ], "texture": "#particle" },
        "west":  { "uv": [ 11.5, 8.75, 12.25, 9.5 ], "texture": "#particle" },
        "east":  { "uv": [ 11.5, 8.75, 12.5, 9.5 ], "texture": "#particle" }
    }
},
{
    "__comment": "skirt*",
    "from": [ 7.5625, 4.1875, 7.5 ],
    "to": [ 8.3125, 7.1875, 8.5625 ],
    "rotation": { "origin": [ 7.5625, 7.1875, 7.5 ], "axis": "z", "angle": 22.5 },
    "faces": {
        "down":  { "uv": [ 11.75, 8.5, 12.5, 9.25 ], "texture": "#particle" },
        "up":    { "uv": [ 11.5, 8.5, 12.5, 9.25 ], "texture": "#particle" },
        "north": { "uv": [ 11.5, 8.5, 12.25, 9.25 ], "texture": "#particle" },
        "south": { "uv": [ 11.75, 8.75, 12.25, 9.25 ], "texture": "#particle" },
        "west":  { "uv": [ 11.5, 8.75, 12.25, 9.5 ], "texture": "#particle" },
        "east":  { "uv": [ 11.5, 8.75, 12.5, 9.5 ], "texture": "#particle" }
    }
},
{
    "__comment": "skirt*",
    "from": [ 7.5, 6.25, 7.5 ],
    "to": [ 8.5, 7.5, 8.5625 ],
    "faces": {
        "down":  { "uv": [ 11.75, 8.5, 12.5, 9.25 ], "texture": "#particle" },
        "up":    { "uv": [ 11.5, 8.5, 12.5, 9.25 ], "texture": "#particle" },
        "north": { "uv": [ 11.5, 8.5, 12.25, 9.25 ], "texture": "#particle" },
        "south": { "uv": [ 11.75, 8.75, 12.25, 9.25 ], "texture": "#particle" },
        "west":  { "uv": [ 11.5, 8.75, 12.25, 9.5 ], "texture": "#particle" },
        "east":  { "uv": [ 11.5, 8.75, 12.5, 9.5 ], "texture": "#particle" }
    }
},
{
    "__comment": "skirt*",
    "from": [ 7.5, 7, 7.5 ],
    "to": [ 8.5, 7.5, 8.2 ],
    "rotation": { "origin": [ 7.5, 7.5, 7.5 ], "axis": "x", "angle": -45 },
    "faces": {
        "down":  { "uv": [ 11.75, 8.5, 12.5, 9.25 ], "texture": "#particle" },
        "up":    { "uv": [ 11.5, 8.5, 12.5, 9.25 ], "texture": "#particle" },
        "north": { "uv": [ 11.5, 8.5, 12.25, 9.25 ], "texture": "#particle" },
        "south": { "uv": [ 11.75, 8.75, 12.25, 9.25 ], "texture": "#particle" },
        "west":  { "uv": [ 11.5, 8.75, 12.25, 9.5 ], "texture": "#particle" },
        "east":  { "uv": [ 11.5, 8.75, 12.5, 9.5 ], "texture": "#particle" }
    }
},
{
    "__comment": "skirt*",
    "from": [ 7.5, 7.5, 8.0625 ],
    "to": [ 8.5, 8, 8.7625 ],
    "rotation": { "origin": [ 7.5, 8, 8.0625 ], "axis": "x", "angle": 45 },
    "faces": {
        "down":  { "uv": [ 11.75, 8.5, 12.5, 9.25 ], "texture": "#particle" },
        "up":    { "uv": [ 11.5, 8.5, 12.5, 9.25 ], "texture": "#particle" },
        "north": { "uv": [ 11.5, 8.5, 12.25, 9.25 ], "texture": "#particle" },
        "south": { "uv": [ 11.75, 8.75, 12.25, 9.25 ], "texture": "#particle" },
        "west":  { "uv": [ 11.5, 8.75, 12.25, 9.5 ], "texture": "#particle" },
        "east":  { "uv": [ 11.5, 8.75, 12.5, 9.5 ], "texture": "#particle" }
    }
},
{
    "__comment": "skirt*",
    "from": [ 7.5, 4.5625, 7.75 ],
    "to": [ 8.5, 6.8125, 8.5 ],
    "rotation": { "origin": [ 7.5, 6.8125, 7.75 ], "axis": "x", "angle": -22.5 },
    "faces": {
        "down":  { "uv": [ 11.75, 8.5, 12.5, 9.25 ], "texture": "#particle" },
        "up":    { "uv": [ 11.5, 8.5, 12.5, 9.25 ], "texture": "#particle" },
        "north": { "uv": [ 11.5, 8.5, 12.25, 9.25 ], "texture": "#particle" },
        "south": { "uv": [ 11.75, 8.75, 12.25, 9.25 ], "texture": "#particle" },
        "west":  { "uv": [ 11.5, 8.75, 12.25, 9.5 ], "texture": "#particle" },
        "east":  { "uv": [ 11.5, 8.75, 12.5, 9.5 ], "texture": "#particle" }
    }
}
],
"display": {
    "head": {
        "rotation": [ 0, 180, 0 ],
        "translation": [ 0, -13.5, 0 ],
        "scale": [ 3.4, 3.4, 3.4 ]
    },
    "thirdperson_lefthand": {
			"rotation":  [ 70, 180, 0 ],
			"translation":  [ -6, -2.5, 7.5 ],
			"scale":  [ 2.1, 2.1, 2.1 ]
		},
		"thirdperson_righthand": {
			"rotation":  [ 70, 180, 0 ],
			"translation":  [ -6, -2.5, 7.5 ],
			"scale":  [ 2.1, 2.1, 2.1 ]
		},
		"firstperson_righthand": {
			"scale":  [ 0, 0, 0 ]
		},
		"firstperson_lefthand": {
			"scale":  [ 0, 0, 0 ]
		},
		"gui": {
			"scale":  [ 0, 0, 0 ]
		},
		"ground": {
			"scale":  [ 0, 0, 0 ]
		}
}
}