{
"__comment": "Made by MadstonMagic using Cubik Pro, Copyright © MadstonMagic Modeling 2015-2017. All rights reserved",
"elements": [
{
	"from": [ 6.9, 7.85, 6.5 ], 
	"to": [ 8.1, 10, 6.75 ], 
	"faces": {
		"north": { "texture": "#0", "uv": [ 3.5, 2.5, 6.5, 6.5 ] },
		"east": { "texture": "#0", "uv": [ 3, 2, 6, 6 ] },
		"south": { "texture": "#0", "uv": [ 3, 1, 6, 5 ] },
		"west": { "texture": "#0", "uv": [ 3.5, 2.5, 6.5, 6.5 ] },
		"up": { "texture": "#0", "uv": [ 2.5, 1, 5.5, 4 ] },
		"down": { "texture": "#0", "uv": [ 2.5, 2.5, 5.5, 5.5 ] }
	}
},
{
	"from": [ 6.9, 7.85, 8.25 ], 
	"to": [ 8.1, 10, 8.5 ], 
	"faces": {
		"north": { "texture": "#0", "uv": [ 3.5, 2.5, 6.5, 6.5 ] },
		"east": { "texture": "#0", "uv": [ 3, 2, 6, 6 ] },
		"south": { "texture": "#0", "uv": [ 3, 1, 6, 5 ] },
		"west": { "texture": "#0", "uv": [ 3.5, 2.5, 6.5, 6.5 ] },
		"up": { "texture": "#0", "uv": [ 2.5, 1, 5.5, 4 ] },
		"down": { "texture": "#0", "uv": [ 2.5, 2.5, 5.5, 5.5 ] }
	}
},
{
	"from": [ 6.9, 7.5, 6.75 ], 
	"to": [ 8.1, 8.5, 8.25 ], 
	"faces": {
		"north": { "texture": "#0", "uv": [ 3.5, 2.5, 6.5, 6.5 ] },
		"east": { "texture": "#0", "uv": [ 3, 2, 6, 6 ] },
		"south": { "texture": "#0", "uv": [ 3, 1, 6, 5 ] },
		"west": { "texture": "#0", "uv": [ 3.5, 2.5, 6.5, 6.5 ] },
		"up": { "texture": "#0", "uv": [ 2.5, 1, 5.5, 4 ] },
		"down": { "texture": "#0", "uv": [ 2.5, 2.5, 5.5, 5.5 ] }
	}
},
{
	"from": [ 6.9, 8.5, 6.75 ], 
	"to": [ 8.1, 10, 8.25 ], 
	"faces": {
		"north": { "texture": "#0", "uv": [ 10.5, 0.5, 13.5, 4.5 ] },
		"east": { "texture": "#0", "uv": [ 10.5, 1.75, 13.5, 5.75 ] },
		"south": { "texture": "#0", "uv": [ 11.5, 1.5, 14.5, 5.5 ] },
		"west": { "texture": "#0", "uv": [ 10.25, 1.75, 13.25, 5.75 ] },
		"up": { "texture": "#0", "uv": [ 11, 2.5, 14, 5.5 ] },
		"down": { "texture": "#0", "uv": [ 11.5, 2, 14.5, 5 ] }
	}
},
{
	"from": [ 7.125, 9.5, 8.5 ], 
	"to": [ 7.875, 10, 11.625 ], 
	"rotation": { "origin": [ 7.125, 10, 8.5 ], "axis": "x", "angle": 45 },
	"faces": {
		"north": { "texture": "#0", "uv": [ 3.5, 2.5, 6.5, 6.5 ] },
		"east": { "texture": "#0", "uv": [ 3, 2, 6, 6 ] },
		"south": { "texture": "#0", "uv": [ 3, 1, 6, 5 ] },
		"west": { "texture": "#0", "uv": [ 3.5, 2.5, 6.5, 6.5 ] },
		"up": { "texture": "#0", "uv": [ 2.5, 1, 5.5, 4 ] },
		"down": { "texture": "#0", "uv": [ 2.5, 2.5, 5.5, 5.5 ] }
	}
},
{
	"from": [ 7.125, 7.25, 4.25 ], 
	"to": [ 7.875, 7.75, 7.375 ], 
	"rotation": { "origin": [ 7.125, 7.75, 4.25 ], "axis": "x", "angle": -45 },
	"faces": {
		"north": { "texture": "#0", "uv": [ 3.5, 2.5, 6.5, 6.5 ] },
		"east": { "texture": "#0", "uv": [ 3, 2, 6, 6 ] },
		"south": { "texture": "#0", "uv": [ 3, 1, 6, 5 ] },
		"west": { "texture": "#0", "uv": [ 3.5, 2.5, 6.5, 6.5 ] },
		"up": { "texture": "#0", "uv": [ 2.5, 1, 5.5, 4 ] },
		"down": { "texture": "#0", "uv": [ 2.5, 2.5, 5.5, 5.5 ] }
	}
},
{
	"from": [ 7, 7.4375, 10.5 ], 
	"to": [ 8, 7.9375, 13.625 ], 
	"rotation": { "origin": [ 7, 7.9375, 10.5 ], "axis": "x", "angle": 22.5 },
	"faces": {
		"north": { "texture": "#0", "uv": [ 3.5, 2.5, 6.5, 6.5 ] },
		"east": { "texture": "#0", "uv": [ 3, 2, 6, 6 ] },
		"south": { "texture": "#0", "uv": [ 3, 1, 6, 5 ] },
		"west": { "texture": "#0", "uv": [ 3.5, 2.5, 6.5, 6.5 ] },
		"up": { "texture": "#0", "uv": [ 2.5, 1, 5.5, 4 ] },
		"down": { "texture": "#0", "uv": [ 2.5, 2.5, 5.5, 5.5 ] }
	}
},
{
	"from": [ 7, 6.1875, 1.5625 ], 
	"to": [ 8, 6.6875, 4.6875 ], 
	"rotation": { "origin": [ 7, 6.6875, 1.5625 ], "axis": "x", "angle": -22.5 },
	"faces": {
		"north": { "texture": "#0", "uv": [ 3.5, 2.5, 6.5, 6.5 ] },
		"east": { "texture": "#0", "uv": [ 3, 2, 6, 6 ] },
		"south": { "texture": "#0", "uv": [ 3, 1, 6, 5 ] },
		"west": { "texture": "#0", "uv": [ 3.5, 2.5, 6.5, 6.5 ] },
		"up": { "texture": "#0", "uv": [ 2.5, 1, 5.5, 4 ] },
		"down": { "texture": "#0", "uv": [ 2.5, 2.5, 5.5, 5.5 ] }
	}
},
{
	"from": [ 7, 6.4375, 13.1875 ], 
	"to": [ 8, 6.5, 14.1875 ], 
	"rotation": { "origin": [ 7, 6.5, 13.1875 ], "axis": "x", "angle": 22.5 },
	"faces": {
		"up": { "texture": "#1", "uv": [ 0.5, 0.5, 15.5, 13 ], "rotation": 270 },
		"down": { "texture": "#1", "uv": [ 0.5, 0.5, 15.5, 13 ], "rotation": 90 }
	}
},
{
	"from": [ 7, 6.0625, 0.875 ], 
	"to": [ 8, 6.125, 1.875 ], 
	"rotation": { "origin": [ 7, 6.125, 0.875 ], "axis": "x", "angle": -22.5 },
	"faces": {
		"up": { "texture": "#1", "uv": [ 0.5, 0.5, 15.5, 13 ], "rotation": 90 },
		"down": { "texture": "#1", "uv": [ 0.5, 0.5, 15.5, 13 ], "rotation": 270 }
	}
},
{
	"from": [ 5.6, 7, 7.5 ], 
	"to": [ 7.1, 8.75, 7.5625 ], 
	"faces": {
		"north": { "texture": "#2", "uv": [ 15.5, 0.5, 1, 12 ] },
		"south": { "texture": "#2", "uv": [ 1, 0.5, 15.5, 12 ] }
	}
},
{
	"from": [ 7.9, 7, 7.5 ], 
	"to": [ 9.4, 8.75, 7.5625 ], 
	"faces": {
		"north": { "texture": "#3", "uv": [ 4.5, 0.5, 15.5, 12 ] },
		"south": { "texture": "#3", "uv": [ 15.5, 0.5, 4.5, 12 ] }
	}
},
{
	"from": [ 6.895, 7.75, 6.75 ], 
	"to": [ 8.105, 8.75, 8.25 ], 
	"faces": {
		"east": { "texture": "#4", "uv": [ 15, 1, 9, 12.5 ], "rotation": 270 },
		"west": { "texture": "#4", "uv": [ 9, 1, 15, 12.5 ], "rotation": 90 }
	}
},
{
	"from": [ 7, 10, 7.25 ], 
	"to": [ 8, 11, 7.75 ], 
	"faces": {
		"north": { "texture": "#0", "uv": [ 10.5, 0.5, 13.5, 4.5 ] },
		"east": { "texture": "#0", "uv": [ 11.25, 1.75, 14.25, 5.75 ] },
		"south": { "texture": "#0", "uv": [ 11.5, 1.5, 14.5, 5.5 ] },
		"west": { "texture": "#0", "uv": [ 10.25, 1.75, 13.25, 5.75 ] },
		"up": { "texture": "#0", "uv": [ 11, 2.5, 14, 5.5 ] },
		"down": { "texture": "#0", "uv": [ 11.5, 2, 14.5, 5 ] }
	}
},
{
	"from": [ 7, 10, 7.5 ], 
	"to": [ 8, 10.75, 8.56 ], 
	"rotation": { "origin": [ 7, 10.75, 7.5 ], "axis": "x", "angle": 45 },
	"faces": {
		"north": { "texture": "#0", "uv": [ 10.5, 0.5, 13.5, 4.5 ] },
		"east": { "texture": "#0", "uv": [ 11, 1.25, 14, 5.25 ] },
		"south": { "texture": "#0", "uv": [ 11.5, 1.5, 14.5, 5.5 ] },
		"west": { "texture": "#0", "uv": [ 10.25, 1.75, 13.25, 5.75 ] },
		"up": { "texture": "#0", "uv": [ 11, 2.5, 14, 5.5 ] },
		"down": { "texture": "#0", "uv": [ 11.5, 2, 14.5, 5 ] }
	}
},
{
	"from": [ 7, 9.25, 6.75 ], 
	"to": [ 8, 10, 7.81 ], 
	"rotation": { "origin": [ 7, 10, 6.75 ], "axis": "x", "angle": -45 },
	"faces": {
		"north": { "texture": "#0", "uv": [ 10.5, 0.5, 13.5, 4.5 ] },
		"east": { "texture": "#0", "uv": [ 10.25, 1.75, 13.25, 5.75 ] },
		"south": { "texture": "#0", "uv": [ 11.5, 1.5, 14.5, 5.5 ] },
		"west": { "texture": "#0", "uv": [ 10.25, 1.75, 13.25, 5.75 ] },
		"up": { "texture": "#0", "uv": [ 11, 2.5, 14, 5.5 ] },
		"down": { "texture": "#0", "uv": [ 11.5, 2, 14.5, 5 ] }
	}
},
{
	"from": [ 6.5, 10.75, 6.75 ], 
	"to": [ 8.5, 13.0, 8.25 ], 
	"faces": {
		"north": { "texture": "#0", "uv": [ 10.5, 0.5, 13.5, 4.5 ] },
		"east": { "texture": "#0", "uv": [ 11.25, 1.75, 14.25, 5.75 ] },
		"south": { "texture": "#0", "uv": [ 11.5, 1.5, 14.5, 5.5 ] },
		"west": { "texture": "#0", "uv": [ 10.25, 1.75, 13.25, 5.75 ] },
		"up": { "texture": "#0", "uv": [ 11, 2.5, 14, 5.5 ] },
		"down": { "texture": "#0", "uv": [ 11.5, 2, 14.5, 5 ] }
	}
},
{
	"from": [ 6, 11.25, 6.75 ], 
	"to": [ 9, 12.5, 8.25 ], 
	"faces": {
		"north": { "texture": "#0", "uv": [ 10.5, 0.5, 13.5, 4.5 ] },
		"east": { "texture": "#0", "uv": [ 11.25, 1.75, 14.25, 5.75 ] },
		"south": { "texture": "#0", "uv": [ 11.5, 1.5, 14.5, 5.5 ] },
		"west": { "texture": "#0", "uv": [ 10.25, 1.75, 13.25, 5.75 ] },
		"up": { "texture": "#0", "uv": [ 11, 2.5, 14, 5.5 ] },
		"down": { "texture": "#0", "uv": [ 11.5, 2, 14.5, 5 ] }
	}
},
{
	"from": [ 6.5, 11.25, 6.25 ], 
	"to": [ 8.5, 12.5, 8.75 ], 
	"faces": {
		"north": { "texture": "#0", "uv": [ 10.5, 0.5, 13.5, 4.5 ] },
		"east": { "texture": "#0", "uv": [ 11.25, 1.75, 14.25, 5.75 ] },
		"south": { "texture": "#0", "uv": [ 11.5, 1.5, 14.5, 5.5 ] },
		"west": { "texture": "#0", "uv": [ 10.25, 1.75, 13.25, 5.75 ] },
		"up": { "texture": "#0", "uv": [ 11, 2.5, 14, 5.5 ] },
		"down": { "texture": "#0", "uv": [ 11.5, 2, 14.5, 5 ] }
	}
},
{
	"from": [ 6.5, 12, 6.25 ], 
	"to": [ 8.5, 12.5, 6.96 ], 
	"rotation": { "origin": [ 6.5, 12.5, 6.25 ], "axis": "x", "angle": -45 },
	"faces": {
		"north": { "texture": "#0", "uv": [ 10.5, 0.5, 13.5, 4.5 ] },
		"east": { "texture": "#0", "uv": [ 11.25, 1.75, 14.25, 5.75 ] },
		"south": { "texture": "#0", "uv": [ 11.5, 1.5, 14.5, 5.5 ] },
		"west": { "texture": "#0", "uv": [ 10.25, 1.75, 13.25, 5.75 ] },
		"up": { "texture": "#0", "uv": [ 11, 2.5, 14, 5.5 ] },
		"down": { "texture": "#0", "uv": [ 11.5, 2, 14.5, 5 ] }
	}
},
{
	"from": [ 6.5, 12.5, 8.25 ], 
	"to": [ 8.5, 13, 8.96 ], 
	"rotation": { "origin": [ 6.5, 13, 8.25 ], "axis": "x", "angle": 45 },
	"faces": {
		"north": { "texture": "#0", "uv": [ 10.5, 0.5, 13.5, 4.5 ] },
		"east": { "texture": "#0", "uv": [ 11.25, 1.75, 14.25, 5.75 ] },
		"south": { "texture": "#0", "uv": [ 11.5, 1.5, 14.5, 5.5 ] },
		"west": { "texture": "#0", "uv": [ 10.25, 1.75, 13.25, 5.75 ] },
		"up": { "texture": "#0", "uv": [ 11, 2.5, 14, 5.5 ] },
		"down": { "texture": "#0", "uv": [ 11.5, 2, 14.5, 5 ] }
	}
},
{
	"from": [ 6.5, 11.095, 6.595 ], 
	"to": [ 8.5, 11.595, 7.305 ], 
	"rotation": { "origin": [ 6.5, 11.595, 6.595 ], "axis": "x", "angle": 45 },
	"faces": {
		"north": { "texture": "#0", "uv": [ 10.5, 0.5, 13.5, 4.5 ] },
		"east": { "texture": "#0", "uv": [ 11.25, 1.75, 14.25, 5.75 ] },
		"south": { "texture": "#0", "uv": [ 11.5, 1.5, 14.5, 5.5 ] },
		"west": { "texture": "#0", "uv": [ 10.25, 1.75, 13.25, 5.75 ] },
		"up": { "texture": "#0", "uv": [ 11, 2.5, 14, 5.5 ] },
		"down": { "texture": "#0", "uv": [ 11.5, 2, 14.5, 5 ] }
	}
},
{
	"from": [ 6.5, 10.595, 7.895 ], 
	"to": [ 8.5, 11.095, 8.605 ], 
	"rotation": { "origin": [ 6.5, 11.095, 7.895 ], "axis": "x", "angle": -45 },
	"faces": {
		"north": { "texture": "#0", "uv": [ 10.5, 0.5, 13.5, 4.5 ] },
		"east": { "texture": "#0", "uv": [ 11.25, 1.75, 14.25, 5.75 ] },
		"south": { "texture": "#0", "uv": [ 11.5, 1.5, 14.5, 5.5 ] },
		"west": { "texture": "#0", "uv": [ 10.25, 1.75, 13.25, 5.75 ] },
		"up": { "texture": "#0", "uv": [ 11, 2.5, 14, 5.5 ] },
		"down": { "texture": "#0", "uv": [ 11.5, 2, 14.5, 5 ] }
	}
},
{
	"from": [ 6, 12, 6.75 ], 
	"to": [ 6.71, 12.5, 8.25 ], 
	"rotation": { "origin": [ 6, 12.5, 6.75 ], "axis": "z", "angle": 45 },
	"faces": {
		"north": { "texture": "#0", "uv": [ 10.5, 0.5, 13.5, 4.5 ] },
		"east": { "texture": "#0", "uv": [ 11.25, 1.75, 14.25, 5.75 ] },
		"south": { "texture": "#0", "uv": [ 11.5, 1.5, 14.5, 5.5 ] },
		"west": { "texture": "#0", "uv": [ 10.25, 1.75, 13.25, 5.75 ] },
		"up": { "texture": "#0", "uv": [ 11, 2.5, 14, 5.5 ] },
		"down": { "texture": "#0", "uv": [ 11.5, 2, 14.5, 5 ] }
	}
},
{
	"from": [ 8.5, 12.5, 6.75 ], 
	"to": [ 9.21, 13, 8.25 ], 
	"rotation": { "origin": [ 8.5, 13, 6.75 ], "axis": "z", "angle": -45 },
	"faces": {
		"north": { "texture": "#0", "uv": [ 10.5, 0.5, 13.5, 4.5 ] },
		"east": { "texture": "#0", "uv": [ 11.25, 1.75, 14.25, 5.75 ] },
		"south": { "texture": "#0", "uv": [ 11.5, 1.5, 14.5, 5.5 ] },
		"west": { "texture": "#0", "uv": [ 10.25, 1.75, 13.25, 5.75 ] },
		"up": { "texture": "#0", "uv": [ 11, 2.5, 14, 5.5 ] },
		"down": { "texture": "#0", "uv": [ 11.5, 2, 14.5, 5 ] }
	}
},
{
	"from": [ 6.355, 11.105, 6.75 ], 
	"to": [ 7.065, 11.605, 8.25 ], 
	"rotation": { "origin": [ 6.355, 11.605, 6.75 ], "axis": "z", "angle": -45 },
	"faces": {
		"north": { "texture": "#0", "uv": [ 10.5, 0.5, 13.5, 4.5 ] },
		"east": { "texture": "#0", "uv": [ 11.25, 1.75, 14.25, 5.75 ] },
		"south": { "texture": "#0", "uv": [ 11.5, 1.5, 14.5, 5.5 ] },
		"west": { "texture": "#0", "uv": [ 10.25, 1.75, 13.25, 5.75 ] },
		"up": { "texture": "#0", "uv": [ 11, 2.5, 14, 5.5 ] },
		"down": { "texture": "#0", "uv": [ 11.5, 2, 14.5, 5 ] }
	}
},
{
	"from": [ 8.145, 10.605, 6.75 ], 
	"to": [ 8.855, 11.105, 8.25 ], 
	"rotation": { "origin": [ 8.145, 11.105, 6.75 ], "axis": "z", "angle": 45 },
	"faces": {
		"north": { "texture": "#0", "uv": [ 10.5, 0.5, 13.5, 4.5 ] },
		"east": { "texture": "#0", "uv": [ 11.25, 1.75, 14.25, 5.75 ] },
		"south": { "texture": "#0", "uv": [ 11.5, 1.5, 14.5, 5.5 ] },
		"west": { "texture": "#0", "uv": [ 10.25, 1.75, 13.25, 5.75 ] },
		"up": { "texture": "#0", "uv": [ 11, 2.5, 14, 5.5 ] },
		"down": { "texture": "#0", "uv": [ 11.5, 2, 14.5, 5 ] }
	}
},
{
	"from": [ 6, 11.25, 6.75 ], 
	"to": [ 6.71, 12.5, 7.25 ], 
	"rotation": { "origin": [ 6, 11.25, 6.75 ], "axis": "y", "angle": 45 },
	"faces": {
		"north": { "texture": "#0", "uv": [ 10.5, 0.5, 13.5, 4.5 ] },
		"east": { "texture": "#0", "uv": [ 11.25, 1.75, 14.25, 5.75 ] },
		"south": { "texture": "#0", "uv": [ 11.5, 1.5, 14.5, 5.5 ] },
		"west": { "texture": "#0", "uv": [ 10.25, 1.75, 13.25, 5.75 ] },
		"up": { "texture": "#0", "uv": [ 11, 2.5, 14, 5.5 ] },
		"down": { "texture": "#0", "uv": [ 11.5, 2, 14.5, 5 ] }
	}
},
{
	"from": [ 8.5, 11.25, 6.25 ], 
	"to": [ 9.21, 12.5, 6.75 ], 
	"rotation": { "origin": [ 8.5, 11.25, 6.25 ], "axis": "y", "angle": -45 },
	"faces": {
		"north": { "texture": "#0", "uv": [ 10.5, 0.5, 13.5, 4.5 ] },
		"east": { "texture": "#0", "uv": [ 11.25, 1.75, 14.25, 5.75 ] },
		"south": { "texture": "#0", "uv": [ 11.5, 1.5, 14.5, 5.5 ] },
		"west": { "texture": "#0", "uv": [ 10.25, 1.75, 13.25, 5.75 ] },
		"up": { "texture": "#0", "uv": [ 11, 2.5, 14, 5.5 ] },
		"down": { "texture": "#0", "uv": [ 11.5, 2, 14.5, 5 ] }
	}
},
{
	"from": [ 6.355, 11.25, 7.895 ], 
	"to": [ 7.065, 12.5, 8.395 ], 
	"rotation": { "origin": [ 6.355, 11.25, 7.895 ], "axis": "y", "angle": -45 },
	"faces": {
		"north": { "texture": "#0", "uv": [ 10.5, 0.5, 13.5, 4.5 ] },
		"east": { "texture": "#0", "uv": [ 11.25, 1.75, 14.25, 5.75 ] },
		"south": { "texture": "#0", "uv": [ 11.5, 1.5, 14.5, 5.5 ] },
		"west": { "texture": "#0", "uv": [ 10.25, 1.75, 13.25, 5.75 ] },
		"up": { "texture": "#0", "uv": [ 11, 2.5, 14, 5.5 ] },
		"down": { "texture": "#0", "uv": [ 11.5, 2, 14.5, 5 ] }
	}
},
{
	"from": [ 8.145, 11.25, 8.395 ], 
	"to": [ 8.855, 12.5, 8.895 ], 
	"rotation": { "origin": [ 8.145, 11.25, 8.395 ], "axis": "y", "angle": 45 },
	"faces": {
		"north": { "texture": "#0", "uv": [ 10.5, 0.5, 13.5, 4.5 ] },
		"east": { "texture": "#0", "uv": [ 11.25, 1.75, 14.25, 5.75 ] },
		"south": { "texture": "#0", "uv": [ 11.5, 1.5, 14.5, 5.5 ] },
		"west": { "texture": "#0", "uv": [ 10.25, 1.75, 13.25, 5.75 ] },
		"up": { "texture": "#0", "uv": [ 11, 2.5, 14, 5.5 ] },
		"down": { "texture": "#0", "uv": [ 11.5, 2, 14.5, 5 ] }
	}
},
{
	"from": [ 5.9575, 12.155, 6.1875 ], 
	"to": [ 7.02, 13.2175, 8.8125 ], 
	"rotation": { "origin": [ 5.9575, 13.2175, 6.1875 ], "axis": "z", "angle": 22.5 },
	"faces": {
		"north": { "texture": "#0", "uv": [ 3.5, 2.5, 6.5, 6.5 ] },
		"east": { "texture": "#0", "uv": [ 3, 2, 6, 6 ] },
		"south": { "texture": "#0", "uv": [ 3, 1, 6, 5 ] },
		"west": { "texture": "#0", "uv": [ 3.5, 2.5, 6.5, 6.5 ] },
		"up": { "texture": "#0", "uv": [ 2.5, 1, 5.5, 4 ] },
		"down": { "texture": "#0", "uv": [ 2.5, 2.5, 5.5, 5.5 ] }
	}
},
{
	"from": [ 5.48, 11.73, 6.375 ], 
	"to": [ 6.1675, 12.73, 8.625 ], 
	"rotation": { "origin": [ 5.48, 12.73, 6.375 ], "axis": "z", "angle": 45 },
	"faces": {
		"north": { "texture": "#0", "uv": [ 3.5, 2.5, 6.5, 6.5 ] },
		"east": { "texture": "#0", "uv": [ 3, 2, 6, 6 ] },
		"south": { "texture": "#0", "uv": [ 3, 1, 6, 5 ] },
		"west": { "texture": "#0", "uv": [ 3.5, 2.5, 6.5, 6.5 ] },
		"up": { "texture": "#0", "uv": [ 2.5, 1, 5.5, 4 ] },
		"down": { "texture": "#0", "uv": [ 2.5, 2.5, 5.5, 5.5 ] }
	}
},
{
	"from": [ 5.48, 11.85, 6.625 ], 
	"to": [ 6.2925, 12.725, 8.375 ], 
	"faces": {
		"north": { "texture": "#0", "uv": [ 3.5, 2.5, 6.5, 6.5 ] },
		"east": { "texture": "#0", "uv": [ 3, 2, 6, 6 ] },
		"south": { "texture": "#0", "uv": [ 3, 1, 6, 5 ] },
		"west": { "texture": "#0", "uv": [ 3.5, 2.5, 6.5, 6.5 ] },
		"up": { "texture": "#0", "uv": [ 2.5, 1, 5.5, 4 ] },
		"down": { "texture": "#0", "uv": [ 2.5, 2.5, 5.5, 5.5 ] }
	}
},
{
	"from": [ 5.48, 10.825, 6.75 ], 
	"to": [ 5.98, 11.825, 7.25 ], 
	"rotation": { "origin": [ 5.48, 11.825, 6.75 ], "axis": "x", "angle": -45 },
	"faces": {
		"north": { "texture": "#0", "uv": [ 3.5, 2.5, 6.5, 6.5 ] },
		"east": { "texture": "#0", "uv": [ 3, 2, 6, 6 ] },
		"south": { "texture": "#0", "uv": [ 3, 1, 6, 5 ] },
		"west": { "texture": "#0", "uv": [ 3.5, 2.5, 6.5, 6.5 ] },
		"up": { "texture": "#0", "uv": [ 2.5, 1, 5.5, 4 ] },
		"down": { "texture": "#0", "uv": [ 2.5, 2.5, 5.5, 5.5 ] }
	}
},
{
	"from": [ 5.48, 11.18, 7.895 ], 
	"to": [ 5.98, 12.18, 8.395 ], 
	"rotation": { "origin": [ 5.48, 12.18, 7.895 ], "axis": "x", "angle": 45 },
	"faces": {
		"north": { "texture": "#0", "uv": [ 3.5, 2.5, 6.5, 6.5 ] },
		"east": { "texture": "#0", "uv": [ 3, 2, 6, 6 ] },
		"south": { "texture": "#0", "uv": [ 3, 1, 6, 5 ] },
		"west": { "texture": "#0", "uv": [ 3.5, 2.5, 6.5, 6.5 ] },
		"up": { "texture": "#0", "uv": [ 2.5, 1, 5.5, 4 ] },
		"down": { "texture": "#0", "uv": [ 2.5, 2.5, 5.5, 5.5 ] }
	}
},
{
	"from": [ 5.48, 11.3875, 7.5 ], 
	"to": [ 5.98, 12.1375, 8.25 ], 
	"rotation": { "origin": [ 5.48, 12.1375, 7.5 ], "axis": "x", "angle": 45 },
	"faces": {
		"north": { "texture": "#0", "uv": [ 3.5, 2.5, 6.5, 6.5 ] },
		"east": { "texture": "#0", "uv": [ 3, 2, 6, 6 ] },
		"south": { "texture": "#0", "uv": [ 3, 1, 6, 5 ] },
		"west": { "texture": "#0", "uv": [ 3.5, 2.5, 6.5, 6.5 ] },
		"up": { "texture": "#0", "uv": [ 2.5, 1, 5.5, 4 ] },
		"down": { "texture": "#0", "uv": [ 2.5, 2.5, 5.5, 5.5 ] }
	}
},
{
	"from": [ 6.9375, 12.5, 6.125 ], 
	"to": [ 8.6875, 13.625, 8.875 ], 
	"faces": {
		"north": { "texture": "#0", "uv": [ 3.5, 2.5, 6.5, 6.5 ] },
		"east": { "texture": "#0", "uv": [ 3, 2, 6, 6 ] },
		"south": { "texture": "#0", "uv": [ 3, 1, 6, 5 ] },
		"west": { "texture": "#0", "uv": [ 3.5, 2.5, 6.5, 6.5 ] },
		"up": { "texture": "#0", "uv": [ 2.5, 1, 5.5, 4 ] },
		"down": { "texture": "#0", "uv": [ 2.5, 2.5, 5.5, 5.5 ] }
	}
},
{
	"from": [ 8.6875, 12.875, 6.25 ], 
	"to": [ 9.6875, 13.625, 8.75 ], 
	"rotation": { "origin": [ 8.6875, 13.625, 6.25 ], "axis": "z", "angle": -45 },
	"faces": {
		"north": { "texture": "#0", "uv": [ 3.5, 2.5, 6.5, 6.5 ] },
		"east": { "texture": "#0", "uv": [ 3, 2, 6, 6 ] },
		"south": { "texture": "#0", "uv": [ 3, 1, 6, 5 ] },
		"west": { "texture": "#0", "uv": [ 3.5, 2.5, 6.5, 6.5 ] },
		"up": { "texture": "#0", "uv": [ 2.5, 1, 5.5, 4 ] },
		"down": { "texture": "#0", "uv": [ 2.5, 2.5, 5.5, 5.5 ] }
	}
},
{
	"from": [ 8.5, 11.5625, 6.25 ], 
	"to": [ 9.4375, 12.5625, 8.75 ], 
	"rotation": { "origin": [ 8.5, 12.5625, 6.25 ], "axis": "z", "angle": 22.5 },
	"faces": {
		"north": { "texture": "#0", "uv": [ 3.5, 2.5, 6.5, 6.5 ] },
		"east": { "texture": "#0", "uv": [ 3, 2, 6, 6 ] },
		"south": { "texture": "#0", "uv": [ 3, 1, 6, 5 ] },
		"west": { "texture": "#0", "uv": [ 3.5, 2.5, 6.5, 6.5 ] },
		"up": { "texture": "#0", "uv": [ 2.5, 1, 5.5, 4 ] },
		"down": { "texture": "#0", "uv": [ 2.5, 2.5, 5.5, 5.5 ] }
	}
},
{
	"from": [ 8.8125, 11.1875, 6.25 ], 
	"to": [ 9.75, 12, 8.75 ], 
	"faces": {
		"north": { "texture": "#0", "uv": [ 3.5, 2.5, 6.5, 6.5 ] },
		"east": { "texture": "#0", "uv": [ 3, 2, 6, 6 ] },
		"south": { "texture": "#0", "uv": [ 3, 1, 6, 5 ] },
		"west": { "texture": "#0", "uv": [ 3.5, 2.5, 6.5, 6.5 ] },
		"up": { "texture": "#0", "uv": [ 2.5, 1, 5.5, 4 ] },
		"down": { "texture": "#0", "uv": [ 2.5, 2.5, 5.5, 5.5 ] }
	}
},
{
	"from": [ 9.0825, 10.8325, 6.25 ], 
	"to": [ 10.02, 11.8325, 8.75 ], 
	"rotation": { "origin": [ 9.0825, 11.8325, 6.25 ], "axis": "z", "angle": -45 },
	"faces": {
		"north": { "texture": "#0", "uv": [ 3.5, 2.5, 6.5, 6.5 ] },
		"east": { "texture": "#0", "uv": [ 3, 2, 6, 6 ] },
		"south": { "texture": "#0", "uv": [ 3, 1, 6, 5 ] },
		"west": { "texture": "#0", "uv": [ 3.5, 2.5, 6.5, 6.5 ] },
		"up": { "texture": "#0", "uv": [ 2.5, 1, 5.5, 4 ] },
		"down": { "texture": "#0", "uv": [ 2.5, 2.5, 5.5, 5.5 ] }
	}
},
{
	"from": [ 7.9375, 10.0625, 6.25 ], 
	"to": [ 8.9375, 10.5625, 7 ], 
	"rotation": { "origin": [ 7.9375, 10.5625, 6.25 ], "axis": "z", "angle": 22.5 },
	"faces": {
		"north": { "texture": "#0", "uv": [ 3.5, 2.5, 6.5, 6.5 ] },
		"east": { "texture": "#0", "uv": [ 3, 2, 6, 6 ] },
		"south": { "texture": "#0", "uv": [ 3, 1, 6, 5 ] },
		"west": { "texture": "#0", "uv": [ 3.5, 2.5, 6.5, 6.5 ] },
		"up": { "texture": "#0", "uv": [ 2.5, 1, 5.5, 4 ] },
		"down": { "texture": "#0", "uv": [ 2.5, 2.5, 5.5, 5.5 ] }
	}
},
{
	"from": [ 6.9375, 10.125, 5.8125 ], 
	"to": [ 8.4375, 10.625, 6.5625 ], 
	"rotation": { "origin": [ 6.9375, 10.125, 5.8125 ], "axis": "y", "angle": -22.5 },
	"faces": {
		"north": { "texture": "#0", "uv": [ 3.5, 2.5, 6.5, 6.5 ] },
		"east": { "texture": "#0", "uv": [ 3, 2, 6, 6 ] },
		"south": { "texture": "#0", "uv": [ 3, 1, 6, 5 ] },
		"west": { "texture": "#0", "uv": [ 3.5, 2.5, 6.5, 6.5 ] },
		"up": { "texture": "#0", "uv": [ 2.5, 1, 5.5, 4 ] },
		"down": { "texture": "#0", "uv": [ 2.5, 2.5, 5.5, 5.5 ] }
	}
},
{
	"from": [ 7.9375, 10.0625, 8 ], 
	"to": [ 8.9375, 10.5625, 8.75 ], 
	"rotation": { "origin": [ 7.9375, 10.5625, 8 ], "axis": "z", "angle": 22.5 },
	"faces": {
		"north": { "texture": "#0", "uv": [ 3.5, 2.5, 6.5, 6.5 ] },
		"east": { "texture": "#0", "uv": [ 3, 2, 6, 6 ] },
		"south": { "texture": "#0", "uv": [ 3, 1, 6, 5 ] },
		"west": { "texture": "#0", "uv": [ 3.5, 2.5, 6.5, 6.5 ] },
		"up": { "texture": "#0", "uv": [ 2.5, 1, 5.5, 4 ] },
		"down": { "texture": "#0", "uv": [ 2.5, 2.5, 5.5, 5.5 ] }
	}
},
{
	"from": [ 6.625, 10.125, 8.5 ], 
	"to": [ 8.125, 10.625, 9.25 ], 
	"rotation": { "origin": [ 6.625, 10.125, 8.5 ], "axis": "y", "angle": 22.5 },
	"faces": {
		"north": { "texture": "#0", "uv": [ 3.5, 2.5, 6.5, 6.5 ] },
		"east": { "texture": "#0", "uv": [ 3, 2, 6, 6 ] },
		"south": { "texture": "#0", "uv": [ 3, 1, 6, 5 ] },
		"west": { "texture": "#0", "uv": [ 3.5, 2.5, 6.5, 6.5 ] },
		"up": { "texture": "#0", "uv": [ 2.5, 1, 5.5, 4 ] },
		"down": { "texture": "#0", "uv": [ 2.5, 2.5, 5.5, 5.5 ] }
	}
},
{
	"from": [ 7.25, 11.25, 8.5 ], 
	"to": [ 9, 12.85, 8.5625 ], 
	"rotation": { "origin": [ 7.25, 11.25, 8.5 ], "axis": "y", "angle": -22.5 },
	"faces": {
		"north": { "texture": "#5", "uv": [ 15.5, 0.5, 1, 11.5 ] },
		"south": { "texture": "#5", "uv": [ 1, 0.5, 15.5, 11.5 ] }
	}
},
{
	"from": [ 7.25, 11.25, 6.4375 ], 
	"to": [ 9, 12.85, 6.5 ], 
	"rotation": { "origin": [ 7.25, 11.25, 6.4375 ], "axis": "y", "angle": 22.5 },
	"faces": {
		"north": { "texture": "#5", "uv": [ 15.5, 0.5, 1, 11.5 ] },
		"south": { "texture": "#5", "uv": [ 1, 0.5, 15.5, 11.5 ] }
	}
},
{
	"from": [ 6.4, 11.65, 7.755 ], 
	"to": [ 7.6, 12.55, 8.755 ], 
	"faces": {
		"south": { "texture": "#6", "uv": [ 0.5, 0.5, 13.5, 8.5 ] }
	}
},
{
	"from": [ 6.4, 11.65, 6.245 ], 
	"to": [ 7.6, 12.55, 7.245 ], 
	"faces": {
		"north": { "texture": "#6", "uv": [ 13.5, 0.5, 0.5, 8.5 ] }
	}
},
{
	"from": [ 7.1, 7, 6.9 ], 
	"to": [ 7.9, 7.5, 8.1 ], 
	"faces": {
		"north": { "texture": "#0", "uv": [ 10.5, 0.5, 13.5, 4.5 ] },
		"east": { "texture": "#0", "uv": [ 10.5, 1, 13.5, 5 ] },
		"south": { "texture": "#0", "uv": [ 11.5, 1.5, 14.5, 5.5 ] },
		"west": { "texture": "#0", "uv": [ 10.25, 1, 13.25, 5 ] },
		"up": { "texture": "#0", "uv": [ 11, 2.5, 14, 5.5 ] },
		"down": { "texture": "#0", "uv": [ 11.5, 2, 14.5, 5 ] }
	}
},
{
	"from": [ 7.2, 4.25, 7 ], 
	"to": [ 7.8, 7, 7.45 ], 
	"faces": {
		"north": { "texture": "#0", "uv": [ 10.5, 0.5, 13.5, 4.5 ] },
		"east": { "texture": "#0", "uv": [ 10.5, 1, 13.5, 5 ] },
		"south": { "texture": "#0", "uv": [ 11.5, 1.5, 14.5, 5.5 ] },
		"west": { "texture": "#0", "uv": [ 10.25, 1, 13.25, 5 ] },
		"up": { "texture": "#0", "uv": [ 11, 2.5, 14, 5.5 ] },
		"down": { "texture": "#0", "uv": [ 11.5, 2, 14.5, 5 ] }
	}
},
{
	"from": [ 7.2, 4.25, 7.55 ], 
	"to": [ 7.8, 7, 8 ], 
	"faces": {
		"north": { "texture": "#0", "uv": [ 10.5, 0.5, 13.5, 4.5 ] },
		"east": { "texture": "#0", "uv": [ 10.5, 1, 13.5, 5 ] },
		"south": { "texture": "#0", "uv": [ 11.5, 1.5, 14.5, 5.5 ] },
		"west": { "texture": "#0", "uv": [ 10.25, 1, 13.25, 5 ] },
		"up": { "texture": "#0", "uv": [ 11, 2.5, 14, 5.5 ] },
		"down": { "texture": "#0", "uv": [ 11.5, 2, 14.5, 5 ] }
	}
},
{
	"from": [ 7.25, -0.75, 7.025 ], 
	"to": [ 7.75, 4.25, 7.325 ], 
	"faces": {
		"north": { "texture": "#0", "uv": [ 10.5, 0.5, 13.5, 4.5 ] },
		"east": { "texture": "#0", "uv": [ 10.5, 1, 13.5, 5 ] },
		"south": { "texture": "#0", "uv": [ 11.5, 1.5, 14.5, 5.5 ] },
		"west": { "texture": "#0", "uv": [ 10.25, 1, 13.25, 5 ] },
		"up": { "texture": "#0", "uv": [ 11, 2.5, 14, 5.5 ] },
		"down": { "texture": "#0", "uv": [ 11.5, 2, 14.5, 5 ] }
	}
},
{
	"from": [ 7.25, -0.75, 7.675 ], 
	"to": [ 7.75, 4.25, 7.974 ], 
	"faces": {
		"north": { "texture": "#0", "uv": [ 10.5, 0.5, 13.5, 4.5 ] },
		"east": { "texture": "#0", "uv": [ 10.5, 1, 13.5, 5 ] },
		"south": { "texture": "#0", "uv": [ 11.5, 1.5, 14.5, 5.5 ] },
		"west": { "texture": "#0", "uv": [ 10.25, 1, 13.25, 5 ] },
		"up": { "texture": "#0", "uv": [ 11, 2.5, 14, 5.5 ] },
		"down": { "texture": "#0", "uv": [ 11.5, 2, 14.5, 5 ] }
	}
},
{
	"from": [ 7.5, 3.3, 5.755 ], 
	"to": [ 7.5625, 6.8, 9.255 ], 
	"rotation": { "origin": [ 8, 8, 8 ], "axis": "z", "angle": -22.5 },
	"faces": {
		"east": { "texture": "#7", "uv": [ 0.25, 0.25, 13, 7.5 ] },
		"west": { "texture": "#8", "uv": [ 0.25, 0.25, 13, 7.5 ] }
	}
},
{
	"from": [ 5.8, -0.1375, 5.75 ], 
	"to": [ 5.8625, 3.9625, 9.25 ], 
	"faces": {
		"east": { "texture": "#7", "uv": [ 0.25, 7.5, 13, 15.75 ] },
		"west": { "texture": "#8", "uv": [ 0.25, 7.5, 13, 15.75 ] }
	}
},
{
	"from": [ 7.5, 4.2, 5.75 ], 
	"to": [ 7.5625, 7.05, 9.25 ], 
	"rotation": { "origin": [ 7.8, 7.9, 8.0 ], "axis": "z", "angle": 22.5 },
	"faces": {
		"east": { "texture": "#8", "uv": [ 0.25, 0.25, 13, 5.25 ] },
		"west": { "texture": "#7", "uv": [ 0.25, 0.25, 13, 5.25 ] }
	}
},
{
	"from": [ 6.25, 4.8, 8.0425 ], 
	"to": [ 8.85, 7.05, 8.105 ], 
	"faces": {
		"north": { "texture": "#7", "uv": [ 0.25, 0.25, 12.5, 4.5 ] },
		"south": { "texture": "#8", "uv": [ 0.25, 0.25, 13, 4.5 ] }
	}
},
{
	"from": [ 8.9, 1.9, 5.75 ], 
	"to": [ 8.9625, 4.4, 9.25 ], 
	"faces": {
		"east": { "texture": "#8", "uv": [ 0.25, 5.25, 13, 9.75 ] },
		"west": { "texture": "#7", "uv": [ 0.25, 5.25, 13, 9.75 ] }
	}
},
{
	"from": [ 9.525, -0.5191, 5.75 ], 
	"to": [ 9.5875, 2.2308, 9.25 ], 
	"rotation": { "origin": [ 9.625, 1.3308, 5.75 ], "axis": "z", "angle": 45 },
	"faces": {
		"east": { "texture": "#8", "uv": [ 0.25, 9.75, 13, 15.75 ] },
		"west": { "texture": "#7", "uv": [ 0.25, 9.75, 13, 15.75 ] }
	}
},
{
	"from": [ 6.15, 2.55, 7.8375 ], 
	"to": [ 8.95, 5.1, 7.9 ], 
	"rotation": { "origin": [ 5.75, 5.5, 8.4375 ], "axis": "x", "angle": -22.5 },
	"faces": {
		"north": { "texture": "#7", "uv": [ 0.25, 4.5, 13, 8 ] },
		"south": { "texture": "#8", "uv": [ 0.25, 4.5, 13, 8 ] }
	}
},
{
	"from": [ 6.05, 1.1, 9 ], 
	"to": [ 9.045, 2.6, 9.0625 ], 
	"faces": {
		"north": { "texture": "#7", "uv": [ 0.25, 8, 13, 10.5 ] },
		"south": { "texture": "#8", "uv": [ 0.25, 8, 13, 10.5 ] }
	}
},
{
	"from": [ 5.85, -0.8, 9 ], 
	"to": [ 8.9, 1.3, 9.0625 ], 
	"rotation": { "origin": [ 5.75, 1.5, 9.5 ], "axis": "z", "angle": 22.5 },
	"faces": {
		"north": { "texture": "#7", "uv": [ 0.25, 9.75, 13, 15.75 ] },
		"south": { "texture": "#8", "uv": [ 0.25, 9.75, 13, 15.75 ] }
	}
},
{
	"from": [ 6.25, 4.8, 6.9 ], 
	"to": [ 8.85, 7.05, 6.9625 ], 
	"faces": {
		"north": { "texture": "#8", "uv": [ 0.25, 0.25, 12.5, 4.5 ] },
		"south": { "texture": "#7", "uv": [ 0.25, 0.25, 13, 4.5 ] }
	}
},
{
	"from": [ 6.05, 2.4925, 7.19 ], 
	"to": [ 8.95, 5.0425, 7.2525 ], 
	"rotation": { "origin": [ 5.75, 5.5425, 6.49 ], "axis": "x", "angle": 22.5 },
	"faces": {
		"north": { "texture": "#8", "uv": [ 0.25, 4.5, 13, 8 ] },
		"south": { "texture": "#7", "uv": [ 0.25, 4.5, 13, 8 ] }
	}
},
{
	"from": [ 5.95, 1, 6.0375 ], 
	"to": [ 9.05, 2.5, 6.1 ], 
	"faces": {
		"north": { "texture": "#8", "uv": [ 0.25, 8, 13, 10.5 ] },
		"south": { "texture": "#7", "uv": [ 0.25, 8, 13, 10.5 ] }
	}
},
{
	"from": [ 5.85, -0.7975, 6.0375 ], 
	"to": [ 8.9, 1.3024, 6.1 ], 
	"rotation": { "origin": [ 5.75, 1.5024, 5.4375 ], "axis": "z", "angle": 22.5 },
	"faces": {
		"north": { "texture": "#8", "uv": [ 0.25, 9.75, 13, 15.75 ] },
		"south": { "texture": "#7", "uv": [ 0.25, 9.75, 13, 15.75 ] }
	}
}
],
"display": {
	"head": {
		"rotation": [ 0, -90, 0 ],
		"translation": [ -2, -13.5, 1 ],
		"scale": [ 3.7, 3.7, 3.7 ]
	},
	"thirdperson_lefthand": {
			"rotation":  [ 70, 90, 0 ],
			"translation":  [ -5, -3, 7.5 ],
			"scale":  [ 2.3, 2.3, 2.3 ]
		},
		"thirdperson_righthand": {
			"rotation":  [ 70, -90, 0 ],
			"translation":  [ -7, -3, 7.5 ],
			"scale":  [ 2.3, 2.3, 2.3 ]
		},
		"firstperson_righthand": {
			"scale":  [ 0, 0, 0 ]
		},
		"firstperson_lefthand": {
			"scale":  [ 0, 0, 0 ]
		},
		"gui": {
			"scale":  [ 0, 0, 0 ]
		},
		"ground": {
			"scale":  [ 0, 0, 0 ]
		}
}
}