{
"__comment": "Made by MadstonMagic using Cubik Pro, Copyright � MadstonMagic Modeling 2015-2017. All rights reserved",
"textures": {
    "particle": "pokemon/beldum/eye",
    "texture": "pokemon/beldum/beldum",
    "eye": "pokemon/beldum/particle"
},
"elements": [ 
{
    "from": [ 5, 2, 5 ],
    "to": [ 11, 3, 11 ],
    "faces": {
        "down":  { "uv": [ 2, 2, 6, 6 ], "texture": "#texture" },
        "up":    { "uv": [ 2, 1.5, 6, 5.5 ], "texture": "#texture" },
        "north": { "uv": [ 1.5, 1.5, 5.5, 5.5 ], "texture": "#texture" },
        "south": { "uv": [ 1.5, 1.5, 5.5, 5.5 ], "texture": "#texture" },
        "west":  { "uv": [ 2, 2, 6, 6 ], "texture": "#texture" },
        "east":  { "uv": [ 2, 2, 6, 6 ], "texture": "#texture" }
    }
},
{
    "from": [ 6, 2, 4 ],
    "to": [ 10, 3, 12 ],
    "faces": {
        "down":  { "uv": [ 2, 2, 6, 6 ], "texture": "#texture" },
        "up":    { "uv": [ 2, 1.5, 6, 5.5 ], "texture": "#texture" },
        "north": { "uv": [ 1.5, 1.5, 5.5, 5.5 ], "texture": "#texture" },
        "south": { "uv": [ 1.5, 1.5, 5.5, 5.5 ], "texture": "#texture" },
        "west":  { "uv": [ 2, 2, 6, 6 ], "texture": "#texture" },
        "east":  { "uv": [ 2, 2, 6, 6 ], "texture": "#texture" }
    }
},
{
    "from": [ 4, 2, 6 ],
    "to": [ 12, 3, 10 ],
    "faces": {
        "down":  { "uv": [ 2, 2, 6, 6 ], "texture": "#texture" },
        "up":    { "uv": [ 2, 1.5, 6, 5.5 ], "texture": "#texture" },
        "north": { "uv": [ 1.5, 1.5, 5.5, 5.5 ], "texture": "#texture" },
        "south": { "uv": [ 1.5, 1.5, 5.5, 5.5 ], "texture": "#texture" },
        "west":  { "uv": [ 2, 2, 6, 6 ], "texture": "#texture" },
        "east":  { "uv": [ 2, 2, 6, 6 ], "texture": "#texture" }
    }
},
{
    "from": [ 4, 2, 6 ],
    "to": [ 6.8125, 3, 14.5 ],
    "rotation": { "origin": [ 4, 2, 6 ], "axis": "y", "angle": 45 },
    "faces": {
        "down":  { "uv": [ 2, 2, 6, 6 ], "texture": "#texture" },
        "up":    { "uv": [ 2, 1.5, 6, 5.5 ], "texture": "#texture" },
        "north": { "uv": [ 1.5, 1.5, 5.5, 5.5 ], "texture": "#texture" },
        "south": { "uv": [ 1.5, 1.5, 5.5, 5.5 ], "texture": "#texture" },
        "west":  { "uv": [ 2, 2, 6, 6 ], "texture": "#texture" },
        "east":  { "uv": [ 2, 2, 6, 6 ], "texture": "#texture" }
    }
},
{
    "from": [ 10, 2, 4 ],
    "to": [ 12.8125, 3, 12.5 ],
    "rotation": { "origin": [ 10, 2, 4 ], "axis": "y", "angle": -45 },
    "faces": {
        "down":  { "uv": [ 2, 2, 6, 6 ], "texture": "#texture" },
        "up":    { "uv": [ 2, 1.5, 6, 5.5 ], "texture": "#texture" },
        "north": { "uv": [ 1.5, 1.5, 5.5, 5.5 ], "texture": "#texture" },
        "south": { "uv": [ 1.5, 1.5, 5.5, 5.5 ], "texture": "#texture" },
        "west":  { "uv": [ 2, 2, 6, 6 ], "texture": "#texture" },
        "east":  { "uv": [ 2, 2, 6, 6 ], "texture": "#texture" }
    }
},
{
    "from": [ 6, 3, 6 ],
    "to": [ 10, 6.5, 10 ],
    "faces": {
        "down":  { "uv": [ 2, 2, 6, 6 ], "texture": "#texture" },
        "up":    { "uv": [ 2, 1.5, 6, 5.5 ], "texture": "#texture" },
        "north": { "uv": [ 1.5, 1.5, 5.5, 5.5 ], "texture": "#texture" },
        "south": { "uv": [ 1.5, 1.5, 5.5, 5.5 ], "texture": "#texture" },
        "west":  { "uv": [ 2, 2, 6, 6 ], "texture": "#texture" },
        "east":  { "uv": [ 2, 2, 6, 6 ], "texture": "#texture" }
    }
},
{
    "from": [ 7, 6.5, 7 ],
    "to": [ 9, 7.5, 9 ],
    "faces": {
        "down":  { "uv": [ 2, 2, 6, 6 ], "texture": "#texture" },
        "up":    { "uv": [ 2, 1.5, 6, 5.5 ], "texture": "#texture" },
        "north": { "uv": [ 1.5, 1.5, 5.5, 5.5 ], "texture": "#texture" },
        "south": { "uv": [ 1.5, 1.5, 5.5, 5.5 ], "texture": "#texture" },
        "west":  { "uv": [ 2, 2, 6, 6 ], "texture": "#texture" },
        "east":  { "uv": [ 2, 2, 6, 6 ], "texture": "#texture" }
    }
},
{
    "from": [ 7, 5.5, 6 ],
    "to": [ 9, 6.5, 7.4375 ],
    "rotation": { "origin": [ 7, 6.5, 6 ], "axis": "x", "angle": -45 },
    "faces": {
        "down":  { "uv": [ 2, 2, 6, 6 ], "texture": "#texture" },
        "up":    { "uv": [ 2, 1.5, 6, 5.5 ], "texture": "#texture" },
        "north": { "uv": [ 1.5, 1.5, 5.5, 5.5 ], "texture": "#texture" },
        "south": { "uv": [ 1.5, 1.5, 5.5, 5.5 ], "texture": "#texture" },
        "west":  { "uv": [ 2, 2, 6, 6 ], "texture": "#texture" },
        "east":  { "uv": [ 2, 2, 6, 6 ], "texture": "#texture" }
    }
},
{
    "from": [ 7, 6.5, 9 ],
    "to": [ 9, 7.5, 10.4375 ],
    "rotation": { "origin": [ 7, 7.5, 9 ], "axis": "x", "angle": 45 },
    "faces": {
        "down":  { "uv": [ 2, 2, 6, 6 ], "texture": "#texture" },
        "up":    { "uv": [ 2, 1.5, 6, 5.5 ], "texture": "#texture" },
        "north": { "uv": [ 1.5, 1.5, 5.5, 5.5 ], "texture": "#texture" },
        "south": { "uv": [ 1.5, 1.5, 5.5, 5.5 ], "texture": "#texture" },
        "west":  { "uv": [ 2, 2, 6, 6 ], "texture": "#texture" },
        "east":  { "uv": [ 2, 2, 6, 6 ], "texture": "#texture" }
    }
},
{
    "from": [ 6, 5.5, 7 ],
    "to": [ 7.375, 6.5, 9 ],
    "rotation": { "origin": [ 6, 6.5, 7 ], "axis": "z", "angle": 45 },
    "faces": {
        "down":  { "uv": [ 2, 2, 6, 6 ], "texture": "#texture" },
        "up":    { "uv": [ 2, 1.5, 6, 5.5 ], "texture": "#texture" },
        "north": { "uv": [ 1.5, 1.5, 5.5, 5.5 ], "texture": "#texture" },
        "south": { "uv": [ 1.5, 1.5, 5.5, 5.5 ], "texture": "#texture" },
        "west":  { "uv": [ 2, 2, 6, 6 ], "texture": "#texture" },
        "east":  { "uv": [ 2, 2, 6, 6 ], "texture": "#texture" }
    }
},
{
    "from": [ 9, 6.5, 7 ],
    "to": [ 10.375, 7.5, 9 ],
    "rotation": { "origin": [ 9, 7.5, 7 ], "axis": "z", "angle": -45 },
    "faces": {
        "down":  { "uv": [ 2, 2, 6, 6 ], "texture": "#texture" },
        "up":    { "uv": [ 2, 1.5, 6, 5.5 ], "texture": "#texture" },
        "north": { "uv": [ 1.5, 1.5, 5.5, 5.5 ], "texture": "#texture" },
        "south": { "uv": [ 1.5, 1.5, 5.5, 5.5 ], "texture": "#texture" },
        "west":  { "uv": [ 2, 2, 6, 6 ], "texture": "#texture" },
        "east":  { "uv": [ 2, 2, 6, 6 ], "texture": "#texture" }
    }
},
{
    "from": [ 8.625, 4.9375, 6.5 ],
    "to": [ 10.125, 8.9375, 9.5 ],
    "rotation": { "origin": [ 8.625, 8.9375, 6.5 ], "axis": "z", "angle": 22.5 },
    "faces": {
        "down":  { "uv": [ 2, 2, 6, 6 ], "texture": "#texture" },
        "up":    { "uv": [ 2, 1.5, 6, 5.5 ], "texture": "#texture" },
        "north": { "uv": [ 1.5, 1.5, 5.5, 5.5 ], "texture": "#texture" },
        "south": { "uv": [ 1.5, 1.5, 5.5, 5.5 ], "texture": "#texture" },
        "west":  { "uv": [ 2, 2, 6, 6 ], "texture": "#texture" },
        "east":  { "uv": [ 2, 2, 6, 6 ], "texture": "#texture" }
    }
},
{
    "from": [ 6, 5.5, 6.5 ],
    "to": [ 7.5, 9.5, 9.5 ],
    "rotation": { "origin": [ 6, 9.5, 6.5 ], "axis": "z", "angle": -22.5 },
    "faces": {
        "down":  { "uv": [ 2, 2, 6, 6 ], "texture": "#texture" },
        "up":    { "uv": [ 2, 1.5, 6, 5.5 ], "texture": "#texture" },
        "north": { "uv": [ 1.5, 1.5, 5.5, 5.5 ], "texture": "#texture" },
        "south": { "uv": [ 1.5, 1.5, 5.5, 5.5 ], "texture": "#texture" },
        "west":  { "uv": [ 2, 2, 6, 6 ], "texture": "#texture" },
        "east":  { "uv": [ 2, 2, 6, 6 ], "texture": "#texture" }
    }
},
{
    "from": [ 6.5, 5.5, 6 ],
    "to": [ 9.5, 9.5, 7.5 ],
    "rotation": { "origin": [ 6.5, 9.5, 6 ], "axis": "x", "angle": 22.5 },
    "faces": {
        "down":  { "uv": [ 2, 2, 6, 6 ], "texture": "#texture" },
        "up":    { "uv": [ 2, 1.5, 6, 5.5 ], "texture": "#texture" },
        "north": { "uv": [ 1.5, 1.5, 5.5, 5.5 ], "texture": "#texture" },
        "south": { "uv": [ 1.5, 1.5, 5.5, 5.5 ], "texture": "#texture" },
        "west":  { "uv": [ 2, 2, 6, 6 ], "texture": "#texture" },
        "east":  { "uv": [ 2, 2, 6, 6 ], "texture": "#texture" }
    }
},
{
    "from": [ 6.5, 4.625, 7.8125 ],
    "to": [ 9.5, 10.625, 9.3125 ],
    "rotation": { "origin": [ 6.5, 10.625, 7.8125 ], "axis": "x", "angle": -22.5 },
    "faces": {
        "down":  { "uv": [ 2, 2, 6, 6 ], "texture": "#texture" },
        "up":    { "uv": [ 2, 1.5, 6, 5.5 ], "texture": "#texture" },
        "north": { "uv": [ 1.5, 1.5, 5.5, 5.5 ], "texture": "#texture" },
        "south": { "uv": [ 1.5, 1.5, 5.5, 5.5 ], "texture": "#texture" },
        "west":  { "uv": [ 2, 2, 6, 6 ], "texture": "#texture" },
        "east":  { "uv": [ 2, 2, 6, 6 ], "texture": "#texture" }
    }
},
{
    "from": [ 5.5, 3, 5.5 ],
    "to": [ 10.5, 4.5, 10.5 ],
    "faces": {
        "down":  { "uv": [ 2, 2, 6, 6 ], "texture": "#texture" },
        "up":    { "uv": [ 2, 1.5, 6, 5.5 ], "texture": "#texture" },
        "north": { "uv": [ 1.5, 1.5, 5.5, 5.5 ], "texture": "#texture" },
        "south": { "uv": [ 1.5, 1.5, 5.5, 5.5 ], "texture": "#texture" },
        "west":  { "uv": [ 2, 2, 6, 6 ], "texture": "#texture" },
        "east":  { "uv": [ 2, 2, 6, 6 ], "texture": "#texture" }
    }
},
{
    "from": [ 5, 3, 5 ],
    "to": [ 11, 3.5, 11 ],
    "faces": {
        "down":  { "uv": [ 2, 2, 6, 6 ], "texture": "#texture" },
        "up":    { "uv": [ 2, 1.5, 6, 5.5 ], "texture": "#texture" },
        "north": { "uv": [ 1.5, 1.5, 5.5, 5.5 ], "texture": "#texture" },
        "south": { "uv": [ 1.5, 1.5, 5.5, 5.5 ], "texture": "#texture" },
        "west":  { "uv": [ 2, 2, 6, 6 ], "texture": "#texture" },
        "east":  { "uv": [ 2, 2, 6, 6 ], "texture": "#texture" }
    }
},
{
    "from": [ 6.5, 2.5, 3 ],
    "to": [ 9.5, 7.5, 4.5 ],
    "rotation": { "origin": [ 6.5, 7.5, 3 ], "axis": "x", "angle": -22.5 },
    "faces": {
        "down":  { "uv": [ 2, 2, 6, 6 ], "texture": "#texture" },
        "up":    { "uv": [ 2, 1.5, 6, 5.5 ], "texture": "#texture" },
        "north": { "uv": [ 1.5, 1.5, 5.5, 5.5 ], "texture": "#texture" },
        "south": { "uv": [ 1.5, 1.5, 5.5, 5.5 ], "texture": "#texture" },
        "west":  { "uv": [ 2, 2, 6, 6 ], "texture": "#texture" },
        "east":  { "uv": [ 2, 2, 6, 6 ], "texture": "#texture" }
    }
},
{
    "from": [ 6.5, 4.4375, 4.375 ],
    "to": [ 9.5, 8.0625, 7.0625 ],
    "faces": {
        "down":  { "uv": [ 2, 2, 6, 6 ], "texture": "#texture" },
        "up":    { "uv": [ 2, 1.5, 6, 5.5 ], "texture": "#texture" },
        "north": { "uv": [ 1.5, 1.5, 5.5, 5.5 ], "texture": "#texture" },
        "south": { "uv": [ 1.5, 1.5, 5.5, 5.5 ], "texture": "#texture" },
        "west":  { "uv": [ 2, 2, 6, 6 ], "texture": "#texture" },
        "east":  { "uv": [ 2, 2, 6, 6 ], "texture": "#texture" }
    }
},
{
    "from": [ 6.5, 10, 3 ],
    "to": [ 9.5, 11.5, 5 ],
    "rotation": { "origin": [ 6.5, 11.5, 3 ], "axis": "x", "angle": -45 },
    "faces": {
        "down":  { "uv": [ 2, 2, 6, 6 ], "texture": "#texture" },
        "up":    { "uv": [ 2, 1.5, 6, 5.5 ], "texture": "#texture" },
        "north": { "uv": [ 1.5, 1.5, 5.5, 5.5 ], "texture": "#texture" },
        "south": { "uv": [ 1.5, 1.5, 5.5, 5.5 ], "texture": "#texture" },
        "west":  { "uv": [ 2, 2, 6, 6 ], "texture": "#texture" },
        "east":  { "uv": [ 2, 2, 6, 6 ], "texture": "#texture" }
    }
},
{
    "from": [ 6.5, 12.375, 3.4375 ],
    "to": [ 9.5, 13.875, 5.4375 ],
    "rotation": { "origin": [ 6.5, 13.875, 3.4375 ], "axis": "x", "angle": 45 },
    "faces": {
        "down":  { "uv": [ 2, 2, 6, 6 ], "texture": "#texture" },
        "up":    { "uv": [ 2, 1.5, 6, 5.5 ], "texture": "#texture" },
        "north": { "uv": [ 1.5, 1.5, 5.5, 5.5 ], "texture": "#texture" },
        "south": { "uv": [ 1.5, 1.5, 5.5, 5.5 ], "texture": "#texture" },
        "west":  { "uv": [ 2, 2, 6, 6 ], "texture": "#texture" },
        "east":  { "uv": [ 2, 2, 6, 6 ], "texture": "#texture" }
    }
},
{
    "from": [ 6.5, 12.8125, 2.375 ],
    "to": [ 9.5, 14.3125, 4 ],
    "faces": {
        "down":  { "uv": [ 2, 2, 6, 6 ], "texture": "#texture" },
        "up":    { "uv": [ 2, 1.5, 6, 5.5 ], "texture": "#texture" },
        "north": { "uv": [ 1.5, 1.5, 5.5, 5.5 ], "texture": "#texture" },
        "south": { "uv": [ 1.5, 1.5, 5.5, 5.5 ], "texture": "#texture" },
        "west":  { "uv": [ 2, 2, 6, 6 ], "texture": "#texture" },
        "east":  { "uv": [ 2, 2, 6, 6 ], "texture": "#texture" }
    }
},
{
    "from": [ 6.5, 14.125, 3.125 ],
    "to": [ 9.5, 16.125, 4.125 ],
    "rotation": { "origin": [ 6.5, 16.125, 3.125 ], "axis": "x", "angle": 22.5 },
    "faces": {
        "down":  { "uv": [ 2, 2, 6, 6 ], "texture": "#texture" },
        "up":    { "uv": [ 2, 1.5, 6, 5.5 ], "texture": "#texture" },
        "north": { "uv": [ 1.5, 1.5, 5.5, 5.5 ], "texture": "#texture" },
        "south": { "uv": [ 1.5, 1.5, 5.5, 5.5 ], "texture": "#texture" },
        "west":  { "uv": [ 2, 2, 6, 6 ], "texture": "#texture" },
        "east":  { "uv": [ 2, 2, 6, 6 ], "texture": "#texture" }
    }
},
{
    "from": [ 6.5, 15.75, 3.0625 ],
    "to": [ 9.5, 19.75, 4.0625 ],
    "faces": {
        "down":  { "uv": [ 2, 2, 6, 6 ], "texture": "#texture" },
        "up":    { "uv": [ 2, 1.5, 6, 5.5 ], "texture": "#texture" },
        "north": { "uv": [ 1.5, 1.5, 5.5, 5.5 ], "texture": "#texture" },
        "south": { "uv": [ 1.5, 1.5, 5.5, 5.5 ], "texture": "#texture" },
        "west":  { "uv": [ 2, 2, 6, 6 ], "texture": "#texture" },
        "east":  { "uv": [ 2, 2, 6, 6 ], "texture": "#texture" }
    }
},
{
    "from": [ 6.5, 13.25, 2.9375 ],
    "to": [ 9.5, 15.3125, 4.125 ],
    "rotation": { "origin": [ 6.5, 15.3125, 2.9375 ], "axis": "x", "angle": -22.5 },
    "faces": {
        "down":  { "uv": [ 2, 2, 6, 6 ], "texture": "#texture" },
        "up":    { "uv": [ 2, 1.5, 6, 5.5 ], "texture": "#texture" },
        "north": { "uv": [ 1.5, 1.5, 5.5, 5.5 ], "texture": "#texture" },
        "south": { "uv": [ 1.5, 1.5, 5.5, 5.5 ], "texture": "#texture" },
        "west":  { "uv": [ 2, 2, 6, 6 ], "texture": "#texture" },
        "east":  { "uv": [ 2, 2, 6, 6 ], "texture": "#texture" }
    }
},
{
    "from": [ 6.5, 12.75, 3.875 ],
    "to": [ 9.5, 14.25, 4.875 ],
    "rotation": { "origin": [ 6.5, 14.25, 3.875 ], "axis": "x", "angle": 22.5 },
    "faces": {
        "down":  { "uv": [ 2, 2, 6, 6 ], "texture": "#texture" },
        "up":    { "uv": [ 2, 1.5, 6, 5.5 ], "texture": "#texture" },
        "north": { "uv": [ 1.5, 1.5, 5.5, 5.5 ], "texture": "#texture" },
        "south": { "uv": [ 1.5, 1.5, 5.5, 5.5 ], "texture": "#texture" },
        "west":  { "uv": [ 2, 2, 6, 6 ], "texture": "#texture" },
        "east":  { "uv": [ 2, 2, 6, 6 ], "texture": "#texture" }
    }
},
{
    "from": [ 9.5, 4.5, 6.5 ],
    "to": [ 10.5, 11.5, 9.5 ],
    "faces": {
        "down":  { "uv": [ 2, 2, 6, 6 ], "texture": "#texture" },
        "up":    { "uv": [ 2, 1.5, 6, 5.5 ], "texture": "#texture" },
        "north": { "uv": [ 1.5, 1.5, 5.5, 5.5 ], "texture": "#texture" },
        "south": { "uv": [ 1.5, 1.5, 5.5, 5.5 ], "texture": "#texture" },
        "west":  { "uv": [ 2, 2, 6, 6 ], "texture": "#texture" },
        "east":  { "uv": [ 2, 2, 6, 6 ], "texture": "#texture" }
    }
},
{
    "from": [ 5.5, 4.5, 6.5 ],
    "to": [ 6.5, 11.5, 9.5 ],
    "faces": {
        "down":  { "uv": [ 2, 2, 6, 6 ], "texture": "#texture" },
        "up":    { "uv": [ 2, 1.5, 6, 5.5 ], "texture": "#texture" },
        "north": { "uv": [ 1.5, 1.5, 5.5, 5.5 ], "texture": "#texture" },
        "south": { "uv": [ 1.5, 1.5, 5.5, 5.5 ], "texture": "#texture" },
        "west":  { "uv": [ 2, 2, 6, 6 ], "texture": "#texture" },
        "east":  { "uv": [ 2, 2, 6, 6 ], "texture": "#texture" }
    }
},
{
    "from": [ 5.5, 11.5, 7.5 ],
    "to": [ 6.5, 12.5, 8.5 ],
    "faces": {
        "down":  { "uv": [ 2, 2, 6, 6 ], "texture": "#texture" },
        "up":    { "uv": [ 2, 1.5, 6, 5.5 ], "texture": "#texture" },
        "north": { "uv": [ 1.5, 1.5, 5.5, 5.5 ], "texture": "#texture" },
        "south": { "uv": [ 1.5, 1.5, 5.5, 5.5 ], "texture": "#texture" },
        "west":  { "uv": [ 2, 2, 6, 6 ], "texture": "#texture" },
        "east":  { "uv": [ 2, 2, 6, 6 ], "texture": "#texture" }
    }
},
{
    "from": [ 9.5, 11.5, 7.5 ],
    "to": [ 10.5, 12.5, 8.5 ],
    "faces": {
        "down":  { "uv": [ 2, 2, 6, 6 ], "texture": "#texture" },
        "up":    { "uv": [ 2, 1.5, 6, 5.5 ], "texture": "#texture" },
        "north": { "uv": [ 1.5, 1.5, 5.5, 5.5 ], "texture": "#texture" },
        "south": { "uv": [ 1.5, 1.5, 5.5, 5.5 ], "texture": "#texture" },
        "west":  { "uv": [ 2, 2, 6, 6 ], "texture": "#texture" },
        "east":  { "uv": [ 2, 2, 6, 6 ], "texture": "#texture" }
    }
},
{
    "from": [ 5.5, 10.5, 6.5 ],
    "to": [ 6.5, 11.5, 7.875 ],
    "rotation": { "origin": [ 5.5, 11.5, 6.5 ], "axis": "x", "angle": -45 },
    "faces": {
        "down":  { "uv": [ 2, 2, 6, 6 ], "texture": "#texture" },
        "up":    { "uv": [ 2, 1.5, 6, 5.5 ], "texture": "#texture" },
        "north": { "uv": [ 1.5, 1.5, 5.5, 5.5 ], "texture": "#texture" },
        "south": { "uv": [ 1.5, 1.5, 5.5, 5.5 ], "texture": "#texture" },
        "west":  { "uv": [ 2, 2, 6, 6 ], "texture": "#texture" },
        "east":  { "uv": [ 2, 2, 6, 6 ], "texture": "#texture" }
    }
},
{
    "from": [ 5.5, 11.5, 8.5 ],
    "to": [ 6.5, 12.5, 9.875 ],
    "rotation": { "origin": [ 5.5, 12.5, 8.5 ], "axis": "x", "angle": 45 },
    "faces": {
        "down":  { "uv": [ 2, 2, 6, 6 ], "texture": "#texture" },
        "up":    { "uv": [ 2, 1.5, 6, 5.5 ], "texture": "#texture" },
        "north": { "uv": [ 1.5, 1.5, 5.5, 5.5 ], "texture": "#texture" },
        "south": { "uv": [ 1.5, 1.5, 5.5, 5.5 ], "texture": "#texture" },
        "west":  { "uv": [ 2, 2, 6, 6 ], "texture": "#texture" },
        "east":  { "uv": [ 2, 2, 6, 6 ], "texture": "#texture" }
    }
},
{
    "from": [ 9.5, 11.5, 8.5 ],
    "to": [ 10.5, 12.5, 9.875 ],
    "rotation": { "origin": [ 9.5, 12.5, 8.5 ], "axis": "x", "angle": 45 },
    "faces": {
        "down":  { "uv": [ 2, 2, 6, 6 ], "texture": "#texture" },
        "up":    { "uv": [ 2, 1.5, 6, 5.5 ], "texture": "#texture" },
        "north": { "uv": [ 1.5, 1.5, 5.5, 5.5 ], "texture": "#texture" },
        "south": { "uv": [ 1.5, 1.5, 5.5, 5.5 ], "texture": "#texture" },
        "west":  { "uv": [ 2, 2, 6, 6 ], "texture": "#texture" },
        "east":  { "uv": [ 2, 2, 6, 6 ], "texture": "#texture" }
    }
},
{
    "from": [ 9.5, 10.5, 6.5 ],
    "to": [ 10.5, 11.5, 7.875 ],
    "rotation": { "origin": [ 9.5, 11.5, 6.5 ], "axis": "x", "angle": -45 },
    "faces": {
        "down":  { "uv": [ 2, 2, 6, 6 ], "texture": "#texture" },
        "up":    { "uv": [ 2, 1.5, 6, 5.5 ], "texture": "#texture" },
        "north": { "uv": [ 1.5, 1.5, 5.5, 5.5 ], "texture": "#texture" },
        "south": { "uv": [ 1.5, 1.5, 5.5, 5.5 ], "texture": "#texture" },
        "west":  { "uv": [ 2, 2, 6, 6 ], "texture": "#texture" },
        "east":  { "uv": [ 2, 2, 6, 6 ], "texture": "#texture" }
    }
},
{
    "from": [ 10, 2.5625, 6.5 ],
    "to": [ 11.5, 5.9375, 9.5 ],
    "faces": {
        "down":  { "uv": [ 2, 2, 6, 6 ], "texture": "#texture" },
        "up":    { "uv": [ 2, 1.5, 6, 5.5 ], "texture": "#texture" },
        "north": { "uv": [ 1.5, 1.5, 5.5, 5.5 ], "texture": "#texture" },
        "south": { "uv": [ 1.5, 1.5, 5.5, 5.5 ], "texture": "#texture" },
        "west":  { "uv": [ 2, 2, 6, 6 ], "texture": "#texture" },
        "east":  { "uv": [ 2, 2, 6, 6 ], "texture": "#texture" }
    }
},
{
    "from": [ 4.5, 2.5, 6.5 ],
    "to": [ 6, 5.875, 9.5 ],
    "faces": {
        "down":  { "uv": [ 2, 2, 6, 6 ], "texture": "#texture" },
        "up":    { "uv": [ 2, 1.5, 6, 5.5 ], "texture": "#texture" },
        "north": { "uv": [ 1.5, 1.5, 5.5, 5.5 ], "texture": "#texture" },
        "south": { "uv": [ 1.5, 1.5, 5.5, 5.5 ], "texture": "#texture" },
        "west":  { "uv": [ 2, 2, 6, 6 ], "texture": "#texture" },
        "east":  { "uv": [ 2, 2, 6, 6 ], "texture": "#texture" }
    }
},
{
    "from": [ 6.5, 2.375, 9.9375 ],
    "to": [ 9.5, 5.75, 11.5 ],
    "faces": {
        "down":  { "uv": [ 2, 2, 6, 6 ], "texture": "#texture" },
        "up":    { "uv": [ 2, 1.5, 6, 5.5 ], "texture": "#texture" },
        "north": { "uv": [ 1.5, 1.5, 5.5, 5.5 ], "texture": "#texture" },
        "south": { "uv": [ 1.5, 1.5, 5.5, 5.5 ], "texture": "#texture" },
        "west":  { "uv": [ 2, 2, 6, 6 ], "texture": "#texture" },
        "east":  { "uv": [ 2, 2, 6, 6 ], "texture": "#texture" }
    }
},
{
    "from": [ 6.5, 7.5, 3 ],
    "to": [ 9.5, 11.5, 4.625 ],
    "faces": {
        "down":  { "uv": [ 2, 2, 6, 6 ], "texture": "#texture" },
        "up":    { "uv": [ 2, 1.5, 6, 5.5 ], "texture": "#texture" },
        "north": { "uv": [ 1.5, 1.5, 5.5, 5.5 ], "texture": "#texture" },
        "south": { "uv": [ 1.5, 1.5, 5.5, 5.5 ], "texture": "#texture" },
        "west":  { "uv": [ 2, 2, 6, 6 ], "texture": "#texture" },
        "east":  { "uv": [ 2, 2, 6, 6 ], "texture": "#texture" }
    }
},
{
    "from": [ 6.5, 6.5, 3.125 ],
    "to": [ 9.5, 9.5, 5.125 ],
    "rotation": { "origin": [ 6.5, 9.5, 3.125 ], "axis": "x", "angle": -45 },
    "faces": {
        "down":  { "uv": [ 2, 2, 6, 6 ], "texture": "#texture" },
        "up":    { "uv": [ 2, 1.5, 6, 5.5 ], "texture": "#texture" },
        "north": { "uv": [ 1.5, 1.5, 5.5, 5.5 ], "texture": "#texture" },
        "south": { "uv": [ 1.5, 1.5, 5.5, 5.5 ], "texture": "#texture" },
        "west":  { "uv": [ 2, 2, 6, 6 ], "texture": "#texture" },
        "east":  { "uv": [ 2, 2, 6, 6 ], "texture": "#texture" }
    }
},
{
    "from": [ 5.5, 13.5, 6 ],
    "to": [ 10.5, 16.5, 9 ],
    "faces": {
        "down":  { "uv": [ 2, 2, 6, 6 ], "texture": "#texture" },
        "up":    { "uv": [ 2, 1.5, 6, 5.5 ], "texture": "#texture" },
        "north": { "uv": [ 1.5, 1.5, 5.5, 5.5 ], "texture": "#texture" },
        "south": { "uv": [ 1.5, 1.5, 5.5, 5.5 ], "texture": "#texture" },
        "west":  { "uv": [ 2, 2, 6, 6 ], "texture": "#texture" },
        "east":  { "uv": [ 2, 2, 6, 6 ], "texture": "#texture" }
    }
},
{
    "from": [ 6.75, 8, 6.5 ],
    "to": [ 9.25, 12, 9.5 ],
    "faces": {
        "down":  { "uv": [ 2, 2, 6, 6 ], "texture": "#texture" },
        "up":    { "uv": [ 2, 1.5, 6, 5.5 ], "texture": "#texture" },
        "north": { "uv": [ 1.5, 1.5, 5.5, 5.5 ], "texture": "#texture" },
        "south": { "uv": [ 1.5, 1.5, 5.5, 5.5 ], "texture": "#texture" },
        "west":  { "uv": [ 2, 2, 6, 6 ], "texture": "#texture" },
        "east":  { "uv": [ 2, 2, 6, 6 ], "texture": "#texture" }
    }
},
{
    "from": [ 9.25, 9.5, 6.5 ],
    "to": [ 10.5, 10.75, 9.5 ],
    "rotation": { "origin": [ 9.25, 10.75, 6.5 ], "axis": "z", "angle": -45 },
    "faces": {
        "down":  { "uv": [ 2, 2, 6, 6 ], "texture": "#texture" },
        "up":    { "uv": [ 2, 1.5, 6, 5.5 ], "texture": "#texture" },
        "north": { "uv": [ 1.5, 1.5, 5.5, 5.5 ], "texture": "#texture" },
        "south": { "uv": [ 1.5, 1.5, 5.5, 5.5 ], "texture": "#texture" },
        "west":  { "uv": [ 2, 2, 6, 6 ], "texture": "#texture" },
        "east":  { "uv": [ 2, 2, 6, 6 ], "texture": "#texture" }
    }
},
{
    "from": [ 5.9375, 8.625, 6.5 ],
    "to": [ 7.1875, 9.875, 9.5 ],
    "rotation": { "origin": [ 5.9375, 9.875, 6.5 ], "axis": "z", "angle": 45 },
    "faces": {
        "down":  { "uv": [ 2, 2, 6, 6 ], "texture": "#texture" },
        "up":    { "uv": [ 2, 1.5, 6, 5.5 ], "texture": "#texture" },
        "north": { "uv": [ 1.5, 1.5, 5.5, 5.5 ], "texture": "#texture" },
        "south": { "uv": [ 1.5, 1.5, 5.5, 5.5 ], "texture": "#texture" },
        "west":  { "uv": [ 2, 2, 6, 6 ], "texture": "#texture" },
        "east":  { "uv": [ 2, 2, 6, 6 ], "texture": "#texture" }
    }
},
{
    "from": [ 6.75, 8.5, 6.5 ],
    "to": [ 9.25, 12, 8 ],
    "rotation": { "origin": [ 6.75, 12, 6.5 ], "axis": "x", "angle": 22.5 },
    "faces": {
        "down":  { "uv": [ 2, 2, 6, 6 ], "texture": "#texture" },
        "up":    { "uv": [ 2, 1.5, 6, 5.5 ], "texture": "#texture" },
        "north": { "uv": [ 1.5, 1.5, 5.5, 5.5 ], "texture": "#texture" },
        "south": { "uv": [ 1.5, 1.5, 5.5, 5.5 ], "texture": "#texture" },
        "west":  { "uv": [ 2, 2, 6, 6 ], "texture": "#texture" },
        "east":  { "uv": [ 2, 2, 6, 6 ], "texture": "#texture" }
    }
},
{
    "from": [ 6.75, 8.875, 6.25 ],
    "to": [ 9.25, 11.125, 7.75 ],
    "rotation": { "origin": [ 6.75, 11.125, 6.25 ], "axis": "x", "angle": 45 },
    "faces": {
        "down":  { "uv": [ 2, 2, 6, 6 ], "texture": "#texture" },
        "up":    { "uv": [ 2, 1.5, 6, 5.5 ], "texture": "#texture" },
        "north": { "uv": [ 1.5, 1.5, 5.5, 5.5 ], "texture": "#texture" },
        "south": { "uv": [ 1.5, 1.5, 5.5, 5.5 ], "texture": "#texture" },
        "west":  { "uv": [ 2, 2, 6, 6 ], "texture": "#texture" },
        "east":  { "uv": [ 2, 2, 6, 6 ], "texture": "#texture" }
    }
},
{
    "from": [ 6.5, 12.5, 6 ],
    "to": [ 9.5, 17.5, 9 ],
    "faces": {
        "down":  { "uv": [ 2, 2, 6, 6 ], "texture": "#texture" },
        "up":    { "uv": [ 2, 1.5, 6, 5.5 ], "texture": "#texture" },
        "north": { "uv": [ 1.5, 1.5, 5.5, 5.5 ], "texture": "#texture" },
        "south": { "uv": [ 1.5, 1.5, 5.5, 5.5 ], "texture": "#texture" },
        "west":  { "uv": [ 2, 2, 6, 6 ], "texture": "#texture" },
        "east":  { "uv": [ 2, 2, 6, 6 ], "texture": "#texture" }
    }
},
{
    "from": [ 6.5, 13.5, 5 ],
    "to": [ 9.5, 16.5, 10 ],
    "faces": {
        "down":  { "uv": [ 2, 2, 6, 6 ], "texture": "#texture" },
        "up":    { "uv": [ 2, 1.5, 6, 5.5 ], "texture": "#texture" },
        "north": { "uv": [ 1.5, 1.5, 5.5, 5.5 ], "texture": "#texture" },
        "south": { "uv": [ 1.5, 1.5, 5.5, 5.5 ], "texture": "#texture" },
        "west":  { "uv": [ 2, 2, 6, 6 ], "texture": "#texture" },
        "east":  { "uv": [ 2, 2, 6, 6 ], "texture": "#texture" }
    }
},
{
    "from": [ 6.5, 10.84, 5 ],
    "to": [ 9.5, 16.5, 6.4375 ],
    "rotation": { "origin": [ 6.5, 16.5, 5 ], "axis": "x", "angle": -45 },
    "faces": {
        "down":  { "uv": [ 2, 2, 6, 6 ], "texture": "#texture" },
        "up":    { "uv": [ 2, 1.5, 6, 5.5 ], "texture": "#texture" },
        "north": { "uv": [ 1.5, 1.5, 5.5, 5.5 ], "texture": "#texture" },
        "south": { "uv": [ 1.5, 1.5, 5.5, 5.5 ], "texture": "#texture" },
        "west":  { "uv": [ 2, 2, 6, 6 ], "texture": "#texture" },
        "east":  { "uv": [ 2, 2, 6, 6 ], "texture": "#texture" }
    }
},
{
    "from": [ 6.5, 11.84, 9 ],
    "to": [ 9.5, 17.5, 10.4375 ],
    "rotation": { "origin": [ 6.5, 17.5, 9 ], "axis": "x", "angle": 45 },
    "faces": {
        "down":  { "uv": [ 2, 2, 6, 6 ], "texture": "#texture" },
        "up":    { "uv": [ 2, 1.5, 6, 5.5 ], "texture": "#texture" },
        "north": { "uv": [ 1.5, 1.5, 5.5, 5.5 ], "texture": "#texture" },
        "south": { "uv": [ 1.5, 1.5, 5.5, 5.5 ], "texture": "#texture" },
        "west":  { "uv": [ 2, 2, 6, 6 ], "texture": "#texture" },
        "east":  { "uv": [ 2, 2, 6, 6 ], "texture": "#texture" }
    }
},
{
    "from": [ 5.5, 10.84, 6 ],
    "to": [ 6.875, 16.5, 9 ],
    "rotation": { "origin": [ 5.5, 16.5, 6 ], "axis": "z", "angle": 45 },
    "faces": {
        "down":  { "uv": [ 2, 2, 6, 6 ], "texture": "#texture" },
        "up":    { "uv": [ 2, 1.5, 6, 5.5 ], "texture": "#texture" },
        "north": { "uv": [ 1.5, 1.5, 5.5, 5.5 ], "texture": "#texture" },
        "south": { "uv": [ 1.5, 1.5, 5.5, 5.5 ], "texture": "#texture" },
        "west":  { "uv": [ 2, 2, 6, 6 ], "texture": "#texture" },
        "east":  { "uv": [ 2, 2, 6, 6 ], "texture": "#texture" }
    }
},
{
    "from": [ 9.5, 11.84, 6 ],
    "to": [ 10.875, 17.5, 9 ],
    "rotation": { "origin": [ 9.5, 17.5, 6 ], "axis": "z", "angle": -45 },
    "faces": {
        "down":  { "uv": [ 2, 2, 6, 6 ], "texture": "#texture" },
        "up":    { "uv": [ 2, 1.5, 6, 5.5 ], "texture": "#texture" },
        "north": { "uv": [ 1.5, 1.5, 5.5, 5.5 ], "texture": "#texture" },
        "south": { "uv": [ 1.5, 1.5, 5.5, 5.5 ], "texture": "#texture" },
        "west":  { "uv": [ 2, 2, 6, 6 ], "texture": "#texture" },
        "east":  { "uv": [ 2, 2, 6, 6 ], "texture": "#texture" }
    }
},
{
    "from": [ 5.5, 13.5, 6 ],
    "to": [ 6.9375, 16.5, 11.66 ],
    "rotation": { "origin": [ 5.5, 13.5, 6 ], "axis": "y", "angle": 45 },
    "faces": {
        "down":  { "uv": [ 2, 2, 6, 6 ], "texture": "#texture" },
        "up":    { "uv": [ 2, 1.5, 6, 5.5 ], "texture": "#texture" },
        "north": { "uv": [ 1.5, 1.5, 5.5, 5.5 ], "texture": "#texture" },
        "south": { "uv": [ 1.5, 1.5, 5.5, 5.5 ], "texture": "#texture" },
        "west":  { "uv": [ 2, 2, 6, 6 ], "texture": "#texture" },
        "east":  { "uv": [ 2, 2, 6, 6 ], "texture": "#texture" }
    }
},
{
    "from": [ 9.5, 13.5, 5 ],
    "to": [ 10.9375, 16.5, 10.66 ],
    "rotation": { "origin": [ 9.5, 13.5, 5 ], "axis": "y", "angle": -45 },
    "faces": {
        "down":  { "uv": [ 2, 2, 6, 6 ], "texture": "#texture" },
        "up":    { "uv": [ 2, 1.5, 6, 5.5 ], "texture": "#texture" },
        "north": { "uv": [ 1.5, 1.5, 5.5, 5.5 ], "texture": "#texture" },
        "south": { "uv": [ 1.5, 1.5, 5.5, 5.5 ], "texture": "#texture" },
        "west":  { "uv": [ 2, 2, 6, 6 ], "texture": "#texture" },
        "east":  { "uv": [ 2, 2, 6, 6 ], "texture": "#texture" }
    }
},
{
    "from": [ 4, 1, 6 ],
    "to": [ 6, 2, 8 ],
    "faces": {
        "down":  { "uv": [ 3.5, 11, 5.5, 13 ], "texture": "#texture" },
        "up":    { "uv": [ 2, 10.5, 4, 12.5 ], "texture": "#texture" },
        "north": { "uv": [ 3, 12.5, 5, 15.5 ], "texture": "#texture" },
        "south": { "uv": [ 1, 10, 3, 13 ], "texture": "#texture" },
        "west":  { "uv": [ 3.5, 11.5, 5.5, 14.5 ], "texture": "#texture" },
        "east":  { "uv": [ 3, 10.5, 5, 13.5 ], "texture": "#texture" }
    }
},
{
    "from": [ 10, 1, 6 ],
    "to": [ 12, 2, 8 ],
    "faces": {
        "down":  { "uv": [ 3.5, 11, 5.5, 13 ], "texture": "#texture" },
        "up":    { "uv": [ 2, 10.5, 4, 12.5 ], "texture": "#texture" },
        "north": { "uv": [ 3, 12.5, 5, 15.5 ], "texture": "#texture" },
        "south": { "uv": [ 1, 10, 3, 13 ], "texture": "#texture" },
        "west":  { "uv": [ 3.5, 11.5, 5.5, 14.5 ], "texture": "#texture" },
        "east":  { "uv": [ 3, 10.5, 5, 13.5 ], "texture": "#texture" }
    }
},
{
    "from": [ 7, 1, 10 ],
    "to": [ 9, 2, 12 ],
    "faces": {
        "down":  { "uv": [ 3.5, 11, 5.5, 13 ], "texture": "#texture" },
        "up":    { "uv": [ 2, 10.5, 4, 12.5 ], "texture": "#texture" },
        "north": { "uv": [ 3, 12.5, 5, 15.5 ], "texture": "#texture" },
        "south": { "uv": [ 1, 10, 3, 13 ], "texture": "#texture" },
        "west":  { "uv": [ 3.5, 11.5, 5.5, 14.5 ], "texture": "#texture" },
        "east":  { "uv": [ 3, 10.5, 5, 13.5 ], "texture": "#texture" }
    }
},
{
    "from": [ 4.5, -0.75, 6.5 ],
    "to": [ 6, 1, 7.5 ],
    "rotation": { "origin": [ 4.5, 1, 6.5 ], "axis": "z", "angle": 22.5 },
    "faces": {
        "down":  { "uv": [ 3.5, 11, 5.5, 13 ], "texture": "#texture" },
        "up":    { "uv": [ 2, 10.5, 4, 12.5 ], "texture": "#texture" },
        "north": { "uv": [ 3, 12.5, 5, 15.5 ], "texture": "#texture" },
        "south": { "uv": [ 1, 10, 3, 13 ], "texture": "#texture" },
        "west":  { "uv": [ 3.5, 11.5, 5.5, 14.5 ], "texture": "#texture" },
        "east":  { "uv": [ 3, 10.5, 5, 13.5 ], "texture": "#texture" }
    }
},
{
    "from": [ 10, -0.25, 6.5 ],
    "to": [ 11.5, 1.5, 7.5 ],
    "rotation": { "origin": [ 10, 1.5, 6.5 ], "axis": "z", "angle": -22.5 },
    "faces": {
        "down":  { "uv": [ 3.5, 11, 5.5, 13 ], "texture": "#texture" },
        "up":    { "uv": [ 2, 10.5, 4, 12.5 ], "texture": "#texture" },
        "north": { "uv": [ 3, 12.5, 5, 15.5 ], "texture": "#texture" },
        "south": { "uv": [ 1, 10, 3, 13 ], "texture": "#texture" },
        "west":  { "uv": [ 3.5, 11.5, 5.5, 14.5 ], "texture": "#texture" },
        "east":  { "uv": [ 3, 10.5, 5, 13.5 ], "texture": "#texture" }
    }
},
{
    "from": [ 7.5, 0, 10 ],
    "to": [ 8.5, 1.5, 11.5 ],
    "rotation": { "origin": [ 7.5, 1.5, 10 ], "axis": "x", "angle": 22.5 },
    "faces": {
        "down":  { "uv": [ 3.5, 11, 5.5, 13 ], "texture": "#texture" },
        "up":    { "uv": [ 2, 10.5, 4, 12.5 ], "texture": "#texture" },
        "north": { "uv": [ 3, 12.5, 5, 15.5 ], "texture": "#texture" },
        "south": { "uv": [ 1, 10, 3, 13 ], "texture": "#texture" },
        "west":  { "uv": [ 3.5, 11.5, 5.5, 14.5 ], "texture": "#texture" },
        "east":  { "uv": [ 3, 10.5, 5, 13.5 ], "texture": "#texture" }
    }
},
{
    "from": [ 7.75, -0.75, 9.75 ],
    "to": [ 8.25, 0.5, 10.75 ],
    "rotation": { "origin": [ 7.75, 0.5, 9.75 ], "axis": "x", "angle": 45 },
    "faces": {
        "down":  { "uv": [ 3.5, 11, 5.5, 13 ], "texture": "#texture" },
        "up":    { "uv": [ 2, 10.5, 4, 12.5 ], "texture": "#texture" },
        "north": { "uv": [ 3, 12.5, 5, 15.5 ], "texture": "#texture" },
        "south": { "uv": [ 1, 10, 3, 13 ], "texture": "#texture" },
        "west":  { "uv": [ 3.5, 11.5, 5.5, 14.5 ], "texture": "#texture" },
        "east":  { "uv": [ 3, 10.5, 5, 13.5 ], "texture": "#texture" }
    }
},
{
    "from": [ 5.5, -1.5, 6.75 ],
    "to": [ 6.5, 0, 7.25 ],
    "rotation": { "origin": [ 5.5, 0, 6.75 ], "axis": "z", "angle": 45 },
    "faces": {
        "down":  { "uv": [ 3.5, 11, 5.5, 13 ], "texture": "#texture" },
        "up":    { "uv": [ 2, 10.5, 4, 12.5 ], "texture": "#texture" },
        "north": { "uv": [ 3, 12.5, 5, 15.5 ], "texture": "#texture" },
        "south": { "uv": [ 1, 10, 3, 13 ], "texture": "#texture" },
        "west":  { "uv": [ 3.5, 11.5, 5.5, 14.5 ], "texture": "#texture" },
        "east":  { "uv": [ 3, 10.5, 5, 13.5 ], "texture": "#texture" }
    }
},
{
    "from": [ 9.75, -1, 6.75 ],
    "to": [ 10.75, 0.5, 7.25 ],
    "rotation": { "origin": [ 9.75, 0.5, 6.75 ], "axis": "z", "angle": -45 },
    "faces": {
        "down":  { "uv": [ 3.5, 11, 5.5, 13 ], "texture": "#texture" },
        "up":    { "uv": [ 2, 10.5, 4, 12.5 ], "texture": "#texture" },
        "north": { "uv": [ 3, 12.5, 5, 15.5 ], "texture": "#texture" },
        "south": { "uv": [ 1, 10, 3, 13 ], "texture": "#texture" },
        "west":  { "uv": [ 3.5, 11.5, 5.5, 14.5 ], "texture": "#texture" },
        "east":  { "uv": [ 3, 10.5, 5, 13.5 ], "texture": "#texture" }
    }
},
{
	"from": [ 6.5, 13.5, 10.025 ], 
	"to": [ 9.5, 16.5, 10.05 ], 
	"faces": {
		"south": { "texture": "#eye", "uv": [ 6, 0.5, 15.5, 10 ] }
	}
},
{
	"from": [ 7.25, 14.25, 10.05 ], 
	"to": [ 8.75, 15.75, 10.075 ], 
	"faces": {
		"south": { "texture": "#particle", "uv": [ 6, 0.5, 15.5, 10 ] }
	}
},
{
	"from": [ 5.5, 14.25, 11.7 ], 
	"to": [ 6.9375, 15.75, 11.7 ], 
	"rotation": { "origin": [ 5.5, 13.5, 6 ], "axis": "y", "angle": 45 },
	"faces": {
		"south": { "texture": "#eye", "uv": [ 6, 0.5, 15.5, 10 ] }
	}
}
],
"display": {
    "head": {
			"rotation": [ 0, 180, 0 ],
			"translation": [ 0, -17.5, -1.5 ],
			"scale": [ 2.5, 2.5, 2.5 ]
		},
    "thirdperson_lefthand": {
			"rotation":  [ 70, 180, 0 ],
			"translation":  [ -6, -2.5, 4 ],
			"scale":  [ 1.6, 1.6, 1.6 ]
		},
		"thirdperson_righthand": {
			"rotation":  [ 70, 180, 0 ],
			"translation":  [ -6, -2.5, 4 ],
			"scale":  [ 1.6, 1.6, 1.6 ]
		},
		"firstperson_righthand": {
			"scale":  [ 0, 0, 0 ]
		},
		"firstperson_lefthand": {
			"scale":  [ 0, 0, 0 ]
		},
		"gui": {
			"scale":  [ 0, 0, 0 ]
		},
		"ground": {
			"scale":  [ 0, 0, 0 ]
		}
}
}