{
"__comment": "Made by MadstonMagic using Cubik Pro, Copyright � MadstonMagic Modeling 2015-2017. All rights reserved",
"elements": [ 
{
    "__comment": "body",
    "from": [ 3, 5.5, 3 ],
    "to": [ 13, 7, 13 ],
    "faces": {
        "down":  { "uv": [ 1.5, 1.5, 6, 6 ], "texture": "#texture" },
        "up":    { "uv": [ 1.5, 1.5, 6, 6 ], "texture": "#texture" },
        "north": { "uv": [ 1.5, 1.5, 6, 6 ], "texture": "#texture" },
        "south": { "uv": [ 1.5, 1.5, 6, 6 ], "texture": "#texture" },
        "west":  { "uv": [ 1.5, 1.5, 6, 6 ], "texture": "#texture" },
        "east":  { "uv": [ 1.5, 1.5, 6, 6 ], "texture": "#texture" }
    }
},
{
    "__comment": "body",
    "from": [ 4, 5.5, 2 ],
    "to": [ 12, 7, 14 ],
    "faces": {
        "down":  { "uv": [ 1.5, 1.5, 6, 6 ], "texture": "#texture" },
        "up":    { "uv": [ 1.5, 1.5, 6, 6 ], "texture": "#texture" },
        "north": { "uv": [ 1.5, 1.5, 6, 6 ], "texture": "#texture" },
        "south": { "uv": [ 1.5, 1.5, 6, 6 ], "texture": "#texture" },
        "west":  { "uv": [ 1.5, 1.5, 6, 6 ], "texture": "#texture" },
        "east":  { "uv": [ 1.5, 1.5, 6, 6 ], "texture": "#texture" }
    }
},
{
    "__comment": "body",
    "from": [ 2, 5.5, 4 ],
    "to": [ 14, 7, 12 ],
    "faces": {
        "down":  { "uv": [ 1.5, 1.5, 6, 6 ], "texture": "#texture" },
        "up":    { "uv": [ 1.5, 1.5, 6, 6 ], "texture": "#texture" },
        "north": { "uv": [ 1.5, 1.5, 6, 6 ], "texture": "#texture" },
        "south": { "uv": [ 1.5, 1.5, 6, 6 ], "texture": "#texture" },
        "west":  { "uv": [ 1.5, 1.5, 6, 6 ], "texture": "#texture" },
        "east":  { "uv": [ 1.5, 1.5, 6, 6 ], "texture": "#texture" }
    }
},
{
    "__comment": "body",
    "from": [ 2, 5.5, 4 ],
    "to": [ 4.875, 7, 18.15 ],
    "rotation": { "origin": [ 2, 5.5, 4 ], "axis": "y", "angle": 45 },
    "faces": {
        "down":  { "uv": [ 1.5, 1.5, 6, 6 ], "texture": "#texture" },
        "up":    { "uv": [ 1.5, 1.5, 6, 6 ], "texture": "#texture" },
        "north": { "uv": [ 1.5, 1.5, 6, 6 ], "texture": "#texture" },
        "south": { "uv": [ 1.5, 1.5, 6, 6 ], "texture": "#texture" },
        "west":  { "uv": [ 1.5, 1.5, 6, 6 ], "texture": "#texture" },
        "east":  { "uv": [ 1.5, 1.5, 6, 6 ], "texture": "#texture" }
    }
},
{
    "__comment": "body",
    "from": [ 12, 5.5, 2 ],
    "to": [ 14.875, 7, 16.15 ],
    "rotation": { "origin": [ 12, 5.5, 2 ], "axis": "y", "angle": -45 },
    "faces": {
        "down":  { "uv": [ 1.5, 1.5, 6, 6 ], "texture": "#texture" },
        "up":    { "uv": [ 1.5, 1.5, 6, 6 ], "texture": "#texture" },
        "north": { "uv": [ 1.5, 1.5, 6, 6 ], "texture": "#texture" },
        "south": { "uv": [ 1.5, 1.5, 6, 6 ], "texture": "#texture" },
        "west":  { "uv": [ 1.5, 1.5, 6, 6 ], "texture": "#texture" },
        "east":  { "uv": [ 1.5, 1.5, 6, 6 ], "texture": "#texture" }
    }
},
{
    "__comment": "body",
    "from": [ 6.375, 5.5, 1 ],
    "to": [ 9.625, 7, 15 ],
    "faces": {
        "down":  { "uv": [ 1.5, 1.5, 6, 6 ], "texture": "#texture" },
        "up":    { "uv": [ 1.5, 1.5, 6, 6 ], "texture": "#texture" },
        "north": { "uv": [ 1.5, 1.5, 6, 6 ], "texture": "#texture" },
        "south": { "uv": [ 1.5, 1.5, 6, 6 ], "texture": "#texture" },
        "west":  { "uv": [ 1.5, 1.5, 6, 6 ], "texture": "#texture" },
        "east":  { "uv": [ 1.5, 1.5, 6, 6 ], "texture": "#texture" }
    }
},
{
    "__comment": "body",
    "from": [ 1, 5.5, 6.375 ],
    "to": [ 15, 7, 9.625 ],
    "faces": {
        "down":  { "uv": [ 1.5, 1.5, 6, 6 ], "texture": "#texture" },
        "up":    { "uv": [ 1.5, 1.5, 6, 6 ], "texture": "#texture" },
        "north": { "uv": [ 1.5, 1.5, 6, 6 ], "texture": "#texture" },
        "south": { "uv": [ 1.5, 1.5, 6, 6 ], "texture": "#texture" },
        "west":  { "uv": [ 1.5, 1.5, 6, 6 ], "texture": "#texture" },
        "east":  { "uv": [ 1.5, 1.5, 6, 6 ], "texture": "#texture" }
    }
},
{
    "__comment": "body",
    "from": [ 4, 5.5, 2 ],
    "to": [ 6.5625, 7, 3.5 ],
    "rotation": { "origin": [ 4, 5.5, 2 ], "axis": "y", "angle": 22.5 },
    "faces": {
        "down":  { "uv": [ 1.5, 1.5, 6, 6 ], "texture": "#texture" },
        "up":    { "uv": [ 1.5, 1.5, 6, 6 ], "texture": "#texture" },
        "north": { "uv": [ 1.5, 1.5, 6, 6 ], "texture": "#texture" },
        "south": { "uv": [ 1.5, 1.5, 6, 6 ], "texture": "#texture" },
        "west":  { "uv": [ 1.5, 1.5, 6, 6 ], "texture": "#texture" },
        "east":  { "uv": [ 1.5, 1.5, 6, 6 ], "texture": "#texture" }
    }
},
{
    "__comment": "body",
    "from": [ 9.625, 5.5, 1 ],
    "to": [ 12.1875, 7, 2.5 ],
    "rotation": { "origin": [ 9.625, 5.5, 1 ], "axis": "y", "angle": -22.5 },
    "faces": {
        "down":  { "uv": [ 1.5, 1.5, 6, 6 ], "texture": "#texture" },
        "up":    { "uv": [ 1.5, 1.5, 6, 6 ], "texture": "#texture" },
        "north": { "uv": [ 1.5, 1.5, 6, 6 ], "texture": "#texture" },
        "south": { "uv": [ 1.5, 1.5, 6, 6 ], "texture": "#texture" },
        "west":  { "uv": [ 1.5, 1.5, 6, 6 ], "texture": "#texture" },
        "east":  { "uv": [ 1.5, 1.5, 6, 6 ], "texture": "#texture" }
    }
},
{
    "__comment": "body",
    "from": [ 9.0625, 5.5, 13.625 ],
    "to": [ 11.625, 7, 15.125 ],
    "rotation": { "origin": [ 9.0625, 5.5, 13.625 ], "axis": "y", "angle": 22.5 },
    "faces": {
        "down":  { "uv": [ 1.5, 1.5, 6, 6 ], "texture": "#texture" },
        "up":    { "uv": [ 1.5, 1.5, 6, 6 ], "texture": "#texture" },
        "north": { "uv": [ 1.5, 1.5, 6, 6 ], "texture": "#texture" },
        "south": { "uv": [ 1.5, 1.5, 6, 6 ], "texture": "#texture" },
        "west":  { "uv": [ 1.5, 1.5, 6, 6 ], "texture": "#texture" },
        "east":  { "uv": [ 1.5, 1.5, 6, 6 ], "texture": "#texture" }
    }
},
{
    "__comment": "body",
    "from": [ 4.5625, 5.5, 12.625 ],
    "to": [ 7.125, 7, 14.125 ],
    "rotation": { "origin": [ 4.5625, 5.5, 12.625 ], "axis": "y", "angle": -22.5 },
    "faces": {
        "down":  { "uv": [ 1.5, 1.5, 6, 6 ], "texture": "#texture" },
        "up":    { "uv": [ 1.5, 1.5, 6, 6 ], "texture": "#texture" },
        "north": { "uv": [ 1.5, 1.5, 6, 6 ], "texture": "#texture" },
        "south": { "uv": [ 1.5, 1.5, 6, 6 ], "texture": "#texture" },
        "west":  { "uv": [ 1.5, 1.5, 6, 6 ], "texture": "#texture" },
        "east":  { "uv": [ 1.5, 1.5, 6, 6 ], "texture": "#texture" }
    }
},
{
    "__comment": "body",
    "from": [ 2, 5.5, 4 ],
    "to": [ 3.4375, 7, 6.5625 ],
    "rotation": { "origin": [ 2, 5.5, 4 ], "axis": "y", "angle": -22.5 },
    "faces": {
        "down":  { "uv": [ 1.5, 1.5, 6, 6 ], "texture": "#texture" },
        "up":    { "uv": [ 1.5, 1.5, 6, 6 ], "texture": "#texture" },
        "north": { "uv": [ 1.5, 1.5, 6, 6 ], "texture": "#texture" },
        "south": { "uv": [ 1.5, 1.5, 6, 6 ], "texture": "#texture" },
        "west":  { "uv": [ 1.5, 1.5, 6, 6 ], "texture": "#texture" },
        "east":  { "uv": [ 1.5, 1.5, 6, 6 ], "texture": "#texture" }
    }
},
{
    "__comment": "body",
    "from": [ 1, 5.5, 9.625 ],
    "to": [ 2.4375, 7, 12.1875 ],
    "rotation": { "origin": [ 1, 5.5, 9.625 ], "axis": "y", "angle": 22.5 },
    "faces": {
        "down":  { "uv": [ 1.5, 1.5, 6, 6 ], "texture": "#texture" },
        "up":    { "uv": [ 1.5, 1.5, 6, 6 ], "texture": "#texture" },
        "north": { "uv": [ 1.5, 1.5, 6, 6 ], "texture": "#texture" },
        "south": { "uv": [ 1.5, 1.5, 6, 6 ], "texture": "#texture" },
        "west":  { "uv": [ 1.5, 1.5, 6, 6 ], "texture": "#texture" },
        "east":  { "uv": [ 1.5, 1.5, 6, 6 ], "texture": "#texture" }
    }
},
{
    "__comment": "body",
    "from": [ 13.6875, 5.5, 9.0625 ],
    "to": [ 15.125, 7, 11.625 ],
    "rotation": { "origin": [ 13.6875, 5.5, 9.0625 ], "axis": "y", "angle": -22.5 },
    "faces": {
        "down":  { "uv": [ 1.5, 1.5, 6, 6 ], "texture": "#texture" },
        "up":    { "uv": [ 1.5, 1.5, 6, 6 ], "texture": "#texture" },
        "north": { "uv": [ 1.5, 1.5, 6, 6 ], "texture": "#texture" },
        "south": { "uv": [ 1.5, 1.5, 6, 6 ], "texture": "#texture" },
        "west":  { "uv": [ 1.5, 1.5, 6, 6 ], "texture": "#texture" },
        "east":  { "uv": [ 1.5, 1.5, 6, 6 ], "texture": "#texture" }
    }
},
{
    "__comment": "body",
    "from": [ 12.6875, 5.5, 4.5625 ],
    "to": [ 14.125, 7, 7.125 ],
    "rotation": { "origin": [ 12.6875, 5.5, 4.5625 ], "axis": "y", "angle": 22.5 },
    "faces": {
        "down":  { "uv": [ 1.5, 1.5, 6, 6 ], "texture": "#texture" },
        "up":    { "uv": [ 1.5, 1.5, 6, 6 ], "texture": "#texture" },
        "north": { "uv": [ 1.5, 1.5, 6, 6 ], "texture": "#texture" },
        "south": { "uv": [ 1.5, 1.5, 6, 6 ], "texture": "#texture" },
        "west":  { "uv": [ 1.5, 1.5, 6, 6 ], "texture": "#texture" },
        "east":  { "uv": [ 1.5, 1.5, 6, 6 ], "texture": "#texture" }
    }
},
{
    "__comment": "body_under",
    "from": [ 4, 3.9, 4 ],
    "to": [ 12, 5.55, 12 ],
    "faces": {
        "down":  { "uv": [ 1.5, 1.5, 6, 6 ], "texture": "#texture" },
        "up":    { "uv": [ 1.5, 1.5, 6, 6 ], "texture": "#texture" },
        "north": { "uv": [ 1.5, 1.5, 6, 6 ], "texture": "#texture" },
        "south": { "uv": [ 1.5, 1.5, 6, 6 ], "texture": "#texture" },
        "west":  { "uv": [ 1.5, 1.5, 6, 6 ], "texture": "#texture" },
        "east":  { "uv": [ 1.5, 1.5, 6, 6 ], "texture": "#texture" }
    }
},
{
    "__comment": "body_under",
    "from": [ 4.8, 3.9, 3.2 ],
    "to": [ 11.2, 5.55, 12.8 ],
    "faces": {
        "down":  { "uv": [ 1.5, 1.5, 6, 6 ], "texture": "#texture" },
        "up":    { "uv": [ 1.5, 1.5, 6, 6 ], "texture": "#texture" },
        "north": { "uv": [ 1.5, 1.5, 6, 6 ], "texture": "#texture" },
        "south": { "uv": [ 1.5, 1.5, 6, 6 ], "texture": "#texture" },
        "west":  { "uv": [ 1.5, 1.5, 6, 6 ], "texture": "#texture" },
        "east":  { "uv": [ 1.5, 1.5, 6, 6 ], "texture": "#texture" }
    }
},
{
    "__comment": "body_under",
    "from": [ 3.2, 3.9, 4.8 ],
    "to": [ 12.8, 5.55, 11.2 ],
    "faces": {
        "down":  { "uv": [ 1.5, 1.5, 6, 6 ], "texture": "#texture" },
        "up":    { "uv": [ 1.5, 1.5, 6, 6 ], "texture": "#texture" },
        "north": { "uv": [ 1.5, 1.5, 6, 6 ], "texture": "#texture" },
        "south": { "uv": [ 1.5, 1.5, 6, 6 ], "texture": "#texture" },
        "west":  { "uv": [ 1.5, 1.5, 6, 6 ], "texture": "#texture" },
        "east":  { "uv": [ 1.5, 1.5, 6, 6 ], "texture": "#texture" }
    }
},
{
    "__comment": "body_under",
    "from": [ 3.2, 3.9, 4.8 ],
    "to": [ 5.5, 5.55, 16.12 ],
    "rotation": { "origin": [ 3.2, 3.9, 4.8 ], "axis": "y", "angle": 45 },
    "faces": {
        "down":  { "uv": [ 1.5, 1.5, 6, 6 ], "texture": "#texture" },
        "up":    { "uv": [ 1.5, 1.5, 6, 6 ], "texture": "#texture" },
        "north": { "uv": [ 1.5, 1.5, 6, 6 ], "texture": "#texture" },
        "south": { "uv": [ 1.5, 1.5, 6, 6 ], "texture": "#texture" },
        "west":  { "uv": [ 1.5, 1.5, 6, 6 ], "texture": "#texture" },
        "east":  { "uv": [ 1.5, 1.5, 6, 6 ], "texture": "#texture" }
    }
},
{
    "__comment": "body_under",
    "from": [ 11.2, 3.9, 3.2 ],
    "to": [ 13.5, 5.55, 14.52 ],
    "rotation": { "origin": [ 11.2, 3.9, 3.2 ], "axis": "y", "angle": -45 },
    "faces": {
        "down":  { "uv": [ 1.5, 1.5, 6, 6 ], "texture": "#texture" },
        "up":    { "uv": [ 1.5, 1.5, 6, 6 ], "texture": "#texture" },
        "north": { "uv": [ 1.5, 1.5, 6, 6 ], "texture": "#texture" },
        "south": { "uv": [ 1.5, 1.5, 6, 6 ], "texture": "#texture" },
        "west":  { "uv": [ 1.5, 1.5, 6, 6 ], "texture": "#texture" },
        "east":  { "uv": [ 1.5, 1.5, 6, 6 ], "texture": "#texture" }
    }
},
{
    "__comment": "body_under",
    "from": [ 6.7, 3.9, 2.4 ],
    "to": [ 9.3, 5.55, 13.6 ],
    "faces": {
        "down":  { "uv": [ 1.5, 1.5, 6, 6 ], "texture": "#texture" },
        "up":    { "uv": [ 1.5, 1.5, 6, 6 ], "texture": "#texture" },
        "north": { "uv": [ 1.5, 1.5, 6, 6 ], "texture": "#texture" },
        "south": { "uv": [ 1.5, 1.5, 6, 6 ], "texture": "#texture" },
        "west":  { "uv": [ 1.5, 1.5, 6, 6 ], "texture": "#texture" },
        "east":  { "uv": [ 1.5, 1.5, 6, 6 ], "texture": "#texture" }
    }
},
{
    "__comment": "body_under",
    "from": [ 2.4, 3.9, 6.7 ],
    "to": [ 13.6, 5.55, 9.3 ],
    "faces": {
        "down":  { "uv": [ 1.5, 1.5, 6, 6 ], "texture": "#texture" },
        "up":    { "uv": [ 1.5, 1.5, 6, 6 ], "texture": "#texture" },
        "north": { "uv": [ 1.5, 1.5, 6, 6 ], "texture": "#texture" },
        "south": { "uv": [ 1.5, 1.5, 6, 6 ], "texture": "#texture" },
        "west":  { "uv": [ 1.5, 1.5, 6, 6 ], "texture": "#texture" },
        "east":  { "uv": [ 1.5, 1.5, 6, 6 ], "texture": "#texture" }
    }
},
{
    "__comment": "body_under",
    "from": [ 4.8, 3.9, 3.2 ],
    "to": [ 6.85, 5.55, 4.4 ],
    "rotation": { "origin": [ 4.8, 3.9, 3.2 ], "axis": "y", "angle": 22.5 },
    "faces": {
        "down":  { "uv": [ 1.5, 1.5, 6, 6 ], "texture": "#texture" },
        "up":    { "uv": [ 1.5, 1.5, 6, 6 ], "texture": "#texture" },
        "north": { "uv": [ 1.5, 1.5, 6, 6 ], "texture": "#texture" },
        "south": { "uv": [ 1.5, 1.5, 6, 6 ], "texture": "#texture" },
        "west":  { "uv": [ 1.5, 1.5, 6, 6 ], "texture": "#texture" },
        "east":  { "uv": [ 1.5, 1.5, 6, 6 ], "texture": "#texture" }
    }
},
{
    "__comment": "body_under",
    "from": [ 9.3, 3.9, 2.4 ],
    "to": [ 11.35, 5.55, 3.6 ],
    "rotation": { "origin": [ 9.3, 3.9, 2.4 ], "axis": "y", "angle": -22.5 },
    "faces": {
        "down":  { "uv": [ 1.5, 1.5, 6, 6 ], "texture": "#texture" },
        "up":    { "uv": [ 1.5, 1.5, 6, 6 ], "texture": "#texture" },
        "north": { "uv": [ 1.5, 1.5, 6, 6 ], "texture": "#texture" },
        "south": { "uv": [ 1.5, 1.5, 6, 6 ], "texture": "#texture" },
        "west":  { "uv": [ 1.5, 1.5, 6, 6 ], "texture": "#texture" },
        "east":  { "uv": [ 1.5, 1.5, 6, 6 ], "texture": "#texture" }
    }
},
{
    "__comment": "body_under",
    "from": [ 8.85, 3.9, 12.5 ],
    "to": [ 10.9, 5.55, 13.7 ],
    "rotation": { "origin": [ 8.85, 3.9, 12.5 ], "axis": "y", "angle": 22.5 },
    "faces": {
        "down":  { "uv": [ 1.5, 1.5, 6, 6 ], "texture": "#texture" },
        "up":    { "uv": [ 1.5, 1.5, 6, 6 ], "texture": "#texture" },
        "north": { "uv": [ 1.5, 1.5, 6, 6 ], "texture": "#texture" },
        "south": { "uv": [ 1.5, 1.5, 6, 6 ], "texture": "#texture" },
        "west":  { "uv": [ 1.5, 1.5, 6, 6 ], "texture": "#texture" },
        "east":  { "uv": [ 1.5, 1.5, 6, 6 ], "texture": "#texture" }
    }
},
{
    "__comment": "body_under",
    "from": [ 5.25, 3.9, 11.7 ],
    "to": [ 7.3, 5.55, 12.9 ],
    "rotation": { "origin": [ 5.25, 3.9, 11.7 ], "axis": "y", "angle": -22.5 },
    "faces": {
        "down":  { "uv": [ 1.5, 1.5, 6, 6 ], "texture": "#texture" },
        "up":    { "uv": [ 1.5, 1.5, 6, 6 ], "texture": "#texture" },
        "north": { "uv": [ 1.5, 1.5, 6, 6 ], "texture": "#texture" },
        "south": { "uv": [ 1.5, 1.5, 6, 6 ], "texture": "#texture" },
        "west":  { "uv": [ 1.5, 1.5, 6, 6 ], "texture": "#texture" },
        "east":  { "uv": [ 1.5, 1.5, 6, 6 ], "texture": "#texture" }
    }
},
{
    "__comment": "body_under",
    "from": [ 3.2, 3.9, 4.8 ],
    "to": [ 4.35, 5.55, 6.85 ],
    "rotation": { "origin": [ 3.2, 3.9, 4.8 ], "axis": "y", "angle": -22.5 },
    "faces": {
        "down":  { "uv": [ 1.5, 1.5, 6, 6 ], "texture": "#texture" },
        "up":    { "uv": [ 1.5, 1.5, 6, 6 ], "texture": "#texture" },
        "north": { "uv": [ 1.5, 1.5, 6, 6 ], "texture": "#texture" },
        "south": { "uv": [ 1.5, 1.5, 6, 6 ], "texture": "#texture" },
        "west":  { "uv": [ 1.5, 1.5, 6, 6 ], "texture": "#texture" },
        "east":  { "uv": [ 1.5, 1.5, 6, 6 ], "texture": "#texture" }
    }
},
{
    "__comment": "body_under",
    "from": [ 2.4, 3.9, 9.3 ],
    "to": [ 3.55, 5.55, 11.35 ],
    "rotation": { "origin": [ 2.4, 3.9, 9.3 ], "axis": "y", "angle": 22.5 },
    "faces": {
        "down":  { "uv": [ 1.5, 1.5, 6, 6 ], "texture": "#texture" },
        "up":    { "uv": [ 1.5, 1.5, 6, 6 ], "texture": "#texture" },
        "north": { "uv": [ 1.5, 1.5, 6, 6 ], "texture": "#texture" },
        "south": { "uv": [ 1.5, 1.5, 6, 6 ], "texture": "#texture" },
        "west":  { "uv": [ 1.5, 1.5, 6, 6 ], "texture": "#texture" },
        "east":  { "uv": [ 1.5, 1.5, 6, 6 ], "texture": "#texture" }
    }
},
{
    "__comment": "body_under",
    "from": [ 12.55, 3.9, 8.85 ],
    "to": [ 13.7, 5.55, 10.9 ],
    "rotation": { "origin": [ 12.55, 3.9, 8.85 ], "axis": "y", "angle": -22.5 },
    "faces": {
        "down":  { "uv": [ 1.5, 1.5, 6, 6 ], "texture": "#texture" },
        "up":    { "uv": [ 1.5, 1.5, 6, 6 ], "texture": "#texture" },
        "north": { "uv": [ 1.5, 1.5, 6, 6 ], "texture": "#texture" },
        "south": { "uv": [ 1.5, 1.5, 6, 6 ], "texture": "#texture" },
        "west":  { "uv": [ 1.5, 1.5, 6, 6 ], "texture": "#texture" },
        "east":  { "uv": [ 1.5, 1.5, 6, 6 ], "texture": "#texture" }
    }
},
{
    "__comment": "body_under",
    "from": [ 11.75, 3.9, 5.25 ],
    "to": [ 12.9, 5.55, 7.3 ],
    "rotation": { "origin": [ 11.75, 3.9, 5.25 ], "axis": "y", "angle": 22.5 },
    "faces": {
        "down":  { "uv": [ 1.5, 1.5, 6, 6 ], "texture": "#texture" },
        "up":    { "uv": [ 1.5, 1.5, 6, 6 ], "texture": "#texture" },
        "north": { "uv": [ 1.5, 1.5, 6, 6 ], "texture": "#texture" },
        "south": { "uv": [ 1.5, 1.5, 6, 6 ], "texture": "#texture" },
        "west":  { "uv": [ 1.5, 1.5, 6, 6 ], "texture": "#texture" },
        "east":  { "uv": [ 1.5, 1.5, 6, 6 ], "texture": "#texture" }
    }
},
{
    "__comment": "body*",
    "from": [ 6.4375, 5.125, 1.875 ],
    "to": [ 9.6875, 6.375, 4.0625 ],
    "rotation": { "origin": [ 6.4375, 6.375, 1.875 ], "axis": "x", "angle": 45 },
    "faces": {
        "down":  { "uv": [ 1.5, 1.5, 6, 6 ], "texture": "#texture" },
        "up":    { "uv": [ 1.5, 1.5, 6, 6 ], "texture": "#texture" },
        "north": { "uv": [ 1.5, 1.5, 6, 6 ], "texture": "#texture" },
        "south": { "uv": [ 1.5, 1.5, 6, 6 ], "texture": "#texture" },
        "west":  { "uv": [ 1.5, 1.5, 6, 6 ], "texture": "#texture" },
        "east":  { "uv": [ 1.5, 1.5, 6, 6 ], "texture": "#texture" }
    }
},
{
    "__comment": "body*",
    "from": [ 6.4375, 3.625, 12.5625 ],
    "to": [ 9.6875, 4.875, 14.75 ],
    "rotation": { "origin": [ 6.4375, 4.875, 12.5625 ], "axis": "x", "angle": -45 },
    "faces": {
        "down":  { "uv": [ 1.5, 1.5, 6, 6 ], "texture": "#texture" },
        "up":    { "uv": [ 1.5, 1.5, 6, 6 ], "texture": "#texture" },
        "north": { "uv": [ 1.5, 1.5, 6, 6 ], "texture": "#texture" },
        "south": { "uv": [ 1.5, 1.5, 6, 6 ], "texture": "#texture" },
        "west":  { "uv": [ 1.5, 1.5, 6, 6 ], "texture": "#texture" },
        "east":  { "uv": [ 1.5, 1.5, 6, 6 ], "texture": "#texture" }
    }
},
{
    "__comment": "body*",
    "from": [ 12.5625, 3.5625, 6.5 ],
    "to": [ 14.75, 4.8125, 9.75 ],
    "rotation": { "origin": [ 12.5625, 4.8125, 6.5 ], "axis": "z", "angle": 45 },
    "faces": {
        "down":  { "uv": [ 1.5, 1.5, 6, 6 ], "rotation": 270, "texture": "#texture" },
        "up":    { "uv": [ 1.5, 1.5, 6, 6 ], "rotation": 90, "texture": "#texture" },
        "north": { "uv": [ 1.5, 1.5, 6, 6 ], "texture": "#texture" },
        "south": { "uv": [ 1.5, 1.5, 6, 6 ], "texture": "#texture" },
        "west":  { "uv": [ 1.5, 1.5, 6, 6 ], "texture": "#texture" },
        "east":  { "uv": [ 1.5, 1.5, 6, 6 ], "texture": "#texture" }
    }
},
{
    "__comment": "body*",
    "from": [ 1.875, 5.125, 6.5 ],
    "to": [ 4.0625, 6.375, 9.75 ],
    "rotation": { "origin": [ 1.875, 6.375, 6.5 ], "axis": "z", "angle": -45 },
    "faces": {
        "down":  { "uv": [ 1.5, 1.5, 6, 6 ], "rotation": 270, "texture": "#texture" },
        "up":    { "uv": [ 1.5, 1.5, 6, 6 ], "rotation": 90, "texture": "#texture" },
        "north": { "uv": [ 1.5, 1.5, 6, 6 ], "texture": "#texture" },
        "south": { "uv": [ 1.5, 1.5, 6, 6 ], "texture": "#texture" },
        "west":  { "uv": [ 1.5, 1.5, 6, 6 ], "texture": "#texture" },
        "east":  { "uv": [ 1.5, 1.5, 6, 6 ], "texture": "#texture" }
    }
},
{
    "__comment": "head",
    "from": [ 4, 6.95, 4 ],
    "to": [ 12, 8.7, 12 ],
    "faces": {
        "down":  { "uv": [ 1.5, 1.5, 6, 6 ], "texture": "#texture" },
        "up":    { "uv": [ 1.5, 1.5, 6, 6 ], "texture": "#texture" },
        "north": { "uv": [ 1.5, 1.5, 6, 6 ], "texture": "#texture" },
        "south": { "uv": [ 1.5, 1.5, 6, 6 ], "texture": "#texture" },
        "west":  { "uv": [ 1.5, 1.5, 6, 6 ], "texture": "#texture" },
        "east":  { "uv": [ 1.5, 1.5, 6, 6 ], "texture": "#texture" }
    }
},
{
    "__comment": "head",
    "from": [ 4.8, 6.95, 3.2 ],
    "to": [ 11.2, 8.7, 12.8 ],
    "faces": {
        "down":  { "uv": [ 1.5, 1.5, 6, 6 ], "texture": "#texture" },
        "up":    { "uv": [ 1.5, 1.5, 6, 6 ], "texture": "#texture" },
        "north": { "uv": [ 1.5, 1.5, 6, 6 ], "texture": "#texture" },
        "south": { "uv": [ 1.5, 1.5, 6, 6 ], "texture": "#texture" },
        "west":  { "uv": [ 1.5, 1.5, 6, 6 ], "texture": "#texture" },
        "east":  { "uv": [ 1.5, 1.5, 6, 6 ], "texture": "#texture" }
    }
},
{
    "__comment": "head",
    "from": [ 3.25, 6.9375, 4.8125 ],
    "to": [ 12.85, 8.6875, 11.2125 ],
    "faces": {
        "down":  { "uv": [ 1.5, 1.5, 6, 6 ], "texture": "#texture" },
        "up":    { "uv": [ 1.5, 1.5, 6, 6 ], "texture": "#texture" },
        "north": { "uv": [ 1.5, 1.5, 6, 6 ], "texture": "#texture" },
        "south": { "uv": [ 1.5, 1.5, 6, 6 ], "texture": "#texture" },
        "west":  { "uv": [ 1.5, 1.5, 6, 6 ], "texture": "#texture" },
        "east":  { "uv": [ 1.5, 1.5, 6, 6 ], "texture": "#texture" }
    }
},
{
    "__comment": "head",
    "from": [ 3.2, 6.95, 4.8 ],
    "to": [ 5.5, 8.7, 16.12 ],
    "rotation": { "origin": [ 3.2, 6.95, 4.8 ], "axis": "y", "angle": 45 },
    "faces": {
        "down":  { "uv": [ 1.5, 1.5, 6, 6 ], "texture": "#texture" },
        "up":    { "uv": [ 1.5, 1.5, 6, 6 ], "texture": "#texture" },
        "north": { "uv": [ 1.5, 1.5, 6, 6 ], "texture": "#texture" },
        "south": { "uv": [ 1.5, 1.5, 6, 6 ], "texture": "#texture" },
        "west":  { "uv": [ 1.5, 1.5, 6, 6 ], "texture": "#texture" },
        "east":  { "uv": [ 1.5, 1.5, 6, 6 ], "texture": "#texture" }
    }
},
{
    "__comment": "head",
    "from": [ 11.2, 6.95, 3.2 ],
    "to": [ 13.5, 8.7, 14.52 ],
    "rotation": { "origin": [ 11.2, 6.95, 3.2 ], "axis": "y", "angle": -45 },
    "faces": {
        "down":  { "uv": [ 1.5, 1.5, 6, 6 ], "texture": "#texture" },
        "up":    { "uv": [ 1.5, 1.5, 6, 6 ], "texture": "#texture" },
        "north": { "uv": [ 1.5, 1.5, 6, 6 ], "texture": "#texture" },
        "south": { "uv": [ 1.5, 1.5, 6, 6 ], "texture": "#texture" },
        "west":  { "uv": [ 1.5, 1.5, 6, 6 ], "texture": "#texture" },
        "east":  { "uv": [ 1.5, 1.5, 6, 6 ], "texture": "#texture" }
    }
},
{
    "__comment": "head",
    "from": [ 6.7, 6.95, 2.4 ],
    "to": [ 9.3, 8.7, 13.6 ],
    "faces": {
        "down":  { "uv": [ 1.5, 1.5, 6, 6 ], "texture": "#texture" },
        "up":    { "uv": [ 1.5, 1.5, 6, 6 ], "texture": "#texture" },
        "north": { "uv": [ 1.5, 1.5, 6, 6 ], "texture": "#texture" },
        "south": { "uv": [ 1.5, 1.5, 6, 6 ], "texture": "#texture" },
        "west":  { "uv": [ 1.5, 1.5, 6, 6 ], "texture": "#texture" },
        "east":  { "uv": [ 1.5, 1.5, 6, 6 ], "texture": "#texture" }
    }
},
{
    "__comment": "head",
    "from": [ 2.4, 6.95, 6.7 ],
    "to": [ 13.6, 8.7, 9.3 ],
    "faces": {
        "down":  { "uv": [ 1.5, 1.5, 6, 6 ], "texture": "#texture" },
        "up":    { "uv": [ 1.5, 1.5, 6, 6 ], "texture": "#texture" },
        "north": { "uv": [ 1.5, 1.5, 6, 6 ], "texture": "#texture" },
        "south": { "uv": [ 1.5, 1.5, 6, 6 ], "texture": "#texture" },
        "west":  { "uv": [ 1.5, 1.5, 6, 6 ], "texture": "#texture" },
        "east":  { "uv": [ 1.5, 1.5, 6, 6 ], "texture": "#texture" }
    }
},
{
    "__comment": "head",
    "from": [ 4.8, 6.95, 3.2 ],
    "to": [ 6.85, 8.7, 4.4 ],
    "rotation": { "origin": [ 4.8, 6.95, 3.2 ], "axis": "y", "angle": 22.5 },
    "faces": {
        "down":  { "uv": [ 1.5, 1.5, 6, 6 ], "texture": "#texture" },
        "up":    { "uv": [ 1.5, 1.5, 6, 6 ], "texture": "#texture" },
        "north": { "uv": [ 1.5, 1.5, 6, 6 ], "texture": "#texture" },
        "south": { "uv": [ 1.5, 1.5, 6, 6 ], "texture": "#texture" },
        "west":  { "uv": [ 1.5, 1.5, 6, 6 ], "texture": "#texture" },
        "east":  { "uv": [ 1.5, 1.5, 6, 6 ], "texture": "#texture" }
    }
},
{
    "__comment": "head",
    "from": [ 9.3, 6.95, 2.4 ],
    "to": [ 11.35, 8.7, 3.6 ],
    "rotation": { "origin": [ 9.3, 6.95, 2.4 ], "axis": "y", "angle": -22.5 },
    "faces": {
        "down":  { "uv": [ 1.5, 1.5, 6, 6 ], "texture": "#texture" },
        "up":    { "uv": [ 1.5, 1.5, 6, 6 ], "texture": "#texture" },
        "north": { "uv": [ 1.5, 1.5, 6, 6 ], "texture": "#texture" },
        "south": { "uv": [ 1.5, 1.5, 6, 6 ], "texture": "#texture" },
        "west":  { "uv": [ 1.5, 1.5, 6, 6 ], "texture": "#texture" },
        "east":  { "uv": [ 1.5, 1.5, 6, 6 ], "texture": "#texture" }
    }
},
{
    "__comment": "head",
    "from": [ 8.85, 6.95, 12.5 ],
    "to": [ 10.9, 8.7, 13.7 ],
    "rotation": { "origin": [ 8.85, 6.95, 12.5 ], "axis": "y", "angle": 22.5 },
    "faces": {
        "down":  { "uv": [ 1.5, 1.5, 6, 6 ], "texture": "#texture" },
        "up":    { "uv": [ 1.5, 1.5, 6, 6 ], "texture": "#texture" },
        "north": { "uv": [ 1.5, 1.5, 6, 6 ], "texture": "#texture" },
        "south": { "uv": [ 1.5, 1.5, 6, 6 ], "texture": "#texture" },
        "west":  { "uv": [ 1.5, 1.5, 6, 6 ], "texture": "#texture" },
        "east":  { "uv": [ 1.5, 1.5, 6, 6 ], "texture": "#texture" }
    }
},
{
    "__comment": "head",
    "from": [ 5.25, 6.95, 11.7 ],
    "to": [ 7.3, 8.7, 12.9 ],
    "rotation": { "origin": [ 5.25, 6.95, 11.7 ], "axis": "y", "angle": -22.5 },
    "faces": {
        "down":  { "uv": [ 1.5, 1.5, 6, 6 ], "texture": "#texture" },
        "up":    { "uv": [ 1.5, 1.5, 6, 6 ], "texture": "#texture" },
        "north": { "uv": [ 1.5, 1.5, 6, 6 ], "texture": "#texture" },
        "south": { "uv": [ 1.5, 1.5, 6, 6 ], "texture": "#texture" },
        "west":  { "uv": [ 1.5, 1.5, 6, 6 ], "texture": "#texture" },
        "east":  { "uv": [ 1.5, 1.5, 6, 6 ], "texture": "#texture" }
    }
},
{
    "__comment": "head",
    "from": [ 3.2, 6.95, 4.8 ],
    "to": [ 4.35, 8.7, 6.85 ],
    "rotation": { "origin": [ 3.2, 6.95, 4.8 ], "axis": "y", "angle": -22.5 },
    "faces": {
        "down":  { "uv": [ 1.5, 1.5, 6, 6 ], "texture": "#texture" },
        "up":    { "uv": [ 1.5, 1.5, 6, 6 ], "texture": "#texture" },
        "north": { "uv": [ 1.5, 1.5, 6, 6 ], "texture": "#texture" },
        "south": { "uv": [ 1.5, 1.5, 6, 6 ], "texture": "#texture" },
        "west":  { "uv": [ 1.5, 1.5, 6, 6 ], "texture": "#texture" },
        "east":  { "uv": [ 1.5, 1.5, 6, 6 ], "texture": "#texture" }
    }
},
{
    "__comment": "head",
    "from": [ 2.4, 6.95, 9.3 ],
    "to": [ 3.55, 8.7, 11.35 ],
    "rotation": { "origin": [ 2.4, 6.95, 9.3 ], "axis": "y", "angle": 22.5 },
    "faces": {
        "down":  { "uv": [ 1.5, 1.5, 6, 6 ], "texture": "#texture" },
        "up":    { "uv": [ 1.5, 1.5, 6, 6 ], "texture": "#texture" },
        "north": { "uv": [ 1.5, 1.5, 6, 6 ], "texture": "#texture" },
        "south": { "uv": [ 1.5, 1.5, 6, 6 ], "texture": "#texture" },
        "west":  { "uv": [ 1.5, 1.5, 6, 6 ], "texture": "#texture" },
        "east":  { "uv": [ 1.5, 1.5, 6, 6 ], "texture": "#texture" }
    }
},
{
    "__comment": "head",
    "from": [ 12.55, 6.95, 8.85 ],
    "to": [ 13.7, 8.7, 10.9 ],
    "rotation": { "origin": [ 12.55, 6.95, 8.85 ], "axis": "y", "angle": -22.5 },
    "faces": {
        "down":  { "uv": [ 1.5, 1.5, 6, 6 ], "texture": "#texture" },
        "up":    { "uv": [ 1.5, 1.5, 6, 6 ], "texture": "#texture" },
        "north": { "uv": [ 1.5, 1.5, 6, 6 ], "texture": "#texture" },
        "south": { "uv": [ 1.5, 1.5, 6, 6 ], "texture": "#texture" },
        "west":  { "uv": [ 1.5, 1.5, 6, 6 ], "texture": "#texture" },
        "east":  { "uv": [ 1.5, 1.5, 6, 6 ], "texture": "#texture" }
    }
},
{
    "__comment": "head",
    "from": [ 11.75, 6.95, 5.25 ],
    "to": [ 12.9, 8.7, 7.3 ],
    "rotation": { "origin": [ 11.75, 6.95, 5.25 ], "axis": "y", "angle": 22.5 },
    "faces": {
        "down":  { "uv": [ 1.5, 1.5, 6, 6 ], "texture": "#texture" },
        "up":    { "uv": [ 1.5, 1.5, 6, 6 ], "texture": "#texture" },
        "north": { "uv": [ 1.5, 1.5, 6, 6 ], "texture": "#texture" },
        "south": { "uv": [ 1.5, 1.5, 6, 6 ], "texture": "#texture" },
        "west":  { "uv": [ 1.5, 1.5, 6, 6 ], "texture": "#texture" },
        "east":  { "uv": [ 1.5, 1.5, 6, 6 ], "texture": "#texture" }
    }
},
{
    "__comment": "head_top",
    "from": [ 4.8, 8.06, 4.8 ],
    "to": [ 11.2, 9.46, 11.2 ],
    "faces": {
        "down":  { "uv": [ 1.5, 1.5, 6, 6 ], "texture": "#texture" },
        "up":    { "uv": [ 1.5, 1.5, 6, 6 ], "texture": "#texture" },
        "north": { "uv": [ 1.5, 1.5, 6, 6 ], "texture": "#texture" },
        "south": { "uv": [ 1.5, 1.5, 6, 6 ], "texture": "#texture" },
        "west":  { "uv": [ 1.5, 1.5, 6, 6 ], "texture": "#texture" },
        "east":  { "uv": [ 1.5, 1.5, 6, 6 ], "texture": "#texture" }
    }
},
{
    "__comment": "head_top",
    "from": [ 5.44, 8.06, 4.16 ],
    "to": [ 10.56, 9.46, 11.84 ],
    "faces": {
        "down":  { "uv": [ 1.5, 1.5, 6, 6 ], "texture": "#texture" },
        "up":    { "uv": [ 1.5, 1.5, 6, 6 ], "texture": "#texture" },
        "north": { "uv": [ 1.5, 1.5, 6, 6 ], "texture": "#texture" },
        "south": { "uv": [ 1.5, 1.5, 6, 6 ], "texture": "#texture" },
        "west":  { "uv": [ 1.5, 1.5, 6, 6 ], "texture": "#texture" },
        "east":  { "uv": [ 1.5, 1.5, 6, 6 ], "texture": "#texture" }
    }
},
{
    "__comment": "head_top",
    "from": [ 4.16, 8.06, 5.44 ],
    "to": [ 11.84, 9.46, 10.56 ],
    "faces": {
        "down":  { "uv": [ 1.5, 1.5, 6, 6 ], "texture": "#texture" },
        "up":    { "uv": [ 1.5, 1.5, 6, 6 ], "texture": "#texture" },
        "north": { "uv": [ 1.5, 1.5, 6, 6 ], "texture": "#texture" },
        "south": { "uv": [ 1.5, 1.5, 6, 6 ], "texture": "#texture" },
        "west":  { "uv": [ 1.5, 1.5, 6, 6 ], "texture": "#texture" },
        "east":  { "uv": [ 1.5, 1.5, 6, 6 ], "texture": "#texture" }
    }
},
{
    "__comment": "head_top",
    "from": [ 4.16, 8.06, 5.44 ],
    "to": [ 6, 9.46, 14.496 ],
    "rotation": { "origin": [ 4.16, 8.06, 5.44 ], "axis": "y", "angle": 45 },
    "faces": {
        "down":  { "uv": [ 1.5, 1.5, 6, 6 ], "texture": "#texture" },
        "up":    { "uv": [ 1.5, 1.5, 6, 6 ], "texture": "#texture" },
        "north": { "uv": [ 1.5, 1.5, 6, 6 ], "texture": "#texture" },
        "south": { "uv": [ 1.5, 1.5, 6, 6 ], "texture": "#texture" },
        "west":  { "uv": [ 1.5, 1.5, 6, 6 ], "texture": "#texture" },
        "east":  { "uv": [ 1.5, 1.5, 6, 6 ], "texture": "#texture" }
    }
},
{
    "__comment": "head_top",
    "from": [ 10.56, 8.06, 4.16 ],
    "to": [ 12.4, 9.46, 13.216 ],
    "rotation": { "origin": [ 10.56, 8.06, 4.16 ], "axis": "y", "angle": -45 },
    "faces": {
        "down":  { "uv": [ 1.5, 1.5, 6, 6 ], "texture": "#texture" },
        "up":    { "uv": [ 1.5, 1.5, 6, 6 ], "texture": "#texture" },
        "north": { "uv": [ 1.5, 1.5, 6, 6 ], "texture": "#texture" },
        "south": { "uv": [ 1.5, 1.5, 6, 6 ], "texture": "#texture" },
        "west":  { "uv": [ 1.5, 1.5, 6, 6 ], "texture": "#texture" },
        "east":  { "uv": [ 1.5, 1.5, 6, 6 ], "texture": "#texture" }
    }
},
{
    "__comment": "head_top",
    "from": [ 6.96, 8.06, 3.52 ],
    "to": [ 9.04, 9.46, 12.48 ],
    "faces": {
        "down":  { "uv": [ 1.5, 1.5, 6, 6 ], "texture": "#texture" },
        "up":    { "uv": [ 1.5, 1.5, 6, 6 ], "texture": "#texture" },
        "north": { "uv": [ 1.5, 1.5, 6, 6 ], "texture": "#texture" },
        "south": { "uv": [ 1.5, 1.5, 6, 6 ], "texture": "#texture" },
        "west":  { "uv": [ 1.5, 1.5, 6, 6 ], "texture": "#texture" },
        "east":  { "uv": [ 1.5, 1.5, 6, 6 ], "texture": "#texture" }
    }
},
{
    "__comment": "head_top",
    "from": [ 3.52, 8.06, 6.96 ],
    "to": [ 12.48, 9.46, 9.04 ],
    "faces": {
        "down":  { "uv": [ 1.5, 1.5, 6, 6 ], "texture": "#texture" },
        "up":    { "uv": [ 1.5, 1.5, 6, 6 ], "texture": "#texture" },
        "north": { "uv": [ 1.5, 1.5, 6, 6 ], "texture": "#texture" },
        "south": { "uv": [ 1.5, 1.5, 6, 6 ], "texture": "#texture" },
        "west":  { "uv": [ 1.5, 1.5, 6, 6 ], "texture": "#texture" },
        "east":  { "uv": [ 1.5, 1.5, 6, 6 ], "texture": "#texture" }
    }
},
{
    "__comment": "head_top",
    "from": [ 5.44, 8.06, 4.16 ],
    "to": [ 7.08, 9.46, 5.12 ],
    "rotation": { "origin": [ 5.44, 8.06, 4.16 ], "axis": "y", "angle": 22.5 },
    "faces": {
        "down":  { "uv": [ 1.5, 1.5, 6, 6 ], "texture": "#texture" },
        "up":    { "uv": [ 1.5, 1.5, 6, 6 ], "texture": "#texture" },
        "north": { "uv": [ 1.5, 1.5, 6, 6 ], "texture": "#texture" },
        "south": { "uv": [ 1.5, 1.5, 6, 6 ], "texture": "#texture" },
        "west":  { "uv": [ 1.5, 1.5, 6, 6 ], "texture": "#texture" },
        "east":  { "uv": [ 1.5, 1.5, 6, 6 ], "texture": "#texture" }
    }
},
{
    "__comment": "head_top",
    "from": [ 9.04, 8.06, 3.52 ],
    "to": [ 10.68, 9.46, 4.48 ],
    "rotation": { "origin": [ 9.04, 8.06, 3.52 ], "axis": "y", "angle": -22.5 },
    "faces": {
        "down":  { "uv": [ 1.5, 1.5, 6, 6 ], "texture": "#texture" },
        "up":    { "uv": [ 1.5, 1.5, 6, 6 ], "texture": "#texture" },
        "north": { "uv": [ 1.5, 1.5, 6, 6 ], "texture": "#texture" },
        "south": { "uv": [ 1.5, 1.5, 6, 6 ], "texture": "#texture" },
        "west":  { "uv": [ 1.5, 1.5, 6, 6 ], "texture": "#texture" },
        "east":  { "uv": [ 1.5, 1.5, 6, 6 ], "texture": "#texture" }
    }
},
{
    "__comment": "head_top",
    "from": [ 8.68, 8.06, 11.6 ],
    "to": [ 10.32, 9.46, 12.56 ],
    "rotation": { "origin": [ 8.68, 8.06, 11.6 ], "axis": "y", "angle": 22.5 },
    "faces": {
        "down":  { "uv": [ 1.5, 1.5, 6, 6 ], "texture": "#texture" },
        "up":    { "uv": [ 1.5, 1.5, 6, 6 ], "texture": "#texture" },
        "north": { "uv": [ 1.5, 1.5, 6, 6 ], "texture": "#texture" },
        "south": { "uv": [ 1.5, 1.5, 6, 6 ], "texture": "#texture" },
        "west":  { "uv": [ 1.5, 1.5, 6, 6 ], "texture": "#texture" },
        "east":  { "uv": [ 1.5, 1.5, 6, 6 ], "texture": "#texture" }
    }
},
{
    "__comment": "head_top",
    "from": [ 5.8, 8.06, 10.96 ],
    "to": [ 7.44, 9.46, 11.92 ],
    "rotation": { "origin": [ 5.8, 8.06, 10.96 ], "axis": "y", "angle": -22.5 },
    "faces": {
        "down":  { "uv": [ 1.5, 1.5, 6, 6 ], "texture": "#texture" },
        "up":    { "uv": [ 1.5, 1.5, 6, 6 ], "texture": "#texture" },
        "north": { "uv": [ 1.5, 1.5, 6, 6 ], "texture": "#texture" },
        "south": { "uv": [ 1.5, 1.5, 6, 6 ], "texture": "#texture" },
        "west":  { "uv": [ 1.5, 1.5, 6, 6 ], "texture": "#texture" },
        "east":  { "uv": [ 1.5, 1.5, 6, 6 ], "texture": "#texture" }
    }
},
{
    "__comment": "head_top",
    "from": [ 4.16, 8.06, 5.44 ],
    "to": [ 5.08, 9.46, 7.08 ],
    "rotation": { "origin": [ 4.16, 8.06, 5.44 ], "axis": "y", "angle": -22.5 },
    "faces": {
        "down":  { "uv": [ 1.5, 1.5, 6, 6 ], "texture": "#texture" },
        "up":    { "uv": [ 1.5, 1.5, 6, 6 ], "texture": "#texture" },
        "north": { "uv": [ 1.5, 1.5, 6, 6 ], "texture": "#texture" },
        "south": { "uv": [ 1.5, 1.5, 6, 6 ], "texture": "#texture" },
        "west":  { "uv": [ 1.5, 1.5, 6, 6 ], "texture": "#texture" },
        "east":  { "uv": [ 1.5, 1.5, 6, 6 ], "texture": "#texture" }
    }
},
{
    "__comment": "head_top",
    "from": [ 3.52, 8.06, 9.04 ],
    "to": [ 4.44, 9.46, 10.68 ],
    "rotation": { "origin": [ 3.52, 8.06, 9.04 ], "axis": "y", "angle": 22.5 },
    "faces": {
        "down":  { "uv": [ 1.5, 1.5, 6, 6 ], "texture": "#texture" },
        "up":    { "uv": [ 1.5, 1.5, 6, 6 ], "texture": "#texture" },
        "north": { "uv": [ 1.5, 1.5, 6, 6 ], "texture": "#texture" },
        "south": { "uv": [ 1.5, 1.5, 6, 6 ], "texture": "#texture" },
        "west":  { "uv": [ 1.5, 1.5, 6, 6 ], "texture": "#texture" },
        "east":  { "uv": [ 1.5, 1.5, 6, 6 ], "texture": "#texture" }
    }
},
{
    "__comment": "head_top",
    "from": [ 11.64, 8.06, 8.68 ],
    "to": [ 12.56, 9.46, 10.32 ],
    "rotation": { "origin": [ 11.64, 8.06, 8.68 ], "axis": "y", "angle": -22.5 },
    "faces": {
        "down":  { "uv": [ 1.5, 1.5, 6, 6 ], "texture": "#texture" },
        "up":    { "uv": [ 1.5, 1.5, 6, 6 ], "texture": "#texture" },
        "north": { "uv": [ 1.5, 1.5, 6, 6 ], "texture": "#texture" },
        "south": { "uv": [ 1.5, 1.5, 6, 6 ], "texture": "#texture" },
        "west":  { "uv": [ 1.5, 1.5, 6, 6 ], "texture": "#texture" },
        "east":  { "uv": [ 1.5, 1.5, 6, 6 ], "texture": "#texture" }
    }
},
{
    "__comment": "head_top",
    "from": [ 11, 8.06, 5.8 ],
    "to": [ 11.92, 9.46, 7.44 ],
    "rotation": { "origin": [ 11, 8.06, 5.8 ], "axis": "y", "angle": 22.5 },
    "faces": {
        "down":  { "uv": [ 1.5, 1.5, 6, 6 ], "texture": "#texture" },
        "up":    { "uv": [ 1.5, 1.5, 6, 6 ], "texture": "#texture" },
        "north": { "uv": [ 1.5, 1.5, 6, 6 ], "texture": "#texture" },
        "south": { "uv": [ 1.5, 1.5, 6, 6 ], "texture": "#texture" },
        "west":  { "uv": [ 1.5, 1.5, 6, 6 ], "texture": "#texture" },
        "east":  { "uv": [ 1.5, 1.5, 6, 6 ], "texture": "#texture" }
    }
},
{
    "from": [ 1.5, 7, 7.25 ],
    "to": [ 2.5, 8.5, 8.75 ],
    "faces": {
        "down":  { "uv": [ 0.5, 8.5, 1.5, 10.5 ], "rotation": 90, "texture": "#texture" },
        "up":    { "uv": [ 0.5, 8.5, 1.25, 10.5 ], "rotation": 90, "texture": "#texture" },
        "north": { "uv": [ 0.5, 8.5, 1.5, 10.5 ], "rotation": 270, "texture": "#texture" },
        "south": { "uv": [ 0.5, 8.5, 1.5, 10.5 ], "rotation": 90, "texture": "#texture" },
        "west":  { "uv": [ 0.75, 10.25, 1.75, 10.25 ], "texture": "#texture" },
        "east":  { "uv": [ 1.25, 8.25, 2, 9 ], "texture": "#texture" }
    }
},
{
    "from": [ 0.5, 7.25, 7.5 ],
    "to": [ 1.5, 8.25, 8.5 ],
    "faces": {
        "down":  { "uv": [ 0.5, 10.5, 1.5, 12.5 ], "rotation": 90, "texture": "#texture" },
        "up":    { "uv": [ 0.5, 10.5, 1.25, 12.5 ], "rotation": 90, "texture": "#texture" },
        "north": { "uv": [ 0.5, 10.5, 1.5, 12.5 ], "rotation": 270, "texture": "#texture" },
        "south": { "uv": [ 0.5, 10.5, 1.5, 12.5 ], "rotation": 90, "texture": "#texture" },
        "west":  { "uv": [ 1, 12.75, 2, 13.25 ], "texture": "#texture" },
        "east":  { "uv": [ 1.25, 10.75, 2, 10.75 ], "texture": "#texture" }
    }
},
{
    "from": [ -0.5, 7.5, 7.75 ],
    "to": [ 0.5, 8, 8.25 ],
    "faces": {
        "down":  { "uv": [ 2.25, 13, 3.75, 14.25 ], "rotation": 90, "texture": "#texture" },
        "up":    { "uv": [ 2.5, 13, 3.75, 14 ], "rotation": 90, "texture": "#texture" },
        "north": { "uv": [ 2.25, 13, 3.5, 14 ], "rotation": 270, "texture": "#texture" },
        "south": { "uv": [ 3, 12.75, 4.25, 14 ], "rotation": 90, "texture": "#texture" },
        "west":  { "uv": [ 1, 12.75, 2.25, 14 ], "texture": "#texture" },
        "east":  { "uv": [ 2.25, 13.25, 3.25, 14.25 ], "texture": "#texture" }
    }
},
{
    "from": [ 3.4375, 7, 4 ],
    "to": [ 4.75, 8.5625, 6.8125 ],
    "rotation": { "origin": [ 3.4375, 7, 4 ], "axis": "y", "angle": -22.5 },
    "faces": {
        "down":  { "uv": [ 10.75, 3, 12.75, 5.25 ], "texture": "#texture" },
        "up":    { "uv": [ 12, 2.25, 13.75, 4 ], "texture": "#texture" },
        "north": { "uv": [ 11.75, 2, 13.5, 3.5 ], "texture": "#texture" },
        "south": { "uv": [ 11.75, 2.75, 13.5, 5 ], "texture": "#texture" },
        "west":  { "uv": [ 11, 2, 13.75, 4.75 ], "texture": "#texture" },
        "east":  { "uv": [ 10.25, 1, 13.75, 4.25 ], "texture": "#texture" }
    }
},
{
    "__comment": "eye",
    "from": [ 2.35, 7.25, 9.25 ],
    "to": [ 4.85, 8.75, 10 ],
    "rotation": { "origin": [ 2.35, 8.75, 9.25 ], "axis": "x", "angle": 22.5 },
    "faces": {
        "down":  { "uv": [ 1.5, 1.5, 6, 6 ], "texture": "#texture" },
        "up":    { "uv": [ 1.5, 1.5, 6, 6 ], "texture": "#texture" },
        "north": { "uv": [ 1.5, 1.5, 6, 6 ], "texture": "#texture" },
        "south": { "uv": [ 1.5, 1.5, 6, 6 ], "texture": "#texture" },
        "west":  { "uv": [ 1.5, 1.5, 6, 6 ], "texture": "#texture" },
        "east":  { "uv": [ 1.5, 1.5, 6, 6 ], "texture": "#texture" }
    }
},
{
    "__comment": "eye",
    "from": [ 2.35, 7, 6 ],
    "to": [ 4.85, 8.5, 6.75 ],
    "rotation": { "origin": [ 2.35, 8.5, 6 ], "axis": "x", "angle": -22.5 },
    "faces": {
        "down":  { "uv": [ 1.5, 1.5, 6, 6 ], "texture": "#texture" },
        "up":    { "uv": [ 1.5, 1.5, 6, 6 ], "texture": "#texture" },
        "north": { "uv": [ 1.5, 1.5, 6, 6 ], "texture": "#texture" },
        "south": { "uv": [ 1.5, 1.5, 6, 6 ], "texture": "#texture" },
        "west":  { "uv": [ 1.5, 1.5, 6, 6 ], "texture": "#texture" },
        "east":  { "uv": [ 1.5, 1.5, 6, 6 ], "texture": "#texture" }
    }
},
{
    "__comment": "eye",
    "from": [ 2.5, 8.5625, 5.3125 ],
    "to": [ 6, 9.3125, 6.8125 ],
    "rotation": { "origin": [ 2.5, 9.3125, 5.3125 ], "axis": "x", "angle": 22.5 },
    "faces": {
        "down":  { "uv": [ 1.5, 1.5, 6, 6 ], "texture": "#texture" },
        "up":    { "uv": [ 1.5, 1.5, 6, 6 ], "texture": "#texture" },
        "north": { "uv": [ 1.5, 1.5, 6, 6 ], "texture": "#texture" },
        "south": { "uv": [ 1.5, 1.5, 6, 6 ], "texture": "#texture" },
        "west":  { "uv": [ 1.5, 1.5, 6, 6 ], "texture": "#texture" },
        "east":  { "uv": [ 1.5, 1.5, 6, 6 ], "texture": "#texture" }
    }
},
{
    "__comment": "eye",
    "from": [ 2.5, 8, 9.1875 ],
    "to": [ 6, 8.75, 10.6875 ],
    "rotation": { "origin": [ 2.5, 8.75, 9.1875 ], "axis": "x", "angle": -22.5 },
    "faces": {
        "down":  { "uv": [ 1.5, 1.5, 6, 6 ], "texture": "#texture" },
        "up":    { "uv": [ 1.5, 1.5, 6, 6 ], "texture": "#texture" },
        "north": { "uv": [ 1.5, 1.5, 6, 6 ], "texture": "#texture" },
        "south": { "uv": [ 1.5, 1.5, 6, 6 ], "texture": "#texture" },
        "west":  { "uv": [ 1.5, 1.5, 6, 6 ], "texture": "#texture" },
        "east":  { "uv": [ 1.5, 1.5, 6, 6 ], "texture": "#texture" }
    }
},
{
    "__comment": "eye",
    "from": [ 2.35, 6.6875, 8.6875 ],
    "to": [ 4.85, 7.4375, 9.4375 ],
    "faces": {
        "down":  { "uv": [ 1.5, 1.5, 6, 6 ], "texture": "#texture" },
        "up":    { "uv": [ 1.5, 1.5, 6, 6 ], "texture": "#texture" },
        "north": { "uv": [ 1.5, 1.5, 6, 6 ], "texture": "#texture" },
        "south": { "uv": [ 1.5, 1.5, 6, 6 ], "texture": "#texture" },
        "west":  { "uv": [ 1.5, 1.5, 6, 6 ], "texture": "#texture" },
        "east":  { "uv": [ 1.5, 1.5, 6, 6 ], "texture": "#texture" }
    }
},
{
    "__comment": "eye",
    "from": [ 2.35, 6.6875, 6.5 ],
    "to": [ 4.85, 7.4375, 7.25 ],
    "faces": {
        "down":  { "uv": [ 1.5, 1.5, 6, 6 ], "texture": "#texture" },
        "up":    { "uv": [ 1.5, 1.5, 6, 6 ], "texture": "#texture" },
        "north": { "uv": [ 1.5, 1.5, 6, 6 ], "texture": "#texture" },
        "south": { "uv": [ 1.5, 1.5, 6, 6 ], "texture": "#texture" },
        "west":  { "uv": [ 1.5, 1.5, 6, 6 ], "texture": "#texture" },
        "east":  { "uv": [ 1.5, 1.5, 6, 6 ], "texture": "#texture" }
    }
},
{
    "__comment": "eye",
    "from": [ 2.65, 8.5625, 10.5 ],
    "to": [ 6.15, 9.3125, 11.25 ],
    "faces": {
        "down":  { "uv": [ 1.5, 1.5, 6, 6 ], "texture": "#texture" },
        "up":    { "uv": [ 1.5, 1.5, 6, 6 ], "texture": "#texture" },
        "north": { "uv": [ 1.5, 1.5, 6, 6 ], "texture": "#texture" },
        "south": { "uv": [ 1.5, 1.5, 6, 6 ], "texture": "#texture" },
        "west":  { "uv": [ 1.5, 1.5, 6, 6 ], "texture": "#texture" },
        "east":  { "uv": [ 1.5, 1.5, 6, 6 ], "texture": "#texture" }
    }
},
{
    "__comment": "eye",
    "from": [ 2.8, 8.5625, 11.25 ],
    "to": [ 6.3, 9.3125, 12.25 ],
    "rotation": { "origin": [ 2.8, 9.3125, 11.25 ], "axis": "x", "angle": 45 },
    "faces": {
        "down":  { "uv": [ 1.5, 1.5, 6, 6 ], "texture": "#texture" },
        "up":    { "uv": [ 1.5, 1.5, 6, 6 ], "texture": "#texture" },
        "north": { "uv": [ 1.5, 1.5, 6, 6 ], "texture": "#texture" },
        "south": { "uv": [ 1.5, 1.5, 6, 6 ], "texture": "#texture" },
        "west":  { "uv": [ 1.5, 1.5, 6, 6 ], "texture": "#texture" },
        "east":  { "uv": [ 1.5, 1.5, 6, 6 ], "texture": "#texture" }
    }
},
{
    "__comment": "eye",
    "from": [ 2.8, 7.875, 3.875 ],
    "to": [ 6.3, 8.625, 4.875 ],
    "rotation": { "origin": [ 2.8, 8.625, 3.875 ], "axis": "x", "angle": -45 },
    "faces": {
        "down":  { "uv": [ 1.5, 1.5, 6, 6 ], "texture": "#texture" },
        "up":    { "uv": [ 1.5, 1.5, 6, 6 ], "texture": "#texture" },
        "north": { "uv": [ 1.5, 1.5, 6, 6 ], "texture": "#texture" },
        "south": { "uv": [ 1.5, 1.5, 6, 6 ], "texture": "#texture" },
        "west":  { "uv": [ 1.5, 1.5, 6, 6 ], "texture": "#texture" },
        "east":  { "uv": [ 1.5, 1.5, 6, 6 ], "texture": "#texture" }
    }
},
{
    "__comment": "eye",
    "from": [ 2.65, 8.5625, 4.5625 ],
    "to": [ 6.15, 9.3125, 5.3125 ],
    "faces": {
        "down":  { "uv": [ 1.5, 1.5, 6, 6 ], "texture": "#texture" },
        "up":    { "uv": [ 1.5, 1.5, 6, 6 ], "texture": "#texture" },
        "north": { "uv": [ 1.5, 1.5, 6, 6 ], "texture": "#texture" },
        "south": { "uv": [ 1.5, 1.5, 6, 6 ], "texture": "#texture" },
        "west":  { "uv": [ 1.5, 1.5, 6, 6 ], "texture": "#texture" },
        "east":  { "uv": [ 1.5, 1.5, 6, 6 ], "texture": "#texture" }
    }
},
{
    "__comment": "eye",
    "from": [ 2.95, 6.3125, 11.25 ],
    "to": [ 6.45, 8.3125, 12 ],
    "rotation": { "origin": [ 2.95, 8.3125, 11.25 ], "axis": "x", "angle": -22.5 },
    "faces": {
        "down":  { "uv": [ 1.5, 1.5, 6, 6 ], "texture": "#texture" },
        "up":    { "uv": [ 1.5, 1.5, 6, 6 ], "texture": "#texture" },
        "north": { "uv": [ 1.5, 1.5, 6, 6 ], "texture": "#texture" },
        "south": { "uv": [ 1.5, 1.5, 6, 6 ], "texture": "#texture" },
        "west":  { "uv": [ 1.5, 1.5, 6, 6 ], "texture": "#texture" },
        "east":  { "uv": [ 1.5, 1.5, 6, 6 ], "texture": "#texture" }
    }
},
{
    "__comment": "eye",
    "from": [ 2.95, 6.625, 3.875 ],
    "to": [ 6.45, 8.625, 4.625 ],
    "rotation": { "origin": [ 2.95, 8.625, 3.875 ], "axis": "x", "angle": 22.5 },
    "faces": {
        "down":  { "uv": [ 1.5, 1.5, 6, 6 ], "texture": "#texture" },
        "up":    { "uv": [ 1.5, 1.5, 6, 6 ], "texture": "#texture" },
        "north": { "uv": [ 1.5, 1.5, 6, 6 ], "texture": "#texture" },
        "south": { "uv": [ 1.5, 1.5, 6, 6 ], "texture": "#texture" },
        "west":  { "uv": [ 1.5, 1.5, 6, 6 ], "texture": "#texture" },
        "east":  { "uv": [ 1.5, 1.5, 6, 6 ], "texture": "#texture" }
    }
},
{
    "from": [ 2.375, 7, 9.3125 ],
    "to": [ 3.6875, 8.5625, 12.125 ],
    "rotation": { "origin": [ 2.375, 7, 9.3125 ], "axis": "y", "angle": 22.5 },
    "faces": {
        "down":  { "uv": [ 10.75, 3, 12.75, 5.25 ], "texture": "#texture" },
        "up":    { "uv": [ 12, 2.25, 13.75, 4 ], "texture": "#texture" },
        "north": { "uv": [ 11.75, 2, 13.5, 3.5 ], "texture": "#texture" },
        "south": { "uv": [ 11.75, 2.75, 13.5, 5 ], "texture": "#texture" },
        "west":  { "uv": [ 11, 2, 13.75, 4.75 ], "texture": "#texture" },
        "east":  { "uv": [ 10.25, 1, 13.75, 4.25 ], "texture": "#texture" }
    }
},
{
    "from": [ 13.5, 7, 7.25 ],
    "to": [ 14.5, 8.5, 8.75 ],
    "faces": {
        "down":  { "uv": [ 0.5, 8.5, 1.5, 10.5 ], "rotation": 270, "texture": "#texture" },
        "up":    { "uv": [ 0.5, 8.5, 1.25, 10.5 ], "rotation": 270, "texture": "#texture" },
        "north": { "uv": [ 0.5, 8.5, 1.5, 10.5 ], "rotation": 90, "texture": "#texture" },
        "south": { "uv": [ 0.5, 8.5, 1.5, 10.5 ], "rotation": 270, "texture": "#texture" },
        "west":  { "uv": [ 1.5, 8.5, 2.5, 9 ], "texture": "#texture" },
        "east":  { "uv": [ 1.25, 10.25, 2, 10.25 ], "texture": "#texture" }
    }
},
{
    "from": [ 14.5, 7.25, 7.5 ],
    "to": [ 15.5, 8.25, 8.5 ],
    "faces": {
        "down":  { "uv": [ 0.5, 10.5, 1.5, 12.5 ], "rotation": 270, "texture": "#texture" },
        "up":    { "uv": [ 0.5, 10.5, 1.25, 12.5 ], "rotation": 270, "texture": "#texture" },
        "north": { "uv": [ 0.5, 10.5, 1.5, 12.5 ], "rotation": 90, "texture": "#texture" },
        "south": { "uv": [ 0.5, 10.5, 1.5, 12.5 ], "rotation": 270, "texture": "#texture" },
        "west":  { "uv": [ 1.25, 10.75, 2.25, 10.75 ], "texture": "#texture" },
        "east":  { "uv": [ 1.25, 13.5, 2, 14 ], "texture": "#texture" }
    }
},
{
    "from": [ 15.5, 7.5, 7.75 ],
    "to": [ 16.5, 8, 8.25 ],
    "faces": {
        "down":  { "uv": [ 2.25, 13, 3.75, 14.25 ], "rotation": 90, "texture": "#texture" },
        "up":    { "uv": [ 2.5, 13, 3.75, 14 ], "rotation": 90, "texture": "#texture" },
        "north": { "uv": [ 2.25, 13, 3.5, 14 ], "rotation": 270, "texture": "#texture" },
        "south": { "uv": [ 3, 12.75, 4.25, 14 ], "rotation": 90, "texture": "#texture" },
        "west":  { "uv": [ 1, 12.75, 2.25, 14 ], "texture": "#texture" },
        "east":  { "uv": [ 2.25, 13.25, 3.25, 14.25 ], "texture": "#texture" }
    }
},
{
    "__comment": "eye",
    "from": [ 2.5625, 7.25, 9.77392 ],
    "to": [ 2.625, 8.5, 11.0239 ],
    "rotation": { "origin": [ 2.5625, 7.25, 9.77392 ], "axis": "y", "angle": 22.5 },
    "faces": {
        "down":  { "uv": [ 2.75, 1.75, 3.25, 3 ], "texture": "#particle" },
        "up":    { "uv": [ 0, 2.25, 0.5, 3.5 ], "texture": "#particle" },
        "north": { "uv": [ 1.75, 5, 2.25, 6.25 ], "texture": "#particle" },
        "south": { "uv": [ 1, 1.75, 1.5, 3 ], "texture": "#particle" },
        "west":  { "uv": [ 6, 0.5, 15.5, 10 ], "texture": "#particle" },
        "east":  { "uv": [ 15.5, 0.5, 6, 10 ], "texture": "#particle" }
    }
},
{
    "__comment": "eye*",
    "from": [ 3, 7.25, 5 ],
    "to": [ 3.0625, 8.5, 6.25 ],
    "rotation": { "origin": [ 3, 7.25, 5 ], "axis": "y", "angle": -22.5 },
    "faces": {
        "down":  { "uv": [ 2.75, 1.75, 3.25, 3 ], "texture": "#particle" },
        "up":    { "uv": [ 0, 2.25, 0.5, 3.5 ], "texture": "#particle" },
        "north": { "uv": [ 1.75, 5, 2.25, 6.25 ], "texture": "#particle" },
        "south": { "uv": [ 1, 1.75, 1.5, 3 ], "texture": "#particle" },
        "west":  { "uv": [ 15.5, 0.5, 6, 10 ], "texture": "#particle" },
        "east":  { "uv": [ 6, 0.5, 15.5, 10 ], "texture": "#particle" }
    }
},
{
    "__comment": "spike",
    "from": [ 7, 4, 13.5 ],
    "to": [ 7.0625, 7.75, 17.5 ],
    "rotation": { "origin": [ 7, 4, 13.5 ], "axis": "y", "angle": -22.5 },
    "faces": {
        "down":  { "uv": [ 12.5, 10.5, 13.5, 11.25 ], "texture": "#spike" },
        "up":    { "uv": [ 13.25, 11, 14, 11.5 ], "texture": "#spike" },
        "north": { "uv": [ 14, 11, 14.75, 12.25 ], "texture": "#spike" },
        "south": { "uv": [ 13.75, 11.75, 15, 12.5 ], "texture": "#spike" },
        "west":  { "uv": [ 0.5, 0.5, 15.5, 13 ], "texture": "#spike" },
        "east":  { "uv": [ 15.5, 0.5, 0.5, 13 ], "texture": "#spike" }
    }
},
{
    "__comment": "spike*",
    "from": [ 9, 4, 13.5 ],
    "to": [ 9.0625, 7.75, 17.5 ],
    "rotation": { "origin": [ 9, 4, 13.5 ], "axis": "y", "angle": 22.5 },
    "faces": {
        "down":  { "uv": [ 12.5, 10.5, 13.5, 11.25 ], "texture": "#spike" },
        "up":    { "uv": [ 13.25, 11, 14, 11.5 ], "texture": "#spike" },
        "north": { "uv": [ 14, 11, 14.75, 12.25 ], "texture": "#spike" },
        "south": { "uv": [ 13.75, 11.75, 15, 12.5 ], "texture": "#spike" },
        "west":  { "uv": [ 0.5, 0.5, 15.5, 13 ], "texture": "#spike" },
        "east":  { "uv": [ 15.5, 0.5, 0.5, 13 ], "texture": "#spike" }
    }
},
{
    "__comment": "spike*",
    "from": [ 5.5, 4, -1.25 ],
    "to": [ 5.5625, 7.75, 2.75 ],
    "rotation": { "origin": [ 5.5, 4, -1.25 ], "axis": "y", "angle": 22.5 },
    "faces": {
        "down":  { "uv": [ 12.5, 10.5, 13.5, 11.25 ], "texture": "#spike" },
        "up":    { "uv": [ 13.25, 11, 14, 11.5 ], "texture": "#spike" },
        "north": { "uv": [ 14, 11, 14.75, 12.25 ], "texture": "#spike" },
        "south": { "uv": [ 13.75, 11.75, 15, 12.5 ], "texture": "#spike" },
        "west":  { "uv": [ 15.5, 0.5, 0.5, 13 ], "texture": "#spike" },
        "east":  { "uv": [ 0.5, 0.5, 15.5, 13 ], "texture": "#spike" }
    }
},
{
    "__comment": "spike*",
    "from": [ 10.5, 4, -1.25 ],
    "to": [ 10.5625, 7.75, 2.75 ],
    "rotation": { "origin": [ 10.5, 4, -1.25 ], "axis": "y", "angle": -22.5 },
    "faces": {
        "down":  { "uv": [ 12.5, 10.5, 13.5, 11.25 ], "texture": "#spike" },
        "up":    { "uv": [ 13.25, 11, 14, 11.5 ], "texture": "#spike" },
        "north": { "uv": [ 14, 11, 14.75, 12.25 ], "texture": "#spike" },
        "south": { "uv": [ 13.75, 11.75, 15, 12.5 ], "texture": "#spike" },
        "west":  { "uv": [ 15.5, 0.5, 0.5, 13 ], "texture": "#spike" },
        "east":  { "uv": [ 0.5, 0.5, 15.5, 13 ], "texture": "#spike" }
    }
},
{
    "__comment": "body*",
    "from": [ 7, 3.25, 12.75 ],
    "to": [ 8.75, 5.25, 14.75 ],
    "faces": {
        "down":  { "uv": [ 1.5, 1.5, 6, 6 ], "texture": "#texture" },
        "up":    { "uv": [ 1.5, 1.5, 6, 6 ], "texture": "#texture" },
        "north": { "uv": [ 1.5, 1.5, 6, 6 ], "texture": "#texture" },
        "south": { "uv": [ 1.5, 1.5, 6, 6 ], "texture": "#texture" },
        "west":  { "uv": [ 1.5, 1.5, 6, 6 ], "texture": "#texture" },
        "east":  { "uv": [ 1.5, 1.5, 6, 6 ], "texture": "#texture" }
    }
},
{
    "__comment": "body*",
    "from": [ 7, 3.25, 1.5 ],
    "to": [ 8.75, 5.25, 3.5 ],
    "faces": {
        "down":  { "uv": [ 1.5, 1.5, 6, 6 ], "texture": "#texture" },
        "up":    { "uv": [ 1.5, 1.5, 6, 6 ], "texture": "#texture" },
        "north": { "uv": [ 1.5, 1.5, 6, 6 ], "texture": "#texture" },
        "south": { "uv": [ 1.5, 1.5, 6, 6 ], "texture": "#texture" },
        "west":  { "uv": [ 1.5, 1.5, 6, 6 ], "texture": "#texture" },
        "east":  { "uv": [ 1.5, 1.5, 6, 6 ], "texture": "#texture" }
    }
},
{
    "__comment": "body*",
    "from": [ 7.5, 3.25, 14.5 ],
    "to": [ 8.25, 4, 18 ],
    "rotation": { "origin": [ 7.5, 4, 14.5 ], "axis": "x", "angle": 45 },
    "faces": {
        "down":  { "uv": [ 1.5, 1.5, 6, 6 ], "texture": "#texture" },
        "up":    { "uv": [ 1.5, 1.5, 6, 6 ], "texture": "#texture" },
        "north": { "uv": [ 1.5, 1.5, 6, 6 ], "texture": "#texture" },
        "south": { "uv": [ 1.5, 1.5, 6, 6 ], "texture": "#texture" },
        "west":  { "uv": [ 1.5, 1.5, 6, 6 ], "texture": "#texture" },
        "east":  { "uv": [ 1.5, 1.5, 6, 6 ], "texture": "#texture" }
    }
},
{
    "__comment": "body*",
    "from": [ 7.5, 0.75, -0.75 ],
    "to": [ 8.25, 1.5, 2.75 ],
    "rotation": { "origin": [ 7.5, 1.5, -0.75 ], "axis": "x", "angle": -45 },
    "faces": {
        "down":  { "uv": [ 1.5, 1.5, 6, 6 ], "texture": "#texture" },
        "up":    { "uv": [ 1.5, 1.5, 6, 6 ], "texture": "#texture" },
        "north": { "uv": [ 1.5, 1.5, 6, 6 ], "texture": "#texture" },
        "south": { "uv": [ 1.5, 1.5, 6, 6 ], "texture": "#texture" },
        "west":  { "uv": [ 1.5, 1.5, 6, 6 ], "texture": "#texture" },
        "east":  { "uv": [ 1.5, 1.5, 6, 6 ], "texture": "#texture" }
    }
},
{
    "__comment": "Arm",
    "from": [ 2, 0.5, 16 ],
    "to": [ 8.25, 2.5, 18 ],
    "faces": {
        "down":  { "uv": [ 1.5, 1.5, 6, 6 ], "texture": "#texture" },
        "up":    { "uv": [ 1.5, 1.5, 6, 6 ], "texture": "#texture" },
        "north": { "uv": [ 1.5, 1.5, 6, 6 ], "texture": "#texture" },
        "south": { "uv": [ 1.5, 1.5, 6, 6 ], "texture": "#texture" },
        "west":  { "uv": [ 1.5, 1.5, 6, 6 ], "texture": "#texture" },
        "east":  { "uv": [ 1.5, 1.5, 6, 6 ], "texture": "#texture" }
    }
},
{
    "__comment": "Arm",
    "from": [ 1, -0.5, 15 ],
    "to": [ 2, 3.5, 19 ],
    "faces": {
        "down":  { "uv": [ 1.5, 1.5, 6, 6 ], "texture": "#texture" },
        "up":    { "uv": [ 1.5, 1.5, 6, 6 ], "texture": "#texture" },
        "north": { "uv": [ 1.5, 1.5, 6, 6 ], "texture": "#texture" },
        "south": { "uv": [ 1.5, 1.5, 6, 6 ], "texture": "#texture" },
        "west":  { "uv": [ 1.5, 1.5, 6, 6 ], "texture": "#texture" },
        "east":  { "uv": [ 1.5, 1.5, 6, 6 ], "texture": "#texture" }
    }
},
{
    "__comment": "Arm",
    "from": [ 1, -1, 15.5 ],
    "to": [ 2, 4, 18.5 ],
    "faces": {
        "down":  { "uv": [ 1.5, 1.5, 6, 6 ], "texture": "#texture" },
        "up":    { "uv": [ 1.5, 1.5, 6, 6 ], "texture": "#texture" },
        "north": { "uv": [ 1.5, 1.5, 6, 6 ], "texture": "#texture" },
        "south": { "uv": [ 1.5, 1.5, 6, 6 ], "texture": "#texture" },
        "west":  { "uv": [ 1.5, 1.5, 6, 6 ], "texture": "#texture" },
        "east":  { "uv": [ 1.5, 1.5, 6, 6 ], "texture": "#texture" }
    }
},
{
    "__comment": "Arm",
    "from": [ 1, 0, 14.5 ],
    "to": [ 2, 3, 19.5 ],
    "faces": {
        "down":  { "uv": [ 1.5, 1.5, 6, 6 ], "texture": "#texture" },
        "up":    { "uv": [ 1.5, 1.5, 6, 6 ], "texture": "#texture" },
        "north": { "uv": [ 1.5, 1.5, 6, 6 ], "texture": "#texture" },
        "south": { "uv": [ 1.5, 1.5, 6, 6 ], "texture": "#texture" },
        "west":  { "uv": [ 1.5, 1.5, 6, 6 ], "texture": "#texture" },
        "east":  { "uv": [ 1.5, 1.5, 6, 6 ], "texture": "#texture" }
    }
},
{
    "__comment": "Arm",
    "from": [ 1, -2.66, 14.5 ],
    "to": [ 2, 3, 15.9375 ],
    "rotation": { "origin": [ 1, 3, 14.5 ], "axis": "x", "angle": -45 },
    "faces": {
        "down":  { "uv": [ 1.5, 1.5, 6, 6 ], "texture": "#texture" },
        "up":    { "uv": [ 1.5, 1.5, 6, 6 ], "texture": "#texture" },
        "north": { "uv": [ 1.5, 1.5, 6, 6 ], "texture": "#texture" },
        "south": { "uv": [ 1.5, 1.5, 6, 6 ], "texture": "#texture" },
        "west":  { "uv": [ 1.5, 1.5, 6, 6 ], "texture": "#texture" },
        "east":  { "uv": [ 1.5, 1.5, 6, 6 ], "texture": "#texture" }
    }
},
{
    "__comment": "Arm",
    "from": [ 1, -1.66, 18.5 ],
    "to": [ 2, 4, 19.9375 ],
    "rotation": { "origin": [ 1, 4, 18.5 ], "axis": "x", "angle": 45 },
    "faces": {
        "down":  { "uv": [ 1.5, 1.5, 6, 6 ], "texture": "#texture" },
        "up":    { "uv": [ 1.5, 1.5, 6, 6 ], "texture": "#texture" },
        "north": { "uv": [ 1.5, 1.5, 6, 6 ], "texture": "#texture" },
        "south": { "uv": [ 1.5, 1.5, 6, 6 ], "texture": "#texture" },
        "west":  { "uv": [ 1.5, 1.5, 6, 6 ], "texture": "#texture" },
        "east":  { "uv": [ 1.5, 1.5, 6, 6 ], "texture": "#texture" }
    }
},
{
    "__comment": "Arm",
    "from": [ 2, -0.75, 16 ],
    "to": [ 5, 3.75, 18 ],
    "faces": {
        "down":  { "uv": [ 1.5, 1.5, 6, 6 ], "texture": "#texture" },
        "up":    { "uv": [ 1.5, 1.5, 6, 6 ], "texture": "#texture" },
        "north": { "uv": [ 1.5, 1.5, 6, 6 ], "texture": "#texture" },
        "south": { "uv": [ 1.5, 1.5, 6, 6 ], "texture": "#texture" },
        "west":  { "uv": [ 1.5, 1.5, 6, 6 ], "texture": "#texture" },
        "east":  { "uv": [ 1.5, 1.5, 6, 6 ], "texture": "#texture" }
    }
},
{
    "__comment": "Arm",
    "from": [ 2, 0.5, 15 ],
    "to": [ 5, 2.5, 19.25 ],
    "faces": {
        "down":  { "uv": [ 1.5, 1.5, 6, 6 ], "texture": "#texture" },
        "up":    { "uv": [ 1.5, 1.5, 6, 6 ], "texture": "#texture" },
        "north": { "uv": [ 1.5, 1.5, 6, 6 ], "texture": "#texture" },
        "south": { "uv": [ 1.5, 1.5, 6, 6 ], "texture": "#texture" },
        "west":  { "uv": [ 1.5, 1.5, 6, 6 ], "texture": "#texture" },
        "east":  { "uv": [ 1.5, 1.5, 6, 6 ], "texture": "#texture" }
    }
},
{
    "__comment": "Arm",
    "from": [ 2, 1, 16.25 ],
    "to": [ 9.25, 2, 19.25 ],
    "faces": {
        "down":  { "uv": [ 1.5, 1.5, 6, 6 ], "texture": "#texture" },
        "up":    { "uv": [ 1.5, 1.5, 6, 6 ], "texture": "#texture" },
        "north": { "uv": [ 1.5, 1.5, 6, 6 ], "texture": "#texture" },
        "south": { "uv": [ 1.5, 1.5, 6, 6 ], "texture": "#texture" },
        "west":  { "uv": [ 1.5, 1.5, 6, 6 ], "texture": "#texture" },
        "east":  { "uv": [ 1.5, 1.5, 6, 6 ], "texture": "#texture" }
    }
},
{
    "__comment": "Arm",
    "from": [ 4.9375, 0.5, 15 ],
    "to": [ 7.9375, 2.5, 16 ],
    "rotation": { "origin": [ 4.9375, 0.5, 15 ], "axis": "y", "angle": -22.5 },
    "faces": {
        "down":  { "uv": [ 1.5, 1.5, 6, 6 ], "texture": "#texture" },
        "up":    { "uv": [ 1.5, 1.5, 6, 6 ], "texture": "#texture" },
        "north": { "uv": [ 1.5, 1.5, 6, 6 ], "texture": "#texture" },
        "south": { "uv": [ 1.5, 1.5, 6, 6 ], "texture": "#texture" },
        "west":  { "uv": [ 1.5, 1.5, 6, 6 ], "texture": "#texture" },
        "east":  { "uv": [ 1.5, 1.5, 6, 6 ], "texture": "#texture" }
    }
},
{
    "__comment": "Arm",
    "from": [ 4.9375, 2.25, 16 ],
    "to": [ 8.4375, 3.75, 18 ],
    "rotation": { "origin": [ 4.9375, 3.75, 16 ], "axis": "z", "angle": -22.5 },
    "faces": {
        "down":  { "uv": [ 1.5, 1.5, 6, 6 ], "texture": "#texture" },
        "up":    { "uv": [ 1.5, 1.5, 6, 6 ], "texture": "#texture" },
        "north": { "uv": [ 1.5, 1.5, 6, 6 ], "texture": "#texture" },
        "south": { "uv": [ 1.5, 1.5, 6, 6 ], "texture": "#texture" },
        "west":  { "uv": [ 1.5, 1.5, 6, 6 ], "texture": "#texture" },
        "east":  { "uv": [ 1.5, 1.5, 6, 6 ], "texture": "#texture" }
    }
},
{
    "__comment": "Arm",
    "from": [ 4.375, -0.875, 16 ],
    "to": [ 7.875, 0.625, 18 ],
    "rotation": { "origin": [ 4.375, 0.625, 16 ], "axis": "z", "angle": 22.5 },
    "faces": {
        "down":  { "uv": [ 1.5, 1.5, 6, 6 ], "texture": "#texture" },
        "up":    { "uv": [ 1.5, 1.5, 6, 6 ], "texture": "#texture" },
        "north": { "uv": [ 1.5, 1.5, 6, 6 ], "texture": "#texture" },
        "south": { "uv": [ 1.5, 1.5, 6, 6 ], "texture": "#texture" },
        "west":  { "uv": [ 1.5, 1.5, 6, 6 ], "texture": "#texture" },
        "east":  { "uv": [ 1.5, 1.5, 6, 6 ], "texture": "#texture" }
    }
},
{
    "__comment": "Arm",
    "from": [ 9.25, 1, 18 ],
    "to": [ 13.5, 2, 19.25 ],
    "faces": {
        "down":  { "uv": [ 1.5, 1.5, 6, 6 ], "texture": "#texture" },
        "up":    { "uv": [ 1.5, 1.5, 6, 6 ], "texture": "#texture" },
        "north": { "uv": [ 1.5, 1.5, 6, 6 ], "texture": "#texture" },
        "south": { "uv": [ 1.5, 1.5, 6, 6 ], "texture": "#texture" },
        "west":  { "uv": [ 1.5, 1.5, 6, 6 ], "texture": "#texture" },
        "east":  { "uv": [ 1.5, 1.5, 6, 6 ], "texture": "#texture" }
    }
},
{
    "__comment": "Arm",
    "from": [ 9.25, 1, 16.5 ],
    "to": [ 11.75, 2, 17.75 ],
    "rotation": { "origin": [ 9.25, 1, 16.5 ], "axis": "y", "angle": -45 },
    "faces": {
        "down":  { "uv": [ 1.5, 1.5, 6, 6 ], "texture": "#texture" },
        "up":    { "uv": [ 1.5, 1.5, 6, 6 ], "texture": "#texture" },
        "north": { "uv": [ 1.5, 1.5, 6, 6 ], "texture": "#texture" },
        "south": { "uv": [ 1.5, 1.5, 6, 6 ], "texture": "#texture" },
        "west":  { "uv": [ 1.5, 1.5, 6, 6 ], "texture": "#texture" },
        "east":  { "uv": [ 1.5, 1.5, 6, 6 ], "texture": "#texture" }
    }
},
{
    "__comment": "Arm",
    "from": [ 9.75, 1, 17 ],
    "to": [ 12.25, 2, 18.25 ],
    "rotation": { "origin": [ 9.75, 1, 17 ], "axis": "y", "angle": -22.5 },
    "faces": {
        "down":  { "uv": [ 1.5, 1.5, 6, 6 ], "texture": "#texture" },
        "up":    { "uv": [ 1.5, 1.5, 6, 6 ], "texture": "#texture" },
        "north": { "uv": [ 1.5, 1.5, 6, 6 ], "texture": "#texture" },
        "south": { "uv": [ 1.5, 1.5, 6, 6 ], "texture": "#texture" },
        "west":  { "uv": [ 1.5, 1.5, 6, 6 ], "texture": "#texture" },
        "east":  { "uv": [ 1.5, 1.5, 6, 6 ], "texture": "#texture" }
    }
},
{
    "__comment": "Arm",
    "from": [ 10.25, 0.25, 18.25 ],
    "to": [ 12.5, 2.75, 19 ],
    "faces": {
        "down":  { "uv": [ 1.5, 1.5, 6, 6 ], "texture": "#texture" },
        "up":    { "uv": [ 1.5, 1.5, 6, 6 ], "texture": "#texture" },
        "north": { "uv": [ 1.5, 1.5, 6, 6 ], "texture": "#texture" },
        "south": { "uv": [ 1.5, 1.5, 6, 6 ], "texture": "#texture" },
        "west":  { "uv": [ 1.5, 1.5, 6, 6 ], "texture": "#texture" },
        "east":  { "uv": [ 1.5, 1.5, 6, 6 ], "texture": "#texture" }
    }
},
{
    "__comment": "Arm",
    "from": [ 9.4375, 0.9375, 18.25 ],
    "to": [ 10.625, 1.9375, 19 ],
    "rotation": { "origin": [ 9.4375, 1.9375, 18.25 ], "axis": "z", "angle": 45 },
    "faces": {
        "down":  { "uv": [ 1.5, 1.5, 6, 6 ], "texture": "#texture" },
        "up":    { "uv": [ 1.5, 1.5, 6, 6 ], "texture": "#texture" },
        "north": { "uv": [ 1.5, 1.5, 6, 6 ], "texture": "#texture" },
        "south": { "uv": [ 1.5, 1.5, 6, 6 ], "texture": "#texture" },
        "west":  { "uv": [ 1.5, 1.5, 6, 6 ], "texture": "#texture" },
        "east":  { "uv": [ 1.5, 1.5, 6, 6 ], "texture": "#texture" }
    }
},
{
    "__comment": "Arm",
    "from": [ 12.5, 1.75, 18.25 ],
    "to": [ 13.6875, 2.75, 19 ],
    "rotation": { "origin": [ 12.5, 2.75, 18.25 ], "axis": "z", "angle": -45 },
    "faces": {
        "down":  { "uv": [ 1.5, 1.5, 6, 6 ], "texture": "#texture" },
        "up":    { "uv": [ 1.5, 1.5, 6, 6 ], "texture": "#texture" },
        "north": { "uv": [ 1.5, 1.5, 6, 6 ], "texture": "#texture" },
        "south": { "uv": [ 1.5, 1.5, 6, 6 ], "texture": "#texture" },
        "west":  { "uv": [ 1.5, 1.5, 6, 6 ], "texture": "#texture" },
        "east":  { "uv": [ 1.5, 1.5, 6, 6 ], "texture": "#texture" }
    }
},
{
    "__comment": "Arm",
    "from": [ 11.8125, 0, 18.25 ],
    "to": [ 13, 1, 19 ],
    "rotation": { "origin": [ 11.8125, 1, 18.25 ], "axis": "z", "angle": 45 },
    "faces": {
        "down":  { "uv": [ 1.5, 1.5, 6, 6 ], "texture": "#texture" },
        "up":    { "uv": [ 1.5, 1.5, 6, 6 ], "texture": "#texture" },
        "north": { "uv": [ 1.5, 1.5, 6, 6 ], "texture": "#texture" },
        "south": { "uv": [ 1.5, 1.5, 6, 6 ], "texture": "#texture" },
        "west":  { "uv": [ 1.5, 1.5, 6, 6 ], "texture": "#texture" },
        "east":  { "uv": [ 1.5, 1.5, 6, 6 ], "texture": "#texture" }
    }
},
{
    "__comment": "Arm",
    "from": [ 10.125, 0.75, 18.25 ],
    "to": [ 11.3125, 1.75, 19 ],
    "rotation": { "origin": [ 10.125, 1.75, 18.25 ], "axis": "z", "angle": -45 },
    "faces": {
        "down":  { "uv": [ 1.5, 1.5, 6, 6 ], "texture": "#texture" },
        "up":    { "uv": [ 1.5, 1.5, 6, 6 ], "texture": "#texture" },
        "north": { "uv": [ 1.5, 1.5, 6, 6 ], "texture": "#texture" },
        "south": { "uv": [ 1.5, 1.5, 6, 6 ], "texture": "#texture" },
        "west":  { "uv": [ 1.5, 1.5, 6, 6 ], "texture": "#texture" },
        "east":  { "uv": [ 1.5, 1.5, 6, 6 ], "texture": "#texture" }
    }
},
{
    "__comment": "Arm2",
    "from": [ 2, 0.5, -2 ],
    "to": [ 8.25, 2.5, 0 ],
    "faces": {
        "down":  { "uv": [ 1.5, 1.5, 6, 6 ], "texture": "#texture" },
        "up":    { "uv": [ 1.5, 1.5, 6, 6 ], "texture": "#texture" },
        "north": { "uv": [ 1.5, 1.5, 6, 6 ], "texture": "#texture" },
        "south": { "uv": [ 1.5, 1.5, 6, 6 ], "texture": "#texture" },
        "west":  { "uv": [ 1.5, 1.5, 6, 6 ], "texture": "#texture" },
        "east":  { "uv": [ 1.5, 1.5, 6, 6 ], "texture": "#texture" }
    }
},
{
    "__comment": "Arm2",
    "from": [ 1, -0.5, -3 ],
    "to": [ 2, 3.5, 1 ],
    "faces": {
        "down":  { "uv": [ 1.5, 1.5, 6, 6 ], "texture": "#texture" },
        "up":    { "uv": [ 1.5, 1.5, 6, 6 ], "texture": "#texture" },
        "north": { "uv": [ 1.5, 1.5, 6, 6 ], "texture": "#texture" },
        "south": { "uv": [ 1.5, 1.5, 6, 6 ], "texture": "#texture" },
        "west":  { "uv": [ 1.5, 1.5, 6, 6 ], "texture": "#texture" },
        "east":  { "uv": [ 1.5, 1.5, 6, 6 ], "texture": "#texture" }
    }
},
{
    "__comment": "Arm2",
    "from": [ 1, -1, -2.5 ],
    "to": [ 2, 4, 0.5 ],
    "faces": {
        "down":  { "uv": [ 1.5, 1.5, 6, 6 ], "texture": "#texture" },
        "up":    { "uv": [ 1.5, 1.5, 6, 6 ], "texture": "#texture" },
        "north": { "uv": [ 1.5, 1.5, 6, 6 ], "texture": "#texture" },
        "south": { "uv": [ 1.5, 1.5, 6, 6 ], "texture": "#texture" },
        "west":  { "uv": [ 1.5, 1.5, 6, 6 ], "texture": "#texture" },
        "east":  { "uv": [ 1.5, 1.5, 6, 6 ], "texture": "#texture" }
    }
},
{
    "__comment": "Arm2",
    "from": [ 1, 0, -3.5 ],
    "to": [ 2, 3, 1.5 ],
    "faces": {
        "down":  { "uv": [ 1.5, 1.5, 6, 6 ], "texture": "#texture" },
        "up":    { "uv": [ 1.5, 1.5, 6, 6 ], "texture": "#texture" },
        "north": { "uv": [ 1.5, 1.5, 6, 6 ], "texture": "#texture" },
        "south": { "uv": [ 1.5, 1.5, 6, 6 ], "texture": "#texture" },
        "west":  { "uv": [ 1.5, 1.5, 6, 6 ], "texture": "#texture" },
        "east":  { "uv": [ 1.5, 1.5, 6, 6 ], "texture": "#texture" }
    }
},
{
    "__comment": "Arm2",
    "from": [ 1, -2.66, -3.5 ],
    "to": [ 2, 3, -2.0625 ],
    "rotation": { "origin": [ 1, 3, -3.5 ], "axis": "x", "angle": -45 },
    "faces": {
        "down":  { "uv": [ 1.5, 1.5, 6, 6 ], "texture": "#texture" },
        "up":    { "uv": [ 1.5, 1.5, 6, 6 ], "texture": "#texture" },
        "north": { "uv": [ 1.5, 1.5, 6, 6 ], "texture": "#texture" },
        "south": { "uv": [ 1.5, 1.5, 6, 6 ], "texture": "#texture" },
        "west":  { "uv": [ 1.5, 1.5, 6, 6 ], "texture": "#texture" },
        "east":  { "uv": [ 1.5, 1.5, 6, 6 ], "texture": "#texture" }
    }
},
{
    "__comment": "Arm2",
    "from": [ 1, -1.66, 0.5 ],
    "to": [ 2, 4, 1.9375 ],
    "rotation": { "origin": [ 1, 4, 0.5 ], "axis": "x", "angle": 45 },
    "faces": {
        "down":  { "uv": [ 1.5, 1.5, 6, 6 ], "texture": "#texture" },
        "up":    { "uv": [ 1.5, 1.5, 6, 6 ], "texture": "#texture" },
        "north": { "uv": [ 1.5, 1.5, 6, 6 ], "texture": "#texture" },
        "south": { "uv": [ 1.5, 1.5, 6, 6 ], "texture": "#texture" },
        "west":  { "uv": [ 1.5, 1.5, 6, 6 ], "texture": "#texture" },
        "east":  { "uv": [ 1.5, 1.5, 6, 6 ], "texture": "#texture" }
    }
},
{
    "__comment": "Arm2",
    "from": [ 2, -0.75, -2 ],
    "to": [ 5, 3.75, 0 ],
    "faces": {
        "down":  { "uv": [ 1.5, 1.5, 6, 6 ], "texture": "#texture" },
        "up":    { "uv": [ 1.5, 1.5, 6, 6 ], "texture": "#texture" },
        "north": { "uv": [ 1.5, 1.5, 6, 6 ], "texture": "#texture" },
        "south": { "uv": [ 1.5, 1.5, 6, 6 ], "texture": "#texture" },
        "west":  { "uv": [ 1.5, 1.5, 6, 6 ], "texture": "#texture" },
        "east":  { "uv": [ 1.5, 1.5, 6, 6 ], "texture": "#texture" }
    }
},
{
    "__comment": "Arm2",
    "from": [ 2, 0.5, -3.25 ],
    "to": [ 5, 2.5, 1 ],
    "faces": {
        "down":  { "uv": [ 1.5, 1.5, 6, 6 ], "texture": "#texture" },
        "up":    { "uv": [ 1.5, 1.5, 6, 6 ], "texture": "#texture" },
        "north": { "uv": [ 1.5, 1.5, 6, 6 ], "texture": "#texture" },
        "south": { "uv": [ 1.5, 1.5, 6, 6 ], "texture": "#texture" },
        "west":  { "uv": [ 1.5, 1.5, 6, 6 ], "texture": "#texture" },
        "east":  { "uv": [ 1.5, 1.5, 6, 6 ], "texture": "#texture" }
    }
},
{
    "__comment": "Arm2",
    "from": [ 2, 1, -3.25 ],
    "to": [ 9.25, 2, -0.25 ],
    "faces": {
        "down":  { "uv": [ 1.5, 1.5, 6, 6 ], "texture": "#texture" },
        "up":    { "uv": [ 1.5, 1.5, 6, 6 ], "texture": "#texture" },
        "north": { "uv": [ 1.5, 1.5, 6, 6 ], "texture": "#texture" },
        "south": { "uv": [ 1.5, 1.5, 6, 6 ], "texture": "#texture" },
        "west":  { "uv": [ 1.5, 1.5, 6, 6 ], "texture": "#texture" },
        "east":  { "uv": [ 1.5, 1.5, 6, 6 ], "texture": "#texture" }
    }
},
{
    "__comment": "Arm2",
    "from": [ 4.5625, 0.5, 0.125 ],
    "to": [ 7.5625, 2.5, 1.125 ],
    "rotation": { "origin": [ 4.5625, 0.5, 0.125 ], "axis": "y", "angle": 22.5 },
    "faces": {
        "down":  { "uv": [ 1.5, 1.5, 6, 6 ], "texture": "#texture" },
        "up":    { "uv": [ 1.5, 1.5, 6, 6 ], "texture": "#texture" },
        "north": { "uv": [ 1.5, 1.5, 6, 6 ], "texture": "#texture" },
        "south": { "uv": [ 1.5, 1.5, 6, 6 ], "texture": "#texture" },
        "west":  { "uv": [ 1.5, 1.5, 6, 6 ], "texture": "#texture" },
        "east":  { "uv": [ 1.5, 1.5, 6, 6 ], "texture": "#texture" }
    }
},
{
    "__comment": "Arm2",
    "from": [ 4.9375, 2.25, -2 ],
    "to": [ 8.4375, 3.75, 0 ],
    "rotation": { "origin": [ 4.9375, 3.75, -2 ], "axis": "z", "angle": -22.5 },
    "faces": {
        "down":  { "uv": [ 1.5, 1.5, 6, 6 ], "texture": "#texture" },
        "up":    { "uv": [ 1.5, 1.5, 6, 6 ], "texture": "#texture" },
        "north": { "uv": [ 1.5, 1.5, 6, 6 ], "texture": "#texture" },
        "south": { "uv": [ 1.5, 1.5, 6, 6 ], "texture": "#texture" },
        "west":  { "uv": [ 1.5, 1.5, 6, 6 ], "texture": "#texture" },
        "east":  { "uv": [ 1.5, 1.5, 6, 6 ], "texture": "#texture" }
    }
},
{
    "__comment": "Arm2",
    "from": [ 4.375, -0.875, -2 ],
    "to": [ 7.875, 0.625, 0 ],
    "rotation": { "origin": [ 4.375, 0.625, -2 ], "axis": "z", "angle": 22.5 },
    "faces": {
        "down":  { "uv": [ 1.5, 1.5, 6, 6 ], "texture": "#texture" },
        "up":    { "uv": [ 1.5, 1.5, 6, 6 ], "texture": "#texture" },
        "north": { "uv": [ 1.5, 1.5, 6, 6 ], "texture": "#texture" },
        "south": { "uv": [ 1.5, 1.5, 6, 6 ], "texture": "#texture" },
        "west":  { "uv": [ 1.5, 1.5, 6, 6 ], "texture": "#texture" },
        "east":  { "uv": [ 1.5, 1.5, 6, 6 ], "texture": "#texture" }
    }
},
{
    "__comment": "Arm2",
    "from": [ 9.25, 1, -3.25 ],
    "to": [ 13.5, 2, -2 ],
    "faces": {
        "down":  { "uv": [ 1.5, 1.5, 6, 6 ], "texture": "#texture" },
        "up":    { "uv": [ 1.5, 1.5, 6, 6 ], "texture": "#texture" },
        "north": { "uv": [ 1.5, 1.5, 6, 6 ], "texture": "#texture" },
        "south": { "uv": [ 1.5, 1.5, 6, 6 ], "texture": "#texture" },
        "west":  { "uv": [ 1.5, 1.5, 6, 6 ], "texture": "#texture" },
        "east":  { "uv": [ 1.5, 1.5, 6, 6 ], "texture": "#texture" }
    }
},
{
    "__comment": "Arm2",
    "from": [ 8.25, 1, -1.5 ],
    "to": [ 10.75, 2, -0.25 ],
    "rotation": { "origin": [ 8.25, 1, -1.5 ], "axis": "y", "angle": 45 },
    "faces": {
        "down":  { "uv": [ 1.5, 1.5, 6, 6 ], "texture": "#texture" },
        "up":    { "uv": [ 1.5, 1.5, 6, 6 ], "texture": "#texture" },
        "north": { "uv": [ 1.5, 1.5, 6, 6 ], "texture": "#texture" },
        "south": { "uv": [ 1.5, 1.5, 6, 6 ], "texture": "#texture" },
        "west":  { "uv": [ 1.5, 1.5, 6, 6 ], "texture": "#texture" },
        "east":  { "uv": [ 1.5, 1.5, 6, 6 ], "texture": "#texture" }
    }
},
{
    "__comment": "Arm2",
    "from": [ 9.25, 1, -2.25 ],
    "to": [ 11.75, 2, -1 ],
    "rotation": { "origin": [ 9.25, 1, -2.25 ], "axis": "y", "angle": 22.5 },
    "faces": {
        "down":  { "uv": [ 1.5, 1.5, 6, 6 ], "texture": "#texture" },
        "up":    { "uv": [ 1.5, 1.5, 6, 6 ], "texture": "#texture" },
        "north": { "uv": [ 1.5, 1.5, 6, 6 ], "texture": "#texture" },
        "south": { "uv": [ 1.5, 1.5, 6, 6 ], "texture": "#texture" },
        "west":  { "uv": [ 1.5, 1.5, 6, 6 ], "texture": "#texture" },
        "east":  { "uv": [ 1.5, 1.5, 6, 6 ], "texture": "#texture" }
    }
},
{
    "__comment": "Arm2",
    "from": [ 10.25, 0.25, -3 ],
    "to": [ 12.5, 2.75, -2.25 ],
    "faces": {
        "down":  { "uv": [ 1.5, 1.5, 6, 6 ], "texture": "#texture" },
        "up":    { "uv": [ 1.5, 1.5, 6, 6 ], "texture": "#texture" },
        "north": { "uv": [ 1.5, 1.5, 6, 6 ], "texture": "#texture" },
        "south": { "uv": [ 1.5, 1.5, 6, 6 ], "texture": "#texture" },
        "west":  { "uv": [ 1.5, 1.5, 6, 6 ], "texture": "#texture" },
        "east":  { "uv": [ 1.5, 1.5, 6, 6 ], "texture": "#texture" }
    }
},
{
    "__comment": "Arm2",
    "from": [ 9.4375, 0.9375, -3 ],
    "to": [ 10.625, 1.9375, -2.25 ],
    "rotation": { "origin": [ 9.4375, 1.9375, -3 ], "axis": "z", "angle": 45 },
    "faces": {
        "down":  { "uv": [ 1.5, 1.5, 6, 6 ], "texture": "#texture" },
        "up":    { "uv": [ 1.5, 1.5, 6, 6 ], "texture": "#texture" },
        "north": { "uv": [ 1.5, 1.5, 6, 6 ], "texture": "#texture" },
        "south": { "uv": [ 1.5, 1.5, 6, 6 ], "texture": "#texture" },
        "west":  { "uv": [ 1.5, 1.5, 6, 6 ], "texture": "#texture" },
        "east":  { "uv": [ 1.5, 1.5, 6, 6 ], "texture": "#texture" }
    }
},
{
    "__comment": "Arm2",
    "from": [ 12.5, 1.75, -3 ],
    "to": [ 13.6875, 2.75, -2.25 ],
    "rotation": { "origin": [ 12.5, 2.75, -3 ], "axis": "z", "angle": -45 },
    "faces": {
        "down":  { "uv": [ 1.5, 1.5, 6, 6 ], "texture": "#texture" },
        "up":    { "uv": [ 1.5, 1.5, 6, 6 ], "texture": "#texture" },
        "north": { "uv": [ 1.5, 1.5, 6, 6 ], "texture": "#texture" },
        "south": { "uv": [ 1.5, 1.5, 6, 6 ], "texture": "#texture" },
        "west":  { "uv": [ 1.5, 1.5, 6, 6 ], "texture": "#texture" },
        "east":  { "uv": [ 1.5, 1.5, 6, 6 ], "texture": "#texture" }
    }
},
{
    "__comment": "Arm2",
    "from": [ 11.8125, 0, -3 ],
    "to": [ 13, 1, -2.25 ],
    "rotation": { "origin": [ 11.8125, 1, -3 ], "axis": "z", "angle": 45 },
    "faces": {
        "down":  { "uv": [ 1.5, 1.5, 6, 6 ], "texture": "#texture" },
        "up":    { "uv": [ 1.5, 1.5, 6, 6 ], "texture": "#texture" },
        "north": { "uv": [ 1.5, 1.5, 6, 6 ], "texture": "#texture" },
        "south": { "uv": [ 1.5, 1.5, 6, 6 ], "texture": "#texture" },
        "west":  { "uv": [ 1.5, 1.5, 6, 6 ], "texture": "#texture" },
        "east":  { "uv": [ 1.5, 1.5, 6, 6 ], "texture": "#texture" }
    }
},
{
    "__comment": "Arm2",
    "from": [ 10.125, 0.75, -3 ],
    "to": [ 11.3125, 1.75, -2.25 ],
    "rotation": { "origin": [ 10.125, 1.75, -3 ], "axis": "z", "angle": -45 },
    "faces": {
        "down":  { "uv": [ 1.5, 1.5, 6, 6 ], "texture": "#texture" },
        "up":    { "uv": [ 1.5, 1.5, 6, 6 ], "texture": "#texture" },
        "north": { "uv": [ 1.5, 1.5, 6, 6 ], "texture": "#texture" },
        "south": { "uv": [ 1.5, 1.5, 6, 6 ], "texture": "#texture" },
        "west":  { "uv": [ 1.5, 1.5, 6, 6 ], "texture": "#texture" },
        "east":  { "uv": [ 1.5, 1.5, 6, 6 ], "texture": "#texture" }
    }
},
{
    "__comment": "Arm2*",
    "from": [ 5, 0.5, -3.25 ],
    "to": [ 8.4375, 2.5, -1.8125 ],
    "rotation": { "origin": [ 5, 0.5, -3.25 ], "axis": "y", "angle": -22.5 },
    "faces": {
        "down":  { "uv": [ 1.5, 1.5, 6, 6 ], "texture": "#texture" },
        "up":    { "uv": [ 1.5, 1.5, 6, 6 ], "texture": "#texture" },
        "north": { "uv": [ 1.5, 1.5, 6, 6 ], "texture": "#texture" },
        "south": { "uv": [ 1.5, 1.5, 6, 6 ], "texture": "#texture" },
        "west":  { "uv": [ 1.5, 1.5, 6, 6 ], "texture": "#texture" },
        "east":  { "uv": [ 1.5, 1.5, 6, 6 ], "texture": "#texture" }
    }
},
{
    "__comment": "Arm*",
    "from": [ 4.375, 0.5, 17.875 ],
    "to": [ 7.75, 2.5, 19.375 ],
    "rotation": { "origin": [ 4.375, 0.5, 17.875 ], "axis": "y", "angle": 22.5 },
    "faces": {
        "down":  { "uv": [ 1.5, 1.5, 6, 6 ], "texture": "#texture" },
        "up":    { "uv": [ 1.5, 1.5, 6, 6 ], "texture": "#texture" },
        "north": { "uv": [ 1.5, 1.5, 6, 6 ], "texture": "#texture" },
        "south": { "uv": [ 1.5, 1.5, 6, 6 ], "texture": "#texture" },
        "west":  { "uv": [ 1.5, 1.5, 6, 6 ], "texture": "#texture" },
        "east":  { "uv": [ 1.5, 1.5, 6, 6 ], "texture": "#texture" }
    }
},
{
    "__comment": "claw",
    "from": [ -0.25, -0.75, -1.75 ],
    "to": [ 1, 0.75, -0.25 ],
    "faces": {
        "down":  { "uv": [ 2.25, 13, 3.75, 14.25 ], "rotation": 90, "texture": "#texture" },
        "up":    { "uv": [ 2.5, 13, 3.75, 14 ], "rotation": 90, "texture": "#texture" },
        "north": { "uv": [ 2.25, 13, 3.5, 14 ], "rotation": 270, "texture": "#texture" },
        "south": { "uv": [ 3, 12.75, 4.25, 14 ], "rotation": 90, "texture": "#texture" },
        "west":  { "uv": [ 1, 12.75, 2.25, 14 ], "texture": "#texture" },
        "east":  { "uv": [ 2.25, 13.25, 3.25, 14.25 ], "texture": "#texture" }
    }
},
{
    "__comment": "claw",
    "from": [ -1.25, 0, -1.5 ],
    "to": [ 0.25, 1, -0.5 ],
    "rotation": { "origin": [ -1.25, 1, -1.5 ], "axis": "z", "angle": -22.5 },
    "faces": {
        "down":  { "uv": [ 2.25, 13, 3.75, 14.25 ], "rotation": 90, "texture": "#texture" },
        "up":    { "uv": [ 2.5, 13, 3.75, 14 ], "rotation": 90, "texture": "#texture" },
        "north": { "uv": [ 2.25, 13, 3.5, 14 ], "rotation": 270, "texture": "#texture" },
        "south": { "uv": [ 3, 12.75, 4.25, 14 ], "rotation": 90, "texture": "#texture" },
        "west":  { "uv": [ 1, 12.75, 2.25, 14 ], "texture": "#texture" },
        "east":  { "uv": [ 2.25, 13.25, 3.25, 14.25 ], "texture": "#texture" }
    }
},
{
    "__comment": "claw",
    "from": [ -1.75, 0.75, -1.25 ],
    "to": [ -0.5, 1.25, -0.75 ],
    "rotation": { "origin": [ -1.75, 1.25, -1.25 ], "axis": "z", "angle": -45 },
    "faces": {
        "down":  { "uv": [ 2.25, 13, 3.75, 14.25 ], "rotation": 90, "texture": "#texture" },
        "up":    { "uv": [ 2.5, 13, 3.75, 14 ], "rotation": 90, "texture": "#texture" },
        "north": { "uv": [ 2.25, 13, 3.5, 14 ], "rotation": 270, "texture": "#texture" },
        "south": { "uv": [ 3, 12.75, 4.25, 14 ], "rotation": 90, "texture": "#texture" },
        "west":  { "uv": [ 1, 12.75, 2.25, 14 ], "texture": "#texture" },
        "east":  { "uv": [ 2.25, 13.25, 3.25, 14.25 ], "texture": "#texture" }
    }
},
{
    "__comment": "claw",
    "from": [ -0.25, 2, -0.5 ],
    "to": [ 1, 3.5, 1 ],
    "faces": {
        "down":  { "uv": [ 2.25, 13, 3.75, 14.25 ], "rotation": 90, "texture": "#texture" },
        "up":    { "uv": [ 2.5, 13, 3.75, 14 ], "rotation": 90, "texture": "#texture" },
        "north": { "uv": [ 2.25, 13, 3.5, 14 ], "rotation": 270, "texture": "#texture" },
        "south": { "uv": [ 3, 12.75, 4.25, 14 ], "rotation": 90, "texture": "#texture" },
        "west":  { "uv": [ 1, 12.75, 2.25, 14 ], "texture": "#texture" },
        "east":  { "uv": [ 2.25, 13.25, 3.25, 14.25 ], "texture": "#texture" }
    }
},
{
    "__comment": "claw",
    "from": [ -0.25, 2, -3 ],
    "to": [ 1, 3.5, -1.5 ],
    "faces": {
        "down":  { "uv": [ 2.25, 13, 3.75, 14.25 ], "rotation": 90, "texture": "#texture" },
        "up":    { "uv": [ 2.5, 13, 3.75, 14 ], "rotation": 90, "texture": "#texture" },
        "north": { "uv": [ 2.25, 13, 3.5, 14 ], "rotation": 270, "texture": "#texture" },
        "south": { "uv": [ 3, 12.75, 4.25, 14 ], "rotation": 90, "texture": "#texture" },
        "west":  { "uv": [ 1, 12.75, 2.25, 14 ], "texture": "#texture" },
        "east":  { "uv": [ 2.25, 13.25, 3.25, 14.25 ], "texture": "#texture" }
    }
},
{
    "__comment": "claw",
    "from": [ -1.5, 1.75, -0.25 ],
    "to": [ 0, 2.75, 0.75 ],
    "rotation": { "origin": [ -1.5, 2.75, -0.25 ], "axis": "z", "angle": 22.5 },
    "faces": {
        "down":  { "uv": [ 2.25, 13, 3.75, 14.25 ], "rotation": 90, "texture": "#texture" },
        "up":    { "uv": [ 2.5, 13, 3.75, 14 ], "rotation": 90, "texture": "#texture" },
        "north": { "uv": [ 2.25, 13, 3.5, 14 ], "rotation": 270, "texture": "#texture" },
        "south": { "uv": [ 3, 12.75, 4.25, 14 ], "rotation": 90, "texture": "#texture" },
        "west":  { "uv": [ 1, 12.75, 2.25, 14 ], "texture": "#texture" },
        "east":  { "uv": [ 2.25, 13.25, 3.25, 14.25 ], "texture": "#texture" }
    }
},
{
    "__comment": "claw",
    "from": [ -1.5, 1.75, -2.75 ],
    "to": [ 0, 2.75, -1.75 ],
    "rotation": { "origin": [ -1.5, 2.75, -2.75 ], "axis": "z", "angle": 22.5 },
    "faces": {
        "down":  { "uv": [ 2.25, 13, 3.75, 14.25 ], "rotation": 90, "texture": "#texture" },
        "up":    { "uv": [ 2.5, 13, 3.75, 14 ], "rotation": 90, "texture": "#texture" },
        "north": { "uv": [ 2.25, 13, 3.5, 14 ], "rotation": 270, "texture": "#texture" },
        "south": { "uv": [ 3, 12.75, 4.25, 14 ], "rotation": 90, "texture": "#texture" },
        "west":  { "uv": [ 1, 12.75, 2.25, 14 ], "texture": "#texture" },
        "east":  { "uv": [ 2.25, 13.25, 3.25, 14.25 ], "texture": "#texture" }
    }
},
{
    "__comment": "claw",
    "from": [ -2, 1.25, 0 ],
    "to": [ -0.75, 1.75, 0.5 ],
    "rotation": { "origin": [ -2, 1.75, 0 ], "axis": "z", "angle": 45 },
    "faces": {
        "down":  { "uv": [ 2.25, 13, 3.75, 14.25 ], "rotation": 90, "texture": "#texture" },
        "up":    { "uv": [ 2.5, 13, 3.75, 14 ], "rotation": 90, "texture": "#texture" },
        "north": { "uv": [ 2.25, 13, 3.5, 14 ], "rotation": 270, "texture": "#texture" },
        "south": { "uv": [ 3, 12.75, 4.25, 14 ], "rotation": 90, "texture": "#texture" },
        "west":  { "uv": [ 1, 12.75, 2.25, 14 ], "texture": "#texture" },
        "east":  { "uv": [ 2.25, 13.25, 3.25, 14.25 ], "texture": "#texture" }
    }
},
{
    "__comment": "claw",
    "from": [ -2, 1.25, -2.5 ],
    "to": [ -0.75, 1.75, -2 ],
    "rotation": { "origin": [ -2, 1.75, -2.5 ], "axis": "z", "angle": 45 },
    "faces": {
        "down":  { "uv": [ 2.25, 13, 3.75, 14.25 ], "rotation": 90, "texture": "#texture" },
        "up":    { "uv": [ 2.5, 13, 3.75, 14 ], "rotation": 90, "texture": "#texture" },
        "north": { "uv": [ 2.25, 13, 3.5, 14 ], "rotation": 270, "texture": "#texture" },
        "south": { "uv": [ 3, 12.75, 4.25, 14 ], "rotation": 90, "texture": "#texture" },
        "west":  { "uv": [ 1, 12.75, 2.25, 14 ], "texture": "#texture" },
        "east":  { "uv": [ 2.25, 13.25, 3.25, 14.25 ], "texture": "#texture" }
    }
},
{
    "__comment": "claw*",
    "from": [ -0.25, -0.75, 16.25 ],
    "to": [ 1, 0.75, 17.75 ],
    "faces": {
        "down":  { "uv": [ 2.25, 13, 3.75, 14.25 ], "rotation": 90, "texture": "#texture" },
        "up":    { "uv": [ 2.5, 13, 3.75, 14 ], "rotation": 90, "texture": "#texture" },
        "north": { "uv": [ 2.25, 13, 3.5, 14 ], "rotation": 270, "texture": "#texture" },
        "south": { "uv": [ 3, 12.75, 4.25, 14 ], "rotation": 90, "texture": "#texture" },
        "west":  { "uv": [ 1, 12.75, 2.25, 14 ], "texture": "#texture" },
        "east":  { "uv": [ 2.25, 13.25, 3.25, 14.25 ], "texture": "#texture" }
    }
},
{
    "__comment": "claw*",
    "from": [ -1.25, 0, 16.5 ],
    "to": [ 0.25, 1, 17.5 ],
    "rotation": { "origin": [ -1.25, 1, 16.5 ], "axis": "z", "angle": -22.5 },
    "faces": {
        "down":  { "uv": [ 2.25, 13, 3.75, 14.25 ], "rotation": 90, "texture": "#texture" },
        "up":    { "uv": [ 2.5, 13, 3.75, 14 ], "rotation": 90, "texture": "#texture" },
        "north": { "uv": [ 2.25, 13, 3.5, 14 ], "rotation": 270, "texture": "#texture" },
        "south": { "uv": [ 3, 12.75, 4.25, 14 ], "rotation": 90, "texture": "#texture" },
        "west":  { "uv": [ 1, 12.75, 2.25, 14 ], "texture": "#texture" },
        "east":  { "uv": [ 2.25, 13.25, 3.25, 14.25 ], "texture": "#texture" }
    }
},
{
    "__comment": "claw*",
    "from": [ -1.75, 0.75, 16.75 ],
    "to": [ -0.5, 1.25, 17.25 ],
    "rotation": { "origin": [ -1.75, 1.25, 16.75 ], "axis": "z", "angle": -45 },
    "faces": {
        "down":  { "uv": [ 2.25, 13, 3.75, 14.25 ], "rotation": 90, "texture": "#texture" },
        "up":    { "uv": [ 2.5, 13, 3.75, 14 ], "rotation": 90, "texture": "#texture" },
        "north": { "uv": [ 2.25, 13, 3.5, 14 ], "rotation": 270, "texture": "#texture" },
        "south": { "uv": [ 3, 12.75, 4.25, 14 ], "rotation": 90, "texture": "#texture" },
        "west":  { "uv": [ 1, 12.75, 2.25, 14 ], "texture": "#texture" },
        "east":  { "uv": [ 2.25, 13.25, 3.25, 14.25 ], "texture": "#texture" }
    }
},
{
    "__comment": "claw*",
    "from": [ -0.25, 2, 17.5 ],
    "to": [ 1, 3.5, 19 ],
    "faces": {
        "down":  { "uv": [ 2.25, 13, 3.75, 14.25 ], "rotation": 90, "texture": "#texture" },
        "up":    { "uv": [ 2.5, 13, 3.75, 14 ], "rotation": 90, "texture": "#texture" },
        "north": { "uv": [ 2.25, 13, 3.5, 14 ], "rotation": 270, "texture": "#texture" },
        "south": { "uv": [ 3, 12.75, 4.25, 14 ], "rotation": 90, "texture": "#texture" },
        "west":  { "uv": [ 1, 12.75, 2.25, 14 ], "texture": "#texture" },
        "east":  { "uv": [ 2.25, 13.25, 3.25, 14.25 ], "texture": "#texture" }
    }
},
{
    "__comment": "claw*",
    "from": [ -0.25, 2, 15 ],
    "to": [ 1, 3.5, 16.5 ],
    "faces": {
        "down":  { "uv": [ 2.25, 13, 3.75, 14.25 ], "rotation": 90, "texture": "#texture" },
        "up":    { "uv": [ 2.5, 13, 3.75, 14 ], "rotation": 90, "texture": "#texture" },
        "north": { "uv": [ 2.25, 13, 3.5, 14 ], "rotation": 270, "texture": "#texture" },
        "south": { "uv": [ 3, 12.75, 4.25, 14 ], "rotation": 90, "texture": "#texture" },
        "west":  { "uv": [ 1, 12.75, 2.25, 14 ], "texture": "#texture" },
        "east":  { "uv": [ 2.25, 13.25, 3.25, 14.25 ], "texture": "#texture" }
    }
},
{
    "__comment": "claw*",
    "from": [ -1.5, 1.75, 17.75 ],
    "to": [ 0, 2.75, 18.75 ],
    "rotation": { "origin": [ -1.5, 2.75, 17.75 ], "axis": "z", "angle": 22.5 },
    "faces": {
        "down":  { "uv": [ 2.25, 13, 3.75, 14.25 ], "rotation": 90, "texture": "#texture" },
        "up":    { "uv": [ 2.5, 13, 3.75, 14 ], "rotation": 90, "texture": "#texture" },
        "north": { "uv": [ 2.25, 13, 3.5, 14 ], "rotation": 270, "texture": "#texture" },
        "south": { "uv": [ 3, 12.75, 4.25, 14 ], "rotation": 90, "texture": "#texture" },
        "west":  { "uv": [ 1, 12.75, 2.25, 14 ], "texture": "#texture" },
        "east":  { "uv": [ 2.25, 13.25, 3.25, 14.25 ], "texture": "#texture" }
    }
},
{
    "__comment": "claw*",
    "from": [ -1.5, 1.75, 15.25 ],
    "to": [ 0, 2.75, 16.25 ],
    "rotation": { "origin": [ -1.5, 2.75, 15.25 ], "axis": "z", "angle": 22.5 },
    "faces": {
        "down":  { "uv": [ 2.25, 13, 3.75, 14.25 ], "rotation": 90, "texture": "#texture" },
        "up":    { "uv": [ 2.5, 13, 3.75, 14 ], "rotation": 90, "texture": "#texture" },
        "north": { "uv": [ 2.25, 13, 3.5, 14 ], "rotation": 270, "texture": "#texture" },
        "south": { "uv": [ 3, 12.75, 4.25, 14 ], "rotation": 90, "texture": "#texture" },
        "west":  { "uv": [ 1, 12.75, 2.25, 14 ], "texture": "#texture" },
        "east":  { "uv": [ 2.25, 13.25, 3.25, 14.25 ], "texture": "#texture" }
    }
},
{
    "__comment": "claw*",
    "from": [ -2, 1.25, 18 ],
    "to": [ -0.75, 1.75, 18.5 ],
    "rotation": { "origin": [ -2, 1.75, 18 ], "axis": "z", "angle": 45 },
    "faces": {
        "down":  { "uv": [ 2.25, 13, 3.75, 14.25 ], "rotation": 90, "texture": "#texture" },
        "up":    { "uv": [ 2.5, 13, 3.75, 14 ], "rotation": 90, "texture": "#texture" },
        "north": { "uv": [ 2.25, 13, 3.5, 14 ], "rotation": 270, "texture": "#texture" },
        "south": { "uv": [ 3, 12.75, 4.25, 14 ], "rotation": 90, "texture": "#texture" },
        "west":  { "uv": [ 1, 12.75, 2.25, 14 ], "texture": "#texture" },
        "east":  { "uv": [ 2.25, 13.25, 3.25, 14.25 ], "texture": "#texture" }
    }
},
{
    "__comment": "claw*",
    "from": [ -2, 1.25, 15.5 ],
    "to": [ -0.75, 1.75, 16 ],
    "rotation": { "origin": [ -2, 1.75, 15.5 ], "axis": "z", "angle": 45 },
    "faces": {
        "down":  { "uv": [ 2.25, 13, 3.75, 14.25 ], "rotation": 90, "texture": "#texture" },
        "up":    { "uv": [ 2.5, 13, 3.75, 14 ], "rotation": 90, "texture": "#texture" },
        "north": { "uv": [ 2.25, 13, 3.5, 14 ], "rotation": 270, "texture": "#texture" },
        "south": { "uv": [ 3, 12.75, 4.25, 14 ], "rotation": 90, "texture": "#texture" },
        "west":  { "uv": [ 1, 12.75, 2.25, 14 ], "texture": "#texture" },
        "east":  { "uv": [ 2.25, 13.25, 3.25, 14.25 ], "texture": "#texture" }
    }
}
],
"display": {
    "head": {
        "rotation": [ 0, -90, 0 ],
        "translation": [ 0, 2, 0 ],
        "scale": [ 2.2, 2.3, 2.2 ]
    },
    "thirdperson_lefthand": {
			"rotation":  [ 70, 90, 0 ],
			"translation":  [ -6, 1.5, 16.5 ],
			"scale":  [ 1.3, 1.4, 1.3 ]
		},
		"thirdperson_righthand": {
			"rotation":  [ 70, -90, 0 ],
			"translation":  [ -6, 1.5, 16.5 ],
			"scale":  [ 1.3, 1.4, 1.3 ]
		},
		"firstperson_righthand": {
			"scale":  [ 0, 0, 0 ]
		},
		"firstperson_lefthand": {
			"scale":  [ 0, 0, 0 ]
		},
		"gui": {
			"scale":  [ 0, 0, 0 ]
		},
		"ground": {
			"scale":  [ 0, 0, 0 ]
		}
}
}