{
	"__comment": "Designed by Ramonaskye with BDcraft Cubik PRO 0.96 Beta - http://bdcraft.net",
	"elements": [
		{
			"from": [ -0.1, 1.8, 13.9 ],
			"to": [ 3.5, 6.3, 19 ],
			"rotation": { "origin": [ -0.1, 6.3, 13.9 ], "axis": "x", "angle": -22.5 },
			"faces": {
				"down": { "uv": [ 14, 4, 14.5, 4.75 ], "texture": "#texture" },
				"up": { "uv": [ 13.5, 4, 14, 4.75 ], "texture": "#texture" },
				"north": { "uv": [ 6, 3.5, 7.25, 5 ], "texture": "#texture" },
				"south": { "uv": [ 6, 3.5, 7.25, 5 ], "texture": "#texture" },
				"west": { "uv": [ 4.5, 2.5, 6.25, 4 ], "texture": "#texture" },
				"east": { "uv": [ 4.25, 4.25, 5.5, 5.75 ], "texture": "#texture" }
			}
		},
		{
			"from": [ -0.4, 0, 3.1 ],
			"to": [ 4.1, 6, 8.5 ],
			"rotation": { "origin": [ -0.4, 0, 3.1 ], "axis": "y", "angle": -22.5 },
			"faces": {
				"down": { "uv": [ 14, 1.5, 14.75, 2.5 ], "texture": "#texture" },
				"up": { "uv": [ 13.25, 1.5, 14, 2.5 ], "texture": "#texture" },
				"north": { "uv": [ 12.25, 3.75, 13, 2.5 ], "texture": "#texture" },
				"south": { "uv": [ 10.75, 4.75, 11.25, 6 ], "texture": "#texture" },
				"west": { "uv": [ 12.25, 2.5, 13.25, 3.75 ], "texture": "#texture" },
				"east": { "uv": [ 14.75, 2.5, 15.75, 3.75 ], "texture": "#texture" }
			}
		},
		{
			"from": [ 2.6, 1.8, 11.8 ],
			"to": [ 13.4, 10.8, 16 ],
			"rotation": { "origin": [ 2.6, 10.8, 11.8 ], "axis": "x", "angle": -22.5 },
			"faces": {
				"down": { "uv": [ 6, 4.25, 8.25, 5.5 ], "texture": "#texture" },
				"up": { "uv": [ 3.75, 4.25, 6, 5.5 ], "texture": "#texture" },
				"north": { "uv": [ 3.75, 5.5, 6, 7.5 ], "texture": "#texture" },
				"south": { "uv": [ 6, 5.5, 8.25, 7.5 ], "texture": "#texture" },
				"west": { "uv": [ 2.5, 5.5, 3.75, 7.5 ], "texture": "#texture" },
				"east": { "uv": [ 8.25, 5.5, 9.5, 7.5 ], "texture": "#texture" }
			}
		},
		{
			"from": [ 2, 3, 4.3 ],
			"to": [ 14, 10.8, 15.4 ],
			"faces": {
				"down": { "uv": [ 6, 0, 8.5, 2.5 ], "texture": "#texture" },
				"up": { "uv": [ 6, 0, 3.5, 2.5 ], "texture": "#texture", "rotation": 90 },
				"north": { "uv": [ 3.5, 2.5, 6, 4.25 ], "texture": "#texture" },
				"south": { "uv": [ 6, 2.5, 8.5, 4.25 ], "texture": "#texture" },
				"west": { "uv": [ 3.75, 2.5, 6.25, 4.25 ], "texture": "#texture" },
				"east": { "uv": [ 8.5, 2.5, 11, 4.25 ], "texture": "#texture" }
			}
		},
		{
			"from": [ 5.5, 9, 7.5 ],
			"to": [ 10.5, 17, 13 ],
			"faces": {
				"down": { "uv": [ 12.5, 13.25, 14.25, 15 ], "texture": "#texture" },
				"up": { "uv": [ 10.75, 13.25, 12.5, 15 ], "texture": "#texture" },
				"north": { "uv": [ 12.5, 15, 14.25, 16 ], "texture": "#texture" },
				"south": { "uv": [ 10.75, 15, 12.5, 16 ], "texture": "#texture" },
				"west": { "uv": [ 9, 15, 10.75, 16 ], "texture": "#texture" },
				"east": { "uv": [ 14.25, 15, 16, 16 ], "texture": "#texture" }
			}
		},
		{
			"from": [ 0.5, 6, 3.7 ],
			"to": [ 3.8, 9, 7.9 ],
			"rotation": { "origin": [ 0.5, 6, 3.7 ], "axis": "y", "angle": -22.5 },
			"faces": {
				"down": { "uv": [ 14, 0.25, 14.25, 1 ], "texture": "#texture" },
				"up": { "uv": [ 13.75, 0.25, 14, 1 ], "texture": "#texture" },
				"north": { "uv": [ 13.75, 1, 14, 1.5 ], "texture": "#texture" },
				"south": { "uv": [ 14, 1, 14.25, 1.5 ], "texture": "#texture" },
				"west": { "uv": [ 13, 1, 13.75, 1.5 ], "texture": "#texture" },
				"east": { "uv": [ 14.25, 1, 15, 1.5 ], "texture": "#texture" }
			}
		},
		{
			"from": [ 2.6, 1.8, 0.4 ],
			"to": [ 13.4, 9.3, 6.1 ],
			"rotation": { "origin": [ 2.6, 9.3, 0.4 ], "axis": "x", "angle": -22.5 },
			"faces": {
				"down": { "uv": [ 6, 0, 8.5, 1.75 ], "texture": "#texture" },
				"up": { "uv": [ 6, 0, 8.25, 1.75 ], "texture": "#texture", "rotation": 90 },
				"north": { "uv": [ 4.5, 4.75, 6.75, 6.5 ], "texture": "#texture" },
				"south": { "uv": [ 6, 2.5, 7.5, 4.25 ], "texture": "#texture" },
				"west": { "uv": [ 4.5, 4.25, 5.75, 6 ], "texture": "#texture" },
				"east": { "uv": [ 5.75, 3, 7.25, 4.75 ], "texture": "#texture" }
			}
		},
		{
			"from": [ -2.2, 0, 8.2 ],
			"to": [ -1.3, 0.9, 9.1 ],
			"rotation": { "origin": [ -2.2, 0, 8.2 ], "axis": "y", "angle": -22.5 },
			"faces": {
				"down": { "uv": [ 14.25, 6.25, 14.5, 6.5 ], "texture": "#texture" },
				"up": { "uv": [ 14.25, 6.25, 14.5, 6.5 ], "texture": "#texture" },
				"north": { "uv": [ 13.75, 1, 14, 1.5 ], "texture": "#texture" },
				"south": { "uv": [ 14.25, 6.25, 14.5, 6.5 ], "texture": "#texture" },
				"west": { "uv": [ 14, 6.25, 14.25, 6.5 ], "texture": "#texture" },
				"east": { "uv": [ 14, 6.25, 14.25, 6.5 ], "texture": "#texture" }
			}
		},
		{
			"from": [ -0.7, 0, 8.8 ],
			"to": [ 0.2, 0.9, 9.7 ],
			"rotation": { "origin": [ -0.7, 0, 8.8 ], "axis": "y", "angle": -22.5 },
			"faces": {
				"down": { "uv": [ 14.25, 6.25, 14.5, 6.5 ], "texture": "#texture" },
				"up": { "uv": [ 14.25, 6.25, 14.5, 6.5 ], "texture": "#texture" },
				"north": { "uv": [ 13.75, 1, 14, 1.5 ], "texture": "#texture" },
				"south": { "uv": [ 14.25, 6.25, 14.5, 6.5 ], "texture": "#texture" },
				"west": { "uv": [ 14, 6.25, 14.25, 6.5 ], "texture": "#texture" },
				"east": { "uv": [ 14, 6.25, 14.25, 6.5 ], "texture": "#texture" }
			}
		},
		{
			"from": [ 0.8, 0, 9.4 ],
			"to": [ 1.7, 0.9, 10.3 ],
			"rotation": { "origin": [ 0.8, 0, 9.4 ], "axis": "y", "angle": -22.5 },
			"faces": {
				"down": { "uv": [ 14.25, 6.25, 14.5, 6.5 ], "texture": "#texture" },
				"up": { "uv": [ 14.25, 6.25, 14.5, 6.5 ], "texture": "#texture" },
				"north": { "uv": [ 13.75, 1, 14, 1.5 ], "texture": "#texture" },
				"south": { "uv": [ 14.25, 6.25, 14.5, 6.5 ], "texture": "#texture" },
				"west": { "uv": [ 14, 6.25, 14.25, 6.5 ], "texture": "#texture" },
				"east": { "uv": [ 14, 6.25, 14.25, 6.5 ], "texture": "#texture" }
			}
		},
		{
			"from": [ 12.5, 0, 9.099999 ],
			"to": [ 13.4, 0.9, 9.999999 ],
			"faces": {
				"down": { "uv": [ 14.25, 6.25, 14.5, 6.5 ], "texture": "#texture" },
				"up": { "uv": [ 14.25, 6.25, 14.5, 6.5 ], "texture": "#texture" },
				"north": { "uv": [ 13.75, 1, 14, 1.5 ], "texture": "#texture" },
				"south": { "uv": [ 14.25, 6.25, 14.5, 6.5 ], "texture": "#texture" },
				"west": { "uv": [ 14, 6.25, 14.25, 6.5 ], "texture": "#texture" },
				"east": { "uv": [ 14, 6.25, 14.25, 6.5 ], "texture": "#texture" }
			}
		},
		{
			"from": [ 13.7, 0, 9.099999 ],
			"to": [ 14.6, 0.9, 9.999999 ],
			"faces": {
				"down": { "uv": [ 14.25, 6.25, 14.5, 6.5 ], "texture": "#texture" },
				"up": { "uv": [ 14.25, 6.25, 14.5, 6.5 ], "texture": "#texture" },
				"north": { "uv": [ 13.75, 1, 14, 1.5 ], "texture": "#texture" },
				"south": { "uv": [ 14.25, 6.25, 14.5, 6.5 ], "texture": "#texture" },
				"west": { "uv": [ 14, 6.25, 14.25, 6.5 ], "texture": "#texture" },
				"east": { "uv": [ 14, 6.25, 14.25, 6.5 ], "texture": "#texture" }
			}
		},
		{
			"from": [ 14.9, 0, 9.099999 ],
			"to": [ 15.8, 0.9, 9.999999 ],
			"faces": {
				"down": { "uv": [ 14.25, 6.25, 14.5, 6.5 ], "texture": "#texture" },
				"up": { "uv": [ 14.25, 6.25, 14.5, 6.5 ], "texture": "#texture" },
				"north": { "uv": [ 13.75, 1, 14, 1.5 ], "texture": "#texture" },
				"south": { "uv": [ 14.25, 6.25, 14.5, 6.5 ], "texture": "#texture" },
				"west": { "uv": [ 14, 6.25, 14.25, 6.5 ], "texture": "#texture" },
				"east": { "uv": [ 14, 6.25, 14.25, 6.5 ], "texture": "#texture" }
			}
		},
		{
			"from": [ -1.6, 0, 19.9 ],
			"to": [ -0.6999999, 0.9, 20.8 ],
			"rotation": { "origin": [ -1.6, 0, 19.9 ], "axis": "y", "angle": -22.5 },
			"faces": {
				"down": { "uv": [ 14.25, 6.25, 14.5, 6.5 ], "texture": "#texture" },
				"up": { "uv": [ 14.25, 6.25, 14.5, 6.5 ], "texture": "#texture" },
				"north": { "uv": [ 13.75, 1, 14, 1.5 ], "texture": "#texture" },
				"south": { "uv": [ 14.25, 6.25, 14.5, 6.5 ], "texture": "#texture" },
				"west": { "uv": [ 14, 6.25, 14.25, 6.5 ], "texture": "#texture" },
				"east": { "uv": [ 14, 6.25, 14.25, 6.5 ], "texture": "#texture" }
			}
		},
		{
			"from": [ -0.4, 0, 20.2 ],
			"to": [ 0.5, 0.9, 21.1 ],
			"rotation": { "origin": [ -0.4, 0, 20.2 ], "axis": "y", "angle": -22.5 },
			"faces": {
				"down": { "uv": [ 14.25, 6.25, 14.5, 6.5 ], "texture": "#texture" },
				"up": { "uv": [ 14.25, 6.25, 14.5, 6.5 ], "texture": "#texture" },
				"north": { "uv": [ 13.75, 1, 14, 1.5 ], "texture": "#texture" },
				"south": { "uv": [ 14.25, 6.25, 14.5, 6.5 ], "texture": "#texture" },
				"west": { "uv": [ 14, 6.25, 14.25, 6.5 ], "texture": "#texture" },
				"east": { "uv": [ 14, 6.25, 14.25, 6.5 ], "texture": "#texture" }
			}
		},
		{
			"from": [ 0.8, 0, 20.5 ],
			"to": [ 1.7, 0.9, 21.4 ],
			"rotation": { "origin": [ 0.8, 0, 20.5 ], "axis": "y", "angle": -22.5 },
			"faces": {
				"down": { "uv": [ 14.25, 6.25, 14.5, 6.5 ], "texture": "#texture" },
				"up": { "uv": [ 14.25, 6.25, 14.5, 6.5 ], "texture": "#texture" },
				"north": { "uv": [ 13.75, 1, 14, 1.5 ], "texture": "#texture" },
				"south": { "uv": [ 14.25, 6.25, 14.5, 6.5 ], "texture": "#texture" },
				"west": { "uv": [ 14, 6.25, 14.25, 6.5 ], "texture": "#texture" },
				"east": { "uv": [ 14, 6.25, 14.25, 6.5 ], "texture": "#texture" }
			}
		},
		{
			"from": [ -11.5, 8.325, 5.8 ],
			"to": [ -2.8, 8.4, 13 ],
			"rotation": { "origin": [ -11.5, 8.4, 5.8 ], "axis": "z", "angle": 22.5 },
			"faces": {
				"down": { "uv": [ 3.5, 0.5, 0, 4.25 ], "texture": "#ivyasaur_detailing", "rotation": 180 },
				"up": { "uv": [ 0, 0.5, 3.5, 4.25 ], "texture": "#ivyasaur_detailing" }
			}
		},
		{
			"from": [ -3.7, 11.625, 5.8 ],
			"to": [ 5, 11.7, 13 ],
			"faces": {
				"down": { "uv": [ 3.25, 4.25, 6.5, 0.5 ], "texture": "#ivyasaur_detailing" },
				"up": { "uv": [ 3.25, 0.5, 6.5, 4.25 ], "texture": "#ivyasaur_detailing" }
			}
		},
		{
			"from": [ 11, 11.625, 5.8 ],
			"to": [ 19.7, 11.7, 13 ],
			"faces": {
				"down": { "uv": [ 6.5, 0.5, 3.25, 4.25 ], "texture": "#ivyasaur_detailing", "rotation": 180 },
				"up": { "uv": [ 6.5, 0.5, 3.25, 4.25 ], "texture": "#ivyasaur_detailing" }
			}
		},
		{
			"from": [ 19.6538, 11.625, 5.8 ],
			"to": [ 28.3538, 11.7, 13 ],
			"rotation": { "origin": [ 19.6538, 11.7, 5.8 ], "axis": "z", "angle": -22.5 },
			"faces": {
				"down": { "uv": [ 3.5, 4.25, 0, 0.5 ], "texture": "#ivyasaur_detailing" },
				"up": { "uv": [ 3.5, 0.5, 0, 4.25 ], "texture": "#ivyasaur_detailing" }
			}
		},
		{
			"from": [ 4.4, 11.625, -3.2 ],
			"to": [ 11.6, 11.7, 6.400001 ],
			"faces": {
				"down": { "uv": [ 3.25, 4.25, 6.5, 0.5 ], "texture": "#ivyasaur_detailing", "rotation": 270 },
				"up": { "uv": [ 3.25, 0.5, 6.5, 4.25 ], "texture": "#ivyasaur_detailing", "rotation": 90 }
			}
		},
		{
			"from": [ 4.4, 8.025, -11.9 ],
			"to": [ 11.6, 8.1, -2.3 ],
			"rotation": { "origin": [ 4.4, 8.1, -11.9 ], "axis": "x", "angle": -22.5 },
			"faces": {
				"down": { "uv": [ 0, 4.25, 3.5, 0.5 ], "texture": "#ivyasaur_detailing", "rotation": 270 },
				"up": { "uv": [ 0, 0.5, 3.5, 4.25 ], "texture": "#ivyasaur_detailing", "rotation": 90 }
			}
		},
		{
			"from": [ 1.025, 4.2, 21.1 ],
			"to": [ 6.425, 12.6, 22 ],
			"rotation": { "origin": [ 1.025, 4.2, 21.1 ], "axis": "y", "angle": -22.5 },
			"faces": {
				"down": { "uv": [ 4, 11, 6, 11.25 ], "texture": "#texture" },
				"up": { "uv": [ 5.75, 10.5, 7.75, 10.75 ], "texture": "#texture" },
				"north": { "uv": [ 4, 11.75, 6, 13.75 ], "texture": "#texture" },
				"south": { "uv": [ 9.75, 7, 12, 11 ], "texture": "#texture" },
				"west": { "uv": [ 11.75, 7, 12, 11 ], "texture": "#texture" },
				"east": { "uv": [ 11.75, 7, 12, 11 ], "texture": "#texture" }
			}
		},
		{
			"from": [ 9.8, 4.2, 23.125 ],
			"to": [ 15.8, 12.6, 24.025 ],
			"rotation": { "origin": [ 9.8, 4.2, 23.125 ], "axis": "y", "angle": 22.5 },
			"faces": {
				"down": { "uv": [ 4, 10.25, 6, 10.5 ], "texture": "#texture" },
				"up": { "uv": [ 5.75, 10.5, 7.75, 10.75 ], "texture": "#texture" },
				"north": { "uv": [ 4, 11.75, 6, 13.75 ], "texture": "#texture" },
				"south": { "uv": [ 13.75, 7, 16, 11 ], "texture": "#texture" },
				"west": { "uv": [ 13.5, 7, 13.75, 11 ], "texture": "#texture" },
				"east": { "uv": [ 13.5, 7, 13.75, 11 ], "texture": "#texture" }
			}
		},
		{
			"from": [ 1.1, 4.2, 15.7 ],
			"to": [ 15.5, 12.6, 21.7 ],
			"faces": {
				"down": { "uv": [ 6, 4.25, 8.25, 5.5 ], "texture": "#texture" },
				"up": { "uv": [ 3.75, 4.25, 6, 5.5 ], "texture": "#texture" },
				"north": { "uv": [ 3.75, 5.5, 6, 7.5 ], "texture": "#texture" },
				"south": { "uv": [ 6, 5.5, 8.25, 7.5 ], "texture": "#texture" },
				"west": { "uv": [ 2.5, 5.5, 3.75, 7.5 ], "texture": "#texture" },
				"east": { "uv": [ 8.25, 5.5, 9.5, 7.5 ], "texture": "#texture" }
			}
		},
		{
			"from": [ 17.3, 0, 20.125 ],
			"to": [ 18.2, 0.9, 21.025 ],
			"rotation": { "origin": [ 17.3, 0, 20.125 ], "axis": "y", "angle": 22.5 },
			"faces": {
				"down": { "uv": [ 14.25, 6.25, 14.5, 6.5 ], "texture": "#texture" },
				"up": { "uv": [ 14.25, 6.25, 14.5, 6.5 ], "texture": "#texture" },
				"north": { "uv": [ 13.75, 1, 14, 1.5 ], "texture": "#texture" },
				"south": { "uv": [ 14.25, 6.25, 14.5, 6.5 ], "texture": "#texture" },
				"west": { "uv": [ 14, 6.25, 14.25, 6.5 ], "texture": "#texture" },
				"east": { "uv": [ 14, 6.25, 14.25, 6.5 ], "texture": "#texture" }
			}
		},
		{
			"from": [ 14.9, 0, 20.8 ],
			"to": [ 15.8, 0.9, 21.7 ],
			"rotation": { "origin": [ 14.9, 0, 20.8 ], "axis": "y", "angle": 22.5 },
			"faces": {
				"down": { "uv": [ 14.25, 6.25, 14.5, 6.5 ], "texture": "#texture" },
				"up": { "uv": [ 14.25, 6.25, 14.5, 6.5 ], "texture": "#texture" },
				"north": { "uv": [ 13.75, 1, 14, 1.5 ], "texture": "#texture" },
				"south": { "uv": [ 14.25, 6.25, 14.5, 6.5 ], "texture": "#texture" },
				"west": { "uv": [ 14, 6.25, 14.25, 6.5 ], "texture": "#texture" },
				"east": { "uv": [ 14, 6.25, 14.25, 6.5 ], "texture": "#texture" }
			}
		},
		{
			"from": [ 16.1, 0, 20.5 ],
			"to": [ 17, 0.9, 21.4 ],
			"rotation": { "origin": [ 16.1, 0, 20.5 ], "axis": "y", "angle": 22.5 },
			"faces": {
				"down": { "uv": [ 14.25, 6.25, 14.5, 6.5 ], "texture": "#texture" },
				"up": { "uv": [ 14.25, 6.25, 14.5, 6.5 ], "texture": "#texture" },
				"north": { "uv": [ 13.75, 1, 14, 1.5 ], "texture": "#texture" },
				"south": { "uv": [ 14.25, 6.25, 14.5, 6.5 ], "texture": "#texture" },
				"west": { "uv": [ 14, 6.25, 14.25, 6.5 ], "texture": "#texture" },
				"east": { "uv": [ 14, 6.25, 14.25, 6.5 ], "texture": "#texture" }
			}
		},
		{
			"from": [ 2.6, 4.2, 21.1 ],
			"to": [ 13.1, 12.6, 22.6 ],
			"faces": {
				"down": { "uv": [ 6, 4.25, 8.25, 5.5 ], "texture": "#texture" },
				"up": { "uv": [ 3.75, 4.25, 6, 5.5 ], "texture": "#texture" },
				"north": { "uv": [ 3.75, 5.5, 6, 7.5 ], "texture": "#texture" },
				"south": { "uv": [ 6, 5.5, 8.25, 7.5 ], "texture": "#texture" },
				"west": { "uv": [ 2.5, 5.5, 3.75, 7.5 ], "texture": "#texture" },
				"east": { "uv": [ 8.25, 5.5, 9.5, 7.5 ], "texture": "#texture" }
			}
		},
		{
			"from": [ 4.7, 4.2, 22.6 ],
			"to": [ 11.6, 12.6, 23.2 ],
			"faces": {
				"down": { "uv": [ 6, 4.25, 8.25, 5.5 ], "texture": "#texture" },
				"up": { "uv": [ 3.75, 4.25, 6, 5.5 ], "texture": "#texture" },
				"north": { "uv": [ 3.75, 5.5, 6, 7.5 ], "texture": "#texture" },
				"south": { "uv": [ 6, 5.5, 8.25, 7.5 ], "texture": "#texture" },
				"west": { "uv": [ 2.5, 5.5, 3.75, 7.5 ], "texture": "#texture" },
				"east": { "uv": [ 8.25, 5.5, 9.5, 7.5 ], "texture": "#texture" }
			}
		},
		{
			"from": [ 4.7, 10.725, 10.9 ],
			"to": [ 11.9, 10.8, 20.5 ],
			"rotation": { "origin": [ 4.7, 10.8, 10.9 ], "axis": "x", "angle": -22.5 },
			"faces": {
				"down": { "uv": [ 6.5, 4.25, 3.25, 0.5 ], "texture": "#ivyasaur_detailing", "rotation": 270 },
				"up": { "uv": [ 6.5, 0.5, 3.25, 4.25 ], "texture": "#ivyasaur_detailing", "rotation": 90 }
			}
		},
		{
			"from": [ 4.7, 14.325, 19.6 ],
			"to": [ 11.9, 14.4, 29.2 ],
			"faces": {
				"down": { "uv": [ 3.5, 4.25, 0, 0.5 ], "texture": "#ivyasaur_detailing", "rotation": 270 },
				"up": { "uv": [ 3.5, 0.5, 0, 4.25 ], "texture": "#ivyasaur_detailing", "rotation": 90 }
			}
		},
		{
			"from": [ 5.25, 17, 7.25 ],
			"to": [ 11, 19.25, 13.25 ],
			"faces": {
				"down": { "uv": [ 0.25, 6.25, 1.25, 7.25 ], "texture": "#texture" },
				"up": { "uv": [ 0.5, 5.5, 1.5, 6.5 ], "texture": "#texture" },
				"north": { "uv": [ 0.75, 6.25, 1.75, 7 ], "texture": "#texture" },
				"south": { "uv": [ 0.5, 5.25, 1.5, 6 ], "texture": "#texture" },
				"west": { "uv": [ 0.25, 5.25, 1.25, 6 ], "texture": "#texture" },
				"east": { "uv": [ 0.5, 6.25, 1.5, 7 ], "texture": "#texture" }
			}
		},
		{
			"from": [ 5.6, 4.2, 23.05 ],
			"to": [ 10.1, 12.6, 23.95 ],
			"faces": {
				"down": { "uv": [ 4, 11, 6, 11.25 ], "texture": "#texture" },
				"up": { "uv": [ 5.75, 10.5, 7.75, 10.75 ], "texture": "#texture" },
				"north": { "uv": [ 4, 11.75, 6, 13.75 ], "texture": "#texture" },
				"south": { "uv": [ 11.75, 7, 13.75, 11 ], "texture": "#texture" },
				"west": { "uv": [ 5.25, 11.75, 6, 13.75 ], "texture": "#texture" },
				"east": { "uv": [ 8, 11.75, 8.75, 13.75 ], "texture": "#texture" }
			}
		},
		{
			"from": [ -0.09999999, 0, 16 ],
			"to": [ 3.5, 4.2, 20.2 ],
			"rotation": { "origin": [ -0.1, 0, 16 ], "axis": "y", "angle": -22.5 },
			"faces": {
				"down": { "uv": [ 14, 4, 14.5, 4.75 ], "texture": "#texture" },
				"up": { "uv": [ 13.5, 4, 14, 4.75 ], "texture": "#texture" },
				"north": { "uv": [ 12.75, 2.5, 13.5, 3.75 ], "texture": "#texture" },
				"south": { "uv": [ 4.25, 2.25, 5.75, 4 ], "texture": "#texture" },
				"west": { "uv": [ 7, 4, 8, 2.5 ], "texture": "#texture" },
				"east": { "uv": [ 7, 4, 8, 2.5 ], "texture": "#texture" }
			}
		},
		{
			"from": [ 3.5, 2.1, 6.1 ],
			"to": [ 12.5, 3, 15.7 ],
			"faces": {
				"down": { "uv": [ 6, 0, 8.5, 2.5 ], "texture": "#texture" },
				"up": { "uv": [ 6, 0, 3.5, 2.5 ], "texture": "#texture", "rotation": 90 },
				"north": { "uv": [ 6, 2.5, 8.5, 2.75 ], "texture": "#texture" },
				"south": { "uv": [ 6, 2.5, 8.5, 2.75 ], "texture": "#texture" },
				"west": { "uv": [ 8.5, 2.5, 11, 2.75 ], "texture": "#texture" },
				"east": { "uv": [ 8.5, 2.5, 11, 2.75 ], "texture": "#texture" }
			}
		},
		{
			"from": [ 12.2, 0, 3.7 ],
			"to": [ 15.8, 6, 9.1 ],
			"faces": {
				"down": { "uv": [ 14, 1.5, 14.75, 2.5 ], "texture": "#texture" },
				"up": { "uv": [ 13.25, 1.5, 14, 2.5 ], "texture": "#texture" },
				"north": { "uv": [ 12.25, 3.75, 13, 2.5 ], "texture": "#texture" },
				"south": { "uv": [ 10.75, 4.75, 11.25, 6 ], "texture": "#texture" },
				"west": { "uv": [ 12.25, 2.5, 13.25, 3.75 ], "texture": "#texture" },
				"east": { "uv": [ 14.75, 2.5, 15.75, 3.75 ], "texture": "#texture" }
			}
		},
		{
			"from": [ 14, 6, 4.3 ],
			"to": [ 15.2, 9, 8.5 ],
			"faces": {
				"down": { "uv": [ 14, 0.25, 14.25, 1 ], "texture": "#texture" },
				"up": { "uv": [ 13.75, 0.25, 14, 1 ], "texture": "#texture" },
				"north": { "uv": [ 13.75, 1, 14, 1.5 ], "texture": "#texture" },
				"south": { "uv": [ 14, 1, 14.25, 1.5 ], "texture": "#texture" },
				"west": { "uv": [ 13, 1, 13.75, 1.5 ], "texture": "#texture" },
				"east": { "uv": [ 14.25, 1, 15, 1.5 ], "texture": "#texture" }
			}
		},
		{
			"from": [ -0.4, 10.2, 17.5 ],
			"to": [ 2.3, 12.3, 19.3 ],
			"rotation": { "origin": [ -0.4, 12.3, 17.5 ], "axis": "z", "angle": 45 },
			"faces": {
				"down": { "uv": [ 1.25, 11.25, 1.5, 11.75 ], "texture": "#texture" },
				"up": { "uv": [ 1.5, 11.25, 1.75, 11.75 ], "texture": "#texture" },
				"north": { "uv": [ 1.5, 11.75, 1.75, 12.5 ], "texture": "#texture" },
				"south": { "uv": [ 1.25, 14, 2, 14.5 ], "texture": "#texture" },
				"west": { "uv": [ 0.75, 11.75, 1.25, 12.5 ], "texture": "#texture" },
				"east": { "uv": [ 1.75, 11.75, 2.25, 12.5 ], "texture": "#texture" }
			}
		},
		{
			"from": [ -0.625, 12.45, 17.5 ],
			"to": [ 0.575, 13.65, 19.3 ],
			"rotation": { "origin": [ -0.625, 13.65, 17.5 ], "axis": "z", "angle": 45 },
			"faces": {
				"down": { "uv": [ 1.25, 11.25, 1.5, 11.75 ], "texture": "#texture" },
				"up": { "uv": [ 1.5, 11.25, 1.75, 11.75 ], "texture": "#texture" },
				"north": { "uv": [ 1.5, 11.75, 1.75, 12.5 ], "texture": "#texture" },
				"south": { "uv": [ 1.25, 11.75, 1.5, 12.5 ], "texture": "#texture" },
				"west": { "uv": [ 0.75, 11.75, 1.25, 12.5 ], "texture": "#texture" },
				"east": { "uv": [ 1.75, 11.75, 2.25, 12.5 ], "texture": "#texture" }
			}
		},
		{
			"from": [ 15.2, 12, 17.5 ],
			"to": [ 17.9, 14.1, 19.3 ],
			"rotation": { "origin": [ 15.2, 14.1, 17.5 ], "axis": "z", "angle": -45 },
			"faces": {
				"down": { "uv": [ 1.25, 11.25, 1.5, 11.75 ], "texture": "#texture" },
				"up": { "uv": [ 1.5, 11.25, 1.75, 11.75 ], "texture": "#texture" },
				"north": { "uv": [ 1.5, 11.75, 1.75, 12.5 ], "texture": "#texture" },
				"south": { "uv": [ 1.25, 14, 2, 14.5 ], "texture": "#texture" },
				"west": { "uv": [ 0.75, 11.75, 1.25, 12.5 ], "texture": "#texture" },
				"east": { "uv": [ 1.75, 11.75, 2.25, 12.5 ], "texture": "#texture" }
			}
		},
		{
			"from": [ 16.625, 13.125, 17.5 ],
			"to": [ 17.825, 14.325, 19.3 ],
			"rotation": { "origin": [ 16.625, 14.325, 17.5 ], "axis": "z", "angle": -45 },
			"faces": {
				"down": { "uv": [ 1.25, 11.25, 1.5, 11.75 ], "texture": "#texture" },
				"up": { "uv": [ 1.5, 11.25, 1.75, 11.75 ], "texture": "#texture" },
				"north": { "uv": [ 1.5, 11.75, 1.75, 12.5 ], "texture": "#texture" },
				"south": { "uv": [ 1.25, 11.75, 1.5, 12.5 ], "texture": "#texture" },
				"west": { "uv": [ 0.75, 11.75, 1.25, 12.5 ], "texture": "#texture" },
				"east": { "uv": [ 1.75, 11.75, 2.25, 12.5 ], "texture": "#texture" }
			}
		},
		{
			"from": [ 4.75, 10.25, 6.5 ],
			"to": [ 11.5, 16.25, 14 ],
			"faces": {
				"down": { "uv": [ 12.5, 13.25, 13.75, 14.5 ], "texture": "#texture" },
				"up": { "uv": [ 12.5, 13.25, 13.75, 14.5 ], "texture": "#texture" },
				"north": { "uv": [ 12.5, 15, 13.75, 16 ], "texture": "#texture" },
				"south": { "uv": [ 12.5, 15, 13.75, 16 ], "texture": "#texture" },
				"west": { "uv": [ 14.25, 15, 15.5, 16 ], "texture": "#texture" },
				"east": { "uv": [ 14.25, 15, 15.5, 16 ], "texture": "#texture" }
			}
		},
		{
			"from": [ 5.25, 19.25, 7.25 ],
			"to": [ 5.3125, 20.5, 9 ],
			"faces": {
				"west": { "uv": [ 0.5, 5.25, 1.5, 5.75 ], "texture": "#texture" },
				"east": { "uv": [ 0.5, 5.25, 1.5, 5.75 ], "texture": "#texture" }
			}
		},
		{
			"from": [ 5.25, 19.25, 11.75 ],
			"to": [ 5.3125, 20.5, 13.25 ],
			"faces": {
				"west": { "uv": [ 0.75, 6.25, 1.75, 6.75 ], "texture": "#texture" },
				"east": { "uv": [ 0.75, 6.25, 1.75, 6.75 ], "texture": "#texture" }
			}
		},
		{
			"from": [ 5.25, 19.25, 9.5 ],
			"to": [ 5.3125, 20.5, 11.25 ],
			"faces": {
				"west": { "uv": [ 0.5, 5.5, 1.25, 6 ], "texture": "#texture" },
				"east": { "uv": [ 0.5, 5.5, 1.25, 6 ], "texture": "#texture" }
			}
		},
		{
			"from": [ 11, 19.25, 11.75 ],
			"to": [ 11.0625, 20.5, 13.25 ],
			"faces": {
				"west": { "uv": [ 0.75, 6.25, 1.75, 6.75 ], "texture": "#texture" },
				"east": { "uv": [ 0.75, 6.25, 1.75, 6.75 ], "texture": "#texture" }
			}
		},
		{
			"from": [ 11, 19.25, 7.25 ],
			"to": [ 11.0625, 20.5, 9 ],
			"faces": {
				"west": { "uv": [ 0.5, 5.5, 1.25, 6 ], "texture": "#texture" },
				"east": { "uv": [ 0.5, 5.5, 1.25, 6 ], "texture": "#texture" }
			}
		},
		{
			"from": [ 11, 19.25, 9.5 ],
			"to": [ 11.0625, 20.5, 11.25 ],
			"faces": {
				"west": { "uv": [ 0.5, 5.5, 1.25, 6 ], "texture": "#texture" },
				"east": { "uv": [ 0.5, 5.5, 1.25, 6 ], "texture": "#texture" }
			}
		},
		{
			"from": [ 6, 19.25, 13.25 ],
			"to": [ 7.75, 20.5, 13.3125 ],
			"faces": {
				"north": { "uv": [ 0.25, 5.25, 1.5, 6.25 ], "texture": "#texture" },
				"south": { "uv": [ 0.5, 5.25, 1.5, 6 ], "texture": "#texture" }
			}
		},
		{
			"from": [ 8.5, 19.25, 13.25 ],
			"to": [ 10.25, 20.5, 13.3125 ],
			"faces": {
				"north": { "uv": [ 0.25, 5.25, 1.5, 6.25 ], "texture": "#texture" },
				"south": { "uv": [ 0.5, 5.25, 1.5, 6 ], "texture": "#texture" }
			}
		},
		{
			"from": [ 8.5, 19.25, 7.25 ],
			"to": [ 10.25, 20.5, 7.3125 ],
			"faces": {
				"north": { "uv": [ 0.25, 5.25, 1.5, 6.25 ], "texture": "#texture" },
				"south": { "uv": [ 0.5, 5.25, 1.5, 6 ], "texture": "#texture" }
			}
		},
		{
			"from": [ 6, 19.25, 7.25 ],
			"to": [ 7.75, 20.5, 7.3125 ],
			"faces": {
				"north": { "uv": [ 0.25, 5.25, 1.5, 6.25 ], "texture": "#texture" },
				"south": { "uv": [ 0.5, 5.25, 1.5, 6 ], "texture": "#texture" }
			}
		},
		{
			"from": [ 13.4, 0, 17.2 ],
			"to": [ 17, 4.2, 21.4 ],
			"rotation": { "origin": [ 13.4, 0, 17.2 ], "axis": "y", "angle": 22.5 },
			"faces": {
				"down": { "uv": [ 14, 4, 14.5, 4.75 ], "texture": "#texture" },
				"up": { "uv": [ 13.5, 4, 14, 4.75 ], "texture": "#texture" },
				"north": { "uv": [ 12.75, 2.5, 13.5, 3.75 ], "texture": "#texture" },
				"south": { "uv": [ 4.5, 2.25, 6, 4 ], "texture": "#texture" },
				"west": { "uv": [ 7, 4, 8, 2.5 ], "texture": "#texture" },
				"east": { "uv": [ 7, 4, 8, 2.5 ], "texture": "#texture" }
			}
		},
		{
			"from": [ 13.1, 1.8, 13.9 ],
			"to": [ 16.7, 6.3, 19 ],
			"rotation": { "origin": [ 13.1, 6.3, 13.9 ], "axis": "x", "angle": -22.5 },
			"faces": {
				"down": { "uv": [ 14, 4, 14.5, 4.75 ], "texture": "#texture" },
				"up": { "uv": [ 13.5, 4, 14, 4.75 ], "texture": "#texture" },
				"north": { "uv": [ 6, 3.5, 7.25, 5 ], "texture": "#texture" },
				"south": { "uv": [ 6, 3.5, 7.25, 5 ], "texture": "#texture" },
				"west": { "uv": [ 4.25, 4.25, 5.5, 5.75 ], "texture": "#texture" },
				"east": { "uv": [ 4.25, 4.25, 5.5, 5.75 ], "texture": "#texture" }
			}
		},
		{
			"from": [ 4.5, 16.25, -5 ],
			"to": [ 12, 16.3125, 2 ],
			"rotation": { "origin": [ 4.5, 16.3125, -5 ], "axis": "x", "angle": -22.5 },
			"faces": {
				"down": { "uv": [ 9.25, 6.25, 6.25, 10.75 ], "texture": "#ivyasaur_detailing", "rotation": 90 },
				"up": { "uv": [ 6.25, 6.25, 9.25, 10.75 ], "texture": "#ivyasaur_detailing", "rotation": 90 }
			}
		},
		{
			"from": [ 4.5, 18.9375, 1.5 ],
			"to": [ 12, 19, 8.5 ],
			"rotation": { "origin": [ 4.5, 19, 1.5 ], "axis": "x", "angle": 22.5 },
			"faces": {
				"down": { "uv": [ 12.25, 6.25, 9.25, 10.75 ], "texture": "#ivyasaur_detailing", "rotation": 90 },
				"up": { "uv": [ 9.25, 6.25, 12.25, 10.75 ], "texture": "#ivyasaur_detailing", "rotation": 90 }
			}
		},
		{
			"from": [ 4.5, 16.1962, 12.5 ],
			"to": [ 12, 16.2587, 19.5 ],
			"rotation": { "origin": [ 4.5, 16.2587, 12.5 ], "axis": "x", "angle": -22.5 },
			"faces": {
				"down": { "uv": [ 6, 6.25, 3, 10.75 ], "texture": "#ivyasaur_detailing", "rotation": 90 },
				"up": { "uv": [ 6, 6.25, 3, 10.75 ], "texture": "#ivyasaur_detailing", "rotation": 90 }
			}
		},
		{
			"from": [ 4.5, 18.875, 18.8364 ],
			"to": [ 12, 18.9375, 25.8364 ],
			"rotation": { "origin": [ 4.5, 18.9375, 18.8364 ], "axis": "x", "angle": 22.5 },
			"faces": {
				"down": { "uv": [ 0, 6.25, 3, 10.75 ], "texture": "#ivyasaur_detailing", "rotation": 90 },
				"up": { "uv": [ 3, 6.25, 0, 10.75 ], "texture": "#ivyasaur_detailing", "rotation": 90 }
			}
		},
		{
			"from": [ 16.75, 18.75, 6.75 ],
			"to": [ 23.5, 18.8125, 14.25 ],
			"rotation": { "origin": [ 16.75, 18.8125, 6.75 ], "axis": "z", "angle": -22.5 },
			"faces": {
				"down": { "uv": [ 9.25, 11, 6.25, 15.5 ], "texture": "#ivyasaur_detailing" },
				"up": { "uv": [ 6.25, 11, 9.25, 15.5 ], "texture": "#ivyasaur_detailing", "rotation": 180 }
			}
		},
		{
			"from": [ 10.5, 16.1875, 6.75 ],
			"to": [ 17.25, 16.25, 14.25 ],
			"rotation": { "origin": [ 10.5, 16.25, 6.75 ], "axis": "z", "angle": 22.5 },
			"faces": {
				"down": { "uv": [ 12.25, 11, 9.25, 15.5 ], "texture": "#ivyasaur_detailing" },
				"up": { "uv": [ 9.25, 11, 12.25, 15.5 ], "texture": "#ivyasaur_detailing", "rotation": 180 }
			}
		},
		{
			"from": [ -0.5, 18.9375, 6.75 ],
			"to": [ 6.25, 19, 14.25 ],
			"rotation": { "origin": [ -0.5, 19, 6.75 ], "axis": "z", "angle": -22.5 },
			"faces": {
				"down": { "uv": [ 3, 11, 6, 15.5 ], "texture": "#ivyasaur_detailing" },
				"up": { "uv": [ 6, 11, 3, 15.5 ], "texture": "#ivyasaur_detailing", "rotation": 180 }
			}
		},
		{
			"from": [ -6.75, 16.375, 6.75 ],
			"to": [ 0, 16.4375, 14.25 ],
			"rotation": { "origin": [ -6.75, 16.4375, 6.75 ], "axis": "z", "angle": 22.5 },
			"faces": {
				"down": { "uv": [ 0, 11, 3, 15.5 ], "texture": "#ivyasaur_detailing" },
				"up": { "uv": [ 3, 11, 0, 15.5 ], "texture": "#ivyasaur_detailing", "rotation": 180 }
			}
		},
		{
			"from": [ -1.5, 16.4375, 15 ],
			"to": [ 5.25, 16.5, 22.5 ],
			"rotation": { "origin": [ -1.5, 16.4375, 15 ], "axis": "y", "angle": 45 },
			"faces": {
				"down": { "uv": [ 9.25, 11, 12.25, 15.5 ], "texture": "#ivyasaur_detailing" },
				"up": { "uv": [ 12.25, 11, 9.25, 15.5 ], "texture": "#ivyasaur_detailing", "rotation": 180 }
			}
		},
		{
			"from": [ 7.75, 16.4375, 5.25 ],
			"to": [ 14.5, 16.5, 12.75 ],
			"rotation": { "origin": [ 7.75, 16.4375, 5.25 ], "axis": "y", "angle": 45 },
			"faces": {
				"down": { "uv": [ 12.25, 6.25, 9.25, 10.75 ], "texture": "#ivyasaur_detailing" },
				"up": { "uv": [ 9.25, 6.25, 12.25, 10.75 ], "texture": "#ivyasaur_detailing", "rotation": 180 }
			}
		},
		{
			"from": [ -6.25, 16.4375, 19.75 ],
			"to": [ 0.5, 16.5, 27.25 ],
			"rotation": { "origin": [ -6.25, 16.4375, 19.75 ], "axis": "y", "angle": 45 },
			"faces": {
				"down": { "uv": [ 0.25, 6.25, 3.25, 10.75 ], "texture": "#ivyasaur_detailing" },
				"up": { "uv": [ 3.25, 6.25, 0.25, 10.75 ], "texture": "#ivyasaur_detailing", "rotation": 180 }
			}
		},
		{
			"from": [ 12.5, 16.4375, 0.5 ],
			"to": [ 19.25, 16.5, 8 ],
			"rotation": { "origin": [ 12.5, 16.4375, 0.5 ], "axis": "y", "angle": 45 },
			"faces": {
				"down": { "uv": [ 9.25, 6.25, 6.25, 10.75 ], "texture": "#ivyasaur_detailing" },
				"up": { "uv": [ 6.25, 6.25, 9.25, 10.75 ], "texture": "#ivyasaur_detailing", "rotation": 180 }
			}
		},
		{
			"from": [ 13.25, 16.4375, 10 ],
			"to": [ 20, 16.5, 17.5 ],
			"rotation": { "origin": [ 13.25, 16.4375, 10 ], "axis": "y", "angle": -45 },
			"faces": {
				"down": { "uv": [ 16, 0, 13, 4.5 ], "texture": "#ivyasaur_detailing" },
				"up": { "uv": [ 13, 0, 16, 4.5 ], "texture": "#ivyasaur_detailing", "rotation": 180 }
			}
		},
		{
			"from": [ 3.75, 16.4375, 0.5 ],
			"to": [ 10.5, 16.5, 8 ],
			"rotation": { "origin": [ 3.75, 16.4375, 0.5 ], "axis": "y", "angle": -45 },
			"faces": {
				"down": { "uv": [ 3, 6.25, 6, 10.75 ], "texture": "#ivyasaur_detailing" },
				"up": { "uv": [ 6, 6.25, 3, 10.75 ], "texture": "#ivyasaur_detailing", "rotation": 180 }
			}
		},
		{
			"from": [ 18, 16.4375, 14.75 ],
			"to": [ 24.75, 16.5, 22.25 ],
			"rotation": { "origin": [ 18, 16.4375, 14.75 ], "axis": "y", "angle": -45 },
			"faces": {
				"down": { "uv": [ 13, 0, 10, 4.5 ], "texture": "#ivyasaur_detailing" },
				"up": { "uv": [ 10, 0, 13, 4.5 ], "texture": "#ivyasaur_detailing", "rotation": 180 }
			}
		},
		{
			"from": [ -1, 16.4375, -4.25 ],
			"to": [ 5.75, 16.5, 3.25 ],
			"rotation": { "origin": [ -1, 16.4375, -4.25 ], "axis": "y", "angle": -45 },
			"faces": {
				"down": { "uv": [ 0, 6.25, 3, 10.75 ], "texture": "#ivyasaur_detailing" },
				"up": { "uv": [ 3, 6.25, 0, 10.75 ], "texture": "#ivyasaur_detailing", "rotation": 180 }
			}
		}
	],
	"display": {
		"thirdperson_lefthand": {
			"rotation":  [ 70, 180, 0 ],
			"translation":  [ -5.565, -12.51, 2.7826 ],
			"scale":  [ 1.4, 1.4, 1.4 ]
		},
		"head": {
			"rotation":  [ 0, 180, 0 ],
			"translation":  [ 0, -26.35, 10 ],
			"scale":  [ 1.9, 2.4, 2 ]
		},
		"thirdperson_righthand": {
			"rotation":  [ 70, 180, 0 ],
			"translation":  [ -5.565, -12.51, 2.7826 ],
			"scale":  [ 1.4, 1.4, 1.4 ]
		},
		"firstperson_righthand": {
			"scale":  [ 0, 0, 0 ]
		},
		"firstperson_lefthand": {
			"scale":  [ 0, 0, 0 ]
		},
		"gui": {
			"scale":  [ 0, 0, 0 ]
		},
		"ground": {
			"scale":  [ 0, 0, 0 ]
		}
	}
}