{
	"__comment": "Designed by Ramonaskye with BDcraft Cubik PRO 0.96 Beta - http://bdcraft.net",
	"elements": [
		{
			"from": [ 3.5, 0, 6.5 ],
			"to": [ 6.5, 1, 10.5 ],
			"rotation": { "origin": [ 3.5, 0, 6.5 ], "axis": "y", "angle": -22.5 },
			"faces": {
				"down": { "uv": [ 12.5, 10.5, 9.5, 6.5 ], "texture": "#texture" },
				"up": { "uv": [ 3.5, 6.5, 6.5, 10.5 ], "texture": "#texture" },
				"north": { "uv": [ 9.5, 15, 12.5, 16 ], "texture": "#texture" },
				"south": { "uv": [ 3.5, 15, 6.5, 16 ], "texture": "#texture" },
				"west": { "uv": [ 6.5, 15, 10.5, 16 ], "texture": "#texture" },
				"east": { "uv": [ 5.5, 15, 9.5, 16 ], "texture": "#texture" }
			}
		},
		{
			"from": [ 3.5, 1, 6.5 ],
			"to": [ 6.5, 3, 9.5 ],
			"rotation": { "origin": [ 3.5, 1, 6.5 ], "axis": "y", "angle": -22.5 },
			"faces": {
				"down": { "uv": [ 12.5, 9.5, 9.5, 6.5 ], "texture": "#texture" },
				"up": { "uv": [ 3.5, 6.5, 6.5, 9.5 ], "texture": "#texture" },
				"north": { "uv": [ 9.5, 13, 12.5, 15 ], "texture": "#texture" },
				"south": { "uv": [ 3.5, 13, 6.5, 15 ], "texture": "#texture" },
				"west": { "uv": [ 6.5, 13, 9.5, 15 ], "texture": "#texture" },
				"east": { "uv": [ 6.5, 13, 9.5, 15 ], "texture": "#texture" }
			}
		},
		{
			"from": [ 3.5, 3.5, 7.0015 ],
			"to": [ 5.5, 7, 11.5015 ],
			"rotation": { "origin": [ 3.5, 7, 7 ], "axis": "x", "angle": 22.5 },
			"faces": {
				"down": { "uv": [ 12.5, 11.5, 10.5, 7 ], "texture": "#texture" },
				"up": { "uv": [ 3.5, 7, 5.5, 11.5 ], "texture": "#texture" },
				"north": { "uv": [ 10.5, 9, 12.5, 12.5 ], "texture": "#texture" },
				"south": { "uv": [ 3.5, 9, 5.5, 12.5 ], "texture": "#texture" },
				"west": { "uv": [ 7, 9, 11.5, 12.5 ], "texture": "#texture" },
				"east": { "uv": [ 4.5, 9, 9, 12.5 ], "texture": "#texture" }
			}
		},
		{
			"from": [ 5.5, 6.5, 6.5 ],
			"to": [ 12, 11.5, 11.5625 ],
			"faces": {
				"down": { "uv": [ 2.25, 6.75, 4.25, 8 ], "texture": "#charmander-detailing" },
				"up": { "uv": [ 3.75, 6.75, 5.75, 8 ], "texture": "#charmander-detailing" },
				"north": { "uv": [ 2.25, 8, 4, 9.25 ], "texture": "#charmander-detailing" },
				"south": { "uv": [ 3.75, 8, 5.75, 9.25 ], "texture": "#charmander-detailing" },
				"west": { "uv": [ 1, 8, 2.25, 9.25 ], "texture": "#charmander-detailing" },
				"east": { "uv": [ 5.75, 8, 7, 9.25 ], "texture": "#charmander-detailing" }
			}
		},
		{
			"from": [ 12, 3.5, 6.9659 ],
			"to": [ 14, 7, 11.46591 ],
			"rotation": { "origin": [ 12, 7, 6.96439 ], "axis": "x", "angle": 22.5 },
			"faces": {
				"down": { "uv": [ 4, 11.4644, 2, 6.96439 ], "texture": "#texture" },
				"up": { "uv": [ 12, 6.96439, 14, 11.4644 ], "texture": "#texture" },
				"north": { "uv": [ 2, 9, 4, 12.5 ], "texture": "#texture" },
				"south": { "uv": [ 12, 9, 14, 12.5 ], "texture": "#texture" },
				"west": { "uv": [ 6.96439, 9, 11.4644, 12.5 ], "texture": "#texture" },
				"east": { "uv": [ 4.53561, 9, 9.03561, 12.5 ], "texture": "#texture" }
			}
		},
		{
			"from": [ 6, 0, 2.9979 ],
			"to": [ 11.5, 4.5, 7.9979 ],
			"rotation": { "origin": [ 6, 4.5, 3 ], "axis": "x", "angle": -22.5 },
			"faces": {
				"down": { "uv": [ 11.25, 4.25, 12.75, 5.5 ], "texture": "#charmander-detailing" },
				"up": { "uv": [ 9.75, 4.25, 11.25, 5.5 ], "texture": "#charmander-detailing" },
				"north": { "uv": [ 11.25, 5.5, 12.75, 6.75 ], "texture": "#charmander-detailing" },
				"south": { "uv": [ 9.75, 5.5, 11.25, 6.75 ], "texture": "#charmander-detailing" },
				"west": { "uv": [ 8.5, 5.5, 9.75, 6.75 ], "texture": "#charmander-detailing" },
				"east": { "uv": [ 12.75, 5.5, 14, 6.75 ], "texture": "#charmander-detailing" }
			}
		},
		{
			"from": [ 7, 1.5, 1 ],
			"to": [ 10.5, 4.5, 5.5 ],
			"faces": {
				"down": { "uv": [ 11.25, 6.75, 12.25, 8 ], "texture": "#charmander-detailing" },
				"up": { "uv": [ 10.25, 6.75, 11.25, 8 ], "texture": "#charmander-detailing" },
				"north": { "uv": [ 11.25, 8, 12.25, 8.75 ], "texture": "#charmander-detailing" },
				"south": { "uv": [ 10.25, 8, 11.25, 8.75 ], "texture": "#charmander-detailing" },
				"west": { "uv": [ 9, 8, 10.25, 8.75 ], "texture": "#charmander-detailing" },
				"east": { "uv": [ 12.25, 8, 13.5, 8.75 ], "texture": "#charmander-detailing" }
			}
		},
		{
			"from": [ 7.5, 4.5, -2.9991 ],
			"to": [ 10, 6.5, 3.5009 ],
			"rotation": { "origin": [ 7.5, 6.5, -3 ], "axis": "x", "angle": 22.5 },
			"faces": {
				"down": { "uv": [ 11.25, 8.75, 12, 10.5 ], "texture": "#charmander-detailing" },
				"up": { "uv": [ 10.5, 8.75, 11.25, 10.5 ], "texture": "#charmander-detailing" },
				"north": { "uv": [ 11.25, 10.5, 12, 11 ], "texture": "#charmander-detailing" },
				"south": { "uv": [ 10.5, 10.5, 11.25, 11 ], "texture": "#charmander-detailing" },
				"west": { "uv": [ 8.75, 10.5, 10.5, 11 ], "texture": "#charmander-detailing" },
				"east": { "uv": [ 12, 10.5, 13.75, 11 ], "texture": "#charmander-detailing" }
			}
		},
		{
			"from": [ 8, 4.5, -5.0024 ],
			"to": [ 9.5, 9.5, -3.5024 ],
			"rotation": { "origin": [ 8, 9.5, -5 ], "axis": "x", "angle": -22.5 },
			"faces": {
				"down": { "uv": [ 10.75, 11, 11.25, 11.5 ], "texture": "#charmander-detailing" },
				"up": { "uv": [ 10.75, 11, 11.25, 11.5 ], "texture": "#charmander-detailing" },
				"north": { "uv": [ 11.25, 11.5, 11.75, 12.75 ], "texture": "#charmander-detailing" },
				"south": { "uv": [ 10.75, 11.5, 11.25, 12.75 ], "texture": "#charmander-detailing" },
				"west": { "uv": [ 10.25, 11.5, 10.75, 12.75 ], "texture": "#charmander-detailing" },
				"east": { "uv": [ 11.75, 11.5, 12.25, 12.75 ], "texture": "#charmander-detailing" }
			}
		},
		{
			"from": [ 5, 13, 5.5 ],
			"to": [ 12.5, 18.5, 12.5 ],
			"faces": {
				"down": { "uv": [ 11.25, 2.25, 13.25, 2.75 ], "texture": "#charmander-detailing" },
				"up": { "uv": [ 4, 2.75, 6, 4.75 ], "texture": "#charmander-detailing" },
				"north": { "uv": [ 2, 4.75, 4, 6.75 ], "texture": "#charmander-detailing" },
				"south": { "uv": [ 4, 5, 6, 6.75 ], "texture": "#charmander-detailing" },
				"west": { "uv": [ 6, 4.75, 8, 6.75 ], "texture": "#charmander-detailing" },
				"east": { "uv": [ 0, 4.75, 2, 6.75 ], "texture": "#charmander-detailing" }
			}
		},
		{
			"from": [ 0.9982, 6, 8.5 ],
			"to": [ 5.4982, 8.5, 10.5 ],
			"rotation": { "origin": [ 1, 8.5, 8.5 ], "axis": "z", "angle": 45 },
			"faces": {
				"down": { "uv": [ 15, 10.5, 10.5, 8.5 ], "texture": "#texture" },
				"up": { "uv": [ 1, 8.5, 5.5, 10.5 ], "texture": "#texture" },
				"north": { "uv": [ 10.5, 7.5, 15, 10 ], "texture": "#texture" },
				"south": { "uv": [ 1, 7.5, 5.5, 10 ], "texture": "#texture" },
				"west": { "uv": [ 8.5, 7.5, 10.5, 10 ], "texture": "#texture" },
				"east": { "uv": [ 5.5, 7.5, 7.5, 10 ], "texture": "#texture" }
			}
		},
		{
			"from": [ 3.9985, 8.5, 8 ],
			"to": [ 5.9985, 11.5, 11 ],
			"rotation": { "origin": [ 4, 11.5, 8 ], "axis": "z", "angle": 22.5 },
			"faces": {
				"down": { "uv": [ 12, 11, 10, 8 ], "texture": "#texture" },
				"up": { "uv": [ 4, 8, 6, 11 ], "texture": "#texture" },
				"north": { "uv": [ 10, 4.5, 12, 7.5 ], "texture": "#texture" },
				"south": { "uv": [ 4, 4.5, 6, 7.5 ], "texture": "#texture" },
				"west": { "uv": [ 8, 4.5, 11, 7.5 ], "texture": "#texture" },
				"east": { "uv": [ 5, 4.5, 8, 7.5 ], "texture": "#texture" }
			}
		},
		{
			"from": [ 5.5, 1.5, 9.2527 ],
			"to": [ 12, 7.5, 11.7527 ],
			"rotation": { "origin": [ 5.5, 7.5, 9.25 ], "axis": "x", "angle": 22.5 },
			"faces": {
				"down": { "uv": [ 4, 10, 5.5, 9.25 ], "texture": "#charmander-detailing" },
				"up": { "uv": [ 2.25, 9.25, 4, 10 ], "texture": "#charmander-detailing" },
				"north": { "uv": [ 2.25, 10, 4, 11.5 ], "texture": "#charmander-detailing" },
				"south": { "uv": [ 3.75, 10, 5.75, 11.5 ], "texture": "#charmander-detailing" },
				"west": { "uv": [ 5.75, 10, 6.5, 11.5 ], "texture": "#charmander-detailing" },
				"east": { "uv": [ 1.5, 10, 2.25, 11.5 ], "texture": "#charmander-detailing" }
			}
		},
		{
			"from": [ 5.5, 3.5, 6.5 ],
			"to": [ 12, 6.5, 10.25 ],
			"faces": {
				"down": { "uv": [ 2.25, 11.5, 4.25, 12.5 ], "texture": "#charmander-detailing" },
				"up": { "uv": [ 3.75, 11.5, 5.75, 12.5 ], "texture": "#charmander-detailing" },
				"north": { "uv": [ 2.25, 12.5, 4, 13.25 ], "texture": "#charmander-detailing" },
				"south": { "uv": [ 4, 12.5, 5.75, 13.25 ], "texture": "#charmander-detailing" },
				"west": { "uv": [ 1.25, 12.5, 2.25, 13.25 ], "texture": "#charmander-detailing" },
				"east": { "uv": [ 5.75, 12.5, 6.75, 13.25 ], "texture": "#charmander-detailing" }
			}
		},
		{
			"from": [ 11.5, 1, 7.5 ],
			"to": [ 14.5, 3, 10.5 ],
			"rotation": { "origin": [ 11.5, 1, 7.5 ], "axis": "y", "angle": 22.5 },
			"faces": {
				"down": { "uv": [ 4.5, 10.5, 1.5, 7.5 ], "texture": "#texture" },
				"up": { "uv": [ 11.5, 7.5, 14.5, 10.5 ], "texture": "#texture" },
				"north": { "uv": [ 1.5, 13, 4.5, 15 ], "texture": "#texture" },
				"south": { "uv": [ 11.5, 13, 14.5, 15 ], "texture": "#texture" },
				"west": { "uv": [ 7.5, 13, 10.5, 15 ], "texture": "#texture" },
				"east": { "uv": [ 5.5, 13, 8.5, 15 ], "texture": "#texture" }
			}
		},
		{
			"from": [ 11.5, 0, 7.5 ],
			"to": [ 14.5, 1, 11.5 ],
			"rotation": { "origin": [ 11.5, 0, 7.5 ], "axis": "y", "angle": 22.5 },
			"faces": {
				"down": { "uv": [ 4.5, 11.5, 1.5, 7.5 ], "texture": "#texture" },
				"up": { "uv": [ 11.5, 7.5, 14.5, 11.5 ], "texture": "#texture" },
				"north": { "uv": [ 1.5, 15, 4.5, 16 ], "texture": "#texture" },
				"south": { "uv": [ 11.5, 15, 14.5, 16 ], "texture": "#texture" },
				"west": { "uv": [ 7.5, 15, 11.5, 16 ], "texture": "#texture" },
				"east": { "uv": [ 4.5, 15, 8.5, 16 ], "texture": "#texture" }
			}
		},
		{
			"from": [ 0.4994, 7.5, 9 ],
			"to": [ 1.4994, 8.5, 10 ],
			"rotation": { "origin": [ 0.5, 8.5, 9 ], "axis": "z", "angle": 22.5 },
			"faces": {
				"down": { "uv": [ 15.5, 10, 14.5, 9 ], "texture": "#texture" },
				"up": { "uv": [ 0.5, 9, 1.5, 10 ], "texture": "#texture" },
				"north": { "uv": [ 14.5, 7.5, 15.5, 8.5 ], "texture": "#texture" },
				"south": { "uv": [ 0.5, 7.5, 1.5, 8.5 ], "texture": "#texture" },
				"west": { "uv": [ 9, 7.5, 10, 8.5 ], "texture": "#texture" },
				"east": { "uv": [ 6, 7.5, 7, 8.5 ], "texture": "#texture" }
			}
		},
		{
			"from": [ 2, 6.5, 9.7494 ],
			"to": [ 3, 7.5, 10.7494 ],
			"rotation": { "origin": [ 2, 7.5, 9.75 ], "axis": "x", "angle": -22.5 },
			"faces": {
				"down": { "uv": [ 14, 10.75, 13, 9.75 ], "texture": "#texture" },
				"up": { "uv": [ 2, 9.75, 3, 10.75 ], "texture": "#texture" },
				"north": { "uv": [ 13, 8.5, 14, 9.5 ], "texture": "#texture" },
				"south": { "uv": [ 2, 8.5, 3, 9.5 ], "texture": "#texture" },
				"west": { "uv": [ 9.75, 8.5, 10.75, 9.5 ], "texture": "#texture" },
				"east": { "uv": [ 5.25, 8.5, 6.25, 9.5 ], "texture": "#texture" }
			}
		},
		{
			"from": [ 2, 6.75, 8.5006 ],
			"to": [ 3, 7.75, 9.5006 ],
			"rotation": { "origin": [ 2, 7.75, 8.5 ], "axis": "x", "angle": 22.5 },
			"faces": {
				"down": { "uv": [ 14, 9.5, 13, 8.5 ], "texture": "#texture" },
				"up": { "uv": [ 2, 8.5, 3, 9.5 ], "texture": "#texture" },
				"north": { "uv": [ 13, 8.25, 14, 9.25 ], "texture": "#texture" },
				"south": { "uv": [ 2, 8.25, 3, 9.25 ], "texture": "#texture" },
				"west": { "uv": [ 8.5, 8.25, 9.5, 9.25 ], "texture": "#texture" },
				"east": { "uv": [ 6.5, 8.25, 7.5, 9.25 ], "texture": "#texture" }
			}
		},
		{
			"from": [ 11.7515, 9.25, 8 ],
			"to": [ 13.7515, 12.25, 11 ],
			"rotation": { "origin": [ 11.75, 12.25, 8 ], "axis": "z", "angle": -22.5 },
			"faces": {
				"down": { "uv": [ 4.25, 11, 2.25, 8 ], "texture": "#texture" },
				"up": { "uv": [ 11.75, 8, 13.75, 11 ], "texture": "#texture" },
				"north": { "uv": [ 2.25, 3.75, 4.25, 6.75 ], "texture": "#texture" },
				"south": { "uv": [ 11.75, 3.75, 13.75, 6.75 ], "texture": "#texture" },
				"west": { "uv": [ 8, 3.75, 11, 6.75 ], "texture": "#texture" },
				"east": { "uv": [ 5, 3.75, 8, 6.75 ], "texture": "#texture" }
			}
		},
		{
			"from": [ 13.5018, 9, 8.5 ],
			"to": [ 18.0018, 11.5, 10.5 ],
			"rotation": { "origin": [ 13.5, 11.5, 8.5 ], "axis": "z", "angle": -45 },
			"faces": {
				"down": { "uv": [ 2.5, 10.5, 0, 8.5 ], "texture": "#texture" },
				"up": { "uv": [ 13.5, 8.5, 16, 10.5 ], "texture": "#texture" },
				"north": { "uv": [ 0, 4.5, 2.5, 7 ], "texture": "#texture" },
				"south": { "uv": [ 13.5, 4.5, 16, 7 ], "texture": "#texture" },
				"west": { "uv": [ 8.5, 4.5, 10.5, 7 ], "texture": "#texture" },
				"east": { "uv": [ 5.5, 4.5, 7.5, 7 ], "texture": "#texture" }
			}
		},
		{
			"from": [ 16.5006, 7.5, 9 ],
			"to": [ 17.5006, 8.5, 10 ],
			"rotation": { "origin": [ 16.5, 8.5, 9 ], "axis": "z", "angle": -22.5 },
			"faces": {
				"down": { "uv": [ 15.5, 10, 14.5, 9 ], "texture": "#texture" },
				"up": { "uv": [ 0.5, 9, 1.5, 10 ], "texture": "#texture" },
				"north": { "uv": [ 14.5, 7.5, 15.5, 8.5 ], "texture": "#texture" },
				"south": { "uv": [ 0.5, 7.5, 1.5, 8.5 ], "texture": "#texture" },
				"west": { "uv": [ 9, 7.5, 10, 8.5 ], "texture": "#texture" },
				"east": { "uv": [ 6, 7.5, 7, 8.5 ], "texture": "#texture" }
			}
		},
		{
			"from": [ 14.5, 6, 9.7494 ],
			"to": [ 15.5, 7, 10.7494 ],
			"rotation": { "origin": [ 14.5, 7, 9.75 ], "axis": "x", "angle": -22.5 },
			"faces": {
				"down": { "uv": [ 1.5, 10.75, 0.5, 9.75 ], "texture": "#texture" },
				"up": { "uv": [ 14.5, 9.75, 15.5, 10.75 ], "texture": "#texture" },
				"north": { "uv": [ 0.5, 9, 1.5, 10 ], "texture": "#texture" },
				"south": { "uv": [ 14.5, 9, 15.5, 10 ], "texture": "#texture" },
				"west": { "uv": [ 9.75, 9, 10.75, 10 ], "texture": "#texture" },
				"east": { "uv": [ 5.25, 9, 6.25, 10 ], "texture": "#texture" }
			}
		},
		{
			"from": [ 14.5, 6.5, 8.5006 ],
			"to": [ 15.5, 7.5, 9.5006 ],
			"rotation": { "origin": [ 14.5, 7.5, 8.5 ], "axis": "x", "angle": 45 },
			"faces": {
				"down": { "uv": [ 1.5, 9.5, 0.5, 8.5 ], "texture": "#texture" },
				"up": { "uv": [ 14.5, 8.5, 15.5, 9.5 ], "texture": "#texture" },
				"north": { "uv": [ 0.5, 8.5, 1.5, 9.5 ], "texture": "#texture" },
				"south": { "uv": [ 14.5, 8.5, 15.5, 9.5 ], "texture": "#texture" },
				"west": { "uv": [ 8.5, 8.5, 9.5, 9.5 ], "texture": "#texture" },
				"east": { "uv": [ 6.5, 8.5, 7.5, 9.5 ], "texture": "#texture" }
			}
		},
		{
			"from": [ 2, 0, 9.75 ],
			"to": [ 3, 0.75, 10.75 ],
			"rotation": { "origin": [ 2, 0, 9.75 ], "axis": "y", "angle": -22.5 },
			"faces": {
				"down": { "uv": [ 1.5, 0, 1.75, 0.25 ], "texture": "#charmander-detailing" },
				"up": { "uv": [ 1.25, 0, 1.5, 0.25 ], "texture": "#charmander-detailing" },
				"north": { "uv": [ 1, 0.25, 1.25, 0.5 ], "texture": "#charmander-detailing" },
				"south": { "uv": [ 1.25, 0.25, 1.5, 0.5 ], "texture": "#charmander-detailing" },
				"west": { "uv": [ 1.5, 0.25, 1.75, 0.5 ], "texture": "#charmander-detailing" },
				"east": { "uv": [ 1.75, 0.25, 2, 0.5 ], "texture": "#charmander-detailing" }
			}
		},
		{
			"from": [ 3, 0, 10.25 ],
			"to": [ 4, 0.75, 11.25 ],
			"rotation": { "origin": [ 3, 0, 10.25 ], "axis": "y", "angle": -22.5 },
			"faces": {
				"down": { "uv": [ 1.5, 0, 1.75, 0.25 ], "texture": "#charmander-detailing" },
				"up": { "uv": [ 1.25, 0, 1.5, 0.25 ], "texture": "#charmander-detailing" },
				"north": { "uv": [ 1, 0.25, 1.25, 0.5 ], "texture": "#charmander-detailing" },
				"south": { "uv": [ 1.25, 0.25, 1.5, 0.5 ], "texture": "#charmander-detailing" },
				"west": { "uv": [ 1.5, 0.25, 1.75, 0.5 ], "texture": "#charmander-detailing" },
				"east": { "uv": [ 1.75, 0.25, 2, 0.5 ], "texture": "#charmander-detailing" }
			}
		},
		{
			"from": [ 4, 0, 10.75 ],
			"to": [ 5, 0.75, 11.75 ],
			"rotation": { "origin": [ 4, 0, 10.75 ], "axis": "y", "angle": -22.5 },
			"faces": {
				"down": { "uv": [ 1.5, 0, 1.75, 0.25 ], "texture": "#charmander-detailing" },
				"up": { "uv": [ 1.25, 0, 1.5, 0.25 ], "texture": "#charmander-detailing" },
				"north": { "uv": [ 1, 0.25, 1.25, 0.5 ], "texture": "#charmander-detailing" },
				"south": { "uv": [ 1.25, 0.25, 1.5, 0.5 ], "texture": "#charmander-detailing" },
				"west": { "uv": [ 1.5, 0.25, 1.75, 0.5 ], "texture": "#charmander-detailing" },
				"east": { "uv": [ 1.75, 0.25, 2, 0.5 ], "texture": "#charmander-detailing" }
			}
		},
		{
			"from": [ 14.75, 0, 10 ],
			"to": [ 15.75, 0.75, 11 ],
			"rotation": { "origin": [ 14.75, 0, 10 ], "axis": "y", "angle": 22.5 },
			"faces": {
				"down": { "uv": [ 1.5, 0, 1.75, 0.25 ], "texture": "#charmander-detailing" },
				"up": { "uv": [ 1.25, 0, 1.5, 0.25 ], "texture": "#charmander-detailing" },
				"north": { "uv": [ 1, 0.25, 1.25, 0.5 ], "texture": "#charmander-detailing" },
				"south": { "uv": [ 1.25, 0.25, 1.5, 0.5 ], "texture": "#charmander-detailing" },
				"west": { "uv": [ 1.5, 0.25, 1.75, 0.5 ], "texture": "#charmander-detailing" },
				"east": { "uv": [ 1.75, 0.25, 2, 0.5 ], "texture": "#charmander-detailing" }
			}
		},
		{
			"from": [ 13.75, 0, 10.5 ],
			"to": [ 14.75, 0.75, 11.5 ],
			"rotation": { "origin": [ 13.75, 0, 10.5 ], "axis": "y", "angle": 22.5 },
			"faces": {
				"down": { "uv": [ 1.5, 0, 1.75, 0.25 ], "texture": "#charmander-detailing" },
				"up": { "uv": [ 1.25, 0, 1.5, 0.25 ], "texture": "#charmander-detailing" },
				"north": { "uv": [ 1, 0.25, 1.25, 0.5 ], "texture": "#charmander-detailing" },
				"south": { "uv": [ 1.25, 0.25, 1.5, 0.5 ], "texture": "#charmander-detailing" },
				"west": { "uv": [ 1.5, 0.25, 1.75, 0.5 ], "texture": "#charmander-detailing" },
				"east": { "uv": [ 1.75, 0.25, 2, 0.5 ], "texture": "#charmander-detailing" }
			}
		},
		{
			"from": [ 12.75, 0, 11 ],
			"to": [ 13.75, 0.75, 12 ],
			"rotation": { "origin": [ 12.75, 0, 11 ], "axis": "y", "angle": 22.5 },
			"faces": {
				"down": { "uv": [ 1.5, 0, 1.75, 0.25 ], "texture": "#charmander-detailing" },
				"up": { "uv": [ 1.25, 0, 1.5, 0.25 ], "texture": "#charmander-detailing" },
				"north": { "uv": [ 1, 0.25, 1.25, 0.5 ], "texture": "#charmander-detailing" },
				"south": { "uv": [ 1.25, 0.25, 1.5, 0.5 ], "texture": "#charmander-detailing" },
				"west": { "uv": [ 1.5, 0.25, 1.75, 0.5 ], "texture": "#charmander-detailing" },
				"east": { "uv": [ 1.75, 0.25, 2, 0.5 ], "texture": "#charmander-detailing" }
			}
		},
		{
			"from": [ 5, 13, 12.5 ],
			"to": [ 12.5, 15.25, 15 ],
			"faces": {
				"down": { "uv": [ 11.25, 2.25, 13.25, 3 ], "texture": "#charmander-detailing" },
				"up": { "uv": [ 9.25, 2.25, 11.25, 3 ], "texture": "#charmander-detailing" },
				"north": { "uv": [ 9.25, 3, 11.25, 3.75 ], "texture": "#charmander-detailing" },
				"south": { "uv": [ 11.25, 3, 13.25, 3.75 ], "texture": "#charmander-detailing" },
				"west": { "uv": [ 7.25, 3, 8, 3.75 ], "texture": "#charmander-detailing" },
				"east": { "uv": [ 13.25, 3, 14, 3.75 ], "texture": "#charmander-detailing" }
			}
		},
		{
			"from": [ 5, 11.25, 12.0006 ],
			"to": [ 12.5, 12.5, 15.0006 ],
			"rotation": { "origin": [ 5, 12.5, 12 ], "axis": "x", "angle": 22.5 },
			"faces": {
				"down": { "uv": [ 9.25, 0.25, 11.25, 1 ], "texture": "#charmander-detailing" },
				"up": { "uv": [ 11.25, 0.25, 13.25, 1 ], "texture": "#charmander-detailing" },
				"north": { "uv": [ 9.25, 1, 11.25, 1.25 ], "texture": "#charmander-detailing" },
				"south": { "uv": [ 11.25, 1, 13.25, 1.25 ], "texture": "#charmander-detailing" },
				"west": { "uv": [ 13.25, 3, 14.25, 3.75 ], "texture": "#charmander-detailing" },
				"east": { "uv": [ 14.25, 3, 15.25, 3.75 ], "texture": "#charmander-detailing" }
			}
		},
		{
			"from": [ 5, 11.25, 5.5 ],
			"to": [ 12.5, 13, 12 ],
			"faces": {
				"down": { "uv": [ 2, 2.75, 4, 4.75 ], "texture": "#charmander-detailing" },
				"up": { "uv": [ 4, 2.75, 6, 4.75 ], "texture": "#charmander-detailing" },
				"north": { "uv": [ 2, 4.75, 4, 5.25 ], "texture": "#charmander-detailing" },
				"south": { "uv": [ 11.25, 2.25, 13.25, 3 ], "texture": "#charmander-detailing" },
				"west": { "uv": [ 6, 4.75, 8, 5.25 ], "texture": "#charmander-detailing" },
				"east": { "uv": [ 0, 4.75, 2, 5.25 ], "texture": "#charmander-detailing" }
			}
		},
		{
			"from": [ 5.75, 12.25, 15 ],
			"to": [ 6.75, 13.25, 15.0625 ],
			"faces": {
				"north": { "uv": [ 1, 0.25, 1.25, 0.5 ], "texture": "#charmander-detailing" },
				"south": { "uv": [ 1.25, 0.25, 1.5, 0.5 ], "texture": "#charmander-detailing" }
			}
		},
		{
			"from": [ 10.5, 12.25, 15 ],
			"to": [ 11.5, 13.25, 15.0625 ],
			"faces": {
				"north": { "uv": [ 1, 0.25, 1.25, 0.5 ], "texture": "#charmander-detailing" },
				"south": { "uv": [ 1.25, 0.25, 1.5, 0.5 ], "texture": "#charmander-detailing" }
			}
		},
		{
			"from": [ 7.5, 8.75, -5 ],
			"to": [ 10, 15, -2.5 ],
			"faces": {
				"down": { "uv": [ 5, 12, 9, 16 ], "texture": "#fire_layer_0" },
				"up": { "uv": [ 0, 0, 1, 1 ], "texture": "#fire_layer_0" },
				"north": { "uv": [ 4, 0, 8, 9 ], "texture": "#fire_layer_0" },
				"south": { "uv": [ 11, 0, 16, 10 ], "texture": "#fire_layer_0" },
				"west": { "uv": [ 8, 0, 12, 9 ], "texture": "#fire_layer_0" },
				"east": { "uv": [ 0, 0, 5, 10 ], "texture": "#fire_layer_0" }
			}
		},
		{
			"from": [ 4.5, 12.5, 6 ],
			"to": [ 5.5, 18, 11.875 ],
			"faces": {
				"down": { "uv": [ 6, 4.75, 8, 6.75 ], "texture": "#charmander-detailing" },
				"up": { "uv": [ 4, 2.75, 6, 4.75 ], "texture": "#charmander-detailing" },
				"north": { "uv": [ 2, 4.75, 2.5, 6.75 ], "texture": "#charmander-detailing" },
				"south": { "uv": [ 2, 2.75, 2.25, 5 ], "texture": "#charmander-detailing" },
				"west": { "uv": [ 6, 4.75, 8, 6.75 ], "texture": "#charmander-detailing" },
				"east": { "uv": [ 0, 4.75, 2, 6.75 ], "texture": "#charmander-detailing" }
			}
		},
		{
			"from": [ 12.5, 12.5, 6 ],
			"to": [ 13, 18, 12 ],
			"faces": {
				"down": { "uv": [ 9.25, 2.25, 11.25, 2.75 ], "texture": "#charmander-detailing" },
				"up": { "uv": [ 4, 2.75, 6, 4.75 ], "texture": "#charmander-detailing" },
				"north": { "uv": [ 2, 4.75, 2.5, 6.75 ], "texture": "#charmander-detailing" },
				"south": { "uv": [ 4, 2.75, 4.5, 4.75 ], "texture": "#charmander-detailing" },
				"west": { "uv": [ 6, 4.75, 8, 6.75 ], "texture": "#charmander-detailing" },
				"east": { "uv": [ 0, 4.75, 2, 6.75 ], "texture": "#charmander-detailing" }
			}
		},
		{
			"from": [ 6, 12.125, 5 ],
			"to": [ 12, 18.125, 6 ],
			"faces": {
				"down": { "uv": [ 9.25, 2.25, 11.25, 2.75 ], "texture": "#charmander-detailing" },
				"up": { "uv": [ 4, 2.75, 6, 4.75 ], "texture": "#charmander-detailing" },
				"north": { "uv": [ 2, 4.75, 4, 6.75 ], "texture": "#charmander-detailing" },
				"south": { "uv": [ 2, 4.75, 4, 6.75 ], "texture": "#charmander-detailing" },
				"west": { "uv": [ 6, 4.75, 8, 6.75 ], "texture": "#charmander-detailing" },
				"east": { "uv": [ 0, 4.75, 2, 6.75 ], "texture": "#charmander-detailing" }
			}
		},
		{
			"from": [ 5.5, 18.5, 6 ],
			"to": [ 12, 19, 12 ],
			"faces": {
				"down": { "uv": [ 4, 2.75, 6, 4.75 ], "texture": "#charmander-detailing" },
				"up": { "uv": [ 4, 2.75, 6, 4.75 ], "texture": "#charmander-detailing" },
				"north": { "uv": [ 2, 4.75, 4, 5.25 ], "texture": "#charmander-detailing" },
				"south": { "uv": [ 6, 4.75, 8, 5.25 ], "texture": "#charmander-detailing" },
				"west": { "uv": [ 6, 4.75, 8, 5.25 ], "texture": "#charmander-detailing" },
				"east": { "uv": [ 0, 4.75, 2, 5.25 ], "texture": "#charmander-detailing" }
			}
		}
	],
	"display": {
		"thirdperson_lefthand": {
			"rotation":  [ 70, 180, 0 ],
			"translation":  [ -6.956, -6.26, 0.0006 ],
			"scale":  [ 1.35, 1.35, 1.35 ]
		},
		"head": {
			"rotation":  [ 0, 180, 0 ],
			"translation":  [ 1.3912, -28.13, 0 ],
			"scale":  [ 2.2, 2.2, 2.2 ]
		},
		"thirdperson_righthand": {
			"rotation":  [ 70, 180, 0 ],
			"translation":  [ -5, -6.26, 0.0006 ],
			"scale":  [ 1.35, 1.35, 1.35 ]
		},
		"firstperson_righthand": {
			"scale":  [ 0, 0, 0 ]
		},
		"firstperson_lefthand": {
			"scale":  [ 0, 0, 0 ]
		},
		"gui": {
			"scale":  [ 0, 0, 0 ]
		},
		"ground": {
			"scale":  [ 0, 0, 0 ]
		}
	}
}