{
	"__comment": "Designed by Ramonaskye with BDcraft Cubik PRO 0.96 Beta - http://bdcraft.net",
	"elements": [
		{
			"from": [ 3.5, 0, 6.5 ],
			"to": [ 6.5, 1, 10.5 ],
			"rotation": { "origin": [ 3.5, 0, 6.5 ], "axis": "y", "angle": -22.5 },
			"faces": {
				"down": { "uv": [ 12.5, 10.5, 9.5, 6.5 ], "texture": "#texture" },
				"up": { "uv": [ 3.5, 6.5, 6.5, 10.5 ], "texture": "#texture" },
				"north": { "uv": [ 9.5, 15, 12.5, 16 ], "texture": "#texture" },
				"south": { "uv": [ 3.5, 15, 6.5, 16 ], "texture": "#texture" },
				"west": { "uv": [ 6.5, 15, 10.5, 16 ], "texture": "#texture" },
				"east": { "uv": [ 5.5, 15, 9.5, 16 ], "texture": "#texture" }
			}
		},
		{
			"from": [ 3.5, 1, 6.5 ],
			"to": [ 6.5, 3, 9.5 ],
			"rotation": { "origin": [ 3.5, 1, 6.5 ], "axis": "y", "angle": -22.5 },
			"faces": {
				"down": { "uv": [ 12.5, 9.5, 9.5, 6.5 ], "texture": "#texture" },
				"up": { "uv": [ 3.5, 6.5, 6.5, 9.5 ], "texture": "#texture" },
				"north": { "uv": [ 9.5, 13, 12.5, 15 ], "texture": "#texture" },
				"south": { "uv": [ 3.5, 13, 6.5, 15 ], "texture": "#texture" },
				"west": { "uv": [ 6.5, 13, 9.5, 15 ], "texture": "#texture" },
				"east": { "uv": [ 6.5, 13, 9.5, 15 ], "texture": "#texture" }
			}
		},
		{
			"from": [ 3.625, 3.5, 7 ],
			"to": [ 5.625, 7, 11.5 ],
			"rotation": { "origin": [ 3.625, 7, 7 ], "axis": "x", "angle": 22.5 },
			"faces": {
				"down": { "uv": [ 12.375, 11.5, 10.375, 7 ], "texture": "#texture" },
				"up": { "uv": [ 3.625, 7, 5.625, 11.5 ], "texture": "#texture" },
				"north": { "uv": [ 10.375, 9, 12.375, 12.5 ], "texture": "#texture" },
				"south": { "uv": [ 3.625, 9, 5.625, 12.5 ], "texture": "#texture" },
				"west": { "uv": [ 7, 9, 11.5, 12.5 ], "texture": "#texture" },
				"east": { "uv": [ 4.5, 9, 9, 12.5 ], "texture": "#texture" }
			}
		},
		{
			"from": [ 6.5, 8, 6.5 ],
			"to": [ 11.5, 13, 11.5 ],
			"faces": {
				"down": { "uv": [ 2.25, 6.75, 4.25, 8 ], "texture": "#charmander-detailing" },
				"up": { "uv": [ 3.75, 6.75, 5.75, 8 ], "texture": "#charmander-detailing" },
				"north": { "uv": [ 2.25, 8, 4, 9.25 ], "texture": "#charmander-detailing" },
				"south": { "uv": [ 3.75, 8, 5.75, 9.25 ], "texture": "#charmander-detailing" },
				"west": { "uv": [ 1, 8, 2.25, 9.25 ], "texture": "#charmander-detailing" },
				"east": { "uv": [ 5.75, 8, 7, 9.25 ], "texture": "#charmander-detailing" }
			}
		},
		{
			"from": [ 12.1875, 3.5, 6.9644 ],
			"to": [ 14.1875, 7, 11.46441 ],
			"rotation": { "origin": [ 12.1875, 7, 6.96439 ], "axis": "x", "angle": 22.5 },
			"faces": {
				"down": { "uv": [ 4, 11.4375, 2, 6.9375 ], "texture": "#texture" },
				"up": { "uv": [ 12, 6.9375, 14, 11.4375 ], "texture": "#texture" },
				"north": { "uv": [ 2, 9, 4, 12.5 ], "texture": "#texture" },
				"south": { "uv": [ 12, 9, 14, 12.5 ], "texture": "#texture" },
				"west": { "uv": [ 6.9375, 9, 11.4375, 12.5 ], "texture": "#texture" },
				"east": { "uv": [ 4.5, 9, 9, 12.5 ], "texture": "#texture" }
			}
		},
		{
			"from": [ 6.125, 1.5241, 3 ],
			"to": [ 11.625, 6.0241, 8 ],
			"rotation": { "origin": [ 6.125, 6.02408, 3 ], "axis": "x", "angle": -22.5 },
			"faces": {
				"down": { "uv": [ 11.25, 4.25, 12.75, 5.5 ], "texture": "#charmander-detailing" },
				"up": { "uv": [ 9.75, 4.25, 11.25, 5.5 ], "texture": "#charmander-detailing" },
				"north": { "uv": [ 11.25, 5.5, 12.75, 6.75 ], "texture": "#charmander-detailing" },
				"south": { "uv": [ 9.75, 5.5, 11.25, 6.75 ], "texture": "#charmander-detailing" },
				"west": { "uv": [ 8.5, 5.5, 9.75, 6.75 ], "texture": "#charmander-detailing" },
				"east": { "uv": [ 12.75, 5.5, 14, 6.75 ], "texture": "#charmander-detailing" }
			}
		},
		{
			"from": [ 7.0625, 3, 1 ],
			"to": [ 10.5625, 6, 5.5 ],
			"faces": {
				"down": { "uv": [ 11.25, 6.75, 12.25, 8 ], "texture": "#charmander-detailing" },
				"up": { "uv": [ 10.25, 6.75, 11.25, 8 ], "texture": "#charmander-detailing" },
				"north": { "uv": [ 11.25, 8, 12.25, 8.75 ], "texture": "#charmander-detailing" },
				"south": { "uv": [ 10.25, 8, 11.25, 8.75 ], "texture": "#charmander-detailing" },
				"west": { "uv": [ 9, 8, 10.25, 8.75 ], "texture": "#charmander-detailing" },
				"east": { "uv": [ 12.25, 8, 13.5, 8.75 ], "texture": "#charmander-detailing" }
			}
		},
		{
			"from": [ 7.5625, 6, -3.0471 ],
			"to": [ 10.0625, 8, 3.4529 ],
			"rotation": { "origin": [ 7.5625, 8, -3.04713 ], "axis": "x", "angle": 22.5 },
			"faces": {
				"down": { "uv": [ 11.25, 8.75, 12, 10.5 ], "texture": "#charmander-detailing" },
				"up": { "uv": [ 10.5, 8.75, 11.25, 10.5 ], "texture": "#charmander-detailing" },
				"north": { "uv": [ 11.25, 10.5, 12, 11 ], "texture": "#charmander-detailing" },
				"south": { "uv": [ 10.5, 10.5, 11.25, 11 ], "texture": "#charmander-detailing" },
				"west": { "uv": [ 8.75, 10.5, 10.5, 11 ], "texture": "#charmander-detailing" },
				"east": { "uv": [ 12, 10.5, 13.75, 11 ], "texture": "#charmander-detailing" }
			}
		},
		{
			"from": [ 8.0625, 6.25, -5 ],
			"to": [ 9.5625, 11.25, -3.5 ],
			"rotation": { "origin": [ 8.0625, 11.25, -5 ], "axis": "x", "angle": -22.5 },
			"faces": {
				"down": { "uv": [ 10.75, 11, 11.25, 11.5 ], "texture": "#charmander-detailing" },
				"up": { "uv": [ 10.75, 11, 11.25, 11.5 ], "texture": "#charmander-detailing" },
				"north": { "uv": [ 11, 11.5, 12, 12.75 ], "texture": "#charmander-detailing" },
				"south": { "uv": [ 10.75, 11.5, 11.25, 12.75 ], "texture": "#charmander-detailing" },
				"west": { "uv": [ 10.25, 11.5, 10.75, 12.75 ], "texture": "#charmander-detailing" },
				"east": { "uv": [ 11.75, 11.5, 12.25, 12.75 ], "texture": "#charmander-detailing" }
			}
		},
		{
			"from": [ 5.85, 15.4, 6.4 ],
			"to": [ 11.85, 21, 8.799999 ],
			"rotation": { "origin": [ 5.85, 21, 6.4 ], "axis": "x", "angle": 22.5 },
			"faces": {
				"down": { "uv": [ 3, 3.25, 5, 3.75 ], "texture": "#charmander-detailing" },
				"up": { "uv": [ 4, 2.75, 6, 3.75 ], "texture": "#charmander-detailing" },
				"north": { "uv": [ 1.75, 4.75, 3.75, 5.75 ], "texture": "#charmander-detailing" },
				"south": { "uv": [ 3, 2.75, 5, 3.75 ], "texture": "#charmander-detailing" },
				"west": { "uv": [ 0.75, 4.75, 2.75, 5.75 ], "texture": "#charmander-detailing" },
				"east": { "uv": [ 0, 4.75, 1.5, 5.75 ], "texture": "#charmander-detailing" }
			}
		},
		{
			"from": [ 2, 7.5, 8.5 ],
			"to": [ 6.5, 9, 10.5 ],
			"rotation": { "origin": [ 2, 9, 8.5 ], "axis": "z", "angle": 45 },
			"faces": {
				"down": { "uv": [ 15, 10.5, 10.5, 8.5 ], "texture": "#texture" },
				"up": { "uv": [ 1, 8.5, 5.5, 10.5 ], "texture": "#texture" },
				"north": { "uv": [ 10.5, 7.49448, 15, 9.99448 ], "texture": "#texture" },
				"south": { "uv": [ 1, 7.49448, 5.5, 9.99448 ], "texture": "#texture" },
				"west": { "uv": [ 8.5, 7.49448, 10.5, 9.99448 ], "texture": "#texture" },
				"east": { "uv": [ 5.5, 7.49448, 7.5, 9.99448 ], "texture": "#texture" }
			}
		},
		{
			"from": [ 5, 10.3125, 8 ],
			"to": [ 6.5, 12.3125, 11 ],
			"rotation": { "origin": [ 5, 12.3125, 8 ], "axis": "z", "angle": 22.5 },
			"faces": {
				"down": { "uv": [ 11, 11, 9, 8 ], "texture": "#texture" },
				"up": { "uv": [ 5, 8, 7, 11 ], "texture": "#texture" },
				"north": { "uv": [ 9, 3.6875, 11, 6.6875 ], "texture": "#texture" },
				"south": { "uv": [ 5, 3.6875, 7, 6.6875 ], "texture": "#texture" },
				"west": { "uv": [ 8, 3.6875, 11, 6.6875 ], "texture": "#texture" },
				"east": { "uv": [ 5, 3.6875, 8, 6.6875 ], "texture": "#texture" }
			}
		},
		{
			"from": [ 5.625, 3, 9.25 ],
			"to": [ 12.25, 9, 11.75 ],
			"rotation": { "origin": [ 5.625, 9, 9.25 ], "axis": "x", "angle": 22.5 },
			"faces": {
				"down": { "uv": [ 4, 10, 5.5, 9.25 ], "texture": "#charmander-detailing" },
				"up": { "uv": [ 2.25, 9.25, 4, 10 ], "texture": "#charmander-detailing" },
				"north": { "uv": [ 2.25, 10, 4, 11.5 ], "texture": "#charmander-detailing" },
				"south": { "uv": [ 3.75, 10, 5.75, 11.5 ], "texture": "#charmander-detailing" },
				"west": { "uv": [ 5.75, 10, 6.5, 11.5 ], "texture": "#charmander-detailing" },
				"east": { "uv": [ 1.5, 10, 2.25, 11.5 ], "texture": "#charmander-detailing" }
			}
		},
		{
			"from": [ 5.6875, 5, 6.5 ],
			"to": [ 12.1875, 8, 10.25 ],
			"faces": {
				"down": { "uv": [ 2.25, 11.5, 4.25, 12.5 ], "texture": "#charmander-detailing" },
				"up": { "uv": [ 3.75, 11.5, 5.75, 12.5 ], "texture": "#charmander-detailing" },
				"north": { "uv": [ 2.25, 12.5, 4, 13.25 ], "texture": "#charmander-detailing" },
				"south": { "uv": [ 4, 12.5, 5.75, 13.25 ], "texture": "#charmander-detailing" },
				"west": { "uv": [ 1.25, 12.5, 2.25, 13.25 ], "texture": "#charmander-detailing" },
				"east": { "uv": [ 5.75, 12.5, 6.75, 13.25 ], "texture": "#charmander-detailing" }
			}
		},
		{
			"from": [ 11.5, 1, 7.5 ],
			"to": [ 14.5, 3, 10.5 ],
			"rotation": { "origin": [ 11.5, 1, 7.5 ], "axis": "y", "angle": 22.5 },
			"faces": {
				"down": { "uv": [ 4.5, 10.5, 1.5, 7.5 ], "texture": "#texture" },
				"up": { "uv": [ 11.5, 7.5, 14.5, 10.5 ], "texture": "#texture" },
				"north": { "uv": [ 1.5, 13, 4.5, 15 ], "texture": "#texture" },
				"south": { "uv": [ 11.5, 13, 14.5, 15 ], "texture": "#texture" },
				"west": { "uv": [ 7.5, 13, 10.5, 15 ], "texture": "#texture" },
				"east": { "uv": [ 5.5, 13, 8.5, 15 ], "texture": "#texture" }
			}
		},
		{
			"from": [ 11.5, 0, 7.5 ],
			"to": [ 14.5, 1, 11.5 ],
			"rotation": { "origin": [ 11.5, 0, 7.5 ], "axis": "y", "angle": 22.5 },
			"faces": {
				"down": { "uv": [ 4.5, 11.5, 1.5, 7.5 ], "texture": "#texture" },
				"up": { "uv": [ 11.5, 7.5, 14.5, 11.5 ], "texture": "#texture" },
				"north": { "uv": [ 1.5, 15, 4.5, 16 ], "texture": "#texture" },
				"south": { "uv": [ 11.5, 15, 14.5, 16 ], "texture": "#texture" },
				"west": { "uv": [ 7.5, 15, 11.5, 16 ], "texture": "#texture" },
				"east": { "uv": [ 4.5, 15, 8.5, 16 ], "texture": "#texture" }
			}
		},
		{
			"from": [ 1.9452, 0, 9.75 ],
			"to": [ 2.9452, 0.75, 10.75 ],
			"rotation": { "origin": [ 1.94518, 0, 9.75 ], "axis": "y", "angle": -22.5 },
			"faces": {
				"down": { "uv": [ 1.5, 0, 1.75, 0.25 ], "texture": "#charmander-detailing" },
				"up": { "uv": [ 1.25, 0, 1.5, 0.25 ], "texture": "#charmander-detailing" },
				"north": { "uv": [ 1, 0.25, 1.25, 0.5 ], "texture": "#charmander-detailing" },
				"south": { "uv": [ 1.25, 0.25, 1.5, 0.5 ], "texture": "#charmander-detailing" },
				"west": { "uv": [ 1.5, 0.25, 1.75, 0.5 ], "texture": "#charmander-detailing" },
				"east": { "uv": [ 1.75, 0.25, 2, 0.5 ], "texture": "#charmander-detailing" }
			}
		},
		{
			"from": [ 3, 0, 10.25 ],
			"to": [ 4, 0.75, 11.25 ],
			"rotation": { "origin": [ 3, 0, 10.25 ], "axis": "y", "angle": -22.5 },
			"faces": {
				"down": { "uv": [ 1.5, 0, 1.75, 0.25 ], "texture": "#charmander-detailing" },
				"up": { "uv": [ 1.25, 0, 1.5, 0.25 ], "texture": "#charmander-detailing" },
				"north": { "uv": [ 1, 0.25, 1.25, 0.5 ], "texture": "#charmander-detailing" },
				"south": { "uv": [ 1.25, 0.25, 1.5, 0.5 ], "texture": "#charmander-detailing" },
				"west": { "uv": [ 1.5, 0.25, 1.75, 0.5 ], "texture": "#charmander-detailing" },
				"east": { "uv": [ 1.75, 0.25, 2, 0.5 ], "texture": "#charmander-detailing" }
			}
		},
		{
			"from": [ 4, 0, 10.75 ],
			"to": [ 5, 0.75, 11.75 ],
			"rotation": { "origin": [ 4, 0, 10.75 ], "axis": "y", "angle": -22.5 },
			"faces": {
				"down": { "uv": [ 1.5, 0, 1.75, 0.25 ], "texture": "#charmander-detailing" },
				"up": { "uv": [ 1.25, 0, 1.5, 0.25 ], "texture": "#charmander-detailing" },
				"north": { "uv": [ 1, 0.25, 1.25, 0.5 ], "texture": "#charmander-detailing" },
				"south": { "uv": [ 1.25, 0.25, 1.5, 0.5 ], "texture": "#charmander-detailing" },
				"west": { "uv": [ 1.5, 0.25, 1.75, 0.5 ], "texture": "#charmander-detailing" },
				"east": { "uv": [ 1.75, 0.25, 2, 0.5 ], "texture": "#charmander-detailing" }
			}
		},
		{
			"from": [ 14.75, 0, 10 ],
			"to": [ 15.75, 0.75, 11 ],
			"rotation": { "origin": [ 14.75, 0, 10 ], "axis": "y", "angle": 22.5 },
			"faces": {
				"down": { "uv": [ 1.5, 0, 1.75, 0.25 ], "texture": "#charmander-detailing" },
				"up": { "uv": [ 1.25, 0, 1.5, 0.25 ], "texture": "#charmander-detailing" },
				"north": { "uv": [ 1, 0.25, 1.25, 0.5 ], "texture": "#charmander-detailing" },
				"south": { "uv": [ 1.25, 0.25, 1.5, 0.5 ], "texture": "#charmander-detailing" },
				"west": { "uv": [ 1.5, 0.25, 1.75, 0.5 ], "texture": "#charmander-detailing" },
				"east": { "uv": [ 1.75, 0.25, 2, 0.5 ], "texture": "#charmander-detailing" }
			}
		},
		{
			"from": [ 13.75, 0, 10.5 ],
			"to": [ 14.75, 0.75, 11.5 ],
			"rotation": { "origin": [ 13.75, 0, 10.5 ], "axis": "y", "angle": 22.5 },
			"faces": {
				"down": { "uv": [ 1.5, 0, 1.75, 0.25 ], "texture": "#charmander-detailing" },
				"up": { "uv": [ 1.25, 0, 1.5, 0.25 ], "texture": "#charmander-detailing" },
				"north": { "uv": [ 1, 0.25, 1.25, 0.5 ], "texture": "#charmander-detailing" },
				"south": { "uv": [ 1.25, 0.25, 1.5, 0.5 ], "texture": "#charmander-detailing" },
				"west": { "uv": [ 1.5, 0.25, 1.75, 0.5 ], "texture": "#charmander-detailing" },
				"east": { "uv": [ 1.75, 0.25, 2, 0.5 ], "texture": "#charmander-detailing" }
			}
		},
		{
			"from": [ 12.75, 0, 11 ],
			"to": [ 13.75, 0.75, 12 ],
			"rotation": { "origin": [ 12.75, 0, 11 ], "axis": "y", "angle": 22.5 },
			"faces": {
				"down": { "uv": [ 1.5, 0, 1.75, 0.25 ], "texture": "#charmander-detailing" },
				"up": { "uv": [ 1.25, 0, 1.5, 0.25 ], "texture": "#charmander-detailing" },
				"north": { "uv": [ 1, 0.25, 1.25, 0.5 ], "texture": "#charmander-detailing" },
				"south": { "uv": [ 1.25, 0.25, 1.5, 0.5 ], "texture": "#charmander-detailing" },
				"west": { "uv": [ 1.5, 0.25, 1.75, 0.5 ], "texture": "#charmander-detailing" },
				"east": { "uv": [ 1.75, 0.25, 2, 0.5 ], "texture": "#charmander-detailing" }
			}
		},
		{
			"from": [ 6.85, 15.4, 12 ],
			"to": [ 10.85, 17.4, 14.2 ],
			"faces": {
				"down": { "uv": [ 4, 3.75, 6, 4.5 ], "texture": "#charmander-detailing" },
				"up": { "uv": [ 9.25, 2.25, 11.25, 3 ], "texture": "#charmander-detailing" },
				"north": { "uv": [ 9.25, 3, 11.25, 3.75 ], "texture": "#charmander-detailing" },
				"south": { "uv": [ 11.25, 3, 13.25, 3.75 ], "texture": "#charmander-detailing" },
				"west": { "uv": [ 7.25, 3, 8, 3.75 ], "texture": "#charmander-detailing" },
				"east": { "uv": [ 13.25, 3, 14, 3.75 ], "texture": "#charmander-detailing" }
			}
		},
		{
			"from": [ 5.85, 14, 6 ],
			"to": [ 11.85, 15.6, 12 ],
			"faces": {
				"down": { "uv": [ 2, 2.75, 4, 4.75 ], "texture": "#charmander-detailing" },
				"up": { "uv": [ 4, 2.75, 6, 4.75 ], "texture": "#charmander-detailing" },
				"north": { "uv": [ 2, 4.75, 4, 5.25 ], "texture": "#charmander-detailing" },
				"south": { "uv": [ 9, 3, 11, 3.75 ], "texture": "#charmander-detailing" },
				"west": { "uv": [ 6, 4.75, 8, 5.25 ], "texture": "#charmander-detailing" },
				"east": { "uv": [ 0, 4.75, 2, 5.25 ], "texture": "#charmander-detailing" }
			}
		},
		{
			"from": [ 7.5625, 11, -5.5 ],
			"to": [ 10.0625, 17.25, -3 ],
			"faces": {
				"down": { "uv": [ 5, 12, 9, 16 ], "texture": "#fire_layer_0" },
				"up": { "uv": [ 0, 0, 1, 1 ], "texture": "#fire_layer_0" },
				"north": { "uv": [ 4, 0, 8, 9 ], "texture": "#fire_layer_0" },
				"south": { "uv": [ 11, 0, 16, 10 ], "texture": "#fire_layer_0" },
				"west": { "uv": [ 8, 0, 12, 9 ], "texture": "#fire_layer_0" },
				"east": { "uv": [ 0, 0, 5, 10 ], "texture": "#fire_layer_0" }
			}
		},
		{
			"from": [ 7.85, 19.8, 4.2 ],
			"to": [ 9.85, 22.4, 7.4 ],
			"rotation": { "origin": [ 7.85, 22.4, 4.2 ], "axis": "x", "angle": 22.5 },
			"faces": {
				"down": { "uv": [ 6, 4.75, 8, 6.75 ], "texture": "#charmander-detailing" },
				"up": { "uv": [ 4, 2.75, 6, 4.75 ], "texture": "#charmander-detailing" },
				"north": { "uv": [ 2, 4.75, 2.5, 6.75 ], "texture": "#charmander-detailing" },
				"south": { "uv": [ 2, 2.75, 2.25, 5 ], "texture": "#charmander-detailing" },
				"west": { "uv": [ 6, 4.75, 8, 6.75 ], "texture": "#charmander-detailing" },
				"east": { "uv": [ 0, 4.75, 2, 6.75 ], "texture": "#charmander-detailing" }
			}
		},
		{
			"from": [ 7.5, 13, 7 ],
			"to": [ 10.5, 14, 10.5 ],
			"faces": {
				"down": { "uv": [ 2.25, 6.75, 3.5, 8 ], "texture": "#charmander-detailing" },
				"up": { "uv": [ 2.25, 6.75, 3.5, 8 ], "texture": "#charmander-detailing" },
				"north": { "uv": [ 2.25, 8, 4, 8.5 ], "texture": "#charmander-detailing" },
				"south": { "uv": [ 2.25, 8, 4, 8.5 ], "texture": "#charmander-detailing" },
				"west": { "uv": [ 1, 8, 2.5, 8.5 ], "texture": "#charmander-detailing" },
				"east": { "uv": [ 1, 8, 2.5, 8.5 ], "texture": "#charmander-detailing" }
			}
		},
		{
			"from": [ 6.25, 14.6, 5.2 ],
			"to": [ 11.45, 20.6, 6 ],
			"faces": {
				"down": { "uv": [ 2, 3, 4, 3.5 ], "texture": "#charmander-detailing" },
				"up": { "uv": [ 4, 2.75, 6, 3.25 ], "texture": "#charmander-detailing" },
				"north": { "uv": [ 1.75, 4.75, 3.75, 6.75 ], "texture": "#charmander-detailing" },
				"south": { "uv": [ 2, 3, 4, 5 ], "texture": "#charmander-detailing" },
				"west": { "uv": [ 3, 3, 5, 5 ], "texture": "#charmander-detailing" },
				"east": { "uv": [ 0, 4.75, 2, 6.75 ], "texture": "#charmander-detailing" }
			}
		},
		{
			"from": [ 6.85, 14.2, 12 ],
			"to": [ 10.85, 15.8, 13.6 ],
			"faces": {
				"down": { "uv": [ 2.75, 3.5, 4.75, 4.25 ], "texture": "#charmander-detailing" },
				"up": { "uv": [ 9.25, 2.25, 11.25, 3 ], "texture": "#charmander-detailing" },
				"north": { "uv": [ 9.25, 3, 11.25, 3.75 ], "texture": "#charmander-detailing" },
				"south": { "uv": [ 9.25, 3.25, 11.25, 4 ], "texture": "#charmander-detailing" },
				"west": { "uv": [ 7.25, 3, 8, 3.75 ], "texture": "#charmander-detailing" },
				"east": { "uv": [ 13.25, 3, 14, 3.75 ], "texture": "#charmander-detailing" }
			}
		},
		{
			"from": [ 6.85, 14.4, 13.6 ],
			"to": [ 10.65, 15.8, 14.2 ],
			"rotation": { "origin": [ 6.85, 15.8, 13.6 ], "axis": "x", "angle": 22.5 },
			"faces": {
				"down": { "uv": [ 2.75, 3.5, 4.75, 4.25 ], "texture": "#charmander-detailing" },
				"up": { "uv": [ 9.25, 2.25, 11.25, 3 ], "texture": "#charmander-detailing" },
				"north": { "uv": [ 9.25, 3, 11.25, 3.75 ], "texture": "#charmander-detailing" },
				"south": { "uv": [ 9.25, 3.25, 11.25, 4 ], "texture": "#charmander-detailing" },
				"west": { "uv": [ 7.25, 3, 8, 3.75 ], "texture": "#charmander-detailing" },
				"east": { "uv": [ 13.25, 3, 14, 3.75 ], "texture": "#charmander-detailing" }
			}
		},
		{
			"from": [ 7.85, 16.6, 10.8 ],
			"to": [ 9.85, 19.2, 12.2 ],
			"rotation": { "origin": [ 7.85, 19.2, 10.8 ], "axis": "x", "angle": -22.5 },
			"faces": {
				"down": { "uv": [ 2.75, 3.5, 4.75, 4.25 ], "texture": "#charmander-detailing" },
				"up": { "uv": [ 9.25, 2.25, 11.25, 3 ], "texture": "#charmander-detailing" },
				"north": { "uv": [ 2.75, 3.25, 3.75, 5 ], "texture": "#charmander-detailing" },
				"south": { "uv": [ 2.75, 3.25, 3.75, 5 ], "texture": "#charmander-detailing" },
				"west": { "uv": [ 2, 3.25, 2.75, 4.75 ], "texture": "#charmander-detailing" },
				"east": { "uv": [ 4, 3.25, 4.75, 4.75 ], "texture": "#charmander-detailing" }
			}
		},
		{
			"from": [ 8.125, 21.1875, 1.5625 ],
			"to": [ 9.525, 23.1875, 5.7625 ],
			"rotation": { "origin": [ 8.125, 23.1875, 1.5625 ], "axis": "x", "angle": 22.5 },
			"faces": {
				"down": { "uv": [ 6, 4.75, 8, 6.75 ], "texture": "#charmander-detailing" },
				"up": { "uv": [ 4, 2.75, 6, 4.75 ], "texture": "#charmander-detailing" },
				"north": { "uv": [ 2, 4.75, 2.5, 6.75 ], "texture": "#charmander-detailing" },
				"south": { "uv": [ 2, 2.75, 2.25, 5 ], "texture": "#charmander-detailing" },
				"west": { "uv": [ 6, 4.75, 8, 6.75 ], "texture": "#charmander-detailing" },
				"east": { "uv": [ 0, 4.75, 2, 6.75 ], "texture": "#charmander-detailing" }
			}
		},
		{
			"from": [ 5.85, 15, 11.6 ],
			"to": [ 11.85, 17, 13.6 ],
			"faces": {
				"down": { "uv": [ 2.75, 3.5, 4.75, 4.25 ], "texture": "#charmander-detailing" },
				"up": { "uv": [ 9.25, 2.25, 11.25, 3 ], "texture": "#charmander-detailing" },
				"north": { "uv": [ 9.25, 3, 11.25, 3.75 ], "texture": "#charmander-detailing" },
				"south": { "uv": [ 9.25, 3.25, 11.25, 4 ], "texture": "#charmander-detailing" },
				"west": { "uv": [ 7.25, 3, 8, 3.75 ], "texture": "#charmander-detailing" },
				"east": { "uv": [ 13.25, 3, 14, 3.75 ], "texture": "#charmander-detailing" }
			}
		},
		{
			"from": [ 7.05, 14.2, 9.599999 ],
			"to": [ 10.65, 19.8, 12 ],
			"rotation": { "origin": [ 7.05, 19.8, 9.6 ], "axis": "x", "angle": -22.5 },
			"faces": {
				"down": { "uv": [ 3, 3, 5, 5 ], "texture": "#charmander-detailing" },
				"up": { "uv": [ 4, 2.75, 6, 4.75 ], "texture": "#charmander-detailing" },
				"north": { "uv": [ 1.75, 4.75, 3.75, 6.75 ], "texture": "#charmander-detailing" },
				"south": { "uv": [ 2.5, 3, 4.5, 5 ], "texture": "#charmander-detailing" },
				"west": { "uv": [ 0.75, 4.75, 2.75, 6.75 ], "texture": "#charmander-detailing" },
				"east": { "uv": [ 0, 4.75, 2, 6.75 ], "texture": "#charmander-detailing" }
			}
		},
		{
			"from": [ 5.85, 19, 6 ],
			"to": [ 11.85, 21, 11.6 ],
			"faces": {
				"down": { "uv": [ 3.5, 3, 5, 5 ], "texture": "#charmander-detailing" },
				"up": { "uv": [ 4, 2.75, 6, 4.75 ], "texture": "#charmander-detailing" },
				"north": { "uv": [ 2.5, 3, 4.5, 3.5 ], "texture": "#charmander-detailing" },
				"south": { "uv": [ 2.5, 3, 4.5, 3.5 ], "texture": "#charmander-detailing" },
				"west": { "uv": [ 0.75, 4.75, 1.75, 5.25 ], "texture": "#charmander-detailing" },
				"east": { "uv": [ 0, 4.75, 1, 5.25 ], "texture": "#charmander-detailing" }
			}
		},
		{
			"from": [ 5.45, 15.4, 6.4 ],
			"to": [ 12.25, 19.8, 10 ],
			"faces": {
				"down": { "uv": [ 2.5, 3, 5.5, 5 ], "texture": "#charmander-detailing" },
				"up": { "uv": [ 2.5, 3, 5.5, 5 ], "texture": "#charmander-detailing" },
				"north": { "uv": [ 3, 3, 5.5, 4.5 ], "texture": "#charmander-detailing" },
				"south": { "uv": [ 3, 3, 5.5, 4.5 ], "texture": "#charmander-detailing" },
				"west": { "uv": [ 0.75, 4.75, 2.25, 6.25 ], "texture": "#charmander-detailing" },
				"east": { "uv": [ 0, 4.75, 1.5, 6.25 ], "texture": "#charmander-detailing" }
			}
		},
		{
			"from": [ 5.45, 15.4, 10 ],
			"to": [ 12.25, 17.8, 11.6 ],
			"faces": {
				"down": { "uv": [ 3, 3, 4.5, 4 ], "texture": "#charmander-detailing" },
				"up": { "uv": [ 4, 2.75, 6, 4.25 ], "texture": "#charmander-detailing" },
				"north": { "uv": [ 3, 3, 5.5, 4 ], "texture": "#charmander-detailing" },
				"south": { "uv": [ 3, 3, 5.5, 4 ], "texture": "#charmander-detailing" },
				"west": { "uv": [ 2, 3, 2.75, 4 ], "texture": "#charmander-detailing" },
				"east": { "uv": [ 2, 3, 2.75, 4 ], "texture": "#charmander-detailing" }
			}
		},
		{
			"from": [ 6.25, 17.8, 9.599999 ],
			"to": [ 8.25, 19.4, 10.4 ],
			"rotation": { "origin": [ 6.25, 17.8, 9.6 ], "axis": "y", "angle": -45 },
			"faces": {
				"down": { "uv": [ 2.75, 3.5, 4.75, 4.25 ], "texture": "#charmander-detailing" },
				"up": { "uv": [ 9.25, 2.25, 11.25, 3 ], "texture": "#charmander-detailing" },
				"north": { "uv": [ 4, 5.25, 4.5, 5.75 ], "texture": "#charmander-detailing" },
				"south": { "uv": [ 4, 5.25, 4.5, 5.75 ], "texture": "#charmander-detailing" },
				"west": { "uv": [ 7.25, 3, 8, 3.75 ], "texture": "#charmander-detailing" },
				"east": { "uv": [ 11.5, 3, 12.25, 3.75 ], "texture": "#charmander-detailing" }
			}
		},
		{
			"from": [ 10.05, 17.8, 11 ],
			"to": [ 12.05, 19.4, 11.8 ],
			"rotation": { "origin": [ 10.05, 17.8, 11 ], "axis": "y", "angle": 45 },
			"faces": {
				"down": { "uv": [ 2.75, 3.5, 4.75, 4.25 ], "texture": "#charmander-detailing" },
				"up": { "uv": [ 9.25, 2.25, 11.25, 3 ], "texture": "#charmander-detailing" },
				"north": { "uv": [ 4.5, 5.25, 4, 5.75 ], "texture": "#charmander-detailing" },
				"south": { "uv": [ 4.5, 5.25, 4, 5.75 ], "texture": "#charmander-detailing" },
				"west": { "uv": [ 7.25, 3, 8, 3.75 ], "texture": "#charmander-detailing" },
				"east": { "uv": [ 11.5, 3, 12.25, 3.75 ], "texture": "#charmander-detailing" }
			}
		},
		{
			"from": [ 2, 4.75, 8.75 ],
			"to": [ 3.5, 8.75, 10.25 ],
			"rotation": { "origin": [ 2, 8.75, 8.75 ], "axis": "x", "angle": -22.5 },
			"faces": {
				"down": { "uv": [ 15, 10.5, 10.5, 8.5 ], "texture": "#texture" },
				"up": { "uv": [ 1, 8.5, 5.5, 10.5 ], "texture": "#texture" },
				"north": { "uv": [ 10.5, 7.49448, 15, 9.99448 ], "texture": "#texture" },
				"south": { "uv": [ 1, 7.49448, 5.5, 9.99448 ], "texture": "#texture" },
				"west": { "uv": [ 8.5, 7.49448, 10.5, 9.99448 ], "texture": "#texture" },
				"east": { "uv": [ 5.5, 7.49448, 7.5, 9.99448 ], "texture": "#texture" }
			}
		},
		{
			"from": [ 11.5, 11, 8 ],
			"to": [ 13, 13, 11 ],
			"rotation": { "origin": [ 11.5, 13, 8 ], "axis": "z", "angle": -22.5 },
			"faces": {
				"down": { "uv": [ 11, 11, 9, 8 ], "texture": "#texture" },
				"up": { "uv": [ 5, 8, 7, 11 ], "texture": "#texture" },
				"north": { "uv": [ 9, 3.6875, 11, 6.6875 ], "texture": "#texture" },
				"south": { "uv": [ 5, 3.6875, 7, 6.6875 ], "texture": "#texture" },
				"west": { "uv": [ 8, 3.6875, 11, 6.6875 ], "texture": "#texture" },
				"east": { "uv": [ 5, 3.6875, 8, 6.6875 ], "texture": "#texture" }
			}
		},
		{
			"from": [ 12.25, 11, 8.5 ],
			"to": [ 16.75, 12.5, 10.5 ],
			"rotation": { "origin": [ 12.25, 12.5, 8.5 ], "axis": "z", "angle": -45 },
			"faces": {
				"down": { "uv": [ 15, 10.5, 10.5, 8.5 ], "texture": "#texture" },
				"up": { "uv": [ 1, 8.5, 5.5, 10.5 ], "texture": "#texture" },
				"north": { "uv": [ 10.5, 7.49448, 15, 9.99448 ], "texture": "#texture" },
				"south": { "uv": [ 1, 7.49448, 5.5, 9.99448 ], "texture": "#texture" },
				"west": { "uv": [ 8.5, 7.49448, 10.5, 9.99448 ], "texture": "#texture" },
				"east": { "uv": [ 5.5, 7.49448, 7.5, 9.99448 ], "texture": "#texture" }
			}
		},
		{
			"from": [ 14, 4.926, 8.5 ],
			"to": [ 15.5, 8.925999, 10 ],
			"rotation": { "origin": [ 14, 8.926, 8.5 ], "axis": "x", "angle": -22.5 },
			"faces": {
				"down": { "uv": [ 15, 10.5, 10.5, 8.5 ], "texture": "#texture" },
				"up": { "uv": [ 1, 8.5, 5.5, 10.5 ], "texture": "#texture" },
				"north": { "uv": [ 10.5, 7.49448, 15, 9.99448 ], "texture": "#texture" },
				"south": { "uv": [ 1, 7.49448, 5.5, 9.99448 ], "texture": "#texture" },
				"west": { "uv": [ 8.5, 7.49448, 10.5, 9.99448 ], "texture": "#texture" },
				"east": { "uv": [ 5.5, 7.49448, 7.5, 9.99448 ], "texture": "#texture" }
			}
		},
		{
			"from": [ 1.75, 4.75, 11.25 ],
			"to": [ 2.25, 6, 11.75 ],
			"rotation": { "origin": [ 1.75, 6, 11.25 ], "axis": "x", "angle": 22.5 },
			"faces": {
				"down": { "uv": [ 1.5, 0, 1.75, 0.25 ], "texture": "#charmander-detailing" },
				"up": { "uv": [ 1.25, 0, 1.5, 0.25 ], "texture": "#charmander-detailing" },
				"north": { "uv": [ 1, 0.25, 1.25, 0.5 ], "texture": "#charmander-detailing" },
				"south": { "uv": [ 1.25, 0.25, 1.5, 0.5 ], "texture": "#charmander-detailing" },
				"west": { "uv": [ 1.5, 0.25, 1.75, 0.5 ], "texture": "#charmander-detailing" },
				"east": { "uv": [ 1.75, 0.25, 2, 0.5 ], "texture": "#charmander-detailing" }
			}
		},
		{
			"from": [ 2.5, 4.5, 11.5 ],
			"to": [ 3, 5.75, 12 ],
			"rotation": { "origin": [ 2.5, 5.75, 11.5 ], "axis": "x", "angle": 22.5 },
			"faces": {
				"down": { "uv": [ 1.5, 0, 1.75, 0.25 ], "texture": "#charmander-detailing" },
				"up": { "uv": [ 1.25, 0, 1.5, 0.25 ], "texture": "#charmander-detailing" },
				"north": { "uv": [ 1, 0.25, 1.25, 0.5 ], "texture": "#charmander-detailing" },
				"south": { "uv": [ 1.25, 0.25, 1.5, 0.5 ], "texture": "#charmander-detailing" },
				"west": { "uv": [ 1.5, 0.25, 1.75, 0.5 ], "texture": "#charmander-detailing" },
				"east": { "uv": [ 1.75, 0.25, 2, 0.5 ], "texture": "#charmander-detailing" }
			}
		},
		{
			"from": [ 3.25, 4.75, 11.25 ],
			"to": [ 3.75, 6, 11.75 ],
			"rotation": { "origin": [ 3.25, 6, 11.25 ], "axis": "x", "angle": 22.5 },
			"faces": {
				"down": { "uv": [ 1.5, 0, 1.75, 0.25 ], "texture": "#charmander-detailing" },
				"up": { "uv": [ 1.25, 0, 1.5, 0.25 ], "texture": "#charmander-detailing" },
				"north": { "uv": [ 1, 0.25, 1.25, 0.5 ], "texture": "#charmander-detailing" },
				"south": { "uv": [ 1.25, 0.25, 1.5, 0.5 ], "texture": "#charmander-detailing" },
				"west": { "uv": [ 1.5, 0.25, 1.75, 0.5 ], "texture": "#charmander-detailing" },
				"east": { "uv": [ 1.75, 0.25, 2, 0.5 ], "texture": "#charmander-detailing" }
			}
		},
		{
			"from": [ 15.25, 5, 11.25 ],
			"to": [ 15.75, 6.25, 11.75 ],
			"rotation": { "origin": [ 15.25, 6.25, 11.25 ], "axis": "x", "angle": 22.5 },
			"faces": {
				"down": { "uv": [ 1.5, 0, 1.75, 0.25 ], "texture": "#charmander-detailing" },
				"up": { "uv": [ 1.25, 0, 1.5, 0.25 ], "texture": "#charmander-detailing" },
				"north": { "uv": [ 1, 0.25, 1.25, 0.5 ], "texture": "#charmander-detailing" },
				"south": { "uv": [ 1.25, 0.25, 1.5, 0.5 ], "texture": "#charmander-detailing" },
				"west": { "uv": [ 1.5, 0.25, 1.75, 0.5 ], "texture": "#charmander-detailing" },
				"east": { "uv": [ 1.75, 0.25, 2, 0.5 ], "texture": "#charmander-detailing" }
			}
		},
		{
			"from": [ 13.75, 5, 11.25 ],
			"to": [ 14.25, 6.25, 11.75 ],
			"rotation": { "origin": [ 13.75, 6.25, 11.25 ], "axis": "x", "angle": 22.5 },
			"faces": {
				"down": { "uv": [ 1.5, 0, 1.75, 0.25 ], "texture": "#charmander-detailing" },
				"up": { "uv": [ 1.25, 0, 1.5, 0.25 ], "texture": "#charmander-detailing" },
				"north": { "uv": [ 1, 0.25, 1.25, 0.5 ], "texture": "#charmander-detailing" },
				"south": { "uv": [ 1.25, 0.25, 1.5, 0.5 ], "texture": "#charmander-detailing" },
				"west": { "uv": [ 1.5, 0.25, 1.75, 0.5 ], "texture": "#charmander-detailing" },
				"east": { "uv": [ 1.75, 0.25, 2, 0.5 ], "texture": "#charmander-detailing" }
			}
		},
		{
			"from": [ 14.5, 4.75, 11.25 ],
			"to": [ 15, 6, 11.75 ],
			"rotation": { "origin": [ 14.5, 6, 11.25 ], "axis": "x", "angle": 22.5 },
			"faces": {
				"down": { "uv": [ 1.5, 0, 1.75, 0.25 ], "texture": "#charmander-detailing" },
				"up": { "uv": [ 1.25, 0, 1.5, 0.25 ], "texture": "#charmander-detailing" },
				"north": { "uv": [ 1, 0.25, 1.25, 0.5 ], "texture": "#charmander-detailing" },
				"south": { "uv": [ 1.25, 0.25, 1.5, 0.5 ], "texture": "#charmander-detailing" },
				"west": { "uv": [ 1.5, 0.25, 1.75, 0.5 ], "texture": "#charmander-detailing" },
				"east": { "uv": [ 1.75, 0.25, 2, 0.5 ], "texture": "#charmander-detailing" }
			}
		}
	],
	"display": {
		"thirdperson_lefthand": {
			"rotation":  [ 70, 180, 0 ],
			"translation":  [ -7.25, -6.259, 0.6959 ],
			"scale":  [ 1.4, 1.4, 1.4 ]
		},
		"head": {
			"rotation":  [ 0, 180, 0 ],
			"translation":  [ 1.8, -27, 0 ],
			"scale":  [ 2.2, 2.2, 2.2 ]
		},
		"thirdperson_righthand": {
			"rotation":  [ 70, 180, 0 ],
			"translation":  [ -4.75, -6.259, 0.6959 ],
			"scale":  [ 1.4, 1.4, 1.4 ]
		},
		"firstperson_righthand": {
			"scale":  [ 0, 0, 0 ]
		},
		"firstperson_lefthand": {
			"scale":  [ 0, 0, 0 ]
		},
		"gui": {
			"scale":  [ 0, 0, 0 ]
		},
		"ground": {
			"scale":  [ 0, 0, 0 ]
		}
	}
}