{
"__comment": "Designed by Samasaurus6 with BDcraft Cubik PRO 0.96 Beta - http://bdcraft.net",
"elements": [ 
{
    "from": [ 6.5, 9.25, 5.3125 ],
    "to": [ 9, 12.25, 10.8125 ],
    "faces": {
        "down":  { "uv": [ 3, 4, 1, 0 ], "texture": "#abra" },
        "up":    { "uv": [ 1.5, 0, 3.5, 4 ], "texture": "#abra" },
        "north": { "uv": [ 1.5, 0, 4, 3 ], "texture": "#abra" },
        "south": { "uv": [ 1.5, 0, 4, 3 ], "texture": "#abra" },
        "west":  { "uv": [ 1.5, 0, 6.5, 3 ], "texture": "#abra" },
        "east":  { "uv": [ 1, 0, 6, 3 ], "texture": "#abra" }
    }
},
{
    "from": [ 6, 8.8125, 6 ],
    "to": [ 9.5625, 13, 10 ],
    "faces": {
        "down":  { "uv": [ 3, 4, 1, 0 ], "texture": "#abra" },
        "up":    { "uv": [ 1.5, 0, 3.5, 4 ], "texture": "#abra" },
        "north": { "uv": [ 1.5, 0, 4, 3 ], "texture": "#abra" },
        "south": { "uv": [ 1.5, 0, 4, 3 ], "texture": "#abra" },
        "west":  { "uv": [ 1.5, 0, 6.5, 3 ], "texture": "#abra" },
        "east":  { "uv": [ 1, 0, 6, 3 ], "texture": "#abra" }
    }
},
{
    "from": [ 5.5, 9.25, 6.25 ],
    "to": [ 10, 12.25, 9.75 ],
    "faces": {
        "down":  { "uv": [ 3, 4, 1, 0 ], "texture": "#abra" },
        "up":    { "uv": [ 1.5, 0, 3.5, 4 ], "texture": "#abra" },
        "north": { "uv": [ 1.5, 0, 4, 3 ], "texture": "#abra" },
        "south": { "uv": [ 1.5, 0, 4, 3 ], "texture": "#abra" },
        "west":  { "uv": [ 1.5, 0, 6.5, 3 ], "texture": "#abra" },
        "east":  { "uv": [ 1, 0, 6, 3 ], "texture": "#abra" }
    }
},
{
    "from": [ 5.6875, 9.0625, 5.75 ],
    "to": [ 9.875, 12.6875, 10.25 ],
    "faces": {
        "down":  { "uv": [ 3, 4, 1, 0 ], "texture": "#abra" },
        "up":    { "uv": [ 1.5, 0, 3.5, 4 ], "texture": "#abra" },
        "north": { "uv": [ 1.5, 0, 4, 3 ], "texture": "#abra" },
        "south": { "uv": [ 1.5, 0, 4, 3 ], "texture": "#abra" },
        "west":  { "uv": [ 1.5, 0, 6.5, 3 ], "texture": "#abra" },
        "east":  { "uv": [ 1, 0, 6, 3 ], "texture": "#abra" }
    }
},
{
    "from": [ 5.5, 8.5625, 7 ],
    "to": [ 7, 10.0625, 9 ],
    "rotation": { "origin": [ 5.5, 10.0625, 7 ], "axis": "z", "angle": -45 },
    "faces": {
        "down":  { "uv": [ 0, 9.5, 3, 11 ], "rotation": 90, "texture": "#abra" },
        "up":    { "uv": [ 0, 8, 3, 9.5 ], "rotation": 90, "texture": "#abra" },
        "north": { "uv": [ 0, 8.5, 3, 10 ], "texture": "#abra" },
        "south": { "uv": [ 0, 8.5, 3, 10 ], "texture": "#abra" },
        "west":  { "uv": [ 0, 8.5, 3, 10 ], "texture": "#abra" },
        "east":  { "uv": [ 0, 8.5, 3, 10 ], "texture": "#abra" }
    }
},
{
    "from": [ 6.5, 5, 6.5 ],
    "to": [ 9, 9, 9.5 ],
    "faces": {
        "down":  { "uv": [ 4.5, 1.5, 7, 4.5 ], "texture": "#abra" },
        "up":    { "uv": [ 9, 1, 11.5, 4 ], "texture": "#abra" },
        "north": { "uv": [ 5.5, 0, 11, 3.5 ], "rotation": 270, "texture": "#abra" },
        "south": { "uv": [ 5.5, 0, 11, 3.5 ], "rotation": 270, "texture": "#abra" },
        "west":  { "uv": [ 5.5, 0, 11, 3.5 ], "rotation": 270, "texture": "#abra" },
        "east":  { "uv": [ 5.5, 0, 11, 3.5 ], "rotation": 270, "texture": "#abra" }
    }
},
{
    "from": [ 6.9375, 8.125, 3.5 ],
    "to": [ 8.9375, 9.625, 6.5 ],
    "faces": {
        "down":  { "uv": [ 13.5, 0, 15.5, 3 ], "texture": "#abra" },
        "up":    { "uv": [ 14, 0, 16, 3 ], "texture": "#abra" },
        "north": { "uv": [ 12.5, 0.5, 14.5, 2 ], "texture": "#abra" },
        "south": { "uv": [ 14, 0, 16, 1.5 ], "texture": "#abra" },
        "west":  { "uv": [ 13, 0, 16, 1.5 ], "texture": "#abra" },
        "east":  { "uv": [ 11, 1, 14, 2.5 ], "texture": "#abra" }
    }
},
{
    "from": [ 6.9375, 8.125, 9.5 ],
    "to": [ 8.9375, 9.625, 12.5 ],
    "faces": {
        "down":  { "uv": [ 13.5, 0, 15.5, 3 ], "texture": "#abra" },
        "up":    { "uv": [ 14, 0, 16, 3 ], "texture": "#abra" },
        "north": { "uv": [ 12.5, 0.5, 14.5, 2 ], "texture": "#abra" },
        "south": { "uv": [ 14, 0, 16, 1.5 ], "texture": "#abra" },
        "west":  { "uv": [ 13, 0, 16, 1.5 ], "texture": "#abra" },
        "east":  { "uv": [ 11, 1, 14, 2.5 ], "texture": "#abra" }
    }
},
{
    "from": [ 7, 5, 6 ],
    "to": [ 8.5, 9, 10 ],
    "faces": {
        "down":  { "uv": [ 4.5, 1.5, 7, 4.5 ], "texture": "#abra" },
        "up":    { "uv": [ 9, 1, 11.5, 4 ], "texture": "#abra" },
        "north": { "uv": [ 5.5, 0, 11, 3.5 ], "rotation": 270, "texture": "#abra" },
        "south": { "uv": [ 5.5, 0, 11, 3.5 ], "rotation": 270, "texture": "#abra" },
        "west":  { "uv": [ 5.5, 0, 11, 3.5 ], "rotation": 270, "texture": "#abra" },
        "east":  { "uv": [ 5.5, 0, 11, 3.5 ], "rotation": 270, "texture": "#abra" }
    }
},
{
    "from": [ 6.25, 4.5, 5.5 ],
    "to": [ 9.25, 5.5, 10.5 ],
    "faces": {
        "down":  { "uv": [ 3, 4, 1, 0 ], "texture": "#abra" },
        "up":    { "uv": [ 1.5, 0, 3.5, 4 ], "texture": "#abra" },
        "north": { "uv": [ 1.5, 0, 4, 3 ], "texture": "#abra" },
        "south": { "uv": [ 1.5, 0, 4, 3 ], "texture": "#abra" },
        "west":  { "uv": [ 1.5, 0, 6.5, 3 ], "texture": "#abra" },
        "east":  { "uv": [ 1, 0, 6, 3 ], "texture": "#abra" }
    }
},
{
    "from": [ 6.75, 3.5, 6.5 ],
    "to": [ 8.75, 4.5, 9.5 ],
    "faces": {
        "down":  { "uv": [ 3, 4, 1, 0 ], "texture": "#abra" },
        "up":    { "uv": [ 1.5, 0, 3.5, 4 ], "texture": "#abra" },
        "north": { "uv": [ 1.5, 0, 4, 3 ], "texture": "#abra" },
        "south": { "uv": [ 1.5, 0, 4, 3 ], "texture": "#abra" },
        "west":  { "uv": [ 1.5, 0, 6.5, 3 ], "texture": "#abra" },
        "east":  { "uv": [ 1, 0, 6, 3 ], "texture": "#abra" }
    }
},
{
    "from": [ 7.5, 3.625, 9 ],
    "to": [ 8.5, 4.625, 11.5 ],
    "rotation": { "origin": [ 7.5, 3.625, 9 ], "axis": "y", "angle": -45 },
    "faces": {
        "down":  { "uv": [ 3, 4, 1, 0 ], "texture": "#abra" },
        "up":    { "uv": [ 1.5, 0, 3.5, 4 ], "texture": "#abra" },
        "north": { "uv": [ 1.5, 0, 4, 3 ], "texture": "#abra" },
        "south": { "uv": [ 1.5, 0, 4, 3 ], "texture": "#abra" },
        "west":  { "uv": [ 1.5, 0, 6.5, 3 ], "texture": "#abra" },
        "east":  { "uv": [ 1, 0, 6, 3 ], "texture": "#abra" }
    }
},
{
    "from": [ 4, 2.875, 10.75 ],
    "to": [ 6, 3.875, 11.75 ],
    "rotation": { "origin": [ 4, 3.875, 10.75 ], "axis": "z", "angle": 22.5 },
    "faces": {
        "down":  { "uv": [ 3, 4, 1, 0 ], "texture": "#abra" },
        "up":    { "uv": [ 1.5, 0, 3.5, 4 ], "texture": "#abra" },
        "north": { "uv": [ 1.5, 0, 4, 3 ], "texture": "#abra" },
        "south": { "uv": [ 1.5, 0, 4, 3 ], "texture": "#abra" },
        "west":  { "uv": [ 1.5, 0, 6.5, 3 ], "texture": "#abra" },
        "east":  { "uv": [ 1, 0, 6, 3 ], "texture": "#abra" }
    }
},
{
    "from": [ 5.75, 3.625, 5.1875 ],
    "to": [ 6.75, 4.625, 7.6875 ],
    "rotation": { "origin": [ 5.75, 3.625, 5.1875 ], "axis": "y", "angle": 45 },
    "faces": {
        "down":  { "uv": [ 3, 4, 1, 0 ], "texture": "#abra" },
        "up":    { "uv": [ 1.5, 0, 3.5, 4 ], "texture": "#abra" },
        "north": { "uv": [ 1.5, 0, 4, 3 ], "texture": "#abra" },
        "south": { "uv": [ 1.5, 0, 4, 3 ], "texture": "#abra" },
        "west":  { "uv": [ 1.5, 0, 6.5, 3 ], "texture": "#abra" },
        "east":  { "uv": [ 1, 0, 6, 3 ], "texture": "#abra" }
    }
},
{
    "from": [ 3.5, 2.625, 4.25 ],
    "to": [ 6, 3.625, 5.25 ],
    "rotation": { "origin": [ 3.5, 3.625, 4.25 ], "axis": "z", "angle": 22.5 },
    "faces": {
        "down":  { "uv": [ 3, 4, 1, 0 ], "texture": "#abra" },
        "up":    { "uv": [ 1.5, 0, 3.5, 4 ], "texture": "#abra" },
        "north": { "uv": [ 1.5, 0, 4, 3 ], "texture": "#abra" },
        "south": { "uv": [ 1.5, 0, 4, 3 ], "texture": "#abra" },
        "west":  { "uv": [ 1.5, 0, 6.5, 3 ], "texture": "#abra" },
        "east":  { "uv": [ 1, 0, 6, 3 ], "texture": "#abra" }
    }
},
{
    "from": [ 3, 1.5, 3 ],
    "to": [ 4, 5, 5 ],
    "rotation": { "origin": [ 3, 5, 3 ], "axis": "x", "angle": -22.5 },
    "faces": {
        "down":  { "uv": [ 3, 4, 1, 0 ], "texture": "#abra" },
        "up":    { "uv": [ 1.5, 0, 3.5, 4 ], "texture": "#abra" },
        "north": { "uv": [ 1.5, 0, 4, 3 ], "texture": "#abra" },
        "south": { "uv": [ 1.5, 0, 4, 3 ], "texture": "#abra" },
        "west":  { "uv": [ 1.5, 0, 6.5, 3 ], "texture": "#abra" },
        "east":  { "uv": [ 1, 0, 6, 3 ], "texture": "#abra" }
    }
},
{
    "__comment": "leftfoot",
    "from": [ 3.4, 1.7, 9.8 ],
    "to": [ 4.4, 3.7, 13.3 ],
    "rotation": { "origin": [ 3.4, 3.7, 9.8 ], "axis": "x", "angle": -22.5 },
    "faces": {
        "down":  { "uv": [ 3, 4, 1, 0 ], "texture": "#abra" },
        "up":    { "uv": [ 1.5, 0, 3.5, 4 ], "texture": "#abra" },
        "north": { "uv": [ 1.5, 0, 4, 3 ], "texture": "#abra" },
        "south": { "uv": [ 1.5, 0, 4, 3 ], "texture": "#abra" },
        "west":  { "uv": [ 1.5, 0, 6.5, 3 ], "texture": "#abra" },
        "east":  { "uv": [ 1, 0, 6, 3 ], "texture": "#abra" }
    }
},
{
    "from": [ 2, 0.5, 4.5 ],
    "to": [ 4, 1.5, 5.5 ],
    "rotation": { "origin": [ 2, 1.5, 4.5 ], "axis": "z", "angle": 45 },
    "faces": {
        "down":  { "uv": [ 3, 4, 1, 0 ], "texture": "#abra" },
        "up":    { "uv": [ 1.5, 0, 3.5, 4 ], "texture": "#abra" },
        "north": { "uv": [ 1.5, 0, 4, 3 ], "texture": "#abra" },
        "south": { "uv": [ 1.5, 0, 4, 3 ], "texture": "#abra" },
        "west":  { "uv": [ 1.5, 0, 6.5, 3 ], "texture": "#abra" },
        "east":  { "uv": [ 1, 0, 6, 3 ], "texture": "#abra" }
    }
},
{
    "from": [ 2.75, 5.375, 4.375 ],
    "to": [ 3.75, 7.375, 5.0625 ],
    "faces": {
        "down":  { "uv": [ 3, 4, 1, 0 ], "texture": "#abra" },
        "up":    { "uv": [ 1.5, 0, 3.5, 4 ], "texture": "#abra" },
        "north": { "uv": [ 1.5, 0, 4, 3 ], "texture": "#abra" },
        "south": { "uv": [ 1.5, 0, 4, 3 ], "texture": "#abra" },
        "west":  { "uv": [ 1.5, 0, 6.5, 3 ], "texture": "#abra" },
        "east":  { "uv": [ 1, 0, 6, 3 ], "texture": "#abra" }
    }
},
{
    "from": [ 2.75, 4.9375, 2.9375 ],
    "to": [ 3.75, 6.9375, 3.625 ],
    "rotation": { "origin": [ 2.75, 6.9375, 2.9375 ], "axis": "x", "angle": -22.5 },
    "faces": {
        "down":  { "uv": [ 3, 4, 1, 0 ], "texture": "#abra" },
        "up":    { "uv": [ 1.5, 0, 3.5, 4 ], "texture": "#abra" },
        "north": { "uv": [ 1.5, 0, 4, 3 ], "texture": "#abra" },
        "south": { "uv": [ 1.5, 0, 4, 3 ], "texture": "#abra" },
        "west":  { "uv": [ 1.5, 0, 6.5, 3 ], "texture": "#abra" },
        "east":  { "uv": [ 1, 0, 6, 3 ], "texture": "#abra" }
    }
},
{
    "from": [ 2.75, 3.9375, 1.8125 ],
    "to": [ 3.75, 5.9375, 2.5 ],
    "rotation": { "origin": [ 2.75, 5.9375, 1.8125 ], "axis": "x", "angle": -45 },
    "faces": {
        "down":  { "uv": [ 3, 4, 1, 0 ], "texture": "#abra" },
        "up":    { "uv": [ 1.5, 0, 3.5, 4 ], "texture": "#abra" },
        "north": { "uv": [ 1.5, 0, 4, 3 ], "texture": "#abra" },
        "south": { "uv": [ 1.5, 0, 4, 3 ], "texture": "#abra" },
        "west":  { "uv": [ 1.5, 0, 6.5, 3 ], "texture": "#abra" },
        "east":  { "uv": [ 1, 0, 6, 3 ], "texture": "#abra" }
    }
},
{
    "__comment": "leftfoot",
    "from": [ 2.7125, 2.3875, 8.7375 ],
    "to": [ 4.7125, 3.3875, 9.7375 ],
    "rotation": { "origin": [ 2.7125, 2.3875, 8.7375 ], "axis": "y", "angle": -45 },
    "faces": {
        "down":  { "uv": [ 3, 4, 1, 0 ], "texture": "#abra" },
        "up":    { "uv": [ 1.5, 0, 3.5, 4 ], "texture": "#abra" },
        "north": { "uv": [ 1.5, 0, 4, 3 ], "texture": "#abra" },
        "south": { "uv": [ 1.5, 0, 4, 3 ], "texture": "#abra" },
        "west":  { "uv": [ 1.5, 0, 6.5, 3 ], "texture": "#abra" },
        "east":  { "uv": [ 1, 0, 6, 3 ], "texture": "#abra" }
    }
},
{
    "__comment": "leftfoot",
    "from": [ 3.2125, 4.0125, 12.3 ],
    "to": [ 4.2125, 4.7, 14.425 ],
    "rotation": { "origin": [ 3.2125, 4.7, 12.3 ], "axis": "x", "angle": -45 },
    "faces": {
        "down":  { "uv": [ 3, 4, 1, 0 ], "texture": "#abra" },
        "up":    { "uv": [ 1.5, 0, 3.5, 4 ], "texture": "#abra" },
        "north": { "uv": [ 1.5, 0, 4, 3 ], "texture": "#abra" },
        "south": { "uv": [ 1.5, 0, 4, 3 ], "texture": "#abra" },
        "west":  { "uv": [ 1.5, 0, 6.5, 3 ], "texture": "#abra" },
        "east":  { "uv": [ 1, 0, 6, 3 ], "texture": "#abra" }
    }
},
{
    "__comment": "leftfoot",
    "from": [ 3.2125, 3.6375, 12.925 ],
    "to": [ 4.2125, 4.325, 15.05 ],
    "rotation": { "origin": [ 3.2125, 4.325, 12.925 ], "axis": "x", "angle": -22.5 },
    "faces": {
        "down":  { "uv": [ 3, 4, 1, 0 ], "texture": "#abra" },
        "up":    { "uv": [ 1.5, 0, 3.5, 4 ], "texture": "#abra" },
        "north": { "uv": [ 1.5, 0, 4, 3 ], "texture": "#abra" },
        "south": { "uv": [ 1.5, 0, 4, 3 ], "texture": "#abra" },
        "west":  { "uv": [ 1.5, 0, 6.5, 3 ], "texture": "#abra" },
        "east":  { "uv": [ 1, 0, 6, 3 ], "texture": "#abra" }
    }
},
{
    "__comment": "leftfoot",
    "from": [ 3.2125, 2.95, 13.05 ],
    "to": [ 4.2125, 3.6375, 15.175 ],
    "faces": {
        "down":  { "uv": [ 3, 4, 1, 0 ], "texture": "#abra" },
        "up":    { "uv": [ 1.5, 0, 3.5, 4 ], "texture": "#abra" },
        "north": { "uv": [ 1.5, 0, 4, 3 ], "texture": "#abra" },
        "south": { "uv": [ 1.5, 0, 4, 3 ], "texture": "#abra" },
        "west":  { "uv": [ 1.5, 0, 6.5, 3 ], "texture": "#abra" },
        "east":  { "uv": [ 1, 0, 6, 3 ], "texture": "#abra" }
    }
},
{
    "from": [ 7.5, 5.5625, 10.25 ],
    "to": [ 8.5, 9.0625, 11.25 ],
    "rotation": { "origin": [ 7.5, 9.0625, 10.25 ], "axis": "z", "angle": 22.5 },
    "faces": {
        "down":  { "uv": [ 3, 4, 1, 0 ], "texture": "#abra" },
        "up":    { "uv": [ 1.5, 0, 3.5, 4 ], "texture": "#abra" },
        "north": { "uv": [ 1.5, 0, 4, 3 ], "texture": "#abra" },
        "south": { "uv": [ 1.5, 0, 4, 3 ], "texture": "#abra" },
        "west":  { "uv": [ 1.5, 0, 6.5, 3 ], "texture": "#abra" },
        "east":  { "uv": [ 1, 0, 6, 3 ], "texture": "#abra" }
    }
},
{
    "from": [ 7.5, 5.5625, 4.8125 ],
    "to": [ 8.5, 9.0625, 5.8125 ],
    "rotation": { "origin": [ 7.5, 9.0625, 4.8125 ], "axis": "z", "angle": 22.5 },
    "faces": {
        "down":  { "uv": [ 3, 4, 1, 0 ], "texture": "#abra" },
        "up":    { "uv": [ 1.5, 0, 3.5, 4 ], "texture": "#abra" },
        "north": { "uv": [ 1.5, 0, 4, 3 ], "texture": "#abra" },
        "south": { "uv": [ 1.5, 0, 4, 3 ], "texture": "#abra" },
        "west":  { "uv": [ 1.5, 0, 6.5, 3 ], "texture": "#abra" },
        "east":  { "uv": [ 1, 0, 6, 3 ], "texture": "#abra" }
    }
},
{
    "from": [ 7, 6.375, 10.1875 ],
    "to": [ 10, 7.375, 11.375 ],
    "rotation": { "origin": [ 7, 7.375, 10.1875 ], "axis": "z", "angle": -22.5 },
    "faces": {
        "down":  { "uv": [ 3, 4, 1, 0 ], "texture": "#abra" },
        "up":    { "uv": [ 1.5, 0, 3.5, 4 ], "texture": "#abra" },
        "north": { "uv": [ 1.5, 0, 4, 3 ], "texture": "#abra" },
        "south": { "uv": [ 1.5, 0, 4, 3 ], "texture": "#abra" },
        "west":  { "uv": [ 1.5, 0, 6.5, 3 ], "texture": "#abra" },
        "east":  { "uv": [ 1, 0, 6, 3 ], "texture": "#abra" }
    }
},
{
    "from": [ 6.875, 6.4375, 4.75 ],
    "to": [ 10, 7.4375, 5.875 ],
    "rotation": { "origin": [ 6.875, 7.4375, 4.75 ], "axis": "z", "angle": -22.5 },
    "faces": {
        "down":  { "uv": [ 3, 4, 1, 0 ], "texture": "#abra" },
        "up":    { "uv": [ 1.5, 0, 3.5, 4 ], "texture": "#abra" },
        "north": { "uv": [ 1.5, 0, 4, 3 ], "texture": "#abra" },
        "south": { "uv": [ 1.5, 0, 4, 3 ], "texture": "#abra" },
        "west":  { "uv": [ 1.5, 0, 6.5, 3 ], "texture": "#abra" },
        "east":  { "uv": [ 1, 0, 6, 3 ], "texture": "#abra" }
    }
},
{
    "from": [ 4.75, 5.125, 5.0625 ],
    "to": [ 5.75, 6.625, 7.0625 ],
    "rotation": { "origin": [ 4.75, 5.125, 5.0625 ], "axis": "y", "angle": 22.5 },
    "faces": {
        "down":  { "uv": [ 3, 4, 1, 0 ], "texture": "#abra" },
        "up":    { "uv": [ 1.5, 0, 3.5, 4 ], "texture": "#abra" },
        "north": { "uv": [ 1.5, 0, 4, 3 ], "texture": "#abra" },
        "south": { "uv": [ 1.5, 0, 4, 3 ], "texture": "#abra" },
        "west":  { "uv": [ 1.5, 0, 6.5, 3 ], "texture": "#abra" },
        "east":  { "uv": [ 1, 0, 6, 3 ], "texture": "#abra" }
    }
},
{
    "from": [ 8, 11.6875, 4.3125 ],
    "to": [ 8.0625, 14.1875, 6.3125 ],
    "rotation": { "origin": [ 8, 14.1875, 4.3125 ], "axis": "x", "angle": -22.5 },
    "faces": {
        "west":  { "uv": [ 10, 10, 5.5, 16 ], "texture": "#abra" },
        "east":  { "uv": [ 10.5, 10, 15, 16 ], "texture": "#abra" }
    }
},
{
    "from": [ 8, 12.5, 10 ],
    "to": [ 8.0625, 15, 12 ],
    "rotation": { "origin": [ 8, 15, 10 ], "axis": "x", "angle": 22.5 },
    "faces": {
        "west":  { "uv": [ 5.5, 10, 10, 16 ], "texture": "#abra" },
        "east":  { "uv": [ 15, 10, 10.5, 16 ], "texture": "#abra" }
    }
},
{
    "from": [ 5.9375, 6.125, 9.75 ],
    "to": [ 7.5, 7.375, 11 ],
    "rotation": { "origin": [ 5.9375, 6.125, 9.75 ], "axis": "y", "angle": -22.5 },
    "faces": {
        "down":  { "uv": [ 3, 4, 1, 0 ], "texture": "#abra" },
        "up":    { "uv": [ 1.5, 0, 3.5, 4 ], "texture": "#abra" },
        "north": { "uv": [ 1.5, 0, 4, 3 ], "texture": "#abra" },
        "south": { "uv": [ 1.5, 0, 4, 3 ], "texture": "#abra" },
        "west":  { "uv": [ 1.5, 0, 6.5, 3 ], "texture": "#abra" },
        "east":  { "uv": [ 1, 0, 6, 3 ], "texture": "#abra" }
    }
},
{
    "from": [ 5.5625, 5.125, 9.0625 ],
    "to": [ 6.5625, 6.625, 11.0625 ],
    "rotation": { "origin": [ 5.5625, 5.125, 9.0625 ], "axis": "y", "angle": -22.5 },
    "faces": {
        "down":  { "uv": [ 3, 4, 1, 0 ], "texture": "#abra" },
        "up":    { "uv": [ 1.5, 0, 3.5, 4 ], "texture": "#abra" },
        "north": { "uv": [ 1.5, 0, 4, 3 ], "texture": "#abra" },
        "south": { "uv": [ 1.5, 0, 4, 3 ], "texture": "#abra" },
        "west":  { "uv": [ 1.5, 0, 6.5, 3 ], "texture": "#abra" },
        "east":  { "uv": [ 1, 0, 6, 3 ], "texture": "#abra" }
    }
},
{
    "__comment": "fingers",
    "from": [ 4.5, 4, 10.5625 ],
    "to": [ 5, 5.5, 11.0625 ],
    "rotation": { "origin": [ 4.5, 4, 10.5625 ], "axis": "y", "angle": 22.5 },
    "faces": {
        "down":  { "uv": [ 3, 4, 1, 0 ], "texture": "#abra" },
        "up":    { "uv": [ 1.5, 0, 3.5, 4 ], "texture": "#abra" },
        "north": { "uv": [ 1.5, 11.5, 3, 16 ], "texture": "#abra" },
        "south": { "uv": [ 1.5, 11.5, 3, 16 ], "texture": "#abra" },
        "west":  { "uv": [ 1.5, 11.5, 3, 16 ], "texture": "#abra" },
        "east":  { "uv": [ 1.5, 11.5, 3, 16 ], "texture": "#abra" }
    }
},
{
    "from": [ 9, 3.5, 7 ],
    "to": [ 12, 5.5, 9 ],
    "rotation": { "origin": [ 9, 5.5, 7 ], "axis": "z", "angle": -22.5 },
    "faces": {
        "down":  { "uv": [ 3, 4, 1, 0 ], "texture": "#abra" },
        "up":    { "uv": [ 1.5, 0, 3.5, 4 ], "texture": "#abra" },
        "north": { "uv": [ 1.5, 0, 4, 3 ], "texture": "#abra" },
        "south": { "uv": [ 1.5, 0, 4, 3 ], "texture": "#abra" },
        "west":  { "uv": [ 1.5, 0, 6.5, 3 ], "texture": "#abra" },
        "east":  { "uv": [ 1, 0, 6, 3 ], "texture": "#abra" }
    }
},
{
    "from": [ 10.4375, 2.375, 7.25 ],
    "to": [ 12.9375, 3.875, 8.75 ],
    "rotation": { "origin": [ 10.4375, 3.875, 7.25 ], "axis": "z", "angle": 22.5 },
    "faces": {
        "down":  { "uv": [ 3, 4, 1, 0 ], "texture": "#abra" },
        "up":    { "uv": [ 1.5, 0, 3.5, 4 ], "texture": "#abra" },
        "north": { "uv": [ 1.5, 0, 4, 3 ], "texture": "#abra" },
        "south": { "uv": [ 1.5, 0, 4, 3 ], "texture": "#abra" },
        "west":  { "uv": [ 1.5, 0, 6.5, 3 ], "texture": "#abra" },
        "east":  { "uv": [ 1, 0, 6, 3 ], "texture": "#abra" }
    }
},
{
    "from": [ 13.1875, 3.75, 7.3125 ],
    "to": [ 14.375, 6.25, 8.625 ],
    "rotation": { "origin": [ 13.1875, 6.25, 7.3125 ], "axis": "z", "angle": -22.5 },
    "faces": {
        "down":  { "uv": [ 3, 4, 1, 0 ], "texture": "#abra" },
        "up":    { "uv": [ 1.5, 0, 3.5, 4 ], "texture": "#abra" },
        "north": { "uv": [ 3.5, 11.5, 5, 16 ], "texture": "#abra" },
        "south": { "uv": [ 3.5, 11.5, 5, 16 ], "texture": "#abra" },
        "west":  { "uv": [ 3.5, 11.5, 5, 16 ], "texture": "#abra" },
        "east":  { "uv": [ 3.5, 11.5, 5, 16 ], "texture": "#abra" }
    }
},
{
    "from": [ 5.375, 6.25, 5.1875 ],
    "to": [ 6.9375, 7.5, 6.4375 ],
    "rotation": { "origin": [ 5.375, 6.25, 5.1875 ], "axis": "y", "angle": 22.5 },
    "faces": {
        "down":  { "uv": [ 3, 4, 1, 0 ], "texture": "#abra" },
        "up":    { "uv": [ 1.5, 0, 3.5, 4 ], "texture": "#abra" },
        "north": { "uv": [ 1.5, 0, 4, 3 ], "texture": "#abra" },
        "south": { "uv": [ 1.5, 0, 4, 3 ], "texture": "#abra" },
        "west":  { "uv": [ 1.5, 0, 6.5, 3 ], "texture": "#abra" },
        "east":  { "uv": [ 1, 0, 6, 3 ], "texture": "#abra" }
    }
},
{
    "__comment": "fingers",
    "from": [ 4.875, 3.875, 9.875 ],
    "to": [ 5.375, 5.375, 10.375 ],
    "rotation": { "origin": [ 4.875, 3.875, 9.875 ], "axis": "y", "angle": 22.5 },
    "faces": {
        "down":  { "uv": [ 3, 4, 1.5, 2.5 ], "texture": "#abra" },
        "up":    { "uv": [ 1.5, 0, 3.5, 2.5 ], "texture": "#abra" },
        "north": { "uv": [ 1.5, 11.5, 3, 16 ], "texture": "#abra" },
        "south": { "uv": [ 1.5, 11.5, 3, 16 ], "texture": "#abra" },
        "west":  { "uv": [ 1.5, 11.5, 3, 16 ], "texture": "#abra" },
        "east":  { "uv": [ 1.5, 11.5, 3, 16 ], "texture": "#abra" }
    }
},
{
    "from": [ 5.4375, 9.75, 8.4375 ],
    "to": [ 5.5, 10.6875, 9.8125 ],
    "faces": {
        "west":  { "uv": [ 7.5, 5.5, 15.5, 10 ], "texture": "#abra" },
        "east":  { "uv": [ 4, 4.5, 7, 10 ], "texture": "#abra" }
    }
},
{
    "from": [ 5.4375, 9.75, 6.1875 ],
    "to": [ 5.5, 10.6875, 7.5625 ],
    "faces": {
        "west":  { "uv": [ 15.5, 5.5, 7.5, 10 ], "texture": "#abra" },
        "east":  { "uv": [ 4, 4.5, 7, 10 ], "texture": "#abra" }
    }
},
{
    "from": [ 7, 9.75, 5 ],
    "to": [ 8.5, 11.75, 11 ],
    "faces": {
        "down":  { "uv": [ 3, 4, 1, 0 ], "texture": "#abra" },
        "up":    { "uv": [ 1.5, 0, 3.5, 4 ], "texture": "#abra" },
        "north": { "uv": [ 1.5, 0, 4, 3 ], "texture": "#abra" },
        "south": { "uv": [ 1.5, 0, 4, 3 ], "texture": "#abra" },
        "west":  { "uv": [ 1.5, 0, 6.5, 3 ], "texture": "#abra" },
        "east":  { "uv": [ 1, 0, 6, 3 ], "texture": "#abra" }
    }
},
{
    "__comment": "fingers*",
    "from": [ 5.1875, 4, 9.0625 ],
    "to": [ 5.6875, 5.5, 9.5625 ],
    "rotation": { "origin": [ 5.1875, 4, 9.0625 ], "axis": "y", "angle": 22.5 },
    "faces": {
        "down":  { "uv": [ 3, 4, 1.5, 2.5 ], "texture": "#abra" },
        "up":    { "uv": [ 1.5, 0, 3.5, 2.5 ], "texture": "#abra" },
        "north": { "uv": [ 1.5, 11.5, 3, 16 ], "texture": "#abra" },
        "south": { "uv": [ 1.5, 11.5, 3, 16 ], "texture": "#abra" },
        "west":  { "uv": [ 1.5, 11.5, 3, 16 ], "texture": "#abra" },
        "east":  { "uv": [ 1.5, 11.5, 3, 16 ], "texture": "#abra" }
    }
},
{
    "__comment": "fingers*",
    "from": [ 5.375, 4, 6.5 ],
    "to": [ 5.875, 5.5, 7 ],
    "rotation": { "origin": [ 5.375, 4, 6.5 ], "axis": "y", "angle": -22.5 },
    "faces": {
        "down":  { "uv": [ 3, 4, 1.5, 2.5 ], "texture": "#abra" },
        "up":    { "uv": [ 1.5, 0, 3.5, 2.5 ], "texture": "#abra" },
        "north": { "uv": [ 1.5, 11.5, 3, 16 ], "texture": "#abra" },
        "south": { "uv": [ 1.5, 11.5, 3, 16 ], "texture": "#abra" },
        "west":  { "uv": [ 1.5, 11.5, 3, 16 ], "texture": "#abra" },
        "east":  { "uv": [ 1.5, 11.5, 3, 16 ], "texture": "#abra" }
    }
},
{
    "__comment": "fingers*",
    "from": [ 5.0625, 3.875, 5.75 ],
    "to": [ 5.5625, 5.375, 6.25 ],
    "rotation": { "origin": [ 5.0625, 3.875, 5.75 ], "axis": "y", "angle": -22.5 },
    "faces": {
        "down":  { "uv": [ 3, 4, 1.5, 2.5 ], "texture": "#abra" },
        "up":    { "uv": [ 1.5, 0, 3.5, 2.5 ], "texture": "#abra" },
        "north": { "uv": [ 1.5, 11.5, 3, 16 ], "texture": "#abra" },
        "south": { "uv": [ 1.5, 11.5, 3, 16 ], "texture": "#abra" },
        "west":  { "uv": [ 1.5, 11.5, 3, 16 ], "texture": "#abra" },
        "east":  { "uv": [ 1.5, 11.5, 3, 16 ], "texture": "#abra" }
    }
},
{
    "__comment": "fingers*",
    "from": [ 4.6875, 4, 4.9375 ],
    "to": [ 5.1875, 5.5, 5.4375 ],
    "rotation": { "origin": [ 4.6875, 4, 4.9375 ], "axis": "y", "angle": -22.5 },
    "faces": {
        "down":  { "uv": [ 3, 4, 1.5, 2.5 ], "texture": "#abra" },
        "up":    { "uv": [ 1.5, 0, 3.5, 2.5 ], "texture": "#abra" },
        "north": { "uv": [ 1.5, 11.5, 3, 16 ], "texture": "#abra" },
        "south": { "uv": [ 1.5, 11.5, 3, 16 ], "texture": "#abra" },
        "west":  { "uv": [ 1.5, 11.5, 3, 16 ], "texture": "#abra" },
        "east":  { "uv": [ 1.5, 11.5, 3, 16 ], "texture": "#abra" }
    }
},
{
    "from": [ 9.0625, 3.3125, 6.75 ],
    "to": [ 10.5625, 5.8125, 9.25 ],
    "rotation": { "origin": [ 9.0625, 5.8125, 6.75 ], "axis": "z", "angle": -22.5 },
    "faces": {
        "down":  { "uv": [ 3, 4, 1, 0 ], "texture": "#abra" },
        "up":    { "uv": [ 1.5, 0, 3.5, 4 ], "texture": "#abra" },
        "north": { "uv": [ 1.5, 0, 4, 3 ], "texture": "#abra" },
        "south": { "uv": [ 1.5, 0, 4, 3 ], "texture": "#abra" },
        "west":  { "uv": [ 1.5, 0, 6.5, 3 ], "texture": "#abra" },
        "east":  { "uv": [ 1, 0, 6, 3 ], "texture": "#abra" }
    }
},
{
    "from": [ 13.0625, 5.5625, 7.4375 ],
    "to": [ 14.0625, 6.5625, 8.4375 ],
    "faces": {
        "down":  { "uv": [ 1.5, 0, 3.5, 1.3125 ], "texture": "#abra" },
        "up":    { "uv": [ 1.5, 0, 3.5, 1.3125 ], "texture": "#abra" },
        "north": { "uv": [ 0, 2, 2, 3 ], "texture": "#abra" },
        "south": { "uv": [ 0, 2, 2, 3 ], "texture": "#abra" },
        "west":  { "uv": [ 3, 1, 4.3125, 2 ], "texture": "#abra" },
        "east":  { "uv": [ 3, 1, 4.3125, 2 ], "texture": "#abra" }
    }
},
{
    "from": [ 5.875, 3.75, 10.875 ],
    "to": [ 6.4375, 4.5625, 11.5 ],
    "faces": {
        "down":  { "uv": [ 3, 4, 1, 0 ], "texture": "#abra" },
        "up":    { "uv": [ 1.5, 0, 3.5, 4 ], "texture": "#abra" },
        "north": { "uv": [ 1.5, 0, 4, 3 ], "texture": "#abra" },
        "south": { "uv": [ 1.5, 0, 4, 3 ], "texture": "#abra" },
        "west":  { "uv": [ 1.5, 0, 6.5, 3 ], "texture": "#abra" },
        "east":  { "uv": [ 1, 0, 6, 3 ], "texture": "#abra" }
    }
},
{
    "from": [ 5.875, 3.75, 4.375 ],
    "to": [ 6.4375, 4.5625, 5 ],
    "faces": {
        "down":  { "uv": [ 3, 4, 1, 0 ], "texture": "#abra" },
        "up":    { "uv": [ 1.5, 0, 3.5, 4 ], "texture": "#abra" },
        "north": { "uv": [ 1.5, 0, 4, 3 ], "texture": "#abra" },
        "south": { "uv": [ 1.5, 0, 4, 3 ], "texture": "#abra" },
        "west":  { "uv": [ 1.5, 0, 6.5, 3 ], "texture": "#abra" },
        "east":  { "uv": [ 1, 0, 6, 3 ], "texture": "#abra" }
    }
},
{
    "from": [ 7.1875, 8.3125, 11.3125 ],
    "to": [ 8.6875, 9.3125, 12.8125 ],
    "faces": {
        "down":  { "uv": [ 13.5, 0, 15.5, 3 ], "texture": "#abra" },
        "up":    { "uv": [ 14, 0, 16, 3 ], "texture": "#abra" },
        "north": { "uv": [ 12.5, 0.5, 14.5, 2 ], "texture": "#abra" },
        "south": { "uv": [ 14, 0, 16, 1.5 ], "texture": "#abra" },
        "west":  { "uv": [ 13, 0, 16, 1.5 ], "texture": "#abra" },
        "east":  { "uv": [ 11, 1, 14, 2.5 ], "texture": "#abra" }
    }
},
{
    "from": [ 7.1875, 8.3125, 3.1875 ],
    "to": [ 8.6875, 9.3125, 4.6875 ],
    "faces": {
        "down":  { "uv": [ 13.5, 0, 15.5, 3 ], "texture": "#abra" },
        "up":    { "uv": [ 14, 0, 16, 3 ], "texture": "#abra" },
        "north": { "uv": [ 12.5, 0.5, 14.5, 2 ], "texture": "#abra" },
        "south": { "uv": [ 14, 0, 16, 1.5 ], "texture": "#abra" },
        "west":  { "uv": [ 13, 0, 16, 1.5 ], "texture": "#abra" },
        "east":  { "uv": [ 11, 1, 14, 2.5 ], "texture": "#abra" }
    }
},
{
    "from": [ 7.1875, 9, 10.5 ],
    "to": [ 8.6875, 10, 12 ],
    "faces": {
        "down":  { "uv": [ 13.5, 0, 15.5, 3 ], "texture": "#abra" },
        "up":    { "uv": [ 14, 0, 16, 3 ], "texture": "#abra" },
        "north": { "uv": [ 12.5, 0.5, 14.5, 2 ], "texture": "#abra" },
        "south": { "uv": [ 14, 0, 16, 1.5 ], "texture": "#abra" },
        "west":  { "uv": [ 13, 0, 16, 1.5 ], "texture": "#abra" },
        "east":  { "uv": [ 11, 1, 14, 2.5 ], "texture": "#abra" }
    }
},
{
    "from": [ 7.1875, 9, 4 ],
    "to": [ 8.6875, 10, 5.5 ],
    "faces": {
        "down":  { "uv": [ 13.5, 0, 15.5, 3 ], "texture": "#abra" },
        "up":    { "uv": [ 14, 0, 16, 3 ], "texture": "#abra" },
        "north": { "uv": [ 12.5, 0.5, 14.5, 2 ], "texture": "#abra" },
        "south": { "uv": [ 14, 0, 16, 1.5 ], "texture": "#abra" },
        "west":  { "uv": [ 13, 0, 16, 1.5 ], "texture": "#abra" },
        "east":  { "uv": [ 11, 1, 14, 2.5 ], "texture": "#abra" }
    }
}
],
	"display": {
		"thirdperson_lefthand": {
			"rotation":  [ 70, 90, 0 ],
			"translation":  [ -6, -2.086, 10.434 ],
			"scale":  [ 1.5, 1.5, 1.5 ]
		},
		"thirdperson_righthand": {
			"rotation":  [ 70, -90, 0 ],
			"translation":  [ -6, -2.086, 10.434 ],
			"scale":  [ 1.5, 1.5, 1.5 ]
		},
		"head": {
			"rotation":  [ 0, -90, 0 ],
			"translation":  [ 0, -8.329, 2.08 ],
			"scale":  [ 2.5, 2.5, 2.5 ]
		},
		"firstperson_righthand": {
			"scale":  [ 0, 0, 0 ]
		},
		"firstperson_lefthand": {
			"scale":  [ 0, 0, 0 ]
		},
		"gui": {
			"scale":  [ 0, 0, 0 ]
		},
		"ground": {
			"scale":  [ 0, 0, 0 ]
		}
	}
}