{
"__comment": "Designed by Samasaurus6 with BDcraft Cubik PRO 0.96 Beta - http://bdcraft.net",
"elements": [ 
{
    "from": [ 7, 4.5, 7 ],
    "to": [ 10, 8, 10 ],
    "faces": {
        "down":  { "uv": [ 5, 4, 2.5, 0.5 ], "texture": "#kadabra" },
        "up":    { "uv": [ 5, 0, 7.5, 3.5 ], "texture": "#kadabra" },
        "north": { "uv": [ 2.5, 0, 5, 2.5 ], "texture": "#kadabra" },
        "south": { "uv": [ 4, 1, 6.5, 3.5 ], "texture": "#kadabra" },
        "west":  { "uv": [ 2, 1, 5.5, 3.5 ], "texture": "#kadabra" },
        "east":  { "uv": [ 3, 0, 6.5, 2.5 ], "texture": "#kadabra" }
    }
},
{
    "from": [ 7.3125, 4.1875, 7.25 ],
    "to": [ 9.8125, 4.6875, 9.75 ],
    "faces": {
        "down":  { "uv": [ 5, 4, 2.5, 0.5 ], "texture": "#kadabra" },
        "up":    { "uv": [ 5, 0, 7.5, 3.5 ], "texture": "#kadabra" },
        "north": { "uv": [ 2.5, 0, 5, 2.5 ], "texture": "#kadabra" },
        "south": { "uv": [ 4, 1, 6.5, 3.5 ], "texture": "#kadabra" },
        "west":  { "uv": [ 2, 1, 5.5, 3.5 ], "texture": "#kadabra" },
        "east":  { "uv": [ 3, 0, 6.5, 2.5 ], "texture": "#kadabra" }
    }
},
{
    "from": [ 7.1875, 3.8125, 8.3125 ],
    "to": [ 9.9375, 4.5625, 8.8125 ],
    "faces": {
        "down":  { "uv": [ 5, 4, 2.5, 0.5 ], "texture": "#kadabra" },
        "up":    { "uv": [ 5, 0, 7.5, 3.5 ], "texture": "#kadabra" },
        "north": { "uv": [ 2.5, 0, 5, 2.5 ], "texture": "#kadabra" },
        "south": { "uv": [ 4, 1, 6.5, 3.5 ], "texture": "#kadabra" },
        "west":  { "uv": [ 2, 1, 5.5, 3.5 ], "texture": "#kadabra" },
        "east":  { "uv": [ 3, 0, 6.5, 2.5 ], "texture": "#kadabra" }
    }
},
{
    "__comment": "chest",
    "from": [ 6.5, 7.5, 6 ],
    "to": [ 10.5, 12, 11 ],
    "faces": {
        "down":  { "uv": [ 12.5, 3.5, 10, 0 ], "texture": "#kadabra" },
        "up":    { "uv": [ 10, 0, 12.5, 3.5 ], "texture": "#kadabra" },
        "north": { "uv": [ 11, 0, 13.5, 2.5 ], "texture": "#kadabra" },
        "south": { "uv": [ 11, 0, 13.5, 2.5 ], "texture": "#kadabra" },
        "west":  { "uv": [ 12.5, 0, 16, 2.5 ], "texture": "#kadabra" },
        "east":  { "uv": [ 11.5, 1.5, 15, 4 ], "texture": "#kadabra" }
    }
},
{
    "from": [ 7.5, 5, 6.75 ],
    "to": [ 9.5, 8, 10.25 ],
    "faces": {
        "down":  { "uv": [ 5, 4, 2.5, 0.5 ], "texture": "#kadabra" },
        "up":    { "uv": [ 5, 0, 7.5, 3.5 ], "texture": "#kadabra" },
        "north": { "uv": [ 2.5, 0, 5, 2.5 ], "texture": "#kadabra" },
        "south": { "uv": [ 4, 1, 6.5, 3.5 ], "texture": "#kadabra" },
        "west":  { "uv": [ 2, 1, 5.5, 3.5 ], "texture": "#kadabra" },
        "east":  { "uv": [ 3, 0, 6.5, 2.5 ], "texture": "#kadabra" }
    }
},
{
    "__comment": "chest",
    "from": [ 6.75, 7, 6.5 ],
    "to": [ 10.25, 7.5, 10.5 ],
    "faces": {
        "down":  { "uv": [ 12.5, 3.5, 10, 0 ], "texture": "#kadabra" },
        "up":    { "uv": [ 10, 0, 12.5, 3.5 ], "texture": "#kadabra" },
        "north": { "uv": [ 11, 0, 13.5, 2.5 ], "texture": "#kadabra" },
        "south": { "uv": [ 11, 0, 13.5, 2.5 ], "texture": "#kadabra" },
        "west":  { "uv": [ 12.5, 0, 16, 2.5 ], "texture": "#kadabra" },
        "east":  { "uv": [ 11.5, 1.5, 15, 4 ], "texture": "#kadabra" }
    }
},
{
    "__comment": "chest",
    "from": [ 7, 8, 5.5 ],
    "to": [ 10, 11.5, 11.5 ],
    "faces": {
        "down":  { "uv": [ 12.5, 3.5, 10, 0 ], "texture": "#kadabra" },
        "up":    { "uv": [ 10, 0, 12.5, 3.5 ], "texture": "#kadabra" },
        "north": { "uv": [ 11, 0, 13.5, 2.5 ], "texture": "#kadabra" },
        "south": { "uv": [ 11, 0, 13.5, 2.5 ], "texture": "#kadabra" },
        "west":  { "uv": [ 12.5, 0, 16, 2.5 ], "texture": "#kadabra" },
        "east":  { "uv": [ 11.5, 1.5, 15, 4 ], "texture": "#kadabra" }
    }
},
{
    "__comment": "chest",
    "from": [ 6, 8.5, 6.5 ],
    "to": [ 11, 11.5, 10.5 ],
    "faces": {
        "down":  { "uv": [ 12.5, 3.5, 10, 0 ], "texture": "#kadabra" },
        "up":    { "uv": [ 10, 0, 12.5, 3.5 ], "texture": "#kadabra" },
        "north": { "uv": [ 11, 0, 13.5, 2.5 ], "texture": "#kadabra" },
        "south": { "uv": [ 11, 0, 13.5, 2.5 ], "texture": "#kadabra" },
        "west":  { "uv": [ 12.5, 0, 16, 2.5 ], "texture": "#kadabra" },
        "east":  { "uv": [ 11.5, 1.5, 15, 4 ], "texture": "#kadabra" }
    }
},
{
    "__comment": "chest",
    "from": [ 7.25, 11, 11 ],
    "to": [ 9.75, 13, 14.5 ],
    "faces": {
        "down":  { "uv": [ 12.5, 3.5, 10, 0 ], "texture": "#kadabra" },
        "up":    { "uv": [ 10, 0, 12.5, 3.5 ], "texture": "#kadabra" },
        "north": { "uv": [ 11, 0, 13.5, 2.5 ], "texture": "#kadabra" },
        "south": { "uv": [ 11, 0, 13.5, 2.5 ], "texture": "#kadabra" },
        "west":  { "uv": [ 12.5, 0, 16, 2.5 ], "texture": "#kadabra" },
        "east":  { "uv": [ 11.5, 1.5, 15, 4 ], "texture": "#kadabra" }
    }
},
{
    "__comment": "chest",
    "from": [ 7.5, 11.125, 13.3125 ],
    "to": [ 9.5, 12.625, 15.3125 ],
    "faces": {
        "down":  { "uv": [ 12.5, 3.5, 10, 0 ], "texture": "#kadabra" },
        "up":    { "uv": [ 10, 0, 12.5, 3.5 ], "texture": "#kadabra" },
        "north": { "uv": [ 11, 0, 13.5, 2.5 ], "texture": "#kadabra" },
        "south": { "uv": [ 11, 0, 13.5, 2.5 ], "texture": "#kadabra" },
        "west":  { "uv": [ 12.5, 0, 16, 2.5 ], "texture": "#kadabra" },
        "east":  { "uv": [ 11.5, 1.5, 15, 4 ], "texture": "#kadabra" }
    }
},
{
    "__comment": "chest",
    "from": [ 7.5, 12, 11.5 ],
    "to": [ 9.5, 13.5, 14 ],
    "faces": {
        "down":  { "uv": [ 12.5, 3.5, 10, 0 ], "texture": "#kadabra" },
        "up":    { "uv": [ 10, 0, 12.5, 3.5 ], "texture": "#kadabra" },
        "north": { "uv": [ 11, 0, 13.5, 2.5 ], "texture": "#kadabra" },
        "south": { "uv": [ 11, 0, 13.5, 2.5 ], "texture": "#kadabra" },
        "west":  { "uv": [ 12.5, 0, 16, 2.5 ], "texture": "#kadabra" },
        "east":  { "uv": [ 11.5, 1.5, 15, 4 ], "texture": "#kadabra" }
    }
},
{
    "__comment": "chest",
    "from": [ 7.25, 11, 2.5 ],
    "to": [ 9.75, 13, 6 ],
    "faces": {
        "down":  { "uv": [ 12.5, 3.5, 10, 0 ], "texture": "#kadabra" },
        "up":    { "uv": [ 10, 0, 12.5, 3.5 ], "texture": "#kadabra" },
        "north": { "uv": [ 11, 0, 13.5, 2.5 ], "texture": "#kadabra" },
        "south": { "uv": [ 11, 0, 13.5, 2.5 ], "texture": "#kadabra" },
        "west":  { "uv": [ 12.5, 0, 16, 2.5 ], "texture": "#kadabra" },
        "east":  { "uv": [ 11.5, 1.5, 15, 4 ], "texture": "#kadabra" }
    }
},
{
    "__comment": "chest",
    "from": [ 7.5, 12, 3 ],
    "to": [ 9.5, 13.5, 5.5 ],
    "faces": {
        "down":  { "uv": [ 12.5, 3.5, 10, 0 ], "texture": "#kadabra" },
        "up":    { "uv": [ 10, 0, 12.5, 3.5 ], "texture": "#kadabra" },
        "north": { "uv": [ 11, 0, 13.5, 2.5 ], "texture": "#kadabra" },
        "south": { "uv": [ 11, 0, 13.5, 2.5 ], "texture": "#kadabra" },
        "west":  { "uv": [ 12.5, 0, 16, 2.5 ], "texture": "#kadabra" },
        "east":  { "uv": [ 11.5, 1.5, 15, 4 ], "texture": "#kadabra" }
    }
},
{
    "__comment": "chest",
    "from": [ 7.5, 11.125, 1.8125 ],
    "to": [ 9.5, 12.625, 3.8125 ],
    "faces": {
        "down":  { "uv": [ 12.5, 3.5, 10, 0 ], "texture": "#kadabra" },
        "up":    { "uv": [ 10, 0, 12.5, 3.5 ], "texture": "#kadabra" },
        "north": { "uv": [ 11, 0, 13.5, 2.5 ], "texture": "#kadabra" },
        "south": { "uv": [ 11, 0, 13.5, 2.5 ], "texture": "#kadabra" },
        "west":  { "uv": [ 12.5, 0, 16, 2.5 ], "texture": "#kadabra" },
        "east":  { "uv": [ 11.5, 1.5, 15, 4 ], "texture": "#kadabra" }
    }
},
{
    "from": [ 8, 4.5, 9.5 ],
    "to": [ 9, 5.5, 12.5 ],
    "rotation": { "origin": [ 8, 5.5, 9.5 ], "axis": "x", "angle": 22.5 },
    "faces": {
        "down":  { "uv": [ 5, 4, 2.5, 0.5 ], "texture": "#kadabra" },
        "up":    { "uv": [ 5, 0, 7.5, 3.5 ], "texture": "#kadabra" },
        "north": { "uv": [ 2.5, 0, 5, 2.5 ], "texture": "#kadabra" },
        "south": { "uv": [ 4, 1, 6.5, 3.5 ], "texture": "#kadabra" },
        "west":  { "uv": [ 2, 1, 5.5, 3.5 ], "texture": "#kadabra" },
        "east":  { "uv": [ 3, 0, 6.5, 2.5 ], "texture": "#kadabra" }
    }
},
{
    "from": [ 7.8125, 0.5, 11 ],
    "to": [ 9.3125, 4, 12.5 ],
    "faces": {
        "down":  { "uv": [ 5, 4, 2.5, 0.5 ], "texture": "#kadabra" },
        "up":    { "uv": [ 5, 0, 7.5, 3.5 ], "texture": "#kadabra" },
        "north": { "uv": [ 2.5, 0, 5, 2.5 ], "texture": "#kadabra" },
        "south": { "uv": [ 4, 1, 6.5, 3.5 ], "texture": "#kadabra" },
        "west":  { "uv": [ 2, 1, 5.5, 3.5 ], "texture": "#kadabra" },
        "east":  { "uv": [ 3, 0, 6.5, 2.5 ], "texture": "#kadabra" }
    }
},
{
    "from": [ 7.8125, 0.5, 4.5 ],
    "to": [ 9.3125, 4, 6 ],
    "faces": {
        "down":  { "uv": [ 5, 4, 2.5, 0.5 ], "texture": "#kadabra" },
        "up":    { "uv": [ 5, 0, 7.5, 3.5 ], "texture": "#kadabra" },
        "north": { "uv": [ 2.5, 0, 5, 2.5 ], "texture": "#kadabra" },
        "south": { "uv": [ 4, 1, 6.5, 3.5 ], "texture": "#kadabra" },
        "west":  { "uv": [ 2, 1, 5.5, 3.5 ], "texture": "#kadabra" },
        "east":  { "uv": [ 3, 0, 6.5, 2.5 ], "texture": "#kadabra" }
    }
},
{
    "__comment": "leftarm",
    "from": [ 7.75, 10, 10.9375 ],
    "to": [ 9.25, 11, 12.375 ],
    "rotation": { "origin": [ 7.75, 11, 10.9375 ], "axis": "x", "angle": -22.5 },
    "faces": {
        "down":  { "uv": [ 5, 4, 2.5, 0.5 ], "texture": "#kadabra" },
        "up":    { "uv": [ 5, 0, 7.5, 3.5 ], "texture": "#kadabra" },
        "north": { "uv": [ 2.5, 0, 5, 2.5 ], "texture": "#kadabra" },
        "south": { "uv": [ 4, 1, 6.5, 3.5 ], "texture": "#kadabra" },
        "west":  { "uv": [ 2, 1, 5.5, 3.5 ], "texture": "#kadabra" },
        "east":  { "uv": [ 3, 0, 6.5, 2.5 ], "texture": "#kadabra" }
    }
},
{
    "__comment": "rightarm",
    "from": [ 7.75, 10.5625, 4.6875 ],
    "to": [ 9.25, 11.5625, 6.125 ],
    "rotation": { "origin": [ 7.75, 11.5625, 4.6875 ], "axis": "x", "angle": 22.5 },
    "faces": {
        "down":  { "uv": [ 5, 4, 2.5, 0.5 ], "texture": "#kadabra" },
        "up":    { "uv": [ 5, 0, 7.5, 3.5 ], "texture": "#kadabra" },
        "north": { "uv": [ 2.5, 0, 5, 2.5 ], "texture": "#kadabra" },
        "south": { "uv": [ 4, 1, 6.5, 3.5 ], "texture": "#kadabra" },
        "west":  { "uv": [ 2, 1, 5.5, 3.5 ], "texture": "#kadabra" },
        "east":  { "uv": [ 3, 0, 6.5, 2.5 ], "texture": "#kadabra" }
    }
},
{
    "__comment": "leftarm",
    "from": [ 8, 7.1875, 11.5 ],
    "to": [ 9, 10.1875, 12.5 ],
    "rotation": { "origin": [ 8, 10.1875, 11.5 ], "axis": "x", "angle": -45 },
    "faces": {
        "down":  { "uv": [ 5, 4, 2.5, 0.5 ], "texture": "#kadabra" },
        "up":    { "uv": [ 5, 0, 7.5, 3.5 ], "texture": "#kadabra" },
        "north": { "uv": [ 2.5, 0, 5, 2.5 ], "texture": "#kadabra" },
        "south": { "uv": [ 4, 1, 6.5, 3.5 ], "texture": "#kadabra" },
        "west":  { "uv": [ 2, 1, 5.5, 3.5 ], "texture": "#kadabra" },
        "east":  { "uv": [ 3, 0, 6.5, 2.5 ], "texture": "#kadabra" }
    }
},
{
    "__comment": "rightarm",
    "from": [ 8, 7.875, 4.8125 ],
    "to": [ 9, 10.875, 5.8125 ],
    "rotation": { "origin": [ 8, 10.875, 4.8125 ], "axis": "x", "angle": 45 },
    "faces": {
        "down":  { "uv": [ 5, 4, 2.5, 0.5 ], "texture": "#kadabra" },
        "up":    { "uv": [ 5, 0, 7.5, 3.5 ], "texture": "#kadabra" },
        "north": { "uv": [ 2.5, 0, 5, 2.5 ], "texture": "#kadabra" },
        "south": { "uv": [ 4, 1, 6.5, 3.5 ], "texture": "#kadabra" },
        "west":  { "uv": [ 2, 1, 5.5, 3.5 ], "texture": "#kadabra" },
        "east":  { "uv": [ 3, 0, 6.5, 2.5 ], "texture": "#kadabra" }
    }
},
{
    "from": [ 8, 3.375, 4.625 ],
    "to": [ 9, 4.375, 7.625 ],
    "rotation": { "origin": [ 8, 4.375, 4.625 ], "axis": "x", "angle": -22.5 },
    "faces": {
        "down":  { "uv": [ 5, 4, 2.5, 0.5 ], "texture": "#kadabra" },
        "up":    { "uv": [ 5, 0, 7.5, 3.5 ], "texture": "#kadabra" },
        "north": { "uv": [ 2.5, 0, 5, 2.5 ], "texture": "#kadabra" },
        "south": { "uv": [ 4, 1, 6.5, 3.5 ], "texture": "#kadabra" },
        "west":  { "uv": [ 2, 1, 5.5, 3.5 ], "texture": "#kadabra" },
        "east":  { "uv": [ 3, 0, 6.5, 2.5 ], "texture": "#kadabra" }
    }
},
{
    "__comment": "head",
    "from": [ 6.5, 12.5, 6 ],
    "to": [ 10.5, 16, 11 ],
    "faces": {
        "down":  { "uv": [ 5, 4, 2.5, 0.5 ], "texture": "#kadabra" },
        "up":    { "uv": [ 5, 0, 7.5, 3.5 ], "texture": "#kadabra" },
        "north": { "uv": [ 2.5, 0, 5, 2.5 ], "texture": "#kadabra" },
        "south": { "uv": [ 4, 1, 6.5, 3.5 ], "texture": "#kadabra" },
        "west":  { "uv": [ 2, 1, 5.5, 3.5 ], "texture": "#kadabra" },
        "east":  { "uv": [ 3, 0, 6.5, 2.5 ], "texture": "#kadabra" }
    }
},
{
    "__comment": "leftarm",
    "from": [ 4.8125, 9.5, 13.6875 ],
    "to": [ 8.8125, 10.5, 14.6875 ],
    "rotation": { "origin": [ 4.8125, 10.5, 13.6875 ], "axis": "z", "angle": -22.5 },
    "faces": {
        "down":  { "uv": [ 5, 4, 2.5, 0.5 ], "texture": "#kadabra" },
        "up":    { "uv": [ 5, 0, 7.5, 3.5 ], "texture": "#kadabra" },
        "north": { "uv": [ 2.5, 0, 5, 2.5 ], "texture": "#kadabra" },
        "south": { "uv": [ 4, 1, 6.5, 3.5 ], "texture": "#kadabra" },
        "west":  { "uv": [ 2, 1, 5.5, 3.5 ], "texture": "#kadabra" },
        "east":  { "uv": [ 3, 0, 6.5, 2.5 ], "texture": "#kadabra" }
    }
},
{
    "__comment": "rightarm",
    "from": [ 4.8125, 9.5, 2.375 ],
    "to": [ 8.8125, 10.5, 3.375 ],
    "rotation": { "origin": [ 4.8125, 10.5, 2.375 ], "axis": "z", "angle": -22.5 },
    "faces": {
        "down":  { "uv": [ 5, 4, 2.5, 0.5 ], "texture": "#kadabra" },
        "up":    { "uv": [ 5, 0, 7.5, 3.5 ], "texture": "#kadabra" },
        "north": { "uv": [ 2.5, 0, 5, 2.5 ], "texture": "#kadabra" },
        "south": { "uv": [ 4, 1, 6.5, 3.5 ], "texture": "#kadabra" },
        "west":  { "uv": [ 2, 1, 5.5, 3.5 ], "texture": "#kadabra" },
        "east":  { "uv": [ 3, 0, 6.5, 2.5 ], "texture": "#kadabra" }
    }
},
{
    "__comment": "leftarm",
    "from": [ 8.0625, 8.125, 13.5 ],
    "to": [ 8.8125, 8.8125, 14.5 ],
    "faces": {
        "down":  { "uv": [ 5, 4, 2.5, 0.5 ], "texture": "#kadabra" },
        "up":    { "uv": [ 5, 0, 7.5, 3.5 ], "texture": "#kadabra" },
        "north": { "uv": [ 2.5, 0, 5, 2.5 ], "texture": "#kadabra" },
        "south": { "uv": [ 4, 1, 6.5, 3.5 ], "texture": "#kadabra" },
        "west":  { "uv": [ 2, 1, 5.5, 3.5 ], "texture": "#kadabra" },
        "east":  { "uv": [ 3, 0, 6.5, 2.5 ], "texture": "#kadabra" }
    }
},
{
    "__comment": "rightarm",
    "from": [ 8.0625, 8.125, 2.5 ],
    "to": [ 8.8125, 8.8125, 3.5 ],
    "faces": {
        "down":  { "uv": [ 5, 4, 2.5, 0.5 ], "texture": "#kadabra" },
        "up":    { "uv": [ 5, 0, 7.5, 3.5 ], "texture": "#kadabra" },
        "north": { "uv": [ 2.5, 0, 5, 2.5 ], "texture": "#kadabra" },
        "south": { "uv": [ 4, 1, 6.5, 3.5 ], "texture": "#kadabra" },
        "west":  { "uv": [ 2, 1, 5.5, 3.5 ], "texture": "#kadabra" },
        "east":  { "uv": [ 3, 0, 6.5, 2.5 ], "texture": "#kadabra" }
    }
},
{
    "__comment": "leftarm",
    "from": [ 4, 9.5, 13 ],
    "to": [ 5, 11.5, 15 ],
    "faces": {
        "down":  { "uv": [ 5, 4, 2.5, 0.5 ], "texture": "#kadabra" },
        "up":    { "uv": [ 5, 0, 7.5, 3.5 ], "texture": "#kadabra" },
        "north": { "uv": [ 2.5, 0, 5, 2.5 ], "texture": "#kadabra" },
        "south": { "uv": [ 4, 1, 6.5, 3.5 ], "texture": "#kadabra" },
        "west":  { "uv": [ 2, 1, 5.5, 3.5 ], "texture": "#kadabra" },
        "east":  { "uv": [ 3, 0, 6.5, 2.5 ], "texture": "#kadabra" }
    }
},
{
    "__comment": "rightarm",
    "from": [ 3.8125, 9, 2.0625 ],
    "to": [ 5.8125, 11, 3.0625 ],
    "rotation": { "origin": [ 3.8125, 9, 2.0625 ], "axis": "y", "angle": -22.5 },
    "faces": {
        "down":  { "uv": [ 5, 4, 2.5, 0.5 ], "texture": "#kadabra" },
        "up":    { "uv": [ 5, 0, 7.5, 3.5 ], "texture": "#kadabra" },
        "north": { "uv": [ 2.5, 0, 5, 2.5 ], "texture": "#kadabra" },
        "south": { "uv": [ 4, 1, 6.5, 3.5 ], "texture": "#kadabra" },
        "west":  { "uv": [ 2, 1, 5.5, 3.5 ], "texture": "#kadabra" },
        "east":  { "uv": [ 3, 0, 6.5, 2.5 ], "texture": "#kadabra" }
    }
},
{
    "__comment": "leftarm",
    "from": [ 3.5, 10.8125, 13.125 ],
    "to": [ 4, 12.8125, 13.625 ],
    "rotation": { "origin": [ 3.5, 12.8125, 13.125 ], "axis": "z", "angle": 22.5 },
    "faces": {
        "down":  { "uv": [ 5, 4, 2.5, 0.5 ], "texture": "#kadabra" },
        "up":    { "uv": [ 5, 0, 7.5, 3.5 ], "texture": "#kadabra" },
        "north": { "uv": [ 2.5, 0, 5, 2.5 ], "texture": "#kadabra" },
        "south": { "uv": [ 4, 1, 6.5, 3.5 ], "texture": "#kadabra" },
        "west":  { "uv": [ 2, 1, 5.5, 3.5 ], "texture": "#kadabra" },
        "east":  { "uv": [ 3, 0, 6.5, 2.5 ], "texture": "#kadabra" }
    }
},
{
    "__comment": "leftarm",
    "from": [ 3.5, 10.8125, 14.4375 ],
    "to": [ 4, 12.8125, 14.9375 ],
    "rotation": { "origin": [ 3.5, 12.8125, 14.4375 ], "axis": "z", "angle": 22.5 },
    "faces": {
        "down":  { "uv": [ 5, 4, 2.5, 0.5 ], "texture": "#kadabra" },
        "up":    { "uv": [ 5, 0, 7.5, 3.5 ], "texture": "#kadabra" },
        "north": { "uv": [ 2.5, 0, 5, 2.5 ], "texture": "#kadabra" },
        "south": { "uv": [ 4, 1, 6.5, 3.5 ], "texture": "#kadabra" },
        "west":  { "uv": [ 2, 1, 5.5, 3.5 ], "texture": "#kadabra" },
        "east":  { "uv": [ 3, 0, 6.5, 2.5 ], "texture": "#kadabra" }
    }
},
{
    "__comment": "leftarm",
    "from": [ 3, 10, 12.25 ],
    "to": [ 3.5, 10.75, 14.25 ],
    "rotation": { "origin": [ 3, 10, 12.25 ], "axis": "y", "angle": 45 },
    "faces": {
        "down":  { "uv": [ 5, 4, 2.5, 0.5 ], "texture": "#kadabra" },
        "up":    { "uv": [ 5, 0, 7.5, 3.5 ], "texture": "#kadabra" },
        "north": { "uv": [ 2.5, 0, 5, 2.5 ], "texture": "#kadabra" },
        "south": { "uv": [ 4, 1, 6.5, 3.5 ], "texture": "#kadabra" },
        "west":  { "uv": [ 2, 1, 5.5, 3.5 ], "texture": "#kadabra" },
        "east":  { "uv": [ 3, 0, 6.5, 2.5 ], "texture": "#kadabra" }
    }
},
{
    "__comment": "rightarm",
    "from": [ 4.125, 10.3125, 3 ],
    "to": [ 4.625, 12.3125, 3.5625 ],
    "rotation": { "origin": [ 4.125, 12.3125, 3 ], "axis": "z", "angle": 22.5 },
    "faces": {
        "down":  { "uv": [ 5, 4, 2.5, 0.5 ], "texture": "#kadabra" },
        "up":    { "uv": [ 5, 0, 7.5, 3.5 ], "texture": "#kadabra" },
        "north": { "uv": [ 2.5, 0, 5, 2.5 ], "texture": "#kadabra" },
        "south": { "uv": [ 4, 1, 6.5, 3.5 ], "texture": "#kadabra" },
        "west":  { "uv": [ 2, 1, 5.5, 3.5 ], "texture": "#kadabra" },
        "east":  { "uv": [ 3, 0, 6.5, 2.5 ], "texture": "#kadabra" }
    }
},
{
    "__comment": "rightarm",
    "from": [ 3, 10.3125, 3.75 ],
    "to": [ 4.3125, 10.9375, 4.25 ],
    "rotation": { "origin": [ 3, 10.3125, 3.75 ], "axis": "y", "angle": 22.5 },
    "faces": {
        "down":  { "uv": [ 5, 4, 2.5, 0.5 ], "texture": "#kadabra" },
        "up":    { "uv": [ 5, 0, 7.5, 3.5 ], "texture": "#kadabra" },
        "north": { "uv": [ 2.5, 0, 5, 2.5 ], "texture": "#kadabra" },
        "south": { "uv": [ 4, 1, 6.5, 3.5 ], "texture": "#kadabra" },
        "west":  { "uv": [ 2, 1, 5.5, 3.5 ], "texture": "#kadabra" },
        "east":  { "uv": [ 3, 0, 6.5, 2.5 ], "texture": "#kadabra" }
    }
},
{
    "__comment": "rightarm",
    "from": [ 3.5, 9.0625, 2.375 ],
    "to": [ 4, 9.5625, 3.875 ],
    "rotation": { "origin": [ 3.5, 9.0625, 2.375 ], "axis": "y", "angle": -22.5 },
    "faces": {
        "down":  { "uv": [ 5, 4, 2.5, 0.5 ], "texture": "#kadabra" },
        "up":    { "uv": [ 5, 0, 7.5, 3.5 ], "texture": "#kadabra" },
        "north": { "uv": [ 2.5, 0, 5, 2.5 ], "texture": "#kadabra" },
        "south": { "uv": [ 4, 1, 6.5, 3.5 ], "texture": "#kadabra" },
        "west":  { "uv": [ 2, 1, 5.5, 3.5 ], "texture": "#kadabra" },
        "east":  { "uv": [ 3, 0, 6.5, 2.5 ], "texture": "#kadabra" }
    }
},
{
    "__comment": "rightarm",
    "from": [ 3.5, 9.0625, 2.375 ],
    "to": [ 4, 9.5625, 3.875 ],
    "rotation": { "origin": [ 3.5, 9.0625, 2.375 ], "axis": "y", "angle": -22.5 },
    "faces": {
        "down":  { "uv": [ 5, 4, 2.5, 0.5 ], "texture": "#kadabra" },
        "up":    { "uv": [ 5, 0, 7.5, 3.5 ], "texture": "#kadabra" },
        "north": { "uv": [ 2.5, 0, 5, 2.5 ], "texture": "#kadabra" },
        "south": { "uv": [ 4, 1, 6.5, 3.5 ], "texture": "#kadabra" },
        "west":  { "uv": [ 2, 1, 5.5, 3.5 ], "texture": "#kadabra" },
        "east":  { "uv": [ 3, 0, 6.5, 2.5 ], "texture": "#kadabra" }
    }
},
{
    "__comment": "rightarm",
    "from": [ 3.5, 10.375, 2.375 ],
    "to": [ 4, 10.875, 3.875 ],
    "rotation": { "origin": [ 3.5, 10.375, 2.375 ], "axis": "y", "angle": -22.5 },
    "faces": {
        "down":  { "uv": [ 5, 4, 2.5, 0.5 ], "texture": "#kadabra" },
        "up":    { "uv": [ 5, 0, 7.5, 3.5 ], "texture": "#kadabra" },
        "north": { "uv": [ 2.5, 0, 5, 2.5 ], "texture": "#kadabra" },
        "south": { "uv": [ 4, 1, 6.5, 3.5 ], "texture": "#kadabra" },
        "west":  { "uv": [ 2, 1, 5.5, 3.5 ], "texture": "#kadabra" },
        "east":  { "uv": [ 3, 0, 6.5, 2.5 ], "texture": "#kadabra" }
    }
},
{
    "__comment": "rightarm",
    "from": [ 3, 9, 3.75 ],
    "to": [ 4.3125, 9.625, 4.25 ],
    "rotation": { "origin": [ 3, 9, 3.75 ], "axis": "y", "angle": 22.5 },
    "faces": {
        "down":  { "uv": [ 5, 4, 2.5, 0.5 ], "texture": "#kadabra" },
        "up":    { "uv": [ 5, 0, 7.5, 3.5 ], "texture": "#kadabra" },
        "north": { "uv": [ 2.5, 0, 5, 2.5 ], "texture": "#kadabra" },
        "south": { "uv": [ 4, 1, 6.5, 3.5 ], "texture": "#kadabra" },
        "west":  { "uv": [ 2, 1, 5.5, 3.5 ], "texture": "#kadabra" },
        "east":  { "uv": [ 3, 0, 6.5, 2.5 ], "texture": "#kadabra" }
    }
},
{
    "__comment": "spoon",
    "from": [ 3.5, 7.8125, 2.9375 ],
    "to": [ 4, 11.8125, 3.4375 ],
    "faces": {
        "down":  { "uv": [ 1, 4.5, 1.5, 5 ], "texture": "#kadabra" },
        "up":    { "uv": [ 1, 5, 1.5, 5.5 ], "texture": "#kadabra" },
        "north": { "uv": [ 1.5, 4, 2, 7 ], "texture": "#kadabra" },
        "south": { "uv": [ 1.5, 4, 2, 7 ], "texture": "#kadabra" },
        "west":  { "uv": [ 1.5, 4, 2, 7 ], "texture": "#kadabra" },
        "east":  { "uv": [ 1.5, 4, 2, 7 ], "texture": "#kadabra" }
    }
},
{
    "__comment": "spoon",
    "from": [ 2.9375, 11.2848, 2.625 ],
    "to": [ 3.5, 13.0348, 3.8125 ],
    "rotation": { "origin": [ 2.9375, 13.0348, 2.625 ], "axis": "z", "angle": 22.5 },
    "faces": {
        "down":  { "uv": [ 1, 4.5, 1.5625, 5.6875 ], "texture": "#kadabra" },
        "up":    { "uv": [ 1, 4.5, 1.5625, 5.6875 ], "texture": "#kadabra" },
        "north": { "uv": [ 0.5, 5, 1.0625, 6.75 ], "texture": "#kadabra" },
        "south": { "uv": [ 1.5, 4.5, 2.0625, 6.25 ], "texture": "#kadabra" },
        "west":  { "uv": [ 0.5, 5, 1.6875, 6.75 ], "texture": "#kadabra" },
        "east":  { "uv": [ 0, 4.5, 1.1875, 6.25 ], "texture": "#kadabra" }
    }
},
{
    "__comment": "head",
    "from": [ 7, 12, 6.75 ],
    "to": [ 10, 15, 10.25 ],
    "faces": {
        "down":  { "uv": [ 5, 4, 2.5, 0.5 ], "texture": "#kadabra" },
        "up":    { "uv": [ 5, 0, 7.5, 3.5 ], "texture": "#kadabra" },
        "north": { "uv": [ 2.5, 0, 5, 2.5 ], "texture": "#kadabra" },
        "south": { "uv": [ 4, 1, 6.5, 3.5 ], "texture": "#kadabra" },
        "west":  { "uv": [ 2, 1, 5.5, 3.5 ], "texture": "#kadabra" },
        "east":  { "uv": [ 3, 0, 6.5, 2.5 ], "texture": "#kadabra" }
    }
},
{
    "__comment": "head",
    "from": [ 7, 15, 6.75 ],
    "to": [ 10, 16.5, 10.25 ],
    "faces": {
        "down":  { "uv": [ 5, 4, 2.5, 0.5 ], "texture": "#kadabra" },
        "up":    { "uv": [ 5, 0, 7.5, 3.5 ], "texture": "#kadabra" },
        "north": { "uv": [ 2.5, 0, 5, 2.5 ], "texture": "#kadabra" },
        "south": { "uv": [ 4, 1, 6.5, 3.5 ], "texture": "#kadabra" },
        "west":  { "uv": [ 2, 1, 5.5, 3.5 ], "texture": "#kadabra" },
        "east":  { "uv": [ 3, 0, 6.5, 2.5 ], "texture": "#kadabra" }
    }
},
{
    "__comment": "head",
    "from": [ 6, 12.4375, 7.5 ],
    "to": [ 7, 15.9375, 9.5 ],
    "faces": {
        "down":  { "uv": [ 5, 4, 2.5, 0.5 ], "texture": "#kadabra" },
        "up":    { "uv": [ 5, 0, 7.5, 3.5 ], "texture": "#kadabra" },
        "north": { "uv": [ 2.5, 0, 5, 2.5 ], "texture": "#kadabra" },
        "south": { "uv": [ 4, 1, 6.5, 3.5 ], "texture": "#kadabra" },
        "west":  { "uv": [ 2, 1, 5.5, 3.5 ], "texture": "#kadabra" },
        "east":  { "uv": [ 3, 0, 6.5, 2.5 ], "texture": "#kadabra" }
    }
},
{
    "__comment": "head*",
    "from": [ 7, 13, 5.5 ],
    "to": [ 10, 15.5, 11.5 ],
    "faces": {
        "down":  { "uv": [ 5, 4, 2.5, 0.5 ], "texture": "#kadabra" },
        "up":    { "uv": [ 5, 0, 7.5, 3.5 ], "texture": "#kadabra" },
        "north": { "uv": [ 2.5, 0, 5, 2.5 ], "texture": "#kadabra" },
        "south": { "uv": [ 4, 1, 6.5, 3.5 ], "texture": "#kadabra" },
        "west":  { "uv": [ 2, 1, 5.5, 3.5 ], "texture": "#kadabra" },
        "east":  { "uv": [ 3, 0, 6.5, 2.5 ], "texture": "#kadabra" }
    }
},
{
    "__comment": "head*",
    "from": [ 6, 10.25, 7.75 ],
    "to": [ 7, 12.75, 9.25 ],
    "rotation": { "origin": [ 6, 12.75, 7.75 ], "axis": "z", "angle": -22.5 },
    "faces": {
        "down":  { "uv": [ 5, 4, 2.5, 0.5 ], "texture": "#kadabra" },
        "up":    { "uv": [ 5, 0, 7.5, 3.5 ], "texture": "#kadabra" },
        "north": { "uv": [ 2.5, 0, 5, 2.5 ], "texture": "#kadabra" },
        "south": { "uv": [ 4, 1, 6.5, 3.5 ], "texture": "#kadabra" },
        "west":  { "uv": [ 2, 1, 5.5, 3.5 ], "texture": "#kadabra" },
        "east":  { "uv": [ 3, 0, 6.5, 2.5 ], "texture": "#kadabra" }
    }
},
{
    "from": [ 6.9375, 4.875, 7.5 ],
    "to": [ 7, 6.625, 9.5 ],
    "faces": {
        "west":  { "uv": [ 4.5, 4, 10, 7.5 ], "texture": "#kadabra" },
        "east":  { "uv": [ 4.5, 8.5, 6.5, 10.5 ], "texture": "#kadabra" }
    }
},
{
    "from": [ 8.4375, 15.5625, 10.75 ],
    "to": [ 8.5, 19.0625, 13.25 ],
    "rotation": { "origin": [ 8.4375, 19.0625, 10.75 ], "axis": "x", "angle": 22.5 },
    "faces": {
        "west":  { "uv": [ 8.5, 3.5, 14, 15.5 ], "texture": "#kadabraears" },
        "east":  { "uv": [ 6.5, 3.5, 1, 15.5 ], "texture": "#kadabraears" }
    }
},
{
    "from": [ 8.4375, 14.5433, 4 ],
    "to": [ 8.5, 18.0433, 6.5 ],
    "rotation": { "origin": [ 8.4375, 18.0433, 4 ], "axis": "x", "angle": -22.5 },
    "faces": {
        "west":  { "uv": [ 14, 3.5, 8.5, 15.5 ], "texture": "#kadabraears" },
        "east":  { "uv": [ 1, 3.5, 6.5, 15.5 ], "texture": "#kadabraears" }
    }
},
{
    "__comment": "head*",
    "from": [ 7.5, 13.5, 5 ],
    "to": [ 9.5, 15, 12 ],
    "faces": {
        "down":  { "uv": [ 5, 4, 2.5, 0.5 ], "texture": "#kadabra" },
        "up":    { "uv": [ 5, 0, 7.5, 3.5 ], "texture": "#kadabra" },
        "north": { "uv": [ 2.5, 0, 5, 2.5 ], "texture": "#kadabra" },
        "south": { "uv": [ 4, 1, 6.5, 3.5 ], "texture": "#kadabra" },
        "west":  { "uv": [ 2, 1, 5.5, 3.5 ], "texture": "#kadabra" },
        "east":  { "uv": [ 3, 0, 6.5, 2.5 ], "texture": "#kadabra" }
    }
},
{
    "from": [ 5.9375, 14.375, 7.75 ],
    "to": [ 6, 15.875, 9.25 ],
    "faces": {
        "west":  { "uv": [ 11, 8.5, 16, 13 ], "texture": "#kadabra" },
        "east":  { "uv": [ 3.5, 8, 4.5, 9 ], "texture": "#kadabra" }
    }
},
{
    "from": [ 5.4375, 6.4375, 9.125 ],
    "to": [ 5.5, 11.25, 12 ],
    "faces": {
        "west":  { "uv": [ 0, 7.5, 5.5, 16 ], "texture": "#kadabra" },
        "east":  { "uv": [ 5.5, 7.5, 0, 16 ], "texture": "#kadabra" }
    }
},
{
    "from": [ 5.4375, 6.4375, 5.0625 ],
    "to": [ 5.5, 11.25, 7.9375 ],
    "faces": {
        "west":  { "uv": [ 5.5, 7.5, 0, 16 ], "texture": "#kadabra" },
        "east":  { "uv": [ 0, 7.5, 5.5, 16 ], "texture": "#kadabra" }
    }
},
{
    "from": [ 5.9375, 12, 9.5 ],
    "to": [ 6, 14.5, 10.875 ],
    "rotation": { "origin": [ 5.9375, 12, 9.5 ], "axis": "y", "angle": 22.5 },
    "faces": {
        "west":  { "uv": [ 6.5, 8, 10.5, 15 ], "texture": "#kadabra" },
        "east":  { "uv": [ 3.5, 8, 4.5, 9 ], "texture": "#kadabra" }
    }
},
{
    "__comment": "head*",
    "from": [ 6, 12.625, 9.5 ],
    "to": [ 6.5, 15.875, 11 ],
    "rotation": { "origin": [ 6, 12.625, 9.5 ], "axis": "y", "angle": 22.5 },
    "faces": {
        "down":  { "uv": [ 5, 4, 2.5, 0.5 ], "texture": "#kadabra" },
        "up":    { "uv": [ 5, 0, 7.5, 3.5 ], "texture": "#kadabra" },
        "north": { "uv": [ 2.5, 0, 5, 2.5 ], "texture": "#kadabra" },
        "south": { "uv": [ 4, 1, 6.5, 3.5 ], "texture": "#kadabra" },
        "west":  { "uv": [ 2, 1, 5.5, 3.5 ], "texture": "#kadabra" },
        "east":  { "uv": [ 3, 0, 6.5, 2.5 ], "texture": "#kadabra" }
    }
},
{
    "__comment": "head*",
    "from": [ 6.5625, 12.625, 6.125 ],
    "to": [ 7.0625, 15.875, 7.625 ],
    "rotation": { "origin": [ 6.5625, 12.625, 6.125 ], "axis": "y", "angle": -22.5 },
    "faces": {
        "down":  { "uv": [ 5, 4, 2.5, 0.5 ], "texture": "#kadabra" },
        "up":    { "uv": [ 5, 0, 7.5, 3.5 ], "texture": "#kadabra" },
        "north": { "uv": [ 2.5, 0, 5, 2.5 ], "texture": "#kadabra" },
        "south": { "uv": [ 4, 1, 6.5, 3.5 ], "texture": "#kadabra" },
        "west":  { "uv": [ 2, 1, 5.5, 3.5 ], "texture": "#kadabra" },
        "east":  { "uv": [ 3, 0, 6.5, 2.5 ], "texture": "#kadabra" }
    }
},
{
    "from": [ 6.5, 12, 6.25 ],
    "to": [ 6.5625, 14.5, 7.625 ],
    "rotation": { "origin": [ 6.5, 12, 6.25 ], "axis": "y", "angle": -22.5 },
    "faces": {
        "west":  { "uv": [ 10.5, 8, 6.5, 15.5 ], "texture": "#kadabra" },
        "east":  { "uv": [ 3.5, 8, 4.5, 9 ], "texture": "#kadabra" }
    }
},
{
    "__comment": "head*",
    "from": [ 6.3125, 11.9375, 7 ],
    "to": [ 8.3125, 12.9375, 10 ],
    "rotation": { "origin": [ 6.3125, 12.9375, 7 ], "axis": "z", "angle": -22.5 },
    "faces": {
        "down":  { "uv": [ 5, 4, 2.5, 0.5 ], "texture": "#kadabra" },
        "up":    { "uv": [ 5, 0, 7.5, 3.5 ], "texture": "#kadabra" },
        "north": { "uv": [ 2.5, 0, 5, 2.5 ], "texture": "#kadabra" },
        "south": { "uv": [ 4, 1, 6.5, 3.5 ], "texture": "#kadabra" },
        "west":  { "uv": [ 2, 1, 5.5, 3.5 ], "texture": "#kadabra" },
        "east":  { "uv": [ 3, 0, 6.5, 2.5 ], "texture": "#kadabra" }
    }
},
{
    "__comment": "head*",
    "from": [ 6.375, 15.25, 6.75 ],
    "to": [ 10.375, 16.25, 10.25 ],
    "faces": {
        "down":  { "uv": [ 5, 4, 2.5, 0.5 ], "texture": "#kadabra" },
        "up":    { "uv": [ 5, 0, 7.5, 3.5 ], "texture": "#kadabra" },
        "north": { "uv": [ 2.5, 0, 5, 2.5 ], "texture": "#kadabra" },
        "south": { "uv": [ 4, 1, 6.5, 3.5 ], "texture": "#kadabra" },
        "west":  { "uv": [ 2, 1, 5.5, 3.5 ], "texture": "#kadabra" },
        "east":  { "uv": [ 3, 0, 6.5, 2.5 ], "texture": "#kadabra" }
    }
},
{
    "__comment": "head*",
    "from": [ 9.75, 12.75, 6.25 ],
    "to": [ 10.75, 15.75, 10.75 ],
    "faces": {
        "down":  { "uv": [ 5, 4, 2.5, 0.5 ], "texture": "#kadabra" },
        "up":    { "uv": [ 5, 0, 7.5, 3.5 ], "texture": "#kadabra" },
        "north": { "uv": [ 2.5, 0, 5, 2.5 ], "texture": "#kadabra" },
        "south": { "uv": [ 4, 1, 6.5, 3.5 ], "texture": "#kadabra" },
        "west":  { "uv": [ 2, 1, 5.5, 3.5 ], "texture": "#kadabra" },
        "east":  { "uv": [ 3, 0, 6.5, 2.5 ], "texture": "#kadabra" }
    }
},
{
    "from": [ 5.9375, 12.4375, 9.3125 ],
    "to": [ 6, 12.875, 9.5 ],
    "faces": {
        "west":  { "uv": [ 6, 13.5, 6.5, 16 ], "texture": "#kadabra" },
        "east":  { "uv": [ 3.5, 8, 4.5, 9 ], "texture": "#kadabra" }
    }
},
{
    "from": [ 5.9375, 12.4375, 7.5625 ],
    "to": [ 6, 12.875, 7.75 ],
    "faces": {
        "west":  { "uv": [ 6, 13.5, 6.5, 16 ], "texture": "#kadabra" },
        "east":  { "uv": [ 3.5, 8, 4.5, 9 ], "texture": "#kadabra" }
    }
},
{
    "from": [ 5.8125, 11.4375, 7.75 ],
    "to": [ 5.875, 12.4375, 7.9375 ],
    "rotation": { "origin": [ 5.8125, 12.4375, 7.75 ], "axis": "z", "angle": -22.5 },
    "faces": {
        "west":  { "uv": [ 6, 13.5, 6.5, 16 ], "texture": "#kadabra" },
        "east":  { "uv": [ 3.5, 8, 4.5, 9 ], "texture": "#kadabra" }
    }
},
{
    "from": [ 5.8125, 11.4375, 9.0625 ],
    "to": [ 5.875, 12.4375, 9.25 ],
    "rotation": { "origin": [ 5.8125, 12.4375, 9.0625 ], "axis": "z", "angle": -22.5 },
    "faces": {
        "west":  { "uv": [ 6, 13.5, 6.5, 16 ], "texture": "#kadabra" },
        "east":  { "uv": [ 3.5, 8, 4.5, 9 ], "texture": "#kadabra" }
    }
},
{
    "from": [ 5.4375, 10.5625, 8 ],
    "to": [ 5.5, 11.5625, 9 ],
    "rotation": { "origin": [ 5.4375, 11.5625, 8 ], "axis": "z", "angle": -22.5 },
    "faces": {
        "west":  { "uv": [ 11, 13, 14, 16 ], "texture": "#kadabra" },
        "east":  { "uv": [ 3.5, 8, 4.5, 9 ], "texture": "#kadabra" }
    }
},
{
    "__comment": "leftarm*",
    "from": [ 7, 0, 4 ],
    "to": [ 9.5, 1, 6.5 ],
    "faces": {
        "down":  { "uv": [ 5, 4, 2.5, 0.5 ], "texture": "#kadabra" },
        "up":    { "uv": [ 5, 0, 7.5, 3.5 ], "texture": "#kadabra" },
        "north": { "uv": [ 2.5, 0, 5, 2.5 ], "texture": "#kadabra" },
        "south": { "uv": [ 4, 1, 6.5, 3.5 ], "texture": "#kadabra" },
        "west":  { "uv": [ 2, 1, 5.5, 3.5 ], "texture": "#kadabra" },
        "east":  { "uv": [ 3, 0, 6.5, 2.5 ], "texture": "#kadabra" }
    }
},
{
    "__comment": "leftarm*",
    "from": [ 7, 0, 10.5 ],
    "to": [ 9.5, 1, 13 ],
    "faces": {
        "down":  { "uv": [ 5, 4, 2.5, 0.5 ], "texture": "#kadabra" },
        "up":    { "uv": [ 5, 0, 7.5, 3.5 ], "texture": "#kadabra" },
        "north": { "uv": [ 2.5, 0, 5, 2.5 ], "texture": "#kadabra" },
        "south": { "uv": [ 4, 1, 6.5, 3.5 ], "texture": "#kadabra" },
        "west":  { "uv": [ 2, 1, 5.5, 3.5 ], "texture": "#kadabra" },
        "east":  { "uv": [ 3, 0, 6.5, 2.5 ], "texture": "#kadabra" }
    }
},
{
    "__comment": "foot",
    "from": [ 5, 0, 10.5625 ],
    "to": [ 7, 0.9375, 11.4375 ],
    "faces": {
        "down":  { "uv": [ 2.5, 1, 4.5, 1.875 ], "texture": "#kadabra" },
        "up":    { "uv": [ 2.5, 1, 4.5, 1.875 ], "texture": "#kadabra" },
        "north": { "uv": [ 3, 3, 5, 3.9375 ], "texture": "#kadabra" },
        "south": { "uv": [ 3, 3, 5, 3.9375 ], "texture": "#kadabra" },
        "west":  { "uv": [ 4, 1.5, 4.875, 2.4375 ], "texture": "#kadabra" },
        "east":  { "uv": [ 4, 1.5, 4.875, 2.4375 ], "texture": "#kadabra" }
    }
},
{
    "__comment": "foot*",
    "from": [ 5, 0, 5.5625 ],
    "to": [ 7, 0.9375, 6.4375 ],
    "faces": {
        "down":  { "uv": [ 2.5, 1, 4.5, 1.875 ], "texture": "#kadabra" },
        "up":    { "uv": [ 2.5, 1, 4.5, 1.875 ], "texture": "#kadabra" },
        "north": { "uv": [ 3, 3, 5, 3.9375 ], "texture": "#kadabra" },
        "south": { "uv": [ 3, 3, 5, 3.9375 ], "texture": "#kadabra" },
        "west":  { "uv": [ 4, 1.5, 4.875, 2.4375 ], "texture": "#kadabra" },
        "east":  { "uv": [ 4, 1.5, 4.875, 2.4375 ], "texture": "#kadabra" }
    }
},
{
    "__comment": "foot*",
    "from": [ 5.375, 0, 12.7029 ],
    "to": [ 7.375, 0.9375, 13.5779 ],
    "rotation": { "origin": [ 5.375, 0, 12.7029 ], "axis": "y", "angle": 22.5 },
    "faces": {
        "down":  { "uv": [ 2.5, 1, 4.5, 1.875 ], "texture": "#kadabra" },
        "up":    { "uv": [ 2.5, 1, 4.5, 1.875 ], "texture": "#kadabra" },
        "north": { "uv": [ 3, 3, 5, 3.9375 ], "texture": "#kadabra" },
        "south": { "uv": [ 3, 3, 5, 3.9375 ], "texture": "#kadabra" },
        "west":  { "uv": [ 4, 1.5, 4.875, 2.4375 ], "texture": "#kadabra" },
        "east":  { "uv": [ 4, 1.5, 4.875, 2.4375 ], "texture": "#kadabra" }
    }
},
{
    "__comment": "foot*",
    "from": [ 5.6875, 0, 3.3125 ],
    "to": [ 7.6875, 0.9375, 4.1875 ],
    "rotation": { "origin": [ 5.6875, 0, 3.3125 ], "axis": "y", "angle": -22.5 },
    "faces": {
        "down":  { "uv": [ 2.5, 1, 4.5, 1.875 ], "texture": "#kadabra" },
        "up":    { "uv": [ 2.5, 1, 4.5, 1.875 ], "texture": "#kadabra" },
        "north": { "uv": [ 3, 3, 5, 3.9375 ], "texture": "#kadabra" },
        "south": { "uv": [ 3, 3, 5, 3.9375 ], "texture": "#kadabra" },
        "west":  { "uv": [ 4, 1.5, 4.875, 2.4375 ], "texture": "#kadabra" },
        "east":  { "uv": [ 4, 1.5, 4.875, 2.4375 ], "texture": "#kadabra" }
    }
},
{
    "__comment": "foot*",
    "from": [ 9.5, 0, 11.375 ],
    "to": [ 11.5, 0.9375, 12.25 ],
    "faces": {
        "down":  { "uv": [ 2.5, 1, 4.5, 1.875 ], "texture": "#kadabra" },
        "up":    { "uv": [ 2.5, 1, 4.5, 1.875 ], "texture": "#kadabra" },
        "north": { "uv": [ 3, 3, 5, 3.9375 ], "texture": "#kadabra" },
        "south": { "uv": [ 3, 3, 5, 3.9375 ], "texture": "#kadabra" },
        "west":  { "uv": [ 4, 1.5, 4.875, 2.4375 ], "texture": "#kadabra" },
        "east":  { "uv": [ 4, 1.5, 4.875, 2.4375 ], "texture": "#kadabra" }
    }
},
{
    "__comment": "foot*",
    "from": [ 9.5, 0, 4.875 ],
    "to": [ 11.5, 0.9375, 5.75 ],
    "faces": {
        "down":  { "uv": [ 2.5, 1, 4.5, 1.875 ], "texture": "#kadabra" },
        "up":    { "uv": [ 2.5, 1, 4.5, 1.875 ], "texture": "#kadabra" },
        "north": { "uv": [ 3, 3, 5, 3.9375 ], "texture": "#kadabra" },
        "south": { "uv": [ 3, 3, 5, 3.9375 ], "texture": "#kadabra" },
        "west":  { "uv": [ 4, 1.5, 4.875, 2.4375 ], "texture": "#kadabra" },
        "east":  { "uv": [ 4, 1.5, 4.875, 2.4375 ], "texture": "#kadabra" }
    }
},
{
    "from": [ 9.9375, 2.9375, 5.0625 ],
    "to": [ 14.9375, 9.5, 11.5625 ],
    "faces": {
        "down":  { "uv": [ 10, 4, 16, 8 ], "rotation": 180, "texture": "#kadabra" },
        "up":    { "uv": [ 10, 4, 16, 8 ], "texture": "#kadabra" },
        "north": { "uv": [ 10, 4, 16, 8 ], "rotation": 180, "texture": "#kadabra" },
        "south": { "uv": [ 10, 4, 16, 8 ], "texture": "#kadabra" },
        "west":  { "uv": [ 1, 0, 5.5, 3 ], "texture": "#kadabra" },
        "east":  { "uv": [ 1, 0, 5.5, 3 ], "texture": "#kadabra" }
    }
},
{
    "from": [ 15.5, 4.8125, 6 ],
    "to": [ 21, 11.3125, 11 ],
    "rotation": { "origin": [ 15.5, 11.3125, 6 ], "axis": "z", "angle": -45 },
    "faces": {
        "down":  { "uv": [ 2, 0, 6.5, 3.5 ], "texture": "#kadabra" },
        "up":    { "uv": [ 2, 0, 6.5, 3.5 ], "texture": "#kadabra" },
        "north": { "uv": [ 0, 0, 3.5, 3.5 ], "texture": "#kadabra" },
        "south": { "uv": [ 0, 0, 3.5, 3.5 ], "texture": "#kadabra" },
        "west":  { "uv": [ 0, 0, 4.5, 3.5 ], "texture": "#kadabra" },
        "east":  { "uv": [ 0, 0, 4.5, 3.5 ], "texture": "#kadabra" }
    }
},
{
    "from": [ 16.4375, 2.1875, 7 ],
    "to": [ 19.9375, 8.1875, 10 ],
    "rotation": { "origin": [ 16.4375, 8.1875, 7 ], "axis": "z", "angle": 22.5 },
    "faces": {
        "down":  { "uv": [ 2, 0, 6.5, 3.5 ], "texture": "#kadabra" },
        "up":    { "uv": [ 2, 0, 6.5, 3.5 ], "texture": "#kadabra" },
        "north": { "uv": [ 0, 0, 3.5, 3.5 ], "texture": "#kadabra" },
        "south": { "uv": [ 0, 0, 3.5, 3.5 ], "texture": "#kadabra" },
        "west":  { "uv": [ 0, 0, 4.5, 3.5 ], "texture": "#kadabra" },
        "east":  { "uv": [ 0, 0, 4.5, 3.5 ], "texture": "#kadabra" }
    }
},
{
    "from": [ 15.5625, 6.8125, 6.5 ],
    "to": [ 20.0625, 11.3125, 10.5 ],
    "rotation": { "origin": [ 15.5625, 11.3125, 6.5 ], "axis": "z", "angle": -22.5 },
    "faces": {
        "down":  { "uv": [ 2, 0, 6.5, 3.5 ], "texture": "#kadabra" },
        "up":    { "uv": [ 2, 0, 6.5, 3.5 ], "texture": "#kadabra" },
        "north": { "uv": [ 0, 0, 3.5, 3.5 ], "texture": "#kadabra" },
        "south": { "uv": [ 0, 0, 3.5, 3.5 ], "texture": "#kadabra" },
        "west":  { "uv": [ 0, 0, 4.5, 3.5 ], "texture": "#kadabra" },
        "east":  { "uv": [ 0, 0, 4.5, 3.5 ], "texture": "#kadabra" }
    }
},
{
    "from": [ 21.5, 4.5, 7.5 ],
    "to": [ 23.5, 8.5, 9.5 ],
    "rotation": { "origin": [ 21.5, 8.5, 7.5 ], "axis": "z", "angle": -22.5 },
    "faces": {
        "down":  { "uv": [ 2, 0, 6.5, 3.5 ], "texture": "#kadabra" },
        "up":    { "uv": [ 2, 0, 6.5, 3.5 ], "texture": "#kadabra" },
        "north": { "uv": [ 0, 0, 3.5, 3.5 ], "texture": "#kadabra" },
        "south": { "uv": [ 0, 0, 3.5, 3.5 ], "texture": "#kadabra" },
        "west":  { "uv": [ 0, 0, 4.5, 3.5 ], "texture": "#kadabra" },
        "east":  { "uv": [ 0, 0, 4.5, 3.5 ], "texture": "#kadabra" }
    }
}
],
	"display": {
		"thirdperson_lefthand": {
			"rotation":  [ 70, 90, 0 ],
			"translation":  [ -6.75, -3.477, 1.2 ],
			"scale":  [ 1.65, 1.65, 1.65 ]
		},
		"gui": {
			"rotation":  [ 0, 90, 0 ],
			"translation":  [ -0.38, -0.94, 0 ],
			"scale":  [ 0.7, 0.7, 0.7 ]
		},
		"head": {
			"rotation":  [ 0, -90, 0 ],
			"translation":  [ 1.7, -21, -5.354 ],
			"scale":  [ 3, 3, 3 ]
		}		,
		"thirdperson_righthand": {
			"scale":  [ 0.0001, 0.0001, 0.0001 ]
		},
		"firstperson_righthand": {
			"scale":  [ 0.0001, 0.0001, 0.0001 ]
		},
		"firstperson_lefthand": {
			"scale":  [ 0.0001, 0.0001, 0.0001 ]
		},
		"gui": {
			"rotation":  [ 0, 90, 0 ],
			"translation":  [ -0.38, -2.08, 0 ],
			"scale":  [ 0.0001, 0.0001, 0.0001 ]
		},
		"ground": {
			"translation":  [ 0, 3, 0 ],
			"scale":  [ 0.0001, 0.0001, 0.0001 ]
		}
	},
	"display": {
		"thirdperson_lefthand": {
			"rotation":  [ 70, 90, 0 ],
			"translation":  [ -6.75, -3.477, 1.2 ],
			"scale":  [ 1.65, 1.65, 1.65 ]
		},
		"thirdperson_righthand": {
			"rotation":  [ 70, -90, 0 ],
			"translation":  [ -5.5, -3.477, 1.2 ],
			"scale":  [ 1.65, 1.65, 1.65 ]
		},
		"head": {
			"rotation":  [ 0, -90, 0 ],
			"translation":  [ 1.7, -24.5, -3 ],
			"scale":  [ 2.75, 2.75, 2.75 ]
		},
		"firstperson_righthand": {
			"scale":  [ 0, 0, 0 ]
		},
		"firstperson_lefthand": {
			"scale":  [ 0, 0, 0 ]
		},
		"gui": {
			"scale":  [ 0, 0, 0 ]
		},
		"ground": {
			"scale":  [ 0, 0, 0 ]
		}
	}
}