{
	"__comment": "Designed by Ramonaskye with BDcraft Cubik PRO 0.96 Beta - http://bdcraft.net",
	"elements": [
		{
			"from": [ 4.5, 3, 6.5 ],
			"to": [ 12.5, 13, 12 ],
			"faces": {
				"down": { "uv": [ 10.25, 1.75, 12.25, 3.25 ], "texture": "#texture" },
				"up": { "uv": [ 12.25, 1.75, 14.25, 3.25 ], "texture": "#texture" },
				"north": { "uv": [ 12.25, 3.25, 14.25, 5.75 ], "texture": "#texture" },
				"south": { "uv": [ 10.25, 3.25, 12.25, 5.75 ], "texture": "#texture" },
				"west": { "uv": [ 8.75, 3.25, 10.25, 5.75 ], "texture": "#texture" },
				"east": { "uv": [ 14.25, 3.25, 15.75, 5.75 ], "texture": "#texture" }
			}
		},
		{
			"from": [ 4.5, 14, 7 ],
			"to": [ 12.5, 19.5, 13.75 ],
			"faces": {
				"down": { "uv": [ 10, 6.25, 12, 8 ], "texture": "#texture" },
				"up": { "uv": [ 12, 6.25, 14, 8 ], "texture": "#texture" },
				"north": { "uv": [ 12, 8, 14, 9.75 ], "texture": "#texture" },
				"south": { "uv": [ 10, 8, 12, 9.5 ], "texture": "#texture" },
				"west": { "uv": [ 14, 8, 15.75, 9.75 ], "texture": "#texture" },
				"east": { "uv": [ 8.25, 8, 10, 9.75 ], "texture": "#texture" }
			}
		},
		{
			"from": [ 7.5, 0.625, 3.9997 ],
			"to": [ 9, 2.625, 8.4997 ],
			"rotation": { "origin": [ 7.5, 2.625, 4 ], "axis": "x", "angle": -22.5 },
			"faces": {
				"down": { "uv": [ 2.25, 12.5, 2.75, 13.75 ], "texture": "#texture" },
				"up": { "uv": [ 2.75, 12.5, 3.25, 13.75 ], "texture": "#texture" },
				"north": { "uv": [ 2.75, 13.75, 3.25, 14.25 ], "texture": "#texture" },
				"south": { "uv": [ 2.25, 13.75, 2.75, 14.25 ], "texture": "#texture" },
				"west": { "uv": [ 3.25, 13.75, 4.5, 14.25 ], "texture": "#texture" },
				"east": { "uv": [ 1, 13.75, 2.25, 14.25 ], "texture": "#texture" }
			}
		},
		{
			"from": [ 6.5, 6.25, -6.501 ],
			"to": [ 10, 12.75, -0.0009999275 ],
			"rotation": { "origin": [ 6.5, 12.75, -6.5 ], "axis": "x", "angle": -22.5 },
			"faces": {
				"down": { "uv": [ 1.75, 7, 2.75, 8.75 ], "texture": "#texture" },
				"up": { "uv": [ 2.75, 7, 3.75, 8.75 ], "texture": "#texture" },
				"north": { "uv": [ 2.75, 8.75, 3.75, 10.5 ], "texture": "#texture" },
				"south": { "uv": [ 1.75, 8.75, 2.75, 10.5 ], "texture": "#texture" },
				"west": { "uv": [ 1.75, 10.5, 0, 8.75 ], "texture": "#texture", "rotation": 270 },
				"east": { "uv": [ 3.75, 8.75, 5.5, 10.5 ], "texture": "#texture", "rotation": 270 }
			}
		},
		{
			"from": [ 7.25, 2.5, 1.461 ],
			"to": [ 9.25, 5.5, 5.961 ],
			"rotation": { "origin": [ 7.25, 5.5, 1.46055 ], "axis": "x", "angle": 22.5 },
			"faces": {
				"down": { "uv": [ 2.75, 10.5, 3.5, 11.75 ], "texture": "#texture" },
				"up": { "uv": [ 2, 10.5, 2.75, 11.75 ], "texture": "#texture" },
				"north": { "uv": [ 2, 11.75, 2.75, 12.5 ], "texture": "#texture" },
				"south": { "uv": [ 2.75, 11.75, 3.5, 12.5 ], "texture": "#texture" },
				"west": { "uv": [ 0.75, 11.5, 2, 12.25 ], "texture": "#texture" },
				"east": { "uv": [ 3.5, 11.5, 4.75, 12.25 ], "texture": "#texture" }
			}
		},
		{
			"from": [ 12.5, 4, 7.5 ],
			"to": [ 13, 12, 12 ],
			"faces": {
				"down": { "uv": [ 1.25, 2.5, 1.5, 3.75 ], "texture": "#texture" },
				"up": { "uv": [ 1.5, 2.5, 1.75, 3.75 ], "texture": "#texture" },
				"north": { "uv": [ 1.25, 3.75, 1.5, 5.75 ], "texture": "#texture" },
				"south": { "uv": [ 1.5, 3.75, 1.75, 5.75 ], "texture": "#texture" },
				"west": { "uv": [ 0, 3.75, 1.25, 5.75 ], "texture": "#texture" },
				"east": { "uv": [ 1.75, 3.75, 3, 5.75 ], "texture": "#texture" }
			}
		},
		{
			"from": [ 4, 13, 6 ],
			"to": [ 13, 14.5, 7.5 ],
			"faces": {
				"down": { "uv": [ 6.25, 0, 8.5, 0.5 ], "texture": "#texture" },
				"up": { "uv": [ 4, 0, 6.25, 0.5 ], "texture": "#texture" },
				"north": { "uv": [ 4, 0.5, 6.5, 1 ], "texture": "#texture" },
				"south": { "uv": [ 6, 0.5, 8.5, 1 ], "texture": "#texture" },
				"west": { "uv": [ 3.5, 0.5, 4, 1 ], "texture": "#texture" },
				"east": { "uv": [ 8.5, 0.5, 9, 1 ], "texture": "#texture" }
			}
		},
		{
			"from": [ 13, 5, 7 ],
			"to": [ 14.5, 12, 8.5 ],
			"faces": {
				"down": { "uv": [ 2, 0, 2.5, 0.5 ], "texture": "#texture" },
				"up": { "uv": [ 2.5, 0, 3, 0.5 ], "texture": "#texture" },
				"north": { "uv": [ 2, 0.5, 2.5, 2.25 ], "texture": "#texture" },
				"south": { "uv": [ 2.5, 0.5, 3, 2.25 ], "texture": "#texture" },
				"west": { "uv": [ 1.5, 0.5, 2, 2.25 ], "texture": "#texture" },
				"east": { "uv": [ 3, 0.5, 3.5, 2.25 ], "texture": "#texture" }
			}
		},
		{
			"from": [ 4, 4, 7.5 ],
			"to": [ 5, 12, 11.5 ],
			"faces": {
				"down": { "uv": [ 1.25, 2.5, 1.5, 3.75 ], "texture": "#texture" },
				"up": { "uv": [ 1.5, 2.5, 1.75, 3.75 ], "texture": "#texture" },
				"north": { "uv": [ 1.25, 3.75, 1.5, 5.75 ], "texture": "#texture" },
				"south": { "uv": [ 1.5, 3.75, 1.75, 5.75 ], "texture": "#texture" },
				"west": { "uv": [ 0, 3.75, 1.25, 5.75 ], "texture": "#texture" },
				"east": { "uv": [ 1.75, 3.75, 3, 5.75 ], "texture": "#texture" }
			}
		},
		{
			"from": [ 5.5, 2.5, 12.0008 ],
			"to": [ 11.5, 7.5, 14.0008 ],
			"rotation": { "origin": [ 5.5, 7.5, 12 ], "axis": "x", "angle": 22.5 },
			"faces": {
				"down": { "uv": [ 6.25, 6, 8, 6.5 ], "texture": "#texture" },
				"up": { "uv": [ 4.75, 6, 6.5, 6.5 ], "texture": "#texture" },
				"north": { "uv": [ 4.75, 6.5, 6.25, 7.75 ], "texture": "#texture" },
				"south": { "uv": [ 6.25, 6.5, 7.75, 7.75 ], "texture": "#texture" },
				"west": { "uv": [ 4.25, 6.5, 4.75, 7.75 ], "texture": "#texture" },
				"east": { "uv": [ 7.75, 6.5, 8.25, 7.75 ], "texture": "#texture" }
			}
		},
		{
			"from": [ 4, 2.5, 5 ],
			"to": [ 13, 4, 6.5 ],
			"faces": {
				"down": { "uv": [ 6.25, 0, 8.5, 0.5 ], "texture": "#texture" },
				"up": { "uv": [ 4, 0, 6.25, 0.5 ], "texture": "#texture" },
				"north": { "uv": [ 4, 0.5, 6.5, 1 ], "texture": "#texture" },
				"south": { "uv": [ 6, 0.5, 8.5, 1 ], "texture": "#texture" },
				"west": { "uv": [ 3.5, 0.5, 4, 1 ], "texture": "#texture" },
				"east": { "uv": [ 8.5, 0.5, 9, 1 ], "texture": "#texture" }
			}
		},
		{
			"from": [ 3, 0, 9 ],
			"to": [ 6.5, 1.5, 12.5 ],
			"rotation": { "origin": [ 3, 0, 9 ], "axis": "y", "angle": -22.5 },
			"faces": {
				"down": { "uv": [ 7.25, 14, 8.25, 15 ], "texture": "#texture" },
				"up": { "uv": [ 6.25, 14, 7.25, 15 ], "texture": "#texture" },
				"north": { "uv": [ 6.25, 15, 7.25, 15.5 ], "texture": "#texture" },
				"south": { "uv": [ 7.25, 15, 8.25, 15.5 ], "texture": "#texture" },
				"west": { "uv": [ 5.25, 15, 6.25, 15.5 ], "texture": "#texture" },
				"east": { "uv": [ 8.25, 15, 9.25, 15.5 ], "texture": "#texture" }
			}
		},
		{
			"from": [ -0.2506, 5.25, 9.3125 ],
			"to": [ 6.7494, 7.75, 11.8125 ],
			"rotation": { "origin": [ -0.25, 7.75, 9.3125 ], "axis": "z", "angle": 45 },
			"faces": {
				"down": { "uv": [ 11.25, 0, 13, 0.75 ], "texture": "#texture" },
				"up": { "uv": [ 13, 0, 14.75, 0.75 ], "texture": "#texture" },
				"north": { "uv": [ 11.25, 0.75, 13, 1.5 ], "texture": "#texture" },
				"south": { "uv": [ 13, 0.75, 14.75, 1.5 ], "texture": "#texture" },
				"west": { "uv": [ 10.5, 0.75, 11.25, 1.5 ], "texture": "#texture" },
				"east": { "uv": [ 14.75, 0.75, 15.5, 1.5 ], "texture": "#texture" }
			}
		},
		{
			"from": [ 3.5, 1.5, 9 ],
			"to": [ 6.5, 4.25, 12 ],
			"rotation": { "origin": [ 3.5, 1.5, 9 ], "axis": "y", "angle": -22.5 },
			"faces": {
				"down": { "uv": [ 7.25, 12.75, 8, 13.5 ], "texture": "#texture" },
				"up": { "uv": [ 6.5, 12.75, 7.25, 13.5 ], "texture": "#texture" },
				"north": { "uv": [ 6.5, 13.5, 7.5, 14 ], "texture": "#texture" },
				"south": { "uv": [ 7.25, 13.5, 8.25, 14 ], "texture": "#texture" },
				"west": { "uv": [ 5.75, 13.5, 6.5, 14 ], "texture": "#texture" },
				"east": { "uv": [ 8, 13.5, 8.75, 14 ], "texture": "#texture" }
			}
		},
		{
			"from": [ 10.75, 1.5, 10.25 ],
			"to": [ 13.75, 4.25, 13.25 ],
			"rotation": { "origin": [ 10.75, 1.5, 10.25 ], "axis": "y", "angle": 22.5 },
			"faces": {
				"down": { "uv": [ 7.25, 12.75, 8, 13.5 ], "texture": "#texture" },
				"up": { "uv": [ 6.5, 12.75, 7.25, 13.5 ], "texture": "#texture" },
				"north": { "uv": [ 6.5, 13.5, 7.5, 14 ], "texture": "#texture" },
				"south": { "uv": [ 7.25, 13.5, 8.25, 14 ], "texture": "#texture" },
				"west": { "uv": [ 5.75, 13.5, 6.5, 14 ], "texture": "#texture" },
				"east": { "uv": [ 8, 13.5, 8.75, 14 ], "texture": "#texture" }
			}
		},
		{
			"from": [ 10.75, 0, 10.25 ],
			"to": [ 14.25, 1.5, 13.75 ],
			"rotation": { "origin": [ 10.75, 0, 10.25 ], "axis": "y", "angle": 22.5 },
			"faces": {
				"down": { "uv": [ 7.25, 14, 8.25, 15 ], "texture": "#texture" },
				"up": { "uv": [ 6.25, 14, 7.25, 15 ], "texture": "#texture" },
				"north": { "uv": [ 6.25, 15, 7.25, 15.5 ], "texture": "#texture" },
				"south": { "uv": [ 7.25, 15, 8.25, 15.5 ], "texture": "#texture" },
				"west": { "uv": [ 5.25, 15, 6.25, 15.5 ], "texture": "#texture" },
				"east": { "uv": [ 8.25, 15, 9.25, 15.5 ], "texture": "#texture" }
			}
		},
		{
			"from": [ 3.5, 4, 6.5 ],
			"to": [ 4.5, 13, 7.5 ],
			"faces": {
				"down": { "uv": [ 9, 0, 9.5, 0.25 ], "texture": "#texture" },
				"up": { "uv": [ 9.5, 0, 10, 0.25 ], "texture": "#texture" },
				"north": { "uv": [ 9.25, 0.25, 9.5, 2.5 ], "texture": "#texture" },
				"south": { "uv": [ 9.5, 0.25, 9.75, 2.5 ], "texture": "#texture" },
				"west": { "uv": [ 9, 0.25, 9.25, 2.5 ], "texture": "#texture" },
				"east": { "uv": [ 9.75, 0.25, 10, 2.5 ], "texture": "#texture" }
			}
		},
		{
			"from": [ 12.5, 4, 6.5 ],
			"to": [ 13.5, 13, 7.5 ],
			"faces": {
				"down": { "uv": [ 9, 0, 9.5, 0.25 ], "texture": "#texture" },
				"up": { "uv": [ 9.5, 0, 10, 0.25 ], "texture": "#texture" },
				"north": { "uv": [ 9.25, 0.25, 9.5, 2.5 ], "texture": "#texture" },
				"south": { "uv": [ 9.5, 0.25, 9.75, 2.5 ], "texture": "#texture" },
				"west": { "uv": [ 9, 0.25, 9.25, 2.5 ], "texture": "#texture" },
				"east": { "uv": [ 9.75, 0.25, 10, 2.5 ], "texture": "#texture" }
			}
		},
		{
			"from": [ 13, 3.75, 6.25 ],
			"to": [ 14, 5.25, 7.75 ],
			"faces": {
				"down": { "uv": [ 0.75, 0, 1, 0.5 ], "texture": "#texture" },
				"up": { "uv": [ 0.5, 0, 0.75, 0.5 ], "texture": "#texture" },
				"north": { "uv": [ 0.5, 0.5, 0.75, 1 ], "texture": "#texture" },
				"south": { "uv": [ 0.75, 0.5, 1, 1 ], "texture": "#texture" },
				"west": { "uv": [ 1, 0.5, 1.5, 1 ], "texture": "#texture" },
				"east": { "uv": [ 0, 0.5, 0.5, 1 ], "texture": "#texture" }
			}
		},
		{
			"from": [ 13, 12, 6.25 ],
			"to": [ 14, 13.5, 7.75 ],
			"faces": {
				"down": { "uv": [ 0.75, 0, 1, 0.5 ], "texture": "#texture" },
				"up": { "uv": [ 0.5, 0, 0.75, 0.5 ], "texture": "#texture" },
				"north": { "uv": [ 0.5, 0.5, 0.75, 1 ], "texture": "#texture" },
				"south": { "uv": [ 0.75, 0.5, 1, 1 ], "texture": "#texture" },
				"west": { "uv": [ 1, 0.5, 1.5, 1 ], "texture": "#texture" },
				"east": { "uv": [ 0, 0.5, 0.5, 1 ], "texture": "#texture" }
			}
		},
		{
			"from": [ 3, 12, 6.25 ],
			"to": [ 4, 13.5, 7.75 ],
			"faces": {
				"down": { "uv": [ 0.75, 0, 1, 0.5 ], "texture": "#texture" },
				"up": { "uv": [ 0.5, 0, 0.75, 0.5 ], "texture": "#texture" },
				"north": { "uv": [ 0.5, 0.5, 0.75, 1 ], "texture": "#texture" },
				"south": { "uv": [ 0.75, 0.5, 1, 1 ], "texture": "#texture" },
				"west": { "uv": [ 1, 0.5, 1.5, 1 ], "texture": "#texture" },
				"east": { "uv": [ 0, 0.5, 0.5, 1 ], "texture": "#texture" }
			}
		},
		{
			"from": [ 3, 3.75, 6.25 ],
			"to": [ 4, 5.25, 7.75 ],
			"faces": {
				"down": { "uv": [ 0.75, 0, 1, 0.5 ], "texture": "#texture" },
				"up": { "uv": [ 0.5, 0, 0.75, 0.5 ], "texture": "#texture" },
				"north": { "uv": [ 0.5, 0.5, 0.75, 1 ], "texture": "#texture" },
				"south": { "uv": [ 0.75, 0.5, 1, 1 ], "texture": "#texture" },
				"west": { "uv": [ 1, 0.5, 1.5, 1 ], "texture": "#texture" },
				"east": { "uv": [ 0, 0.5, 0.5, 1 ], "texture": "#texture" }
			}
		},
		{
			"from": [ 2.5, 5, 7.25 ],
			"to": [ 4, 12, 8.75 ],
			"faces": {
				"down": { "uv": [ 2, 0, 2.5, 0.5 ], "texture": "#texture" },
				"up": { "uv": [ 2.5, 0, 3, 0.5 ], "texture": "#texture" },
				"north": { "uv": [ 2, 0.5, 2.5, 2.25 ], "texture": "#texture" },
				"south": { "uv": [ 2.5, 0.5, 3, 2.25 ], "texture": "#texture" },
				"west": { "uv": [ 1.5, 0.5, 2, 2.25 ], "texture": "#texture" },
				"east": { "uv": [ 3, 0.5, 3.5, 2.25 ], "texture": "#texture" }
			}
		},
		{
			"from": [ 12.1881, 10.5, 9.1875 ],
			"to": [ 19.1881, 13, 11.6875 ],
			"rotation": { "origin": [ 12.1875, 13, 9.1875 ], "axis": "z", "angle": -45 },
			"faces": {
				"down": { "uv": [ 11.25, 0, 13, 0.75 ], "texture": "#texture" },
				"up": { "uv": [ 13, 0, 14.75, 0.75 ], "texture": "#texture" },
				"north": { "uv": [ 11.25, 0.75, 13, 1.5 ], "texture": "#texture" },
				"south": { "uv": [ 13, 0.75, 14.75, 1.5 ], "texture": "#texture" },
				"west": { "uv": [ 10.5, 0.75, 11.25, 1.5 ], "texture": "#texture" },
				"east": { "uv": [ 14.75, 0.75, 15.5, 1.5 ], "texture": "#texture" }
			}
		},
		{
			"from": [ 5, 7, 12 ],
			"to": [ 12, 9.5, 14 ],
			"faces": {
				"down": { "uv": [ 6.25, 4.75, 8, 5.25 ], "texture": "#texture" },
				"up": { "uv": [ 4.5, 4.75, 6.25, 5.25 ], "texture": "#texture" },
				"north": { "uv": [ 4.5, 5.25, 6.25, 6 ], "texture": "#texture" },
				"south": { "uv": [ 6.25, 5.25, 8, 6 ], "texture": "#texture" },
				"west": { "uv": [ 4, 5.25, 4.5, 6 ], "texture": "#texture" },
				"east": { "uv": [ 8, 5.25, 8.5, 6 ], "texture": "#texture" }
			}
		},
		{
			"from": [ 5.5, 8.5, 9.4992 ],
			"to": [ 11.5, 13.5, 11.9992 ],
			"rotation": { "origin": [ 5.5, 13.5, 9.5 ], "axis": "x", "angle": -22.5 },
			"faces": {
				"down": { "uv": [ 6.25, 2.75, 7.75, 3.5 ], "texture": "#texture" },
				"up": { "uv": [ 4.75, 2.75, 6.25, 3.5 ], "texture": "#texture" },
				"north": { "uv": [ 4.75, 3.5, 6.25, 4.75 ], "texture": "#texture" },
				"south": { "uv": [ 6.25, 3.5, 7.75, 4.75 ], "texture": "#texture" },
				"west": { "uv": [ 4, 3.5, 4.75, 4.75 ], "texture": "#texture" },
				"east": { "uv": [ 7.75, 3.5, 8.5, 4.75 ], "texture": "#texture" }
			}
		},
		{
			"from": [ 4.5, 9.5, 5.0005 ],
			"to": [ 12.5, 12.5, 7.5005 ],
			"rotation": { "origin": [ 4.5, 12.5, 5 ], "axis": "x", "angle": 22.5 },
			"faces": {
				"down": { "uv": [ 10.5, 11, 12.5, 11.75 ], "texture": "#texture" },
				"up": { "uv": [ 12.5, 11, 14.5, 11.75 ], "texture": "#texture" },
				"north": { "uv": [ 10.5, 11.75, 12.5, 12.5 ], "texture": "#texture" },
				"south": { "uv": [ 12.5, 11.75, 14.5, 12.5 ], "texture": "#texture" },
				"west": { "uv": [ 9.75, 11.75, 10.5, 12.5 ], "texture": "#texture" },
				"east": { "uv": [ 14.5, 11.75, 15.25, 12.5 ], "texture": "#texture" }
			}
		},
		{
			"from": [ 4, 7, 4 ],
			"to": [ 13, 9.5, 7 ],
			"faces": {
				"down": { "uv": [ 10.25, 12.5, 12.5, 13.25 ], "texture": "#texture" },
				"up": { "uv": [ 12.5, 12.5, 14.75, 13.25 ], "texture": "#texture" },
				"north": { "uv": [ 10.25, 13.25, 12.5, 14 ], "texture": "#texture" },
				"south": { "uv": [ 12.5, 13.25, 14.75, 14 ], "texture": "#texture" },
				"west": { "uv": [ 9.5, 13.25, 10.25, 14 ], "texture": "#texture" },
				"east": { "uv": [ 14.75, 13.25, 15.5, 14 ], "texture": "#texture" }
			}
		},
		{
			"from": [ 4.5, 3.7308, 3.9995 ],
			"to": [ 12.5, 6.7308, 6.499499 ],
			"rotation": { "origin": [ 4.5, 6.73081, 4 ], "axis": "x", "angle": -22.5 },
			"faces": {
				"down": { "uv": [ 10.5, 14, 12.5, 14.75 ], "texture": "#texture" },
				"up": { "uv": [ 12.5, 14, 14.5, 14.75 ], "texture": "#texture" },
				"north": { "uv": [ 10.5, 14.75, 12.5, 15.5 ], "texture": "#texture" },
				"south": { "uv": [ 12.5, 14.75, 14.5, 15.5 ], "texture": "#texture" },
				"west": { "uv": [ 9.75, 14.75, 10.5, 15.5 ], "texture": "#texture" },
				"east": { "uv": [ 14.5, 14.75, 15.25, 15.5 ], "texture": "#texture" }
			}
		},
		{
			"from": [ 12.5, 14, 7.5 ],
			"to": [ 13.25, 19.25, 13 ],
			"faces": {
				"down": { "uv": [ 10, 6.25, 10.25, 8 ], "texture": "#texture" },
				"up": { "uv": [ 12, 6.25, 12.25, 8 ], "texture": "#texture" },
				"north": { "uv": [ 12.5, 8, 12.75, 9.75 ], "texture": "#texture" },
				"south": { "uv": [ 12.5, 8, 12.75, 9.75 ], "texture": "#texture" },
				"west": { "uv": [ 14, 8, 15.75, 9.75 ], "texture": "#texture" },
				"east": { "uv": [ 8.25, 8, 10, 9.75 ], "texture": "#texture" }
			}
		},
		{
			"from": [ 3.75, 14, 7.5 ],
			"to": [ 4.5, 19.25, 13 ],
			"faces": {
				"down": { "uv": [ 10, 6.25, 10.25, 8 ], "texture": "#texture" },
				"up": { "uv": [ 12, 6.25, 12.25, 8 ], "texture": "#texture" },
				"north": { "uv": [ 12.5, 8, 12.75, 9.75 ], "texture": "#texture" },
				"south": { "uv": [ 12.5, 8, 12.75, 9.75 ], "texture": "#texture" },
				"west": { "uv": [ 14, 8, 15.75, 9.75 ], "texture": "#texture" },
				"east": { "uv": [ 8.25, 8, 10, 9.75 ], "texture": "#texture" }
			}
		},
		{
			"from": [ 5, 14.5, 6.25 ],
			"to": [ 11.75, 19.5, 7.25 ],
			"faces": {
				"down": { "uv": [ 10, 6.25, 10.25, 8 ], "texture": "#texture" },
				"up": { "uv": [ 12, 6.25, 12.25, 8 ], "texture": "#texture" },
				"north": { "uv": [ 12.5, 8, 12.75, 9.75 ], "texture": "#texture" },
				"south": { "uv": [ 12.5, 8, 12.75, 9.75 ], "texture": "#texture" },
				"west": { "uv": [ 14, 8, 15.75, 9.75 ], "texture": "#texture" },
				"east": { "uv": [ 8.25, 8, 10, 9.75 ], "texture": "#texture" }
			}
		},
		{
			"from": [ 5.25, 13, 7 ],
			"to": [ 11.5, 14, 13.75 ],
			"faces": {
				"down": { "uv": [ 10, 6.25, 12, 8 ], "texture": "#texture" },
				"up": { "uv": [ 12, 6.25, 14, 8 ], "texture": "#texture" },
				"north": { "uv": [ 12, 8, 14, 9.75 ], "texture": "#texture" },
				"south": { "uv": [ 10.25, 9.5, 11.75, 9.75 ], "texture": "#texture" },
				"west": { "uv": [ 14, 8, 15.75, 9.75 ], "texture": "#texture" },
				"east": { "uv": [ 8.25, 8, 10, 9.75 ], "texture": "#texture" }
			}
		},
		{
			"from": [ 4.25, 13, 7 ],
			"to": [ 5.25, 14, 13 ],
			"faces": {
				"down": { "uv": [ 10, 6.25, 12, 8 ], "texture": "#texture" },
				"up": { "uv": [ 12, 6.25, 14, 8 ], "texture": "#texture" },
				"north": { "uv": [ 12, 8, 14, 8.25 ], "texture": "#texture" },
				"south": { "uv": [ 9, 8.75, 9.25, 9 ], "texture": "#texture" },
				"west": { "uv": [ 14, 8, 15.75, 8.25 ], "texture": "#texture" },
				"east": { "uv": [ 8.25, 8, 10, 8.25 ], "texture": "#texture" }
			}
		},
		{
			"from": [ 11.5, 13, 7 ],
			"to": [ 12.5, 14, 13 ],
			"faces": {
				"down": { "uv": [ 10, 6.25, 12, 8 ], "texture": "#texture" },
				"up": { "uv": [ 12, 6.25, 14, 8 ], "texture": "#texture" },
				"north": { "uv": [ 12, 8, 14, 8.25 ], "texture": "#texture" },
				"south": { "uv": [ 9.75, 9.25, 10, 9.5 ], "texture": "#texture" },
				"west": { "uv": [ 14, 8, 15.75, 8.25 ], "texture": "#texture" },
				"east": { "uv": [ 8.25, 8, 10, 8.25 ], "texture": "#texture" }
			}
		},
		{
			"from": [ 4.5, 19.5, 7 ],
			"to": [ 5.5, 20.5, 13 ],
			"faces": {
				"down": { "uv": [ 10, 6.25, 12, 8 ], "texture": "#texture" },
				"up": { "uv": [ 12, 6.25, 14, 8 ], "texture": "#texture" },
				"north": { "uv": [ 12, 8, 14, 8.25 ], "texture": "#texture" },
				"south": { "uv": [ 8.75, 9, 9, 9.25 ], "texture": "#texture" },
				"west": { "uv": [ 14, 8, 15.75, 8.25 ], "texture": "#texture" },
				"east": { "uv": [ 8.25, 8, 10, 8.25 ], "texture": "#texture" }
			}
		},
		{
			"from": [ 5.25, 19.5, 7 ],
			"to": [ 11.75, 20.5, 13.75 ],
			"faces": {
				"down": { "uv": [ 10, 6.25, 12, 8 ], "texture": "#texture" },
				"up": { "uv": [ 12, 6.25, 14, 8 ], "texture": "#texture" },
				"north": { "uv": [ 12, 8, 14, 9.75 ], "texture": "#texture" },
				"south": { "uv": [ 10.5, 7, 12, 7.25 ], "texture": "#texture" },
				"west": { "uv": [ 14, 8, 15.75, 9.75 ], "texture": "#texture" },
				"east": { "uv": [ 8.25, 8, 10, 9.75 ], "texture": "#texture" }
			}
		},
		{
			"from": [ 11.5, 19.5, 7 ],
			"to": [ 12.5, 20.5, 13 ],
			"faces": {
				"down": { "uv": [ 10, 6.25, 12, 8 ], "texture": "#texture" },
				"up": { "uv": [ 12, 6.25, 14, 8 ], "texture": "#texture" },
				"north": { "uv": [ 12, 8, 14, 8.25 ], "texture": "#texture" },
				"south": { "uv": [ 9.25, 8.25, 9.5, 8.5 ], "texture": "#texture" },
				"west": { "uv": [ 14, 8, 15.75, 8.25 ], "texture": "#texture" },
				"east": { "uv": [ 8.25, 8, 10, 8.25 ], "texture": "#texture" }
			}
		},
		{
			"from": [ -0.5, 16.5, 4.5 ],
			"to": [ -0.4375, 24.5, 12.25 ],
			"rotation": { "origin": [ -0.5, 16.5, 4.5 ], "axis": "y", "angle": 45 },
			"faces": {
				"west": { "uv": [ 5.5, 0.75, 1.5, 5.5 ], "texture": "#wartortle" },
				"east": { "uv": [ 1.5, 0.75, 5.5, 5.5 ], "texture": "#wartortle" }
			}
		},
		{
			"from": [ 17.25, 16.5, 4.5 ],
			"to": [ 17.3125, 24.5, 12.25 ],
			"rotation": { "origin": [ 17.25, 16.5, 4.5 ], "axis": "y", "angle": -45 },
			"faces": {
				"west": { "uv": [ 5.5, 0.75, 1.5, 5.5 ], "texture": "#wartortle" },
				"east": { "uv": [ 1.5, 0.75, 5.5, 5.5 ], "texture": "#wartortle" }
			}
		},
		{
			"from": [ 7, 5.25, -0.4989 ],
			"to": [ 9.5, 10, 5.5011 ],
			"rotation": { "origin": [ 7, 10, -0.5 ], "axis": "x", "angle": 45 },
			"faces": {
				"down": { "uv": [ 2.75, 10.5, 3.5, 11.75 ], "texture": "#texture" },
				"up": { "uv": [ 2, 10.5, 2.75, 11.75 ], "texture": "#texture" },
				"north": { "uv": [ 2, 11.75, 2.75, 12.5 ], "texture": "#texture" },
				"south": { "uv": [ 2.75, 11.75, 3.5, 12.5 ], "texture": "#texture" },
				"west": { "uv": [ 0.75, 12.5, 2, 11.5 ], "texture": "#texture" },
				"east": { "uv": [ 3.5, 12.5, 4.75, 11.5 ], "texture": "#texture" }
			}
		},
		{
			"from": [ -0.2498, 6.75, 9.25 ],
			"to": [ -0.1873, 7.75, 10.25 ],
			"rotation": { "origin": [ -0.25, 7.75, 9.25 ], "axis": "z", "angle": -45 },
			"faces": {
				"west": { "uv": [ 4, 0, 4.5, 0.5 ], "texture": "#texture" },
				"east": { "uv": [ 5, 0, 5.5, 0.5 ], "texture": "#texture" }
			}
		},
		{
			"from": [ -0.2498, 6.75, 10.75 ],
			"to": [ -0.1873, 7.75, 11.75 ],
			"rotation": { "origin": [ -0.25, 7.75, 10.75 ], "axis": "z", "angle": -45 },
			"faces": {
				"west": { "uv": [ 4, 0, 4.5, 0.5 ], "texture": "#texture" },
				"east": { "uv": [ 5, 0, 5.5, 0.5 ], "texture": "#texture" }
			}
		},
		{
			"from": [ 1.5002, 5.25, 10 ],
			"to": [ 1.5627, 6.25, 11 ],
			"rotation": { "origin": [ 1.5, 6.25, 10 ], "axis": "z", "angle": -45 },
			"faces": {
				"west": { "uv": [ 4, 0, 4.5, 0.5 ], "texture": "#texture" },
				"east": { "uv": [ 5, 0, 5.5, 0.5 ], "texture": "#texture" }
			}
		},
		{
			"from": [ 16.9998, 7, 10.75 ],
			"to": [ 17.0623, 8, 11.75 ],
			"rotation": { "origin": [ 17, 8, 10.75 ], "axis": "z", "angle": 45 },
			"faces": {
				"west": { "uv": [ 4, 0, 4.5, 0.5 ], "texture": "#texture" },
				"east": { "uv": [ 5, 0, 5.5, 0.5 ], "texture": "#texture" }
			}
		},
		{
			"from": [ 16.9998, 7, 9.25 ],
			"to": [ 17.0623, 8, 10.25 ],
			"rotation": { "origin": [ 17, 8, 9.25 ], "axis": "z", "angle": 45 },
			"faces": {
				"west": { "uv": [ 4, 0, 4.5, 0.5 ], "texture": "#texture" },
				"east": { "uv": [ 5, 0, 5.5, 0.5 ], "texture": "#texture" }
			}
		},
		{
			"from": [ 15.4998, 5.5, 10 ],
			"to": [ 15.5623, 6.5, 11 ],
			"rotation": { "origin": [ 15.5, 6.5, 10 ], "axis": "z", "angle": 45 },
			"faces": {
				"west": { "uv": [ 4, 0, 4.5, 0.5 ], "texture": "#texture" },
				"east": { "uv": [ 5, 0, 5.5, 0.5 ], "texture": "#texture" }
			}
		}
	],
	"display": {
		"thirdperson_lefthand": {
			"rotation":  [ 70, 180, 0 ],
			"translation":  [ -6.75, -6.26, 0 ],
			"scale":  [ 1.4, 1.4, 1.4 ]
		},
		"head": {
			"rotation":  [ 0, 180, 0 ],
			"translation":  [ 1.25, -28.25, 2 ],
			"scale":  [ 2.3, 2.3, 2.3 ]
		},
		"thirdperson_righthand": {
			"rotation":  [ 70, 180, 0 ],
			"translation":  [ -5.25, -6.26, 0 ],
			"scale":  [ 1.4, 1.4, 1.4 ]
		},
		"firstperson_righthand": {
			"scale":  [ 0, 0, 0 ]
		},
		"firstperson_lefthand": {
			"scale":  [ 0, 0, 0 ]
		},
		"gui": {
			"scale":  [ 0, 0, 0 ]
		},
		"ground": {
			"scale":  [ 0, 0, 0 ]
		}
	}
}