{
	"__comment": "Designed by Samasaurus6 with BDcraft Cubik PRO 0.95 Beta - http://bdcraft.net",
	"elements": [
		{
			"from": [ 4.5, 5.5, 4.5 ],
			"to": [ 11.5, 12.5, 11.5 ],
			"faces": {
				"down": { "uv": [ 4.5, 0, 12, 5 ], "texture": "#Gastly1" },
				"up": { "uv": [ 4.5, 0, 12, 5 ], "texture": "#Gastly1" },
				"north": { "uv": [ 5, 0, 12, 4 ], "texture": "#Gastly1" },
				"south": { "uv": [ 3.5, 0, 10.5, 5.5 ], "texture": "#Gastly1" },
				"west": { "uv": [ 4.5, 1, 12, 4.5 ], "texture": "#Gastly1" },
				"east": { "uv": [ 4.5, 0, 12, 5.5 ], "texture": "#Gastly1" }
			}
		},
		{
			"from": [ 5, 7.5, 4 ],
			"to": [ 11, 12, 12 ],
			"faces": {
				"down": { "uv": [ 6.5, 0, 9, 5.5 ], "texture": "#Gastly1" },
				"up": { "uv": [ 4.5, 0, 10, 5 ], "texture": "#Gastly1" },
				"north": { "uv": [ 4, 1, 10, 5.5 ], "texture": "#Gastly1" },
				"south": { "uv": [ 5.5, 0.5, 11.5, 5 ], "texture": "#Gastly1" },
				"west": { "uv": [ 3.5, 1, 11.5, 5.5 ], "texture": "#Gastly1" },
				"east": { "uv": [ 4.5, 0, 12.5, 4.5 ], "texture": "#Gastly1" }
			}
		},
		{
			"from": [ 5, 5, 5 ],
			"to": [ 11, 13, 11 ],
			"faces": {
				"down": { "uv": [ 4.5, 0, 10.5, 6 ], "texture": "#Gastly1" },
				"up": { "uv": [ 4.5, 0, 10.5, 6 ], "texture": "#Gastly1" },
				"north": { "uv": [ 5, 0, 11, 5.5 ], "texture": "#Gastly1" },
				"south": { "uv": [ 5, 0, 11, 5.5 ], "texture": "#Gastly1" },
				"west": { "uv": [ 4.5, 0, 10.5, 6 ], "texture": "#Gastly1" },
				"east": { "uv": [ 4.5, 0, 10.5, 6 ], "texture": "#Gastly1" }
			}
		},
		{
			"from": [ 4, 6, 5 ],
			"to": [ 12, 12, 11 ],
			"faces": {
				"down": { "uv": [ 12, 6, 4, 0 ], "texture": "#Gastly1" },
				"up": { "uv": [ 4, 0, 12, 6 ], "texture": "#Gastly1" },
				"north": { "uv": [ 4, 0, 12, 6 ], "texture": "#Gastly1" },
				"south": { "uv": [ 4, 0, 12, 6 ], "texture": "#Gastly1" },
				"west": { "uv": [ 4.5, 0, 10.5, 6 ], "texture": "#Gastly1" },
				"east": { "uv": [ 4.5, 0, 10.5, 6 ], "texture": "#Gastly1" }
			}
		},
		{
			"from": [ 5, 6, 11.5 ],
			"to": [ 11, 7.5, 12 ],
			"faces": {
				"down": { "uv": [ 5, 5.5, 11, 6 ], "texture": "#Gastly1" },
				"up": { "uv": [ 5, 5.5, 11, 6 ], "texture": "#Gastly1" },
				"north": { "uv": [ 5.5, 4.5, 11.5, 6 ], "texture": "#Gastly1" },
				"south": { "uv": [ 5.5, 4.5, 11.5, 6 ], "texture": "#Gastly1" },
				"west": { "uv": [ 11, 3.5, 11.5, 5 ], "texture": "#Gastly1" },
				"east": { "uv": [ 11, 3.5, 11.5, 5 ], "texture": "#Gastly1" }
			}
		},
		{
			"from": [ -5.5, -1, 8 ],
			"to": [ 19.5, 23, 8.0625 ],
			"faces": {
				"north": { "uv": [ 16, 0, 0, 16 ], "texture": "#Gastly2" },
				"south": { "uv": [ 0, 0, 16, 16 ], "texture": "#Gastly2" }
			}
		},
		{
			"from": [ 4, 8.5, 3.9375 ],
			"to": [ 12, 12, 4 ],
			"faces": {
				"north": { "uv": [ 0, 6, 16, 14 ], "texture": "#Gastly1" }
			}
		},
		{
			"from": [ 5, 5.5625, 4.4375 ],
			"to": [ 11, 7.5, 4.5 ],
			"faces": {
				"north": { "uv": [ 14, 3, 3, 6.5 ], "texture": "#Gastly3" }
			}
		},
		{
			"from": [ 5, 5.5625, 4.0625 ],
			"to": [ 11, 7.5, 4.125 ],
			"faces": {
				"north": { "uv": [ 16, 11.5, 2, 16 ], "texture": "#Gastly3" }
			}
		}
	],
	"display": {
		"thirdperson_righthand": {
			"rotation":  [ 70, 0, 0 ],
			"translation":  [ -6, -2, 9 ],
			"scale":  [ 1.25, 1.25, 1.25 ]
		},
		"thirdperson_lefthand": {
			"rotation":  [ 70, 0, 0 ],
			"translation":  [ -6, -2, 9 ],
			"scale":  [ 1.25, 1.25, 1.25 ]
		},
		"head": {
			"translation":  [ 0, -11.15, 0 ],
			"scale":  [ 2.25, 2.25, 2.25 ]
		},
		"firstperson_righthand": {
			"scale":  [ 0, 0, 0 ]
		},
		"firstperson_lefthand": {
			"scale":  [ 0, 0, 0 ]
		},
		"gui": {
			"scale":  [ 0, 0, 0 ]
		},
		"ground": {
			"scale":  [ 0, 0, 0 ]
		}
	}
}