{
	"__comment": "Designed by Ramonaskye with BDcraft Cubik PRO 0.96 Beta - http://bdcraft.net",
	"elements": [
		{
			"from": [ 2, 6, 5.75 ],
			"to": [ 14.75, 19.5, 14 ],
			"faces": {
				"down": { "uv": [ 10.25, 1.75, 12.25, 3.25 ], "texture": "#texture" },
				"up": { "uv": [ 12.25, 1.75, 14.25, 3.25 ], "texture": "#texture" },
				"north": { "uv": [ 12.25, 3.25, 14.25, 5.75 ], "texture": "#texture" },
				"south": { "uv": [ 10.25, 3.25, 12.25, 5.75 ], "texture": "#texture" },
				"west": { "uv": [ 8.75, 3.25, 10.25, 5.75 ], "texture": "#texture" },
				"east": { "uv": [ 14.25, 3.25, 15.75, 5.75 ], "texture": "#texture" }
			}
		},
		{
			"from": [ 4.5, 20.25, 7.25 ],
			"to": [ 13, 28, 15.5 ],
			"faces": {
				"down": { "uv": [ 10.25, 1.75, 12.25, 3.5 ], "texture": "#texture" },
				"up": { "uv": [ 12, 6.25, 14, 8 ], "texture": "#texture" },
				"north": { "uv": [ 12, 8, 14, 9.75 ], "texture": "#texture" },
				"south": { "uv": [ 0, 0, 16, 12 ], "texture": "#blastoise_detailings" },
				"west": { "uv": [ 14, 8, 15.75, 9.75 ], "texture": "#texture" },
				"east": { "uv": [ 8.25, 8, 10, 9.75 ], "texture": "#texture" }
			}
		},
		{
			"from": [ 7, 0, 0.25 ],
			"to": [ 10, 3, 11.25 ],
			"rotation": { "origin": [ 7, 3, 0.25 ], "axis": "x", "angle": -22.5 },
			"faces": {
				"down": { "uv": [ 12.75, 6.5, 13.5, 8.75 ], "texture": "#texture" },
				"up": { "uv": [ 12.75, 6.5, 13.5, 8.75 ], "texture": "#texture" },
				"north": { "uv": [ 6.5, 11.5, 7.25, 12.25 ], "texture": "#texture" },
				"south": { "uv": [ 6.5, 11.5, 7.25, 12.25 ], "texture": "#texture" },
				"west": { "uv": [ 10.75, 6.5, 13.25, 7.25 ], "texture": "#texture" },
				"east": { "uv": [ 10.75, 6.5, 13.25, 7.25 ], "texture": "#texture" }
			}
		},
		{
			"from": [ 14.75, 6, 6.75 ],
			"to": [ 16, 18, 13.5 ],
			"faces": {
				"down": { "uv": [ 1.25, 2.5, 1.5, 3.75 ], "texture": "#texture" },
				"up": { "uv": [ 1.5, 2.5, 1.75, 3.75 ], "texture": "#texture" },
				"north": { "uv": [ 1.25, 3.75, 1.5, 5.75 ], "texture": "#texture" },
				"south": { "uv": [ 1.5, 3.75, 1.75, 5.75 ], "texture": "#texture" },
				"west": { "uv": [ 0, 3.75, 1.25, 5.75 ], "texture": "#texture" },
				"east": { "uv": [ 1.75, 3.75, 3, 5.75 ], "texture": "#texture" }
			}
		},
		{
			"from": [ 2, 19.5, 5 ],
			"to": [ 15.5, 21.75, 7.25 ],
			"faces": {
				"down": { "uv": [ 6.25, 0, 8.5, 0.5 ], "texture": "#texture" },
				"up": { "uv": [ 4, 0, 6.25, 0.5 ], "texture": "#texture" },
				"north": { "uv": [ 4, 0.5, 6.5, 1 ], "texture": "#texture" },
				"south": { "uv": [ 6, 0.5, 8.5, 1 ], "texture": "#texture" },
				"west": { "uv": [ 3.5, 0.5, 4, 1 ], "texture": "#texture" },
				"east": { "uv": [ 8.5, 0.5, 9, 1 ], "texture": "#texture" }
			}
		},
		{
			"from": [ 15.5, 7.5, 6.5 ],
			"to": [ 17.75, 18, 8.75 ],
			"faces": {
				"down": { "uv": [ 2, 0, 2.5, 0.5 ], "texture": "#texture" },
				"up": { "uv": [ 2.5, 0, 3, 0.5 ], "texture": "#texture" },
				"north": { "uv": [ 2, 0.5, 2.5, 2.25 ], "texture": "#texture" },
				"south": { "uv": [ 2.5, 0.5, 3, 2.25 ], "texture": "#texture" },
				"west": { "uv": [ 1.5, 0.5, 2, 2.25 ], "texture": "#texture" },
				"east": { "uv": [ 3, 0.5, 3.5, 2.25 ], "texture": "#texture" }
			}
		},
		{
			"from": [ 0.75, 6, 7.25 ],
			"to": [ 2.25, 18, 13.25 ],
			"faces": {
				"down": { "uv": [ 1.25, 2.5, 1.5, 3.75 ], "texture": "#texture" },
				"up": { "uv": [ 1.5, 2.5, 1.75, 3.75 ], "texture": "#texture" },
				"north": { "uv": [ 1.25, 3.75, 1.5, 5.75 ], "texture": "#texture" },
				"south": { "uv": [ 1.5, 3.75, 1.75, 5.75 ], "texture": "#texture" },
				"west": { "uv": [ 0, 3.75, 1.25, 5.75 ], "texture": "#texture" },
				"east": { "uv": [ 1.75, 3.75, 3, 5.75 ], "texture": "#texture" }
			}
		},
		{
			"from": [ 4.25, 3.75, 13 ],
			"to": [ 13.25, 11.25, 16 ],
			"rotation": { "origin": [ 4.25, 11.25, 13 ], "axis": "x", "angle": 22.5 },
			"faces": {
				"down": { "uv": [ 6.25, 6, 8, 6.5 ], "texture": "#texture" },
				"up": { "uv": [ 4.75, 6, 6.5, 6.5 ], "texture": "#texture" },
				"north": { "uv": [ 4.75, 6.5, 6.25, 7.75 ], "texture": "#texture" },
				"south": { "uv": [ 6.25, 6.5, 7.75, 7.75 ], "texture": "#texture" },
				"west": { "uv": [ 4.25, 6.5, 4.75, 7.75 ], "texture": "#texture" },
				"east": { "uv": [ 7.75, 6.5, 8.25, 7.75 ], "texture": "#texture" }
			}
		},
		{
			"from": [ 2, 3.75, 3.5 ],
			"to": [ 15.5, 6, 5.75 ],
			"faces": {
				"down": { "uv": [ 6.25, 0, 8.5, 0.5 ], "texture": "#texture" },
				"up": { "uv": [ 4, 0, 6.25, 0.5 ], "texture": "#texture" },
				"north": { "uv": [ 4, 0.5, 6.5, 1 ], "texture": "#texture" },
				"south": { "uv": [ 6, 0.5, 8.5, 1 ], "texture": "#texture" },
				"west": { "uv": [ 3.5, 0.5, 4, 1 ], "texture": "#texture" },
				"east": { "uv": [ 8.5, 0.5, 9, 1 ], "texture": "#texture" }
			}
		},
		{
			"from": [ 2.4623, 0, 6.5 ],
			"to": [ 7.7123, 1.25, 11.75 ],
			"rotation": { "origin": [ 2.46231, 0, 6.5 ], "axis": "y", "angle": -45 },
			"faces": {
				"down": { "uv": [ 7.25, 14, 8.25, 15 ], "texture": "#texture" },
				"up": { "uv": [ 6.25, 14, 7.25, 15 ], "texture": "#texture" },
				"north": { "uv": [ 6.25, 15, 7.25, 15.5 ], "texture": "#texture" },
				"south": { "uv": [ 7.25, 15, 8.25, 15.5 ], "texture": "#texture" },
				"west": { "uv": [ 5.25, 15, 6.25, 15.5 ], "texture": "#texture" },
				"east": { "uv": [ 8.25, 15, 9.25, 15.5 ], "texture": "#texture" }
			}
		},
		{
			"from": [ -0.25, 14.25, 8.25 ],
			"to": [ 4.75, 19.75, 14.25 ],
			"rotation": { "origin": [ -0.25, 19.75, 8.25 ], "axis": "z", "angle": -22.5 },
			"faces": {
				"down": { "uv": [ 11.25, 0, 13, 0.75 ], "texture": "#texture" },
				"up": { "uv": [ 13, 0, 14.75, 0.75 ], "texture": "#texture" },
				"north": { "uv": [ 11.25, 0.75, 13, 1.5 ], "texture": "#texture" },
				"south": { "uv": [ 13, 0.75, 14.75, 1.5 ], "texture": "#texture" },
				"west": { "uv": [ 10.5, 0.75, 11.25, 1.5 ], "texture": "#texture" },
				"east": { "uv": [ 14.75, 0.75, 15.5, 1.5 ], "texture": "#texture" }
			}
		},
		{
			"from": [ 2.5, 1, 6.75 ],
			"to": [ 7.5, 7.25, 11.75 ],
			"rotation": { "origin": [ 2.5, 1, 6.75 ], "axis": "y", "angle": -45 },
			"faces": {
				"down": { "uv": [ 7.25, 12.75, 8, 13.5 ], "texture": "#texture" },
				"up": { "uv": [ 6.5, 12.75, 7.25, 13.5 ], "texture": "#texture" },
				"north": { "uv": [ 6.5, 13.5, 7.5, 14 ], "texture": "#texture" },
				"south": { "uv": [ 7.25, 13.5, 8.25, 14 ], "texture": "#texture" },
				"west": { "uv": [ 5.75, 13.5, 6.5, 14 ], "texture": "#texture" },
				"east": { "uv": [ 8, 13.5, 8.75, 14 ], "texture": "#texture" }
			}
		},
		{
			"from": [ 1.25, 6, 5.75 ],
			"to": [ 2.75, 19.5, 7.25 ],
			"faces": {
				"down": { "uv": [ 9, 0, 9.5, 0.25 ], "texture": "#texture" },
				"up": { "uv": [ 9.5, 0, 10, 0.25 ], "texture": "#texture" },
				"north": { "uv": [ 9.25, 0.25, 9.5, 2.5 ], "texture": "#texture" },
				"south": { "uv": [ 9.5, 0.25, 9.75, 2.5 ], "texture": "#texture" },
				"west": { "uv": [ 9, 0.25, 9.25, 2.5 ], "texture": "#texture" },
				"east": { "uv": [ 9.75, 0.25, 10, 2.5 ], "texture": "#texture" }
			}
		},
		{
			"from": [ 14.75, 6, 5.75 ],
			"to": [ 16.25, 19.5, 7.25 ],
			"faces": {
				"down": { "uv": [ 9, 0, 9.5, 0.25 ], "texture": "#texture" },
				"up": { "uv": [ 9.5, 0, 10, 0.25 ], "texture": "#texture" },
				"north": { "uv": [ 9.25, 0.25, 9.5, 2.5 ], "texture": "#texture" },
				"south": { "uv": [ 9.5, 0.25, 9.75, 2.5 ], "texture": "#texture" },
				"west": { "uv": [ 9, 0.25, 9.25, 2.5 ], "texture": "#texture" },
				"east": { "uv": [ 9.75, 0.25, 10, 2.5 ], "texture": "#texture" }
			}
		},
		{
			"from": [ 15.5, 5.625, 5.375 ],
			"to": [ 17, 7.875, 7.625 ],
			"faces": {
				"down": { "uv": [ 0.75, 0, 1, 0.5 ], "texture": "#texture" },
				"up": { "uv": [ 0.5, 0, 0.75, 0.5 ], "texture": "#texture" },
				"north": { "uv": [ 0.5, 0.5, 0.75, 1 ], "texture": "#texture" },
				"south": { "uv": [ 0.75, 0.5, 1, 1 ], "texture": "#texture" },
				"west": { "uv": [ 1, 0.5, 1.5, 1 ], "texture": "#texture" },
				"east": { "uv": [ 0, 0.5, 0.5, 1 ], "texture": "#texture" }
			}
		},
		{
			"from": [ 15.5, 18, 5.375 ],
			"to": [ 17, 20.25, 7.625 ],
			"faces": {
				"down": { "uv": [ 0.75, 0, 1, 0.5 ], "texture": "#texture" },
				"up": { "uv": [ 0.5, 0, 0.75, 0.5 ], "texture": "#texture" },
				"north": { "uv": [ 0.5, 0.5, 0.75, 1 ], "texture": "#texture" },
				"south": { "uv": [ 0.75, 0.5, 1, 1 ], "texture": "#texture" },
				"west": { "uv": [ 1, 0.5, 1.5, 1 ], "texture": "#texture" },
				"east": { "uv": [ 0, 0.5, 0.5, 1 ], "texture": "#texture" }
			}
		},
		{
			"from": [ 0.5, 18, 5.375 ],
			"to": [ 2, 20.25, 7.625 ],
			"faces": {
				"down": { "uv": [ 0.75, 0, 1, 0.5 ], "texture": "#texture" },
				"up": { "uv": [ 0.5, 0, 0.75, 0.5 ], "texture": "#texture" },
				"north": { "uv": [ 0.5, 0.5, 0.75, 1 ], "texture": "#texture" },
				"south": { "uv": [ 0.75, 0.5, 1, 1 ], "texture": "#texture" },
				"west": { "uv": [ 1, 0.5, 1.5, 1 ], "texture": "#texture" },
				"east": { "uv": [ 0, 0.5, 0.5, 1 ], "texture": "#texture" }
			}
		},
		{
			"from": [ 0.5, 5.625, 5.375 ],
			"to": [ 2, 7.875, 7.625 ],
			"faces": {
				"down": { "uv": [ 0.75, 0, 1, 0.5 ], "texture": "#texture" },
				"up": { "uv": [ 0.5, 0, 0.75, 0.5 ], "texture": "#texture" },
				"north": { "uv": [ 0.5, 0.5, 0.75, 1 ], "texture": "#texture" },
				"south": { "uv": [ 0.75, 0.5, 1, 1 ], "texture": "#texture" },
				"west": { "uv": [ 1, 0.5, 1.5, 1 ], "texture": "#texture" },
				"east": { "uv": [ 0, 0.5, 0.5, 1 ], "texture": "#texture" }
			}
		},
		{
			"from": [ -0.25, 7.5, 6.875 ],
			"to": [ 2, 18, 9.125 ],
			"faces": {
				"down": { "uv": [ 2, 0, 2.5, 0.5 ], "texture": "#texture" },
				"up": { "uv": [ 2.5, 0, 3, 0.5 ], "texture": "#texture" },
				"north": { "uv": [ 2, 0.5, 2.5, 2.25 ], "texture": "#texture" },
				"south": { "uv": [ 2.5, 0.5, 3, 2.25 ], "texture": "#texture" },
				"west": { "uv": [ 1.5, 0.5, 2, 2.25 ], "texture": "#texture" },
				"east": { "uv": [ 3, 0.5, 3.5, 2.25 ], "texture": "#texture" }
			}
		},
		{
			"from": [ 3.5, 10.5, 13 ],
			"to": [ 14, 14.25, 16 ],
			"faces": {
				"down": { "uv": [ 6.25, 4.75, 8, 5.25 ], "texture": "#texture" },
				"up": { "uv": [ 4.5, 4.75, 6.25, 5.25 ], "texture": "#texture" },
				"north": { "uv": [ 4.5, 5.25, 6.25, 6 ], "texture": "#texture" },
				"south": { "uv": [ 6.25, 5.25, 8, 6 ], "texture": "#texture" },
				"west": { "uv": [ 4, 5.25, 4.5, 6 ], "texture": "#texture" },
				"east": { "uv": [ 8, 5.25, 8.5, 6 ], "texture": "#texture" }
			}
		},
		{
			"from": [ 4.25, 12.75, 10.25 ],
			"to": [ 13.25, 18.25, 14.25 ],
			"rotation": { "origin": [ 4.25, 18.25, 10.25 ], "axis": "x", "angle": -22.5 },
			"faces": {
				"down": { "uv": [ 6.25, 2.75, 7.75, 3.5 ], "texture": "#texture" },
				"up": { "uv": [ 4.75, 2.75, 6.25, 3.5 ], "texture": "#texture" },
				"north": { "uv": [ 4.75, 3.5, 6.25, 4.75 ], "texture": "#texture" },
				"south": { "uv": [ 6.25, 3.5, 7.75, 4.75 ], "texture": "#texture" },
				"west": { "uv": [ 4, 3.5, 4.75, 4.75 ], "texture": "#texture" },
				"east": { "uv": [ 7.75, 3.5, 8.5, 4.75 ], "texture": "#texture" }
			}
		},
		{
			"from": [ 2.75, 14.25, 3.4721 ],
			"to": [ 14.75, 18.75, 7.2221 ],
			"rotation": { "origin": [ 2.75, 18.75, 3.47208 ], "axis": "x", "angle": 22.5 },
			"faces": {
				"down": { "uv": [ 10.5, 11, 12.5, 11.75 ], "texture": "#texture" },
				"up": { "uv": [ 12.5, 11, 14.5, 11.75 ], "texture": "#texture" },
				"north": { "uv": [ 10.5, 11.75, 12.5, 12.5 ], "texture": "#texture" },
				"south": { "uv": [ 12.5, 11.75, 14.5, 12.5 ], "texture": "#texture" },
				"west": { "uv": [ 9.75, 11.75, 10.5, 12.5 ], "texture": "#texture" },
				"east": { "uv": [ 14.5, 11.75, 15.25, 12.5 ], "texture": "#texture" }
			}
		},
		{
			"from": [ 2, 10.5, 2 ],
			"to": [ 15.5, 14.25, 6.5 ],
			"faces": {
				"down": { "uv": [ 10.25, 12.5, 12.5, 13.25 ], "texture": "#texture" },
				"up": { "uv": [ 12.5, 12.5, 14.75, 13.25 ], "texture": "#texture" },
				"north": { "uv": [ 10.25, 13.25, 12.5, 14 ], "texture": "#texture" },
				"south": { "uv": [ 12.5, 13.25, 14.75, 14 ], "texture": "#texture" },
				"west": { "uv": [ 9.5, 13.25, 10.25, 14 ], "texture": "#texture" },
				"east": { "uv": [ 14.75, 13.25, 15.5, 14 ], "texture": "#texture" }
			}
		},
		{
			"from": [ 2.75, 5.5962, 2 ],
			"to": [ 14.75, 10.09625, 5.75 ],
			"rotation": { "origin": [ 2.75, 10.0963, 2 ], "axis": "x", "angle": -22.5 },
			"faces": {
				"down": { "uv": [ 10.5, 14, 12.5, 14.75 ], "texture": "#texture" },
				"up": { "uv": [ 12.5, 14, 14.5, 14.75 ], "texture": "#texture" },
				"north": { "uv": [ 10.5, 14.75, 12.5, 15.5 ], "texture": "#texture" },
				"south": { "uv": [ 12.5, 14.75, 14.5, 15.5 ], "texture": "#texture" },
				"west": { "uv": [ 9.75, 14.75, 10.5, 15.5 ], "texture": "#texture" },
				"east": { "uv": [ 14.5, 14.75, 15.25, 15.5 ], "texture": "#texture" }
			}
		},
		{
			"from": [ 10.75, 1, 9.723 ],
			"to": [ 15.75, 7.25, 14.72297 ],
			"rotation": { "origin": [ 10.75, 1, 9.72303 ], "axis": "y", "angle": 45 },
			"faces": {
				"down": { "uv": [ 7.25, 12.75, 8, 13.5 ], "texture": "#texture" },
				"up": { "uv": [ 6.5, 12.75, 7.25, 13.5 ], "texture": "#texture" },
				"north": { "uv": [ 6.5, 13.5, 7.5, 14 ], "texture": "#texture" },
				"south": { "uv": [ 7.25, 13.5, 8.25, 14 ], "texture": "#texture" },
				"west": { "uv": [ 5.75, 13.5, 6.5, 14 ], "texture": "#texture" },
				"east": { "uv": [ 8, 13.5, 8.75, 14 ], "texture": "#texture" }
			}
		},
		{
			"from": [ 14.1875, 0, 6.25 ],
			"to": [ 19.4375, 1.25, 11.5 ],
			"rotation": { "origin": [ 14.1875, 0, 6.25 ], "axis": "y", "angle": -45 },
			"faces": {
				"down": { "uv": [ 7.25, 14, 8.25, 15 ], "texture": "#texture" },
				"up": { "uv": [ 6.25, 14, 7.25, 15 ], "texture": "#texture" },
				"north": { "uv": [ 6.25, 15, 7.25, 15.5 ], "texture": "#texture" },
				"south": { "uv": [ 7.25, 15, 8.25, 15.5 ], "texture": "#texture" },
				"west": { "uv": [ 5.25, 15, 6.25, 15.5 ], "texture": "#texture" },
				"east": { "uv": [ 8.25, 15, 9.25, 15.5 ], "texture": "#texture" }
			}
		},
		{
			"from": [ -3, 9.75, 9 ],
			"to": [ 2, 14.75, 13.5 ],
			"rotation": { "origin": [ -3, 14.75, 9 ], "axis": "x", "angle": -22.5 },
			"faces": {
				"down": { "uv": [ 11.25, 0, 13, 0.75 ], "texture": "#texture" },
				"up": { "uv": [ 13, 0, 14.75, 0.75 ], "texture": "#texture" },
				"north": { "uv": [ 11.25, 0.75, 13, 1.5 ], "texture": "#texture" },
				"south": { "uv": [ 13, 0.75, 14.75, 1.5 ], "texture": "#texture" },
				"west": { "uv": [ 10.5, 0.75, 11.25, 1.5 ], "texture": "#texture" },
				"east": { "uv": [ 14.75, 0.75, 15.5, 1.5 ], "texture": "#texture" }
			}
		},
		{
			"from": [ -3, 6.75, 11.5 ],
			"to": [ 0.5, 10.75, 15.25 ],
			"rotation": { "origin": [ -3, 10.75, 11.5 ], "axis": "x", "angle": -45 },
			"faces": {
				"down": { "uv": [ 11.25, 0, 13, 0.75 ], "texture": "#texture" },
				"up": { "uv": [ 13, 0, 14.75, 0.75 ], "texture": "#texture" },
				"north": { "uv": [ 11.25, 0.75, 13, 1.5 ], "texture": "#texture" },
				"south": { "uv": [ 13, 0.75, 14.75, 1.5 ], "texture": "#texture" },
				"west": { "uv": [ 10.5, 0.75, 11.25, 1.5 ], "texture": "#texture" },
				"east": { "uv": [ 14.75, 0.75, 15.5, 1.5 ], "texture": "#texture" }
			}
		},
		{
			"from": [ 1.75, 17.25, 7.25 ],
			"to": [ 4.75, 19.75, 15 ],
			"faces": {
				"down": { "uv": [ 0.75, 0, 1, 0.5 ], "texture": "#texture" },
				"up": { "uv": [ 0.5, 0, 0.75, 0.5 ], "texture": "#texture" },
				"north": { "uv": [ 0.5, 0.5, 0.75, 1 ], "texture": "#texture" },
				"south": { "uv": [ 0.75, 0.5, 1, 1 ], "texture": "#texture" },
				"west": { "uv": [ 1, 0.5, 1.5, 1 ], "texture": "#texture" },
				"east": { "uv": [ 0, 0.5, 0.5, 1 ], "texture": "#texture" }
			}
		},
		{
			"from": [ 1.75, 13, 13.4759 ],
			"to": [ 4.25, 18, 15.2259 ],
			"rotation": { "origin": [ 1.75, 18, 13.4759 ], "axis": "x", "angle": 22.5 },
			"faces": {
				"down": { "uv": [ 0.75, 0, 1, 0.5 ], "texture": "#texture" },
				"up": { "uv": [ 0.5, 0, 0.75, 0.5 ], "texture": "#texture" },
				"north": { "uv": [ 0.5, 0.5, 0.75, 1 ], "texture": "#texture" },
				"south": { "uv": [ 0.75, 0.5, 1, 1 ], "texture": "#texture" },
				"west": { "uv": [ 1, 0.5, 1.5, 1 ], "texture": "#texture" },
				"east": { "uv": [ 0, 0.5, 0.5, 1 ], "texture": "#texture" }
			}
		},
		{
			"from": [ 12.75, 17.25, 7.25 ],
			"to": [ 15.75, 19.75, 15 ],
			"faces": {
				"down": { "uv": [ 0.75, 0, 1, 0.5 ], "texture": "#texture" },
				"up": { "uv": [ 0.5, 0, 0.75, 0.5 ], "texture": "#texture" },
				"north": { "uv": [ 0.5, 0.5, 0.75, 1 ], "texture": "#texture" },
				"south": { "uv": [ 0.75, 0.5, 1, 1 ], "texture": "#texture" },
				"west": { "uv": [ 1, 0.5, 1.5, 1 ], "texture": "#texture" },
				"east": { "uv": [ 0, 0.5, 0.5, 1 ], "texture": "#texture" }
			}
		},
		{
			"from": [ 13.25, 12.5, 8.0625 ],
			"to": [ 18.25, 18, 14.0625 ],
			"rotation": { "origin": [ 13.25, 18, 8.0625 ], "axis": "z", "angle": 22.5 },
			"faces": {
				"down": { "uv": [ 11.25, 0, 13, 0.75 ], "texture": "#texture" },
				"up": { "uv": [ 13, 0, 14.75, 0.75 ], "texture": "#texture" },
				"north": { "uv": [ 11.25, 0.75, 13, 1.5 ], "texture": "#texture" },
				"south": { "uv": [ 13, 0.75, 14.75, 1.5 ], "texture": "#texture" },
				"west": { "uv": [ 10.5, 0.75, 11.25, 1.5 ], "texture": "#texture" },
				"east": { "uv": [ 14.75, 0.75, 15.5, 1.5 ], "texture": "#texture" }
			}
		},
		{
			"from": [ 15.75, 9.9654, 9 ],
			"to": [ 20.75, 14.96536, 13.5 ],
			"rotation": { "origin": [ 15.75, 14.9654, 9 ], "axis": "x", "angle": -22.5 },
			"faces": {
				"down": { "uv": [ 11.25, 0, 13, 0.75 ], "texture": "#texture" },
				"up": { "uv": [ 13, 0, 14.75, 0.75 ], "texture": "#texture" },
				"north": { "uv": [ 11.25, 0.75, 13, 1.5 ], "texture": "#texture" },
				"south": { "uv": [ 13, 0.75, 14.75, 1.5 ], "texture": "#texture" },
				"west": { "uv": [ 10.5, 0.75, 11.25, 1.5 ], "texture": "#texture" },
				"east": { "uv": [ 14.75, 0.75, 15.5, 1.5 ], "texture": "#texture" }
			}
		},
		{
			"from": [ 17.25, 7, 11.5 ],
			"to": [ 20.75, 11, 15.25 ],
			"rotation": { "origin": [ 17.25, 11, 11.5 ], "axis": "x", "angle": -45 },
			"faces": {
				"down": { "uv": [ 11.25, 0, 13, 0.75 ], "texture": "#texture" },
				"up": { "uv": [ 13, 0, 14.75, 0.75 ], "texture": "#texture" },
				"north": { "uv": [ 11.25, 0.75, 13, 1.5 ], "texture": "#texture" },
				"south": { "uv": [ 13, 0.75, 14.75, 1.5 ], "texture": "#texture" },
				"west": { "uv": [ 10.5, 0.75, 11.25, 1.5 ], "texture": "#texture" },
				"east": { "uv": [ 14.75, 0.75, 15.5, 1.5 ], "texture": "#texture" }
			}
		},
		{
			"from": [ 13.25, 13, 13.4759 ],
			"to": [ 15.75, 18, 15.2259 ],
			"rotation": { "origin": [ 13.25, 18, 13.4759 ], "axis": "x", "angle": 22.5 },
			"faces": {
				"down": { "uv": [ 0.75, 0, 1, 0.5 ], "texture": "#texture" },
				"up": { "uv": [ 0.5, 0, 0.75, 0.5 ], "texture": "#texture" },
				"north": { "uv": [ 0.5, 0.5, 0.75, 1 ], "texture": "#texture" },
				"south": { "uv": [ 0.75, 0.5, 1, 1 ], "texture": "#texture" },
				"west": { "uv": [ 1, 0.5, 1.5, 1 ], "texture": "#texture" },
				"east": { "uv": [ 0, 0.5, 0.5, 1 ], "texture": "#texture" }
			}
		},
		{
			"from": [ -1, 13.0126, 1.5 ],
			"to": [ 5.5, 19.0126, 7 ],
			"rotation": { "origin": [ -1, 19.0126, 1.5 ], "axis": "z", "angle": 22.5 },
			"faces": {
				"down": { "uv": [ 10.5, 11, 11.75, 12 ], "texture": "#texture" },
				"up": { "uv": [ 12.5, 11, 13.75, 12 ], "texture": "#texture" },
				"north": { "uv": [ 12.5, 11.75, 13.75, 13 ], "texture": "#texture" },
				"south": { "uv": [ 12.5, 11.75, 13.75, 13 ], "texture": "#texture" },
				"west": { "uv": [ 12, 11.5, 13.25, 12.75 ], "texture": "#texture" },
				"east": { "uv": [ 12, 11.5, 13.25, 12.75 ], "texture": "#texture" }
			}
		},
		{
			"from": [ 12.2336, 15.5, 1.5 ],
			"to": [ 18.7336, 21.5, 7 ],
			"rotation": { "origin": [ 12.2336, 21.5, 1.5 ], "axis": "z", "angle": -22.5 },
			"faces": {
				"down": { "uv": [ 10.5, 11, 11.75, 12 ], "texture": "#texture" },
				"up": { "uv": [ 12.5, 11, 13.75, 12 ], "texture": "#texture" },
				"north": { "uv": [ 12.5, 11.75, 13.75, 13 ], "texture": "#texture" },
				"south": { "uv": [ 12.5, 11.75, 13.75, 13 ], "texture": "#texture" },
				"west": { "uv": [ 12, 11.5, 13.25, 12.75 ], "texture": "#texture" },
				"east": { "uv": [ 12, 11.5, 13.25, 12.75 ], "texture": "#texture" }
			}
		},
		{
			"from": [ -1.25, 18.25, 2 ],
			"to": [ 2.25, 23, 5.75 ],
			"rotation": { "origin": [ -1.25, 23, 2 ], "axis": "z", "angle": 22.5 },
			"faces": {
				"down": { "uv": [ 3, 9.5, 4.25, 10.75 ], "texture": "#texture" },
				"up": { "uv": [ 3, 9.5, 4.25, 10.75 ], "texture": "#texture" },
				"north": { "uv": [ 3, 10.75, 4.25, 12.25 ], "texture": "#texture" },
				"south": { "uv": [ 3, 10.75, 4.25, 12.25 ], "texture": "#texture" },
				"west": { "uv": [ 3, 10.75, 4.25, 12.25 ], "texture": "#texture" },
				"east": { "uv": [ 3, 10.75, 4.25, 12.25 ], "texture": "#texture" }
			}
		},
		{
			"from": [ -3.25, 21.25, 1.25 ],
			"to": [ 1.75, 26, 6.5 ],
			"rotation": { "origin": [ -3.25, 26, 1.25 ], "axis": "z", "angle": 22.5 },
			"faces": {
				"down": { "uv": [ 3, 9.5, 4.25, 10.75 ], "texture": "#texture" },
				"up": { "uv": [ 3, 9.5, 4.25, 10.75 ], "texture": "#texture" },
				"north": { "uv": [ 3, 10.75, 4.25, 12.25 ], "texture": "#texture" },
				"south": { "uv": [ 3, 10.75, 4.25, 12.25 ], "texture": "#texture" },
				"west": { "uv": [ 3, 10.75, 4.25, 12.25 ], "texture": "#texture" },
				"east": { "uv": [ 3, 10.75, 4.25, 12.25 ], "texture": "#texture" }
			}
		},
		{
			"from": [ 15.5, 20, 2 ],
			"to": [ 19, 24.75, 5.75 ],
			"rotation": { "origin": [ 15.5, 24.75, 2 ], "axis": "z", "angle": -22.5 },
			"faces": {
				"down": { "uv": [ 3, 9.5, 4.25, 10.75 ], "texture": "#texture" },
				"up": { "uv": [ 3, 9.5, 4.25, 10.75 ], "texture": "#texture" },
				"north": { "uv": [ 3, 10.75, 4.25, 12.25 ], "texture": "#texture" },
				"south": { "uv": [ 3, 10.75, 4.25, 12.25 ], "texture": "#texture" },
				"west": { "uv": [ 3, 10.75, 4.25, 12.25 ], "texture": "#texture" },
				"east": { "uv": [ 3, 10.75, 4.25, 12.25 ], "texture": "#texture" }
			}
		},
		{
			"from": [ 16, 23.25, 1.25 ],
			"to": [ 21, 28, 6.5 ],
			"rotation": { "origin": [ 16, 28, 1.25 ], "axis": "z", "angle": -22.5 },
			"faces": {
				"down": { "uv": [ 3, 9.5, 4.25, 10.75 ], "texture": "#texture" },
				"up": { "uv": [ 3, 9.5, 4.25, 10.75 ], "texture": "#texture" },
				"north": { "uv": [ 3, 10.75, 4.25, 12.25 ], "texture": "#texture" },
				"south": { "uv": [ 3, 10.75, 4.25, 12.25 ], "texture": "#texture" },
				"west": { "uv": [ 3, 10.75, 4.25, 12.25 ], "texture": "#texture" },
				"east": { "uv": [ 3, 10.75, 4.25, 12.25 ], "texture": "#texture" }
			}
		},
		{
			"from": [ 4.5, 20.25, 15.5 ],
			"to": [ 13, 21, 16.75 ],
			"faces": {
				"down": { "uv": [ 10, 4.5, 12, 4.75 ], "texture": "#texture" },
				"up": { "uv": [ 12, 6.25, 14, 7 ], "texture": "#texture" },
				"north": { "uv": [ 12, 8, 13.75, 8.5 ], "texture": "#texture" },
				"south": { "uv": [ 5.25, 6, 7.25, 6.5 ], "texture": "#texture" },
				"west": { "uv": [ 8.25, 8, 8.75, 8.5 ], "texture": "#texture" },
				"east": { "uv": [ 8.25, 8, 8.75, 8.5 ], "texture": "#texture" }
			}
		},
		{
			"from": [ 2.5, 26.2269, 9.25 ],
			"to": [ 5.5, 28.9769, 11.5 ],
			"rotation": { "origin": [ 2.5, 28.9769, 9.25 ], "axis": "z", "angle": 22.5 },
			"faces": {
				"down": { "uv": [ 10, 6.25, 10.75, 7 ], "texture": "#texture" },
				"up": { "uv": [ 10, 6.25, 10.5, 6.75 ], "texture": "#texture" },
				"north": { "uv": [ 12.5, 8, 13.25, 8.75 ], "texture": "#texture" },
				"south": { "uv": [ 6, 9.5, 6.75, 10 ], "texture": "#texture" },
				"west": { "uv": [ 8.25, 8, 9, 8.75 ], "texture": "#texture" },
				"east": { "uv": [ 8.25, 8, 9, 8.75 ], "texture": "#texture" }
			}
		},
		{
			"from": [ 12.5, 27.25, 9.25 ],
			"to": [ 15.5, 30, 11.5 ],
			"rotation": { "origin": [ 12.5, 30, 9.25 ], "axis": "z", "angle": -22.5 },
			"faces": {
				"down": { "uv": [ 11.5, 6.25, 12.25, 7 ], "texture": "#texture" },
				"up": { "uv": [ 10, 6.25, 10.5, 6.75 ], "texture": "#texture" },
				"north": { "uv": [ 12.5, 6.75, 13.25, 7.5 ], "texture": "#texture" },
				"south": { "uv": [ 6, 9.5, 6.75, 10 ], "texture": "#texture" },
				"west": { "uv": [ 8.25, 8, 9, 8.75 ], "texture": "#texture" },
				"east": { "uv": [ 8.5, 8.75, 9.25, 9.5 ], "texture": "#texture" }
			}
		},
		{
			"from": [ 3.5, 21.25, 7.25 ],
			"to": [ 4.5, 27.5, 15.5 ],
			"faces": {
				"down": { "uv": [ 10, 6.25, 12, 8 ], "texture": "#texture" },
				"up": { "uv": [ 12, 6.25, 14, 8 ], "texture": "#texture" },
				"north": { "uv": [ 13, 8, 13.25, 9.75 ], "texture": "#texture" },
				"south": { "uv": [ 13, 8, 13.25, 9.75 ], "texture": "#texture" },
				"west": { "uv": [ 14, 8, 15.75, 9.75 ], "texture": "#texture" },
				"east": { "uv": [ 8.25, 8, 10, 9.75 ], "texture": "#texture" }
			}
		},
		{
			"from": [ 13, 21.25, 7.25 ],
			"to": [ 14, 27.5, 15.5 ],
			"faces": {
				"down": { "uv": [ 10, 6.25, 12, 8 ], "texture": "#texture" },
				"up": { "uv": [ 12, 6.25, 14, 8 ], "texture": "#texture" },
				"north": { "uv": [ 13, 8, 13.25, 9.75 ], "texture": "#texture" },
				"south": { "uv": [ 13, 8, 13.25, 9.75 ], "texture": "#texture" },
				"west": { "uv": [ 14, 8, 15.75, 9.75 ], "texture": "#texture" },
				"east": { "uv": [ 8.25, 8, 10, 9.75 ], "texture": "#texture" }
			}
		},
		{
			"from": [ 4, 21, 15.5 ],
			"to": [ 13.5, 24.25, 17.5 ],
			"faces": {
				"down": { "uv": [ 2.75, 8.25, 4.25, 8.5 ], "texture": "#texture" },
				"up": { "uv": [ 12, 6.25, 14, 6.75 ], "texture": "#texture" },
				"north": { "uv": [ 12, 8, 14, 9.75 ], "texture": "#texture" },
				"south": { "uv": [ 3.75, 1.25, 8.75, 2.75 ], "texture": "#texture" },
				"west": { "uv": [ 14, 8, 14.75, 9 ], "texture": "#texture" },
				"east": { "uv": [ 8.25, 8, 9, 9 ], "texture": "#texture" }
			}
		},
		{
			"from": [ 4.5, 19.75, 9 ],
			"to": [ 13, 20.25, 13.5 ],
			"faces": {
				"down": { "uv": [ 10.5, 9.5, 11.5, 9.75 ], "texture": "#texture" },
				"up": { "uv": [ 10.5, 9.5, 11.5, 9.75 ], "texture": "#texture" },
				"north": { "uv": [ 10.5, 9.5, 11.25, 9.75 ], "texture": "#texture" },
				"south": { "uv": [ 10.5, 9, 10.75, 9.25 ], "texture": "#texture" },
				"west": { "uv": [ 13, 9.5, 14, 9.75 ], "texture": "#texture" },
				"east": { "uv": [ 12.75, 8.75, 13.75, 9 ], "texture": "#texture" }
			}
		},
		{
			"from": [ -3.25, 8.5, 16 ],
			"to": [ -2, 10.75, 17 ],
			"rotation": { "origin": [ -3.25, 10.75, 16 ], "axis": "x", "angle": -45 },
			"faces": {
				"down": { "uv": [ 0.75, 0, 1, 0.5 ], "texture": "#texture" },
				"up": { "uv": [ 0.5, 0, 0.75, 0.5 ], "texture": "#texture" },
				"north": { "uv": [ 0.5, 0.5, 0.75, 1 ], "texture": "#texture" },
				"south": { "uv": [ 0.75, 0.5, 1, 1 ], "texture": "#texture" },
				"west": { "uv": [ 1, 0.5, 1.5, 1 ], "texture": "#texture" },
				"east": { "uv": [ 0, 0.5, 0.5, 1 ], "texture": "#texture" }
			}
		},
		{
			"from": [ -1, 8.5, 16 ],
			"to": [ 0.25, 10.75, 17 ],
			"rotation": { "origin": [ -1, 10.75, 16 ], "axis": "x", "angle": -45 },
			"faces": {
				"down": { "uv": [ 0.75, 0, 1, 0.5 ], "texture": "#texture" },
				"up": { "uv": [ 0.5, 0, 0.75, 0.5 ], "texture": "#texture" },
				"north": { "uv": [ 0.5, 0.5, 0.75, 1 ], "texture": "#texture" },
				"south": { "uv": [ 0.75, 0.5, 1, 1 ], "texture": "#texture" },
				"west": { "uv": [ 1, 0.5, 1.5, 1 ], "texture": "#texture" },
				"east": { "uv": [ 0, 0.5, 0.5, 1 ], "texture": "#texture" }
			}
		},
		{
			"from": [ 0, 7.75, 14.5 ],
			"to": [ 1.25, 10, 15.5 ],
			"rotation": { "origin": [ 0, 10, 14.5 ], "axis": "x", "angle": -22.5 },
			"faces": {
				"down": { "uv": [ 0.75, 0, 1, 0.5 ], "texture": "#texture" },
				"up": { "uv": [ 0.5, 0, 0.75, 0.5 ], "texture": "#texture" },
				"north": { "uv": [ 0.5, 0.5, 0.75, 1 ], "texture": "#texture" },
				"south": { "uv": [ 0.75, 0.5, 1, 1 ], "texture": "#texture" },
				"west": { "uv": [ 1, 0.5, 1.5, 1 ], "texture": "#texture" },
				"east": { "uv": [ 0, 0.5, 0.5, 1 ], "texture": "#texture" }
			}
		},
		{
			"from": [ 19.75, 8.5, 15.75 ],
			"to": [ 21, 10.75, 16.75 ],
			"rotation": { "origin": [ 19.75, 10.75, 15.75 ], "axis": "x", "angle": -45 },
			"faces": {
				"down": { "uv": [ 0.75, 0, 1, 0.5 ], "texture": "#texture" },
				"up": { "uv": [ 0.5, 0, 0.75, 0.5 ], "texture": "#texture" },
				"north": { "uv": [ 0.5, 0.5, 0.75, 1 ], "texture": "#texture" },
				"south": { "uv": [ 0.75, 0.5, 1, 1 ], "texture": "#texture" },
				"west": { "uv": [ 1, 0.5, 1.5, 1 ], "texture": "#texture" },
				"east": { "uv": [ 0, 0.5, 0.5, 1 ], "texture": "#texture" }
			}
		},
		{
			"from": [ 17.5, 8.5, 16 ],
			"to": [ 18.75, 10.75, 17 ],
			"rotation": { "origin": [ 17.5, 10.75, 16 ], "axis": "x", "angle": -45 },
			"faces": {
				"down": { "uv": [ 0.75, 0, 1, 0.5 ], "texture": "#texture" },
				"up": { "uv": [ 0.5, 0, 0.75, 0.5 ], "texture": "#texture" },
				"north": { "uv": [ 0.5, 0.5, 0.75, 1 ], "texture": "#texture" },
				"south": { "uv": [ 0.75, 0.5, 1, 1 ], "texture": "#texture" },
				"west": { "uv": [ 1, 0.5, 1.5, 1 ], "texture": "#texture" },
				"east": { "uv": [ 0, 0.5, 0.5, 1 ], "texture": "#texture" }
			}
		},
		{
			"from": [ 16.5, 7.75, 14.5 ],
			"to": [ 17.75, 10, 15.5 ],
			"rotation": { "origin": [ 16.5, 10, 14.5 ], "axis": "x", "angle": -22.5 },
			"faces": {
				"down": { "uv": [ 0.75, 0, 1, 0.5 ], "texture": "#texture" },
				"up": { "uv": [ 0.5, 0, 0.75, 0.5 ], "texture": "#texture" },
				"north": { "uv": [ 0.5, 0.5, 0.75, 1 ], "texture": "#texture" },
				"south": { "uv": [ 0.75, 0.5, 1, 1 ], "texture": "#texture" },
				"west": { "uv": [ 1, 0.5, 1.5, 1 ], "texture": "#texture" },
				"east": { "uv": [ 0, 0.5, 0.5, 1 ], "texture": "#texture" }
			}
		},
		{
			"from": [ 0.25, 0, 11.25 ],
			"to": [ 2.25, 1.5, 13.75 ],
			"rotation": { "origin": [ 0.25, 0, 11.25 ], "axis": "y", "angle": -45 },
			"faces": {
				"down": { "uv": [ 0.75, 0, 1, 0.5 ], "texture": "#texture" },
				"up": { "uv": [ 0.5, 0, 0.75, 0.5 ], "texture": "#texture" },
				"north": { "uv": [ 0.5, 0.5, 0.75, 1 ], "texture": "#texture" },
				"south": { "uv": [ 0.75, 0.5, 1, 1 ], "texture": "#texture" },
				"west": { "uv": [ 1, 0.5, 1.5, 1 ], "texture": "#texture" },
				"east": { "uv": [ 0, 0.5, 0.5, 1 ], "texture": "#texture" }
			}
		},
		{
			"from": [ 1.75, 0, 12.75 ],
			"to": [ 3, 1, 14.5 ],
			"rotation": { "origin": [ 1.75, 0, 12.75 ], "axis": "y", "angle": -45 },
			"faces": {
				"down": { "uv": [ 0.75, 0, 1, 0.5 ], "texture": "#texture" },
				"up": { "uv": [ 0.5, 0, 0.75, 0.5 ], "texture": "#texture" },
				"north": { "uv": [ 0.5, 0.5, 0.75, 1 ], "texture": "#texture" },
				"south": { "uv": [ 0.75, 0.5, 1, 1 ], "texture": "#texture" },
				"west": { "uv": [ 1, 0.5, 1.5, 1 ], "texture": "#texture" },
				"east": { "uv": [ 0, 0.5, 0.5, 1 ], "texture": "#texture" }
			}
		},
		{
			"from": [ -1, 0, 10.25 ],
			"to": [ 0.5, 1, 12 ],
			"rotation": { "origin": [ -1, 0, 10.25 ], "axis": "y", "angle": -45 },
			"faces": {
				"down": { "uv": [ 0.75, 0, 1, 0.5 ], "texture": "#texture" },
				"up": { "uv": [ 0.5, 0, 0.75, 0.5 ], "texture": "#texture" },
				"north": { "uv": [ 0.5, 0.5, 0.75, 1 ], "texture": "#texture" },
				"south": { "uv": [ 0.75, 0.5, 1, 1 ], "texture": "#texture" },
				"west": { "uv": [ 1, 0.5, 1.5, 1 ], "texture": "#texture" },
				"east": { "uv": [ 0, 0.5, 0.5, 1 ], "texture": "#texture" }
			}
		},
		{
			"from": [ 15.25, 0, 12.5 ],
			"to": [ 17.25, 1.5, 15 ],
			"rotation": { "origin": [ 15.25, 0, 12.5 ], "axis": "y", "angle": 45 },
			"faces": {
				"down": { "uv": [ 0.75, 0, 1, 0.5 ], "texture": "#texture" },
				"up": { "uv": [ 0.5, 0, 0.75, 0.5 ], "texture": "#texture" },
				"north": { "uv": [ 0.5, 0.5, 0.75, 1 ], "texture": "#texture" },
				"south": { "uv": [ 0.75, 0.5, 1, 1 ], "texture": "#texture" },
				"west": { "uv": [ 1, 0.5, 1.5, 1 ], "texture": "#texture" },
				"east": { "uv": [ 0, 0.5, 0.5, 1 ], "texture": "#texture" }
			}
		},
		{
			"from": [ 16.75, 0, 11 ],
			"to": [ 18, 1, 12.75 ],
			"rotation": { "origin": [ 16.75, 0, 11 ], "axis": "y", "angle": 45 },
			"faces": {
				"down": { "uv": [ 0.75, 0, 1, 0.5 ], "texture": "#texture" },
				"up": { "uv": [ 0.5, 0, 0.75, 0.5 ], "texture": "#texture" },
				"north": { "uv": [ 0.5, 0.5, 0.75, 1 ], "texture": "#texture" },
				"south": { "uv": [ 0.75, 0.5, 1, 1 ], "texture": "#texture" },
				"west": { "uv": [ 1, 0.5, 1.5, 1 ], "texture": "#texture" },
				"east": { "uv": [ 0, 0.5, 0.5, 1 ], "texture": "#texture" }
			}
		},
		{
			"from": [ 14, 0, 13.25 ],
			"to": [ 15.25, 1, 15 ],
			"rotation": { "origin": [ 14, 0, 13.25 ], "axis": "y", "angle": 45 },
			"faces": {
				"down": { "uv": [ 0.75, 0, 1, 0.5 ], "texture": "#texture" },
				"up": { "uv": [ 0.5, 0, 0.75, 0.5 ], "texture": "#texture" },
				"north": { "uv": [ 0.5, 0.5, 0.75, 1 ], "texture": "#texture" },
				"south": { "uv": [ 0.75, 0.5, 1, 1 ], "texture": "#texture" },
				"west": { "uv": [ 1, 0.5, 1.5, 1 ], "texture": "#texture" },
				"east": { "uv": [ 0, 0.5, 0.5, 1 ], "texture": "#texture" }
			}
		}
	],
	"display": {
		"thirdperson_lefthand": {
			"rotation":  [ 70, 180, 0 ],
			"translation":  [ -6.956, -8.5, -1.75 ],
			"scale":  [ 1.1, 1.1, 1.1 ]
		},
		"thirdperson_righthand": {
			"rotation":  [ 70, 180, 0 ],
			"translation":  [ -5, -8.5, -1.75 ],
			"scale":  [ 1.1, 1.1, 1.1 ]
		},
		"head": {
			"rotation":  [ 0, 180, 0 ],
			"translation":  [ 1.3913, -31.9, 2.46 ],
			"scale":  [ 1.55, 1.85, 1.75 ]
		},
		"firstperson_righthand": {
			"scale":  [ 0, 0, 0 ]
		},
		"firstperson_lefthand": {
			"scale":  [ 0, 0, 0 ]
		},
		"gui": {
			"scale":  [ 0, 0, 0 ]
		},
		"ground": {
			"scale":  [ 0, 0, 0 ]
		}
	}
}