{
"__comment": "Made by MadstonMagic using OPL's Model Creator and Cubik Pro, Copyright � MadstonMagic Modeling 2015-2017. All rights reserved",
"textures": {
    "texture": "items/revive_model"
},
"elements": [ 
{
    "__comment": "Revive_Bottom",
    "from": [ 5, 1, 7 ],
    "to": [ 10, 2, 8 ],
    "faces": {
        "down":  { "uv": [ 7, 2.5, 8.75, 3.5 ], "texture": "#texture" },
        "up":    { "uv": [ 7, 2, 8.25, 3.5 ], "texture": "#texture" },
        "north": { "uv": [ 7, 3, 8.5, 4 ], "texture": "#texture" },
        "south": { "uv": [ 6.25, 2.75, 7.5, 3.5 ], "texture": "#texture" },
        "west":  { "uv": [ 7, 3.25, 8, 4.25 ], "texture": "#texture" },
        "east":  { "uv": [ 7.5, 2, 8.5, 3 ], "texture": "#texture" }
    }
},
{
    "__comment": "Revive_Bottom",
    "from": [ 6.53, 1, 3.32 ],
    "to": [ 7.53, 2, 7.32 ],
    "rotation": { "origin": [ 6.53, 1, 3.32 ], "axis": "y", "angle": -22.5 },
    "faces": {
        "down":  { "uv": [ 7, 2.5, 8.75, 3.5 ], "texture": "#texture" },
        "up":    { "uv": [ 7, 2, 8.25, 3.5 ], "texture": "#texture" },
        "north": { "uv": [ 7, 3, 8.5, 4 ], "texture": "#texture" },
        "south": { "uv": [ 6.25, 2.75, 7.5, 3.5 ], "texture": "#texture" },
        "west":  { "uv": [ 7, 3.25, 8, 4.25 ], "texture": "#texture" },
        "east":  { "uv": [ 7.5, 2, 8.5, 3 ], "texture": "#texture" }
    }
},
{
    "__comment": "Revive_Bottom",
    "from": [ 7.54, 1, 3.7 ],
    "to": [ 8.54, 2, 7.7 ],
    "rotation": { "origin": [ 7.54, 1, 3.7 ], "axis": "y", "angle": 22.5 },
    "faces": {
        "down":  { "uv": [ 7, 2.5, 8.75, 3.5 ], "texture": "#texture" },
        "up":    { "uv": [ 7, 2, 8.25, 3.5 ], "texture": "#texture" },
        "north": { "uv": [ 7, 3, 8.5, 4 ], "texture": "#texture" },
        "south": { "uv": [ 6.25, 2.75, 7.5, 3.5 ], "texture": "#texture" },
        "west":  { "uv": [ 7, 3.25, 8, 4.25 ], "texture": "#texture" },
        "east":  { "uv": [ 7.5, 2, 8.5, 3 ], "texture": "#texture" }
    }
},
{
    "__comment": "Revive_Bottom",
    "from": [ 7, 1, 2.17 ],
    "to": [ 8, 2, 3.42 ],
    "rotation": { "origin": [ 7, 1, 2.17 ], "axis": "y", "angle": -22.5 },
    "faces": {
        "down":  { "uv": [ 12.25, 2.25, 14, 3.25 ], "texture": "#texture" },
        "up":    { "uv": [ 12.5, 2, 13.75, 3.5 ], "texture": "#texture" },
        "north": { "uv": [ 12.25, 2.5, 13.75, 3.5 ], "texture": "#texture" },
        "south": { "uv": [ 12.25, 3, 13.5, 3.75 ], "texture": "#texture" },
        "west":  { "uv": [ 12.5, 2.5, 13.5, 3.5 ], "texture": "#texture" },
        "east":  { "uv": [ 12.5, 2.75, 13.5, 3.75 ], "texture": "#texture" }
    }
},
{
    "__comment": "Revive_Bottom",
    "from": [ 7.0625, 1, 2.5625 ],
    "to": [ 8.0625, 2, 3.8125 ],
    "rotation": { "origin": [ 7.0625, 1, 2.5625 ], "axis": "y", "angle": 22.5 },
    "faces": {
        "down":  { "uv": [ 12.25, 2.25, 14, 3.25 ], "texture": "#texture" },
        "up":    { "uv": [ 12.5, 2, 13.75, 3.5 ], "texture": "#texture" },
        "north": { "uv": [ 12.25, 2.5, 13.75, 3.5 ], "texture": "#texture" },
        "south": { "uv": [ 12.25, 3, 13.5, 3.75 ], "texture": "#texture" },
        "west":  { "uv": [ 12.5, 2.5, 13.5, 3.5 ], "texture": "#texture" },
        "east":  { "uv": [ 12.5, 2.75, 13.5, 3.75 ], "texture": "#texture" }
    }
},
{
    "__comment": "Revive_Bottom",
    "from": [ 7.5, 1, 1.6875 ],
    "to": [ 8.1875, 2, 2.375 ],
    "rotation": { "origin": [ 7.5, 1, 1.6875 ], "axis": "y", "angle": -45 },
    "faces": {
        "down":  { "uv": [ 12.25, 2.25, 14, 3.25 ], "texture": "#texture" },
        "up":    { "uv": [ 12.5, 2, 13.75, 3.5 ], "texture": "#texture" },
        "north": { "uv": [ 12.25, 2.5, 13.75, 3.5 ], "texture": "#texture" },
        "south": { "uv": [ 12.25, 3, 13.5, 3.75 ], "texture": "#texture" },
        "west":  { "uv": [ 12.5, 2.5, 13.5, 3.5 ], "texture": "#texture" },
        "east":  { "uv": [ 12.5, 2.75, 13.5, 3.75 ], "texture": "#texture" }
    }
},
{
    "__comment": "Revive_Bottom",
    "from": [ 7.4375, 1, 3.4375 ],
    "to": [ 7.5625, 2, 3.6875 ],
    "faces": {
        "down":  { "uv": [ 12.25, 2.25, 14, 3.25 ], "texture": "#texture" },
        "up":    { "uv": [ 12.5, 2, 13.75, 3.5 ], "texture": "#texture" },
        "north": { "uv": [ 12.25, 2.5, 13.75, 3.5 ], "texture": "#texture" },
        "south": { "uv": [ 12.25, 3, 13.5, 3.75 ], "texture": "#texture" },
        "west":  { "uv": [ 12.5, 2.5, 13.5, 3.5 ], "texture": "#texture" },
        "east":  { "uv": [ 12.5, 2.75, 13.5, 3.75 ], "texture": "#texture" }
    }
},
{
    "__comment": "Revive_Bottom",
    "from": [ 6, 1, 5 ],
    "to": [ 9, 2, 7 ],
    "faces": {
        "down":  { "uv": [ 7, 2.5, 8.75, 3.5 ], "texture": "#texture" },
        "up":    { "uv": [ 7, 2, 8.25, 3.5 ], "texture": "#texture" },
        "north": { "uv": [ 7, 3, 8.5, 4 ], "texture": "#texture" },
        "south": { "uv": [ 6.25, 2.75, 7.5, 3.5 ], "texture": "#texture" },
        "west":  { "uv": [ 7, 3.25, 8, 4.25 ], "texture": "#texture" },
        "east":  { "uv": [ 7.5, 2, 8.5, 3 ], "texture": "#texture" }
    }
},
{
    "__comment": "Revive_Bottom",
    "from": [ 6.75, 1, 3.75 ],
    "to": [ 8.25, 2, 5 ],
    "faces": {
        "down":  { "uv": [ 7, 2.5, 8.75, 3.5 ], "texture": "#texture" },
        "up":    { "uv": [ 7, 2, 8.25, 3.5 ], "texture": "#texture" },
        "north": { "uv": [ 7, 3, 8.5, 4 ], "texture": "#texture" },
        "south": { "uv": [ 6.25, 2.75, 7.5, 3.5 ], "texture": "#texture" },
        "west":  { "uv": [ 7, 3.25, 8, 4.25 ], "texture": "#texture" },
        "east":  { "uv": [ 7.5, 2, 8.5, 3 ], "texture": "#texture" }
    }
},
{
    "__comment": "Revive_Bottom",
    "from": [ 7.25, 1, 3.6875 ],
    "to": [ 7.75, 2, 4.1875 ],
    "faces": {
        "down":  { "uv": [ 7, 2.5, 8.75, 3.5 ], "texture": "#texture" },
        "up":    { "uv": [ 7, 2, 8.25, 3.5 ], "texture": "#texture" },
        "north": { "uv": [ 7, 3, 8.5, 4 ], "texture": "#texture" },
        "south": { "uv": [ 6.25, 2.75, 7.5, 3.5 ], "texture": "#texture" },
        "west":  { "uv": [ 7, 3.25, 8, 4.25 ], "texture": "#texture" },
        "east":  { "uv": [ 7.5, 2, 8.5, 3 ], "texture": "#texture" }
    }
},
{
    "__comment": "Revive_Bottom",
    "from": [ 5, 1, 8 ],
    "to": [ 6.25, 2, 8.5 ],
    "rotation": { "origin": [ 5, 1, 8 ], "axis": "y", "angle": 22.5 },
    "faces": {
        "down":  { "uv": [ 7, 2.5, 8.75, 3.5 ], "texture": "#texture" },
        "up":    { "uv": [ 7, 2, 8.25, 3.5 ], "texture": "#texture" },
        "north": { "uv": [ 7, 3, 8.5, 4 ], "texture": "#texture" },
        "south": { "uv": [ 6.25, 2.75, 7.5, 3.5 ], "texture": "#texture" },
        "west":  { "uv": [ 7, 3.25, 8, 4.25 ], "texture": "#texture" },
        "east":  { "uv": [ 7.5, 2, 8.5, 3 ], "texture": "#texture" }
    }
},
{
    "__comment": "Revive_Bottom",
    "from": [ 8.615, 1, 7.425 ],
    "to": [ 10.115, 2, 7.925 ],
    "rotation": { "origin": [ 8.615, 1, 7.425 ], "axis": "y", "angle": -22.5 },
    "faces": {
        "down":  { "uv": [ 7, 2.5, 8.75, 3.5 ], "texture": "#texture" },
        "up":    { "uv": [ 7, 2, 8.25, 3.5 ], "texture": "#texture" },
        "north": { "uv": [ 7, 3, 8.5, 4 ], "texture": "#texture" },
        "south": { "uv": [ 6.25, 2.75, 7.5, 3.5 ], "texture": "#texture" },
        "west":  { "uv": [ 7, 3.25, 8, 4.25 ], "texture": "#texture" },
        "east":  { "uv": [ 7.5, 2, 8.5, 3 ], "texture": "#texture" }
    }
},
{
    "__comment": "Revive_Bottom",
    "from": [ 5.1875, 1, 8.4625 ],
    "to": [ 6.1875, 2, 10.7125 ],
    "rotation": { "origin": [ 5.1875, 1, 8.4625 ], "axis": "y", "angle": 22.5 },
    "faces": {
        "down":  { "uv": [ 1.75, 7.75, 3.5, 8.75 ], "texture": "#texture" },
        "up":    { "uv": [ 2, 6.75, 3.25, 8.25 ], "texture": "#texture" },
        "north": { "uv": [ 2.25, 7.25, 3.75, 8.25 ], "texture": "#texture" },
        "south": { "uv": [ 2.25, 7.25, 3.5, 8 ], "texture": "#texture" },
        "west":  { "uv": [ 2.5, 7, 3.5, 8 ], "texture": "#texture" },
        "east":  { "uv": [ 2.75, 7.25, 3.75, 8.25 ], "texture": "#texture" }
    }
},
{
    "__comment": "Revive_Bottom",
    "from": [ 8.88, 1, 8.0825 ],
    "to": [ 9.88, 2, 10.3325 ],
    "rotation": { "origin": [ 8.88, 1, 8.0825 ], "axis": "y", "angle": -22.5 },
    "faces": {
        "down":  { "uv": [ 1.75, 7.75, 3.5, 8.75 ], "texture": "#texture" },
        "up":    { "uv": [ 2, 6.75, 3.25, 8.25 ], "texture": "#texture" },
        "north": { "uv": [ 2.25, 7.25, 3.75, 8.25 ], "texture": "#texture" },
        "south": { "uv": [ 2.25, 7.25, 3.5, 8 ], "texture": "#texture" },
        "west":  { "uv": [ 2.5, 7, 3.5, 8 ], "texture": "#texture" },
        "east":  { "uv": [ 2.75, 7.25, 3.75, 8.25 ], "texture": "#texture" }
    }
},
{
    "__comment": "Revive_Bottom",
    "from": [ 6.0425, 1, 10.5425 ],
    "to": [ 7.0425, 2, 12.6625 ],
    "rotation": { "origin": [ 6.0425, 1, 10.5425 ], "axis": "y", "angle": 22.5 },
    "faces": {
        "down":  { "uv": [ 7.25, 7.25, 9, 8.25 ], "texture": "#texture" },
        "up":    { "uv": [ 7, 7.25, 8.25, 8.75 ], "texture": "#texture" },
        "north": { "uv": [ 7, 7.75, 8.5, 8.75 ], "texture": "#texture" },
        "south": { "uv": [ 7.25, 7.75, 8.5, 8.5 ], "texture": "#texture" },
        "west":  { "uv": [ 7.5, 8, 8.5, 9 ], "texture": "#texture" },
        "east":  { "uv": [ 7.25, 7.75, 8.25, 8.75 ], "texture": "#texture" }
    }
},
{
    "__comment": "Revive_Bottom",
    "from": [ 8.02, 1, 10.1575 ],
    "to": [ 9.02, 2, 12.2775 ],
    "rotation": { "origin": [ 8.02, 1, 10.1575 ], "axis": "y", "angle": -22.5 },
    "faces": {
        "down":  { "uv": [ 7.25, 7.25, 9, 8.25 ], "texture": "#texture" },
        "up":    { "uv": [ 7, 7.25, 8.25, 8.75 ], "texture": "#texture" },
        "north": { "uv": [ 7, 7.75, 8.5, 8.75 ], "texture": "#texture" },
        "south": { "uv": [ 7.25, 7.75, 8.5, 8.5 ], "texture": "#texture" },
        "west":  { "uv": [ 7.5, 8, 8.5, 9 ], "texture": "#texture" },
        "east":  { "uv": [ 7.25, 7.75, 8.25, 8.75 ], "texture": "#texture" }
    }
},
{
    "__comment": "Revive_Bottom",
    "from": [ 7.5, 1, 11.875 ],
    "to": [ 8.375, 2, 12.75 ],
    "rotation": { "origin": [ 7.5, 1, 11.875 ], "axis": "y", "angle": -45 },
    "faces": {
        "down":  { "uv": [ 7.25, 7.25, 9, 8.25 ], "texture": "#texture" },
        "up":    { "uv": [ 7, 7.25, 8.25, 8.75 ], "texture": "#texture" },
        "north": { "uv": [ 7, 7.75, 8.5, 8.75 ], "texture": "#texture" },
        "south": { "uv": [ 7.25, 7.75, 8.5, 8.5 ], "texture": "#texture" },
        "west":  { "uv": [ 7.5, 8, 8.5, 9 ], "texture": "#texture" },
        "east":  { "uv": [ 7.25, 7.75, 8.25, 8.75 ], "texture": "#texture" }
    }
},
{
    "__comment": "Revive_Bottom",
    "from": [ 6, 1, 7.98 ],
    "to": [ 9.25, 2, 8.105 ],
    "faces": {
        "down":  { "uv": [ 7, 2.5, 8.75, 3.5 ], "texture": "#texture" },
        "up":    { "uv": [ 7, 2, 8.25, 3.5 ], "texture": "#texture" },
        "north": { "uv": [ 7, 3, 8.5, 4 ], "texture": "#texture" },
        "south": { "uv": [ 6.25, 2.75, 7.5, 3.5 ], "texture": "#texture" },
        "west":  { "uv": [ 7, 3.25, 8, 4.25 ], "texture": "#texture" },
        "east":  { "uv": [ 7.5, 2, 8.5, 3 ], "texture": "#texture" }
    }
},
{
    "__comment": "Revive_Bottom",
    "from": [ 6.125, 1, 8.105 ],
    "to": [ 9, 2, 10.155 ],
    "faces": {
        "down":  { "uv": [ 1.75, 7.75, 3.5, 8.75 ], "texture": "#texture" },
        "up":    { "uv": [ 2, 6.75, 3.25, 8.25 ], "texture": "#texture" },
        "north": { "uv": [ 2.25, 7.25, 3.75, 8.25 ], "texture": "#texture" },
        "south": { "uv": [ 2.25, 7.25, 3.5, 8 ], "texture": "#texture" },
        "west":  { "uv": [ 2.5, 7, 3.5, 8 ], "texture": "#texture" },
        "east":  { "uv": [ 2.75, 7.25, 3.75, 8.25 ], "texture": "#texture" }
    }
},
{
    "__comment": "Revive_Bottom",
    "from": [ 6.97, 1, 10.1475 ],
    "to": [ 8.095, 2, 11.585 ],
    "faces": {
        "down":  { "uv": [ 7.25, 7.25, 9, 8.25 ], "texture": "#texture" },
        "up":    { "uv": [ 7, 7.25, 8.25, 8.75 ], "texture": "#texture" },
        "north": { "uv": [ 7, 7.75, 8.5, 8.75 ], "texture": "#texture" },
        "south": { "uv": [ 7.25, 7.75, 8.5, 8.5 ], "texture": "#texture" },
        "west":  { "uv": [ 7.5, 8, 8.5, 9 ], "texture": "#texture" },
        "east":  { "uv": [ 7.25, 7.75, 8.25, 8.75 ], "texture": "#texture" }
    }
},
{
    "__comment": "Revive_Bottom",
    "from": [ 5.975, 0.7625, 7.175 ],
    "to": [ 9.1, 2.2625, 7.8 ],
    "faces": {
        "down":  { "uv": [ 11.5, 2.5, 13.25, 3.5 ], "texture": "#texture" },
        "up":    { "uv": [ 12.75, 2.5, 14, 4 ], "texture": "#texture" },
        "north": { "uv": [ 12, 2.75, 13.5, 3.75 ], "texture": "#texture" },
        "south": { "uv": [ 11.5, 3, 12.75, 3.75 ], "texture": "#texture" },
        "west":  { "uv": [ 11.75, 2.25, 12.75, 3.25 ], "texture": "#texture" },
        "east":  { "uv": [ 12.75, 2.25, 13.75, 3.25 ], "texture": "#texture" }
    }
},
{
    "__comment": "Revive_Bottom",
    "from": [ 6.93125, 0.7625, 4.875 ],
    "to": [ 7.55625, 2.2625, 7.375 ],
    "rotation": { "origin": [ 6.93125, 0.7625, 4.875 ], "axis": "y", "angle": -22.5 },
    "faces": {
        "down":  { "uv": [ 11.5, 2.5, 13.25, 3.5 ], "texture": "#texture" },
        "up":    { "uv": [ 12.75, 2.5, 14, 4 ], "texture": "#texture" },
        "north": { "uv": [ 12, 2.75, 13.5, 3.75 ], "texture": "#texture" },
        "south": { "uv": [ 11.5, 3, 12.75, 3.75 ], "texture": "#texture" },
        "west":  { "uv": [ 11.75, 2.25, 12.75, 3.25 ], "texture": "#texture" },
        "east":  { "uv": [ 12.75, 2.25, 13.75, 3.25 ], "texture": "#texture" }
    }
},
{
    "__comment": "Revive_Bottom",
    "from": [ 7.5625, 0.7625, 5.1125 ],
    "to": [ 8.1875, 2.2625, 7.6125 ],
    "rotation": { "origin": [ 7.5625, 0.7625, 5.1125 ], "axis": "y", "angle": 22.5 },
    "faces": {
        "down":  { "uv": [ 11.5, 2.5, 13.25, 3.5 ], "texture": "#texture" },
        "up":    { "uv": [ 12.75, 2.5, 14, 4 ], "texture": "#texture" },
        "north": { "uv": [ 12, 2.75, 13.5, 3.75 ], "texture": "#texture" },
        "south": { "uv": [ 11.5, 3, 12.75, 3.75 ], "texture": "#texture" },
        "west":  { "uv": [ 11.75, 2.25, 12.75, 3.25 ], "texture": "#texture" },
        "east":  { "uv": [ 12.75, 2.25, 13.75, 3.25 ], "texture": "#texture" }
    }
},
{
    "__comment": "Revive_Bottom",
    "from": [ 7.225, 0.7625, 4.15625 ],
    "to": [ 7.85, 2.2625, 4.9375 ],
    "rotation": { "origin": [ 7.225, 0.7625, 4.15625 ], "axis": "y", "angle": -22.5 },
    "faces": {
        "down":  { "uv": [ 11.75, 7.75, 13.5, 8.75 ], "texture": "#texture" },
        "up":    { "uv": [ 12.25, 6.75, 13.5, 8.25 ], "texture": "#texture" },
        "north": { "uv": [ 12, 7, 13.5, 8 ], "texture": "#texture" },
        "south": { "uv": [ 12.25, 7.25, 13.5, 8 ], "texture": "#texture" },
        "west":  { "uv": [ 12.25, 7.75, 13.25, 8.75 ], "texture": "#texture" },
        "east":  { "uv": [ 12.5, 7.75, 13.5, 8.75 ], "texture": "#texture" }
    }
},
{
    "__comment": "Revive_Bottom",
    "from": [ 7.26406, 0.7625, 4.40156 ],
    "to": [ 7.88906, 2.2625, 5.18281 ],
    "rotation": { "origin": [ 7.26406, 0.7625, 4.40156 ], "axis": "y", "angle": 22.5 },
    "faces": {
        "down":  { "uv": [ 11.75, 7.75, 13.5, 8.75 ], "texture": "#texture" },
        "up":    { "uv": [ 12.25, 6.75, 13.5, 8.25 ], "texture": "#texture" },
        "north": { "uv": [ 12, 7, 13.5, 8 ], "texture": "#texture" },
        "south": { "uv": [ 12.25, 7.25, 13.5, 8 ], "texture": "#texture" },
        "west":  { "uv": [ 12.25, 7.75, 13.25, 8.75 ], "texture": "#texture" },
        "east":  { "uv": [ 12.5, 7.75, 13.5, 8.75 ], "texture": "#texture" }
    }
},
{
    "__comment": "Revive_Bottom",
    "from": [ 7.5375, 0.7625, 3.85469 ],
    "to": [ 7.96719, 2.2625, 4.28438 ],
    "rotation": { "origin": [ 7.5375, 0.7625, 3.85469 ], "axis": "y", "angle": -45 },
    "faces": {
        "down":  { "uv": [ 11.75, 7.75, 13.5, 8.75 ], "texture": "#texture" },
        "up":    { "uv": [ 12.25, 6.75, 13.5, 8.25 ], "texture": "#texture" },
        "north": { "uv": [ 12, 7, 13.5, 8 ], "texture": "#texture" },
        "south": { "uv": [ 12.25, 7.25, 13.5, 8 ], "texture": "#texture" },
        "west":  { "uv": [ 12.25, 7.75, 13.25, 8.75 ], "texture": "#texture" },
        "east":  { "uv": [ 12.5, 7.75, 13.5, 8.75 ], "texture": "#texture" }
    }
},
{
    "__comment": "Revive_Bottom",
    "from": [ 7.49844, 0.7625, 4.94844 ],
    "to": [ 7.57656, 2.2625, 5.10469 ],
    "faces": {
        "down":  { "uv": [ 11.75, 7.75, 13.5, 8.75 ], "texture": "#texture" },
        "up":    { "uv": [ 12.25, 6.75, 13.5, 8.25 ], "texture": "#texture" },
        "north": { "uv": [ 12, 7, 13.5, 8 ], "texture": "#texture" },
        "south": { "uv": [ 12.25, 7.25, 13.5, 8 ], "texture": "#texture" },
        "west":  { "uv": [ 12.25, 7.75, 13.25, 8.75 ], "texture": "#texture" },
        "east":  { "uv": [ 12.5, 7.75, 13.5, 8.75 ], "texture": "#texture" }
    }
},
{
    "__comment": "Revive_Bottom",
    "from": [ 6.6, 0.7625, 5.925 ],
    "to": [ 8.475, 2.2625, 7.175 ],
    "faces": {
        "down":  { "uv": [ 11.5, 2.5, 13.25, 3.5 ], "texture": "#texture" },
        "up":    { "uv": [ 12.75, 2.5, 14, 4 ], "texture": "#texture" },
        "north": { "uv": [ 12, 2.75, 13.5, 3.75 ], "texture": "#texture" },
        "south": { "uv": [ 11.5, 3, 12.75, 3.75 ], "texture": "#texture" },
        "west":  { "uv": [ 11.75, 2.25, 12.75, 3.25 ], "texture": "#texture" },
        "east":  { "uv": [ 12.75, 2.25, 13.75, 3.25 ], "texture": "#texture" }
    }
},
{
    "__comment": "Revive_Bottom",
    "from": [ 7.06875, 0.7625, 5.14375 ],
    "to": [ 8.00625, 2.2625, 5.925 ],
    "faces": {
        "down":  { "uv": [ 11.5, 2.5, 13.25, 3.5 ], "texture": "#texture" },
        "up":    { "uv": [ 12.75, 2.5, 14, 4 ], "texture": "#texture" },
        "north": { "uv": [ 12, 2.75, 13.5, 3.75 ], "texture": "#texture" },
        "south": { "uv": [ 11.5, 3, 12.75, 3.75 ], "texture": "#texture" },
        "west":  { "uv": [ 11.75, 2.25, 12.75, 3.25 ], "texture": "#texture" },
        "east":  { "uv": [ 12.75, 2.25, 13.75, 3.25 ], "texture": "#texture" }
    }
},
{
    "__comment": "Revive_Bottom",
    "from": [ 7.38125, 0.7625, 5.10469 ],
    "to": [ 7.69375, 2.2625, 5.41719 ],
    "faces": {
        "down":  { "uv": [ 11.5, 2.5, 13.25, 3.5 ], "texture": "#texture" },
        "up":    { "uv": [ 12.75, 2.5, 14, 4 ], "texture": "#texture" },
        "north": { "uv": [ 12, 2.75, 13.5, 3.75 ], "texture": "#texture" },
        "south": { "uv": [ 11.5, 3, 12.75, 3.75 ], "texture": "#texture" },
        "west":  { "uv": [ 11.75, 2.25, 12.75, 3.25 ], "texture": "#texture" },
        "east":  { "uv": [ 12.75, 2.25, 13.75, 3.25 ], "texture": "#texture" }
    }
},
{
    "__comment": "Revive_Bottom",
    "from": [ 5.975, 0.7625, 7.8 ],
    "to": [ 6.75625, 2.2625, 8.1125 ],
    "rotation": { "origin": [ 5.975, 0.7625, 7.8 ], "axis": "y", "angle": 22.5 },
    "faces": {
        "down":  { "uv": [ 11.5, 2.5, 13.25, 3.5 ], "texture": "#texture" },
        "up":    { "uv": [ 12.75, 2.5, 14, 4 ], "texture": "#texture" },
        "north": { "uv": [ 12, 2.75, 13.5, 3.75 ], "texture": "#texture" },
        "south": { "uv": [ 11.5, 3, 12.75, 3.75 ], "texture": "#texture" },
        "west":  { "uv": [ 11.75, 2.25, 12.75, 3.25 ], "texture": "#texture" },
        "east":  { "uv": [ 12.75, 2.25, 13.75, 3.25 ], "texture": "#texture" }
    }
},
{
    "__comment": "Revive_Bottom",
    "from": [ 8.23438, 0.7625, 7.44062 ],
    "to": [ 9.17188, 2.2625, 7.75312 ],
    "rotation": { "origin": [ 8.23438, 0.7625, 7.44062 ], "axis": "y", "angle": -22.5 },
    "faces": {
        "down":  { "uv": [ 11.5, 2.5, 13.25, 3.5 ], "texture": "#texture" },
        "up":    { "uv": [ 12.75, 2.5, 14, 4 ], "texture": "#texture" },
        "north": { "uv": [ 12, 2.75, 13.5, 3.75 ], "texture": "#texture" },
        "south": { "uv": [ 11.5, 3, 12.75, 3.75 ], "texture": "#texture" },
        "west":  { "uv": [ 11.75, 2.25, 12.75, 3.25 ], "texture": "#texture" },
        "east":  { "uv": [ 12.75, 2.25, 13.75, 3.25 ], "texture": "#texture" }
    }
},
{
    "__comment": "Revive_Bottom",
    "from": [ 6.09219, 0.7625, 8.08906 ],
    "to": [ 6.71719, 2.2625, 9.49531 ],
    "rotation": { "origin": [ 6.09219, 0.7625, 8.08906 ], "axis": "y", "angle": 22.5 },
    "faces": {
        "down":  { "uv": [ 2.5, 2.25, 4.25, 3.25 ], "texture": "#texture" },
        "up":    { "uv": [ 2, 2.25, 3.25, 3.75 ], "texture": "#texture" },
        "north": { "uv": [ 2.25, 2.5, 3.75, 3.5 ], "texture": "#texture" },
        "south": { "uv": [ 2.75, 2.75, 4, 3.5 ], "texture": "#texture" },
        "west":  { "uv": [ 3.25, 2.5, 4.25, 3.5 ], "texture": "#texture" },
        "east":  { "uv": [ 3, 2.75, 4, 3.75 ], "texture": "#texture" }
    }
},
{
    "__comment": "Revive_Bottom",
    "from": [ 8.4, 0.7625, 7.85156 ],
    "to": [ 9.025, 2.2625, 9.25781 ],
    "rotation": { "origin": [ 8.4, 0.7625, 7.85156 ], "axis": "y", "angle": -22.5 },
    "faces": {
        "down":  { "uv": [ 2.5, 2.25, 4.25, 3.25 ], "texture": "#texture" },
        "up":    { "uv": [ 2, 2.25, 3.25, 3.75 ], "texture": "#texture" },
        "north": { "uv": [ 2.25, 2.5, 3.75, 3.5 ], "texture": "#texture" },
        "south": { "uv": [ 2.75, 2.75, 4, 3.5 ], "texture": "#texture" },
        "west":  { "uv": [ 3.25, 2.5, 4.25, 3.5 ], "texture": "#texture" },
        "east":  { "uv": [ 3, 2.75, 4, 3.75 ], "texture": "#texture" }
    }
},
{
    "__comment": "Revive_Bottom",
    "from": [ 6.62656, 0.7625, 9.38906 ],
    "to": [ 7.25156, 2.2625, 10.7141 ],
    "rotation": { "origin": [ 6.62656, 0.7625, 9.38906 ], "axis": "y", "angle": 22.5 },
    "faces": {
        "down":  { "uv": [ 2.25, 7.75, 4, 8.75 ], "texture": "#texture" },
        "up":    { "uv": [ 2.5, 7.25, 3.75, 8.75 ], "texture": "#texture" },
        "north": { "uv": [ 2, 7, 3.5, 8 ], "texture": "#texture" },
        "south": { "uv": [ 3, 6.75, 4.25, 7.5 ], "texture": "#texture" },
        "west":  { "uv": [ 3, 7.25, 4, 8.25 ], "texture": "#texture" },
        "east":  { "uv": [ 3, 7.25, 4, 8.25 ], "texture": "#texture" }
    }
},
{
    "__comment": "Revive_Bottom",
    "from": [ 7.8625, 0.7625, 9.14844 ],
    "to": [ 8.4875, 2.2625, 10.4734 ],
    "rotation": { "origin": [ 7.8625, 0.7625, 9.14844 ], "axis": "y", "angle": -22.5 },
    "faces": {
        "down":  { "uv": [ 2.25, 7.75, 4, 8.75 ], "texture": "#texture" },
        "up":    { "uv": [ 2.5, 7.25, 3.75, 8.75 ], "texture": "#texture" },
        "north": { "uv": [ 2, 7, 3.5, 8 ], "texture": "#texture" },
        "south": { "uv": [ 3, 6.75, 4.25, 7.5 ], "texture": "#texture" },
        "west":  { "uv": [ 3, 7.25, 4, 8.25 ], "texture": "#texture" },
        "east":  { "uv": [ 3, 7.25, 4, 8.25 ], "texture": "#texture" }
    }
},
{
    "__comment": "Revive_Bottom",
    "from": [ 7.5375, 0.7625, 10.2219 ],
    "to": [ 8.08437, 2.2625, 10.7688 ],
    "rotation": { "origin": [ 7.5375, 0.7625, 10.2219 ], "axis": "y", "angle": -45 },
    "faces": {
        "down":  { "uv": [ 2.25, 7.75, 4, 8.75 ], "texture": "#texture" },
        "up":    { "uv": [ 2.5, 7.25, 3.75, 8.75 ], "texture": "#texture" },
        "north": { "uv": [ 2, 7, 3.5, 8 ], "texture": "#texture" },
        "south": { "uv": [ 3, 6.75, 4.25, 7.5 ], "texture": "#texture" },
        "west":  { "uv": [ 3, 7.25, 4, 8.25 ], "texture": "#texture" },
        "east":  { "uv": [ 3, 7.25, 4, 8.25 ], "texture": "#texture" }
    }
},
{
    "__comment": "Revive_Bottom",
    "from": [ 6.6, 0.7625, 7.7875 ],
    "to": [ 8.63125, 2.2625, 7.86562 ],
    "faces": {
        "down":  { "uv": [ 11.5, 2.5, 13.25, 3.5 ], "texture": "#texture" },
        "up":    { "uv": [ 12.75, 2.5, 14, 4 ], "texture": "#texture" },
        "north": { "uv": [ 12, 2.75, 13.5, 3.75 ], "texture": "#texture" },
        "south": { "uv": [ 11.5, 3, 12.75, 3.75 ], "texture": "#texture" },
        "west":  { "uv": [ 11.75, 2.25, 12.75, 3.25 ], "texture": "#texture" },
        "east":  { "uv": [ 12.75, 2.25, 13.75, 3.25 ], "texture": "#texture" }
    }
},
{
    "__comment": "Revive_Bottom",
    "from": [ 6.67812, 0.7625, 7.86562 ],
    "to": [ 8.475, 2.2625, 9.14687 ],
    "faces": {
        "down":  { "uv": [ 2.5, 2.25, 4.25, 3.25 ], "texture": "#texture" },
        "up":    { "uv": [ 2, 2.25, 3.25, 3.75 ], "texture": "#texture" },
        "north": { "uv": [ 2.25, 2.5, 3.75, 3.5 ], "texture": "#texture" },
        "south": { "uv": [ 2.75, 2.75, 4, 3.5 ], "texture": "#texture" },
        "west":  { "uv": [ 3.25, 2.5, 4.25, 3.5 ], "texture": "#texture" },
        "east":  { "uv": [ 3, 2.75, 4, 3.75 ], "texture": "#texture" }
    }
},
{
    "__comment": "Revive_Bottom",
    "from": [ 7.20625, 0.7625, 9.14219 ],
    "to": [ 7.90937, 2.2625, 10.0406 ],
    "faces": {
        "down":  { "uv": [ 2.25, 7.75, 4, 8.75 ], "texture": "#texture" },
        "up":    { "uv": [ 2.5, 7.25, 3.75, 8.75 ], "texture": "#texture" },
        "north": { "uv": [ 2, 7, 3.5, 8 ], "texture": "#texture" },
        "south": { "uv": [ 3, 6.75, 4.25, 7.5 ], "texture": "#texture" },
        "west":  { "uv": [ 3, 7.25, 4, 8.25 ], "texture": "#texture" },
        "east":  { "uv": [ 3, 7.25, 4, 8.25 ], "texture": "#texture" }
    }
}
],
"display": {
    "thirdperson_righthand": {
        "rotation": [ 99, 18, 90 ],
        "translation": [ -4.54, -1.32, 0.19 ],
        "scale": [ 0.7, 0.7, 0.7 ]
    },
    "thirdperson_lefthand": {
        "rotation": [ 99, 18, 90 ],
        "translation": [ -4.54, -1.32, 0.19 ],
        "scale": [ 0.7, 0.7, 0.7 ]
    },
    "head": {
        "rotation": [ 0, 0, 0 ],
        "translation": [ 0, 0, 0 ],
        "scale": [ 0, 0, 0 ]
    },
    "ground": {
        "rotation": [ 0, 0, 0 ],
        "translation": [ 0, 2.75, 0 ],
        "scale": [ 0.7, 0.7, 0.7 ]
    },
    "fixed": {
        "rotation": [ 0, 0, 0 ],
        "translation": [ 0, 0, 0 ],
        "scale": [ 0, 0, 0 ]
    },
    "firstperson_righthand": {
        "rotation": [ 109, -13, 95 ],
        "translation": [ -3.78, 0.94, -3.21 ],
        "scale": [ 1, 1, 1 ]
    },
    "firstperson_lefthand": {
        "rotation": [ 109, -13, 95 ],
        "translation": [ -3.78, 0.94, -3.21 ],
        "scale": [ 1, 1, 1 ]
    },
    "gui": {
        "rotation": [ 80, -40, 30 ],
        "translation": [ -2.25, 2.15, 0 ],
        "scale": [ 1.15, 1.15, 1.15 ]
    }
}
}