{
"__comment": "Made by MadstonMagic using Cubik Pro, Copyright � MadstonMagic Modeling 2015-2017. All rights reserved",
"textures": {
    "texture": "items/flute"
},
"elements": [ 
{
    "from": [ 6, 2, 5 ],
    "to": [ 7, 8, 11 ],
    "faces": {
        "down":  { "uv": [ 6, 7, 8.5, 9.5 ], "texture": "#texture" },
        "up":    { "uv": [ 6, 7, 8.5, 9.5 ], "texture": "#texture" },
        "north": { "uv": [ 6, 7, 8.5, 9.5 ], "texture": "#texture" },
        "south": { "uv": [ 6, 7, 8.5, 9.5 ], "texture": "#texture" },
        "west":  { "uv": [ 6, 7, 8.5, 9.5 ], "texture": "#texture" },
        "east":  { "uv": [ 6, 7, 8.5, 9.5 ], "texture": "#texture" }
    }
},
{
    "from": [ 4.5, 3, 6 ],
    "to": [ 5, 7, 10 ],
    "faces": {
        "down":  { "uv": [ 6, 7, 8.5, 9.5 ], "texture": "#texture" },
        "up":    { "uv": [ 6, 7, 8.5, 9.5 ], "texture": "#texture" },
        "north": { "uv": [ 6, 7, 8.5, 9.5 ], "texture": "#texture" },
        "south": { "uv": [ 6, 7, 8.5, 9.5 ], "texture": "#texture" },
        "west":  { "uv": [ 6, 7, 8.5, 9.5 ], "texture": "#texture" },
        "east":  { "uv": [ 6, 7, 8.5, 9.5 ], "texture": "#texture" }
    }
},
{
    "from": [ 4, 3.5, 6.5 ],
    "to": [ 4.5, 6.5, 9.5 ],
    "faces": {
        "down":  { "uv": [ 6, 7, 8.5, 9.5 ], "texture": "#texture" },
        "up":    { "uv": [ 6, 7, 8.5, 9.5 ], "texture": "#texture" },
        "north": { "uv": [ 6, 7, 8.5, 9.5 ], "texture": "#texture" },
        "south": { "uv": [ 6, 7, 8.5, 9.5 ], "texture": "#texture" },
        "west":  { "uv": [ 6, 7, 8.5, 9.5 ], "texture": "#texture" },
        "east":  { "uv": [ 6, 7, 8.5, 9.5 ], "texture": "#texture" }
    }
},
{
    "from": [ 5, 2.5, 5.5 ],
    "to": [ 6, 7.5, 10.5 ],
    "faces": {
        "down":  { "uv": [ 6, 7, 8.5, 9.5 ], "texture": "#texture" },
        "up":    { "uv": [ 6, 7, 8.5, 9.5 ], "texture": "#texture" },
        "north": { "uv": [ 6, 7, 8.5, 9.5 ], "texture": "#texture" },
        "south": { "uv": [ 6, 7, 8.5, 9.5 ], "texture": "#texture" },
        "west":  { "uv": [ 6, 7, 8.5, 9.5 ], "texture": "#texture" },
        "east":  { "uv": [ 6, 7, 8.5, 9.5 ], "texture": "#texture" }
    }
},
{
    "from": [ 5, 2, 6 ],
    "to": [ 6, 8, 10 ],
    "faces": {
        "down":  { "uv": [ 6, 7, 8.5, 9.5 ], "texture": "#texture" },
        "up":    { "uv": [ 6, 7, 8.5, 9.5 ], "texture": "#texture" },
        "north": { "uv": [ 6, 7, 8.5, 9.5 ], "texture": "#texture" },
        "south": { "uv": [ 6, 7, 8.5, 9.5 ], "texture": "#texture" },
        "west":  { "uv": [ 6, 7, 8.5, 9.5 ], "texture": "#texture" },
        "east":  { "uv": [ 6, 7, 8.5, 9.5 ], "texture": "#texture" }
    }
},
{
    "from": [ 5, 3, 5 ],
    "to": [ 6, 7, 11 ],
    "faces": {
        "down":  { "uv": [ 6, 7, 8.5, 9.5 ], "texture": "#texture" },
        "up":    { "uv": [ 6, 7, 8.5, 9.5 ], "texture": "#texture" },
        "north": { "uv": [ 6, 7, 8.5, 9.5 ], "texture": "#texture" },
        "south": { "uv": [ 6, 7, 8.5, 9.5 ], "texture": "#texture" },
        "west":  { "uv": [ 6, 7, 8.5, 9.5 ], "texture": "#texture" },
        "east":  { "uv": [ 6, 7, 8.5, 9.5 ], "texture": "#texture" }
    }
},
{
    "from": [ 6, 2.5, 4.5 ],
    "to": [ 7, 7.5, 11.5 ],
    "faces": {
        "down":  { "uv": [ 6, 7, 8.5, 9.5 ], "texture": "#texture" },
        "up":    { "uv": [ 6, 7, 8.5, 9.5 ], "texture": "#texture" },
        "north": { "uv": [ 6, 7, 8.5, 9.5 ], "texture": "#texture" },
        "south": { "uv": [ 6, 7, 8.5, 9.5 ], "texture": "#texture" },
        "west":  { "uv": [ 6, 7, 8.5, 9.5 ], "texture": "#texture" },
        "east":  { "uv": [ 6, 7, 8.5, 9.5 ], "texture": "#texture" }
    }
},
{
    "from": [ 6, 1.5, 5.5 ],
    "to": [ 7, 8.5, 10.5 ],
    "faces": {
        "down":  { "uv": [ 6, 7, 8.5, 9.5 ], "texture": "#texture" },
        "up":    { "uv": [ 6, 7, 8.5, 9.5 ], "texture": "#texture" },
        "north": { "uv": [ 6, 7, 8.5, 9.5 ], "texture": "#texture" },
        "south": { "uv": [ 6, 7, 8.5, 9.5 ], "texture": "#texture" },
        "west":  { "uv": [ 6, 7, 8.5, 9.5 ], "texture": "#texture" },
        "east":  { "uv": [ 6, 7, 8.5, 9.5 ], "texture": "#texture" }
    }
},
{
    "from": [ 4.5, 2.5, 6.5 ],
    "to": [ 5, 7.5, 9.5 ],
    "faces": {
        "down":  { "uv": [ 6, 7, 8.5, 9.5 ], "texture": "#texture" },
        "up":    { "uv": [ 6, 7, 8.5, 9.5 ], "texture": "#texture" },
        "north": { "uv": [ 6, 7, 8.5, 9.5 ], "texture": "#texture" },
        "south": { "uv": [ 6, 7, 8.5, 9.5 ], "texture": "#texture" },
        "west":  { "uv": [ 6, 7, 8.5, 9.5 ], "texture": "#texture" },
        "east":  { "uv": [ 6, 7, 8.5, 9.5 ], "texture": "#texture" }
    }
},
{
    "from": [ 4.5, 3.5, 5.5 ],
    "to": [ 5, 6.5, 10.5 ],
    "faces": {
        "down":  { "uv": [ 6, 7, 8.5, 9.5 ], "texture": "#texture" },
        "up":    { "uv": [ 6, 7, 8.5, 9.5 ], "texture": "#texture" },
        "north": { "uv": [ 6, 7, 8.5, 9.5 ], "texture": "#texture" },
        "south": { "uv": [ 6, 7, 8.5, 9.5 ], "texture": "#texture" },
        "west":  { "uv": [ 6, 7, 8.5, 9.5 ], "texture": "#texture" },
        "east":  { "uv": [ 6, 7, 8.5, 9.5 ], "texture": "#texture" }
    }
},
{
    "from": [ 4, 3, 7 ],
    "to": [ 4.5, 7, 9 ],
    "faces": {
        "down":  { "uv": [ 6, 7, 8.5, 9.5 ], "texture": "#texture" },
        "up":    { "uv": [ 6, 7, 8.5, 9.5 ], "texture": "#texture" },
        "north": { "uv": [ 6, 7, 8.5, 9.5 ], "texture": "#texture" },
        "south": { "uv": [ 6, 7, 8.5, 9.5 ], "texture": "#texture" },
        "west":  { "uv": [ 6, 7, 8.5, 9.5 ], "texture": "#texture" },
        "east":  { "uv": [ 6, 7, 8.5, 9.5 ], "texture": "#texture" }
    }
},
{
    "from": [ 4, 4, 6 ],
    "to": [ 4.5, 6, 10 ],
    "faces": {
        "down":  { "uv": [ 6, 7, 8.5, 9.5 ], "texture": "#texture" },
        "up":    { "uv": [ 6, 7, 8.5, 9.5 ], "texture": "#texture" },
        "north": { "uv": [ 6, 7, 8.5, 9.5 ], "texture": "#texture" },
        "south": { "uv": [ 6, 7, 8.5, 9.5 ], "texture": "#texture" },
        "west":  { "uv": [ 6, 7, 8.5, 9.5 ], "texture": "#texture" },
        "east":  { "uv": [ 6, 7, 8.5, 9.5 ], "texture": "#texture" }
    }
},
{
    "from": [ 7, 1.5, 5.5 ],
    "to": [ 8, 8.5, 10.5 ],
    "faces": {
        "down":  { "uv": [ 12, 7, 14.5, 9.5 ], "texture": "#texture" },
        "up":    { "uv": [ 11.5, 6.5, 14, 9 ], "texture": "#texture" },
        "north": { "uv": [ 11.5, 7, 14, 9.5 ], "texture": "#texture" },
        "south": { "uv": [ 11.5, 7.5, 14, 10 ], "texture": "#texture" },
        "west":  { "uv": [ 11.5, 6.5, 14, 9 ], "texture": "#texture" },
        "east":  { "uv": [ 11.5, 7, 14, 9.5 ], "texture": "#texture" }
    }
},
{
    "from": [ 7, 2.5, 4.5 ],
    "to": [ 8, 7.5, 11.5 ],
    "faces": {
        "down":  { "uv": [ 12, 7, 14.5, 9.5 ], "texture": "#texture" },
        "up":    { "uv": [ 11.5, 6.5, 14, 9 ], "texture": "#texture" },
        "north": { "uv": [ 11.5, 7, 14, 9.5 ], "texture": "#texture" },
        "south": { "uv": [ 11.5, 7.5, 14, 10 ], "texture": "#texture" },
        "west":  { "uv": [ 11.5, 6.5, 14, 9 ], "texture": "#texture" },
        "east":  { "uv": [ 11.5, 7, 14, 9.5 ], "texture": "#texture" }
    }
},
{
    "from": [ 7, 2, 5 ],
    "to": [ 8, 8, 11 ],
    "faces": {
        "down":  { "uv": [ 12, 7, 14.5, 9.5 ], "texture": "#texture" },
        "up":    { "uv": [ 11.5, 6.5, 14, 9 ], "texture": "#texture" },
        "north": { "uv": [ 11.5, 7, 14, 9.5 ], "texture": "#texture" },
        "south": { "uv": [ 11.5, 7.5, 14, 10 ], "texture": "#texture" },
        "west":  { "uv": [ 11.5, 6.5, 14, 9 ], "texture": "#texture" },
        "east":  { "uv": [ 11.5, 7, 14, 9.5 ], "texture": "#texture" }
    }
},
{
    "from": [ 8, 2, 6 ],
    "to": [ 9, 8, 10 ],
    "faces": {
        "down":  { "uv": [ 12, 7, 14.5, 9.5 ], "texture": "#texture" },
        "up":    { "uv": [ 11.5, 6.5, 14, 9 ], "texture": "#texture" },
        "north": { "uv": [ 11.5, 7, 14, 9.5 ], "texture": "#texture" },
        "south": { "uv": [ 11.5, 7.5, 14, 10 ], "texture": "#texture" },
        "west":  { "uv": [ 11.5, 6.5, 14, 9 ], "texture": "#texture" },
        "east":  { "uv": [ 11.5, 7, 14, 9.5 ], "texture": "#texture" }
    }
},
{
    "from": [ 8, 2.5, 5.5 ],
    "to": [ 9, 7.5, 10.5 ],
    "faces": {
        "down":  { "uv": [ 12, 7, 14.5, 9.5 ], "texture": "#texture" },
        "up":    { "uv": [ 11.5, 6.5, 14, 9 ], "texture": "#texture" },
        "north": { "uv": [ 11.5, 7, 14, 9.5 ], "texture": "#texture" },
        "south": { "uv": [ 11.5, 7.5, 14, 10 ], "texture": "#texture" },
        "west":  { "uv": [ 11.5, 6.5, 14, 9 ], "texture": "#texture" },
        "east":  { "uv": [ 11.5, 7, 14, 9.5 ], "texture": "#texture" }
    }
},
{
    "from": [ 8, 3, 5 ],
    "to": [ 9, 7, 11 ],
    "faces": {
        "down":  { "uv": [ 12, 7, 14.5, 9.5 ], "texture": "#texture" },
        "up":    { "uv": [ 11.5, 6.5, 14, 9 ], "texture": "#texture" },
        "north": { "uv": [ 11.5, 7, 14, 9.5 ], "texture": "#texture" },
        "south": { "uv": [ 11.5, 7.5, 14, 10 ], "texture": "#texture" },
        "west":  { "uv": [ 11.5, 6.5, 14, 9 ], "texture": "#texture" },
        "east":  { "uv": [ 11.5, 7, 14, 9.5 ], "texture": "#texture" }
    }
},
{
    "from": [ 9, 2.5, 6.5 ],
    "to": [ 9.5, 7.5, 9.5 ],
    "faces": {
        "down":  { "uv": [ 12, 7, 14.5, 9.5 ], "texture": "#texture" },
        "up":    { "uv": [ 11.5, 6.5, 14, 9 ], "texture": "#texture" },
        "north": { "uv": [ 11.5, 7, 14, 9.5 ], "texture": "#texture" },
        "south": { "uv": [ 11.5, 7.5, 14, 10 ], "texture": "#texture" },
        "west":  { "uv": [ 11.5, 6.5, 14, 9 ], "texture": "#texture" },
        "east":  { "uv": [ 11.5, 7, 14, 9.5 ], "texture": "#texture" }
    }
},
{
    "from": [ 9, 3, 6 ],
    "to": [ 9.5, 7, 10 ],
    "faces": {
        "down":  { "uv": [ 12, 7, 14.5, 9.5 ], "texture": "#texture" },
        "up":    { "uv": [ 11.5, 6.5, 14, 9 ], "texture": "#texture" },
        "north": { "uv": [ 11.5, 7, 14, 9.5 ], "texture": "#texture" },
        "south": { "uv": [ 11.5, 7.5, 14, 10 ], "texture": "#texture" },
        "west":  { "uv": [ 11.5, 6.5, 14, 9 ], "texture": "#texture" },
        "east":  { "uv": [ 11.5, 7, 14, 9.5 ], "texture": "#texture" }
    }
},
{
    "from": [ 9, 3.5, 5.5 ],
    "to": [ 9.5, 6.5, 10.5 ],
    "faces": {
        "down":  { "uv": [ 12, 7, 14.5, 9.5 ], "texture": "#texture" },
        "up":    { "uv": [ 11.5, 6.5, 14, 9 ], "texture": "#texture" },
        "north": { "uv": [ 11.5, 7, 14, 9.5 ], "texture": "#texture" },
        "south": { "uv": [ 11.5, 7.5, 14, 10 ], "texture": "#texture" },
        "west":  { "uv": [ 11.5, 6.5, 14, 9 ], "texture": "#texture" },
        "east":  { "uv": [ 11.5, 7, 14, 9.5 ], "texture": "#texture" }
    }
},
{
    "from": [ 9.5, 3, 7 ],
    "to": [ 10, 7, 9 ],
    "faces": {
        "down":  { "uv": [ 12, 7, 14.5, 9.5 ], "texture": "#texture" },
        "up":    { "uv": [ 11.5, 6.5, 14, 9 ], "texture": "#texture" },
        "north": { "uv": [ 11.5, 7, 14, 9.5 ], "texture": "#texture" },
        "south": { "uv": [ 11.5, 7.5, 14, 10 ], "texture": "#texture" },
        "west":  { "uv": [ 11.5, 6.5, 14, 9 ], "texture": "#texture" },
        "east":  { "uv": [ 11.5, 7, 14, 9.5 ], "texture": "#texture" }
    }
},
{
    "from": [ 9.5, 3.5, 6.5 ],
    "to": [ 10, 6.5, 9.5 ],
    "faces": {
        "down":  { "uv": [ 12, 7, 14.5, 9.5 ], "texture": "#texture" },
        "up":    { "uv": [ 11.5, 6.5, 14, 9 ], "texture": "#texture" },
        "north": { "uv": [ 11.5, 7, 14, 9.5 ], "texture": "#texture" },
        "south": { "uv": [ 11.5, 7.5, 14, 10 ], "texture": "#texture" },
        "west":  { "uv": [ 11.5, 6.5, 14, 9 ], "texture": "#texture" },
        "east":  { "uv": [ 11.5, 7, 14, 9.5 ], "texture": "#texture" }
    }
},
{
    "from": [ 9.5, 4, 6 ],
    "to": [ 10, 6, 10 ],
    "faces": {
        "down":  { "uv": [ 12, 7, 14.5, 9.5 ], "texture": "#texture" },
        "up":    { "uv": [ 11.5, 6.5, 14, 9 ], "texture": "#texture" },
        "north": { "uv": [ 11.5, 7, 14, 9.5 ], "texture": "#texture" },
        "south": { "uv": [ 11.5, 7.5, 14, 10 ], "texture": "#texture" },
        "west":  { "uv": [ 11.5, 6.5, 14, 9 ], "texture": "#texture" },
        "east":  { "uv": [ 11.5, 7, 14, 9.5 ], "texture": "#texture" }
    }
},
{
    "from": [ 10, 3, 6.5 ],
    "to": [ 17, 3.5, 9.5 ],
    "faces": {
        "down":  { "uv": [ 1, 12, 3.5, 14.5 ], "texture": "#texture" },
        "up":    { "uv": [ 1, 7, 3.5, 9.5 ], "texture": "#texture" },
        "north": { "uv": [ 1, 12.5, 3.5, 15 ], "texture": "#texture" },
        "south": { "uv": [ 1.5, 12.5, 4, 15 ], "texture": "#texture" },
        "west":  { "uv": [ 1, 12.5, 3.5, 15 ], "texture": "#texture" },
        "east":  { "uv": [ 1, 7, 3.5, 9.5 ], "texture": "#texture" }
    }
},
{
    "from": [ 10, 3.5, 9.5 ],
    "to": [ 17, 6.5, 10 ],
    "faces": {
        "down":  { "uv": [ 1, 12, 3.5, 14.5 ], "texture": "#texture" },
        "up":    { "uv": [ 0.5, 12, 3, 14.5 ], "texture": "#texture" },
        "north": { "uv": [ 1, 7.5, 3.5, 10 ], "texture": "#texture" },
        "south": { "uv": [ 1, 12, 3.5, 14.5 ], "texture": "#texture" },
        "west":  { "uv": [ 1, 12, 3.5, 14.5 ], "texture": "#texture" },
        "east":  { "uv": [ 1.5, 7, 4, 9.5 ], "texture": "#texture" }
    }
},
{
    "from": [ 10, 3.5, 6 ],
    "to": [ 17, 6.5, 6.5 ],
    "faces": {
        "down":  { "uv": [ 1, 12, 3.5, 14.5 ], "texture": "#texture" },
        "up":    { "uv": [ 0.5, 12, 3, 14.5 ], "texture": "#texture" },
        "north": { "uv": [ 1, 12.5, 3.5, 15 ], "texture": "#texture" },
        "south": { "uv": [ 1, 7, 3.5, 9.5 ], "texture": "#texture" },
        "west":  { "uv": [ 1, 11.5, 3.5, 14 ], "texture": "#texture" },
        "east":  { "uv": [ 1, 7.5, 3.5, 10 ], "texture": "#texture" }
    }
},
{
    "from": [ 10, 6.5, 6.5 ],
    "to": [ 17, 7, 9.5 ],
    "faces": {
        "down":  { "uv": [ 1, 6.5, 3.5, 9 ], "texture": "#texture" },
        "up":    { "uv": [ 0.5, 12, 3, 14.5 ], "texture": "#texture" },
        "north": { "uv": [ 1, 12.5, 3.5, 15 ], "texture": "#texture" },
        "south": { "uv": [ 1.5, 12.5, 4, 15 ], "texture": "#texture" },
        "west":  { "uv": [ 1, 12.5, 3.5, 15 ], "texture": "#texture" },
        "east":  { "uv": [ 1, 6.5, 3.5, 9 ], "texture": "#texture" }
    }
},
{
    "from": [ 4, 6, 6 ],
    "to": [ 10, 6.5, 10 ],
    "faces": {
        "down":  { "uv": [ 1, 12, 3.5, 14.5 ], "texture": "#texture" },
        "up":    { "uv": [ 0.5, 12, 3, 14.5 ], "texture": "#texture" },
        "north": { "uv": [ 1, 12.5, 3.5, 15 ], "texture": "#texture" },
        "south": { "uv": [ 1.5, 12.5, 4, 15 ], "texture": "#texture" },
        "west":  { "uv": [ 1, 12.5, 3.5, 15 ], "texture": "#texture" },
        "east":  { "uv": [ 1.5, 12, 4, 14.5 ], "texture": "#texture" }
    }
},
{
    "from": [ 4, 3.5, 6 ],
    "to": [ 10, 4, 10 ],
    "faces": {
        "down":  { "uv": [ 1, 12, 3.5, 14.5 ], "texture": "#texture" },
        "up":    { "uv": [ 0.5, 12, 3, 14.5 ], "texture": "#texture" },
        "north": { "uv": [ 1, 12.5, 3.5, 15 ], "texture": "#texture" },
        "south": { "uv": [ 1.5, 12.5, 4, 15 ], "texture": "#texture" },
        "west":  { "uv": [ 1, 12.5, 3.5, 15 ], "texture": "#texture" },
        "east":  { "uv": [ 1.5, 12, 4, 14.5 ], "texture": "#texture" }
    }
},
{
    "from": [ 4, 6.5, 6.5 ],
    "to": [ 10, 7, 7 ],
    "faces": {
        "down":  { "uv": [ 1, 12, 3.5, 14.5 ], "texture": "#texture" },
        "up":    { "uv": [ 0.5, 12, 3, 14.5 ], "texture": "#texture" },
        "north": { "uv": [ 1, 12.5, 3.5, 15 ], "texture": "#texture" },
        "south": { "uv": [ 1.5, 12.5, 4, 15 ], "texture": "#texture" },
        "west":  { "uv": [ 1, 12.5, 3.5, 15 ], "texture": "#texture" },
        "east":  { "uv": [ 1.5, 12, 4, 14.5 ], "texture": "#texture" }
    }
},
{
    "from": [ 4, 6.5, 9 ],
    "to": [ 10, 7, 9.5 ],
    "faces": {
        "down":  { "uv": [ 1, 12, 3.5, 14.5 ], "texture": "#texture" },
        "up":    { "uv": [ 0.5, 12, 3, 14.5 ], "texture": "#texture" },
        "north": { "uv": [ 1, 12.5, 3.5, 15 ], "texture": "#texture" },
        "south": { "uv": [ 1.5, 12.5, 4, 15 ], "texture": "#texture" },
        "west":  { "uv": [ 1, 12.5, 3.5, 15 ], "texture": "#texture" },
        "east":  { "uv": [ 1.5, 12, 4, 14.5 ], "texture": "#texture" }
    }
},
{
    "from": [ 4, 3, 9 ],
    "to": [ 10, 3.5, 9.5 ],
    "faces": {
        "down":  { "uv": [ 1, 12, 3.5, 14.5 ], "texture": "#texture" },
        "up":    { "uv": [ 0.5, 12, 3, 14.5 ], "texture": "#texture" },
        "north": { "uv": [ 1, 12.5, 3.5, 15 ], "texture": "#texture" },
        "south": { "uv": [ 1.5, 12.5, 4, 15 ], "texture": "#texture" },
        "west":  { "uv": [ 1, 12.5, 3.5, 15 ], "texture": "#texture" },
        "east":  { "uv": [ 1.5, 12, 4, 14.5 ], "texture": "#texture" }
    }
},
{
    "from": [ 4, 3, 6.5 ],
    "to": [ 10, 3.5, 7 ],
    "faces": {
        "down":  { "uv": [ 1, 12, 3.5, 14.5 ], "texture": "#texture" },
        "up":    { "uv": [ 0.5, 12, 3, 14.5 ], "texture": "#texture" },
        "north": { "uv": [ 1, 12.5, 3.5, 15 ], "texture": "#texture" },
        "south": { "uv": [ 1.5, 12.5, 4, 15 ], "texture": "#texture" },
        "west":  { "uv": [ 1, 12.5, 3.5, 15 ], "texture": "#texture" },
        "east":  { "uv": [ 1.5, 12, 4, 14.5 ], "texture": "#texture" }
    }
},
{
    "from": [ 17, 7, 6.5 ],
    "to": [ 17.5, 7.5, 9.5 ],
    "faces": {
        "down":  { "uv": [ 1, 7, 3.5, 9.5 ], "texture": "#texture" },
        "up":    { "uv": [ 0.5, 12, 3, 14.5 ], "texture": "#texture" },
        "north": { "uv": [ 1, 12.5, 3.5, 15 ], "texture": "#texture" },
        "south": { "uv": [ 1.5, 12.5, 4, 15 ], "texture": "#texture" },
        "west":  { "uv": [ 1, 12.5, 3.5, 15 ], "texture": "#texture" },
        "east":  { "uv": [ 1, 7, 3.5, 9.5 ], "texture": "#texture" }
    }
},
{
    "from": [ 17.5, 7.5, 6.5 ],
    "to": [ 18, 8, 9.5 ],
    "faces": {
        "down":  { "uv": [ 1, 6.5, 3.5, 9 ], "texture": "#texture" },
        "up":    { "uv": [ 0.5, 12, 3, 14.5 ], "texture": "#texture" },
        "north": { "uv": [ 1, 12.5, 3.5, 15 ], "texture": "#texture" },
        "south": { "uv": [ 1.5, 12.5, 4, 15 ], "texture": "#texture" },
        "west":  { "uv": [ 1, 12.5, 3.5, 15 ], "texture": "#texture" },
        "east":  { "uv": [ 1.5, 12, 4, 14.5 ], "texture": "#texture" }
    }
},
{
    "from": [ 17, 2.5, 6.5 ],
    "to": [ 17.5, 3, 9.5 ],
    "faces": {
        "down":  { "uv": [ 1, 12.5, 3.5, 15 ], "texture": "#texture" },
        "up":    { "uv": [ 1.5, 6.5, 4, 9 ], "texture": "#texture" },
        "north": { "uv": [ 1, 12.5, 3.5, 15 ], "texture": "#texture" },
        "south": { "uv": [ 1.5, 12.5, 4, 15 ], "texture": "#texture" },
        "west":  { "uv": [ 1, 12.5, 3.5, 15 ], "texture": "#texture" },
        "east":  { "uv": [ 1, 7, 3.5, 9.5 ], "texture": "#texture" }
    }
},
{
    "from": [ 17.5, 2, 6.5 ],
    "to": [ 18, 2.5, 9.5 ],
    "faces": {
        "down":  { "uv": [ 1, 12, 3.5, 14.5 ], "texture": "#texture" },
        "up":    { "uv": [ 1, 6.5, 3.5, 9 ], "texture": "#texture" },
        "north": { "uv": [ 1, 12.5, 3.5, 15 ], "texture": "#texture" },
        "south": { "uv": [ 1.5, 12.5, 4, 15 ], "texture": "#texture" },
        "west":  { "uv": [ 1, 12.5, 3.5, 15 ], "texture": "#texture" },
        "east":  { "uv": [ 1.5, 12, 4, 14.5 ], "texture": "#texture" }
    }
},
{
    "from": [ 17, 3.5, 5.5 ],
    "to": [ 17.5, 6.5, 6 ],
    "faces": {
        "down":  { "uv": [ 1, 12, 3.5, 14.5 ], "texture": "#texture" },
        "up":    { "uv": [ 0.5, 12, 3, 14.5 ], "texture": "#texture" },
        "north": { "uv": [ 1, 12.5, 3.5, 15 ], "texture": "#texture" },
        "south": { "uv": [ 1, 7.5, 3.5, 10 ], "texture": "#texture" },
        "west":  { "uv": [ 1, 12.5, 3.5, 15 ], "texture": "#texture" },
        "east":  { "uv": [ 1, 7.5, 3.5, 10 ], "texture": "#texture" }
    }
},
{
    "from": [ 17.5, 3.5, 5 ],
    "to": [ 18, 6.5, 5.5 ],
    "faces": {
        "down":  { "uv": [ 1, 12, 3.5, 14.5 ], "texture": "#texture" },
        "up":    { "uv": [ 0.5, 12, 3, 14.5 ], "texture": "#texture" },
        "north": { "uv": [ 1, 12.5, 3.5, 15 ], "texture": "#texture" },
        "south": { "uv": [ 1, 7, 3.5, 9.5 ], "texture": "#texture" },
        "west":  { "uv": [ 1, 12.5, 3.5, 15 ], "texture": "#texture" },
        "east":  { "uv": [ 1.5, 12, 4, 14.5 ], "texture": "#texture" }
    }
},
{
    "from": [ 17, 3.5, 10 ],
    "to": [ 17.5, 6.5, 10.5 ],
    "faces": {
        "down":  { "uv": [ 1, 12, 3.5, 14.5 ], "texture": "#texture" },
        "up":    { "uv": [ 0.5, 12, 3, 14.5 ], "texture": "#texture" },
        "north": { "uv": [ 1.5, 6.5, 4, 9 ], "texture": "#texture" },
        "south": { "uv": [ 1.5, 12.5, 4, 15 ], "texture": "#texture" },
        "west":  { "uv": [ 1, 12.5, 3.5, 15 ], "texture": "#texture" },
        "east":  { "uv": [ 1, 7.5, 3.5, 10 ], "texture": "#texture" }
    }
},
{
    "from": [ 17.5, 3.5, 10.5 ],
    "to": [ 18, 6.5, 11 ],
    "faces": {
        "down":  { "uv": [ 1, 12, 3.5, 14.5 ], "texture": "#texture" },
        "up":    { "uv": [ 0.5, 12, 3, 14.5 ], "texture": "#texture" },
        "north": { "uv": [ 1, 7, 3.5, 9.5 ], "texture": "#texture" },
        "south": { "uv": [ 1, 11.5, 3.5, 14 ], "texture": "#texture" },
        "west":  { "uv": [ 0.5, 12, 3, 14.5 ], "texture": "#texture" },
        "east":  { "uv": [ 1.5, 12, 4, 14.5 ], "texture": "#texture" }
    }
},
{
    "from": [ 17, 3, 9.5 ],
    "to": [ 17.5, 3.5, 10 ],
    "faces": {
        "down":  { "uv": [ 1.5, 12.5, 4, 15 ], "texture": "#texture" },
        "up":    { "uv": [ 1, 7, 3.5, 9.5 ], "texture": "#texture" },
        "north": { "uv": [ 1, 7, 3.5, 9.5 ], "texture": "#texture" },
        "south": { "uv": [ 1.5, 12.5, 4, 15 ], "texture": "#texture" },
        "west":  { "uv": [ 1, 12.5, 3.5, 15 ], "texture": "#texture" },
        "east":  { "uv": [ 1, 7, 3.5, 9.5 ], "texture": "#texture" }
    }
},
{
    "from": [ 17.5, 7, 9.5 ],
    "to": [ 18, 7.5, 10 ],
    "faces": {
        "down":  { "uv": [ 1, 7.5, 3.5, 10 ], "texture": "#texture" },
        "up":    { "uv": [ 0.5, 12, 3, 14.5 ], "texture": "#texture" },
        "north": { "uv": [ 1, 7, 3.5, 9.5 ], "texture": "#texture" },
        "south": { "uv": [ 1, 12.5, 3.5, 15 ], "texture": "#texture" },
        "west":  { "uv": [ 1, 12.5, 3.5, 15 ], "texture": "#texture" },
        "east":  { "uv": [ 1.5, 12, 4, 14.5 ], "texture": "#texture" }
    }
},
{
    "from": [ 17.5, 7, 6 ],
    "to": [ 18, 7.5, 6.5 ],
    "faces": {
        "down":  { "uv": [ 0.5, 7, 3, 9.5 ], "texture": "#texture" },
        "up":    { "uv": [ 0.5, 12, 3, 14.5 ], "texture": "#texture" },
        "north": { "uv": [ 1, 12.5, 3.5, 15 ], "texture": "#texture" },
        "south": { "uv": [ 1, 7.5, 3.5, 10 ], "texture": "#texture" },
        "west":  { "uv": [ 1, 12.5, 3.5, 15 ], "texture": "#texture" },
        "east":  { "uv": [ 1.5, 12, 4, 14.5 ], "texture": "#texture" }
    }
},
{
    "from": [ 17.5, 2.5, 9.5 ],
    "to": [ 18, 3, 10 ],
    "faces": {
        "down":  { "uv": [ 1, 12, 3.5, 14.5 ], "texture": "#texture" },
        "up":    { "uv": [ 1, 7.5, 3.5, 10 ], "texture": "#texture" },
        "north": { "uv": [ 1, 6.5, 3.5, 9 ], "texture": "#texture" },
        "south": { "uv": [ 0.5, 12, 3, 14.5 ], "texture": "#texture" },
        "west":  { "uv": [ 1, 12.5, 3.5, 15 ], "texture": "#texture" },
        "east":  { "uv": [ 1.5, 12, 4, 14.5 ], "texture": "#texture" }
    }
},
{
    "from": [ 17.5, 3, 5.5 ],
    "to": [ 18, 3.5, 6 ],
    "faces": {
        "down":  { "uv": [ 1, 12, 3.5, 14.5 ], "texture": "#texture" },
        "up":    { "uv": [ 0.5, 7.5, 3, 10 ], "texture": "#texture" },
        "north": { "uv": [ 1, 13, 3.5, 15.5 ], "texture": "#texture" },
        "south": { "uv": [ 1, 7, 3.5, 9.5 ], "texture": "#texture" },
        "west":  { "uv": [ 1, 12.5, 3.5, 15 ], "texture": "#texture" },
        "east":  { "uv": [ 1.5, 12, 4, 14.5 ], "texture": "#texture" }
    }
},
{
    "from": [ 17.5, 6.5, 5.5 ],
    "to": [ 18, 7, 6 ],
    "faces": {
        "down":  { "uv": [ 0.5, 7, 3, 9.5 ], "texture": "#texture" },
        "up":    { "uv": [ 0.5, 12, 3, 14.5 ], "texture": "#texture" },
        "north": { "uv": [ 1, 12.5, 3.5, 15 ], "texture": "#texture" },
        "south": { "uv": [ 1, 7.5, 3.5, 10 ], "texture": "#texture" },
        "west":  { "uv": [ 1, 12.5, 3.5, 15 ], "texture": "#texture" },
        "east":  { "uv": [ 1.5, 12, 4, 14.5 ], "texture": "#texture" }
    }
},
{
    "from": [ 17, 6.5, 6 ],
    "to": [ 17.5, 7, 6.5 ],
    "faces": {
        "down":  { "uv": [ 0.5, 7, 3, 9.5 ], "texture": "#texture" },
        "up":    { "uv": [ 0.5, 12, 3, 14.5 ], "texture": "#texture" },
        "north": { "uv": [ 1, 12.5, 3.5, 15 ], "texture": "#texture" },
        "south": { "uv": [ 1, 7.5, 3.5, 10 ], "texture": "#texture" },
        "west":  { "uv": [ 1, 12.5, 3.5, 15 ], "texture": "#texture" },
        "east":  { "uv": [ 1, 7, 3.5, 9.5 ], "texture": "#texture" }
    }
},
{
    "from": [ 17.5, 6.5, 10 ],
    "to": [ 18, 7, 10.5 ],
    "faces": {
        "down":  { "uv": [ 1, 7.5, 3.5, 10 ], "texture": "#texture" },
        "up":    { "uv": [ 0.5, 12, 3, 14.5 ], "texture": "#texture" },
        "north": { "uv": [ 1, 7, 3.5, 9.5 ], "texture": "#texture" },
        "south": { "uv": [ 1, 12.5, 3.5, 15 ], "texture": "#texture" },
        "west":  { "uv": [ 1, 12.5, 3.5, 15 ], "texture": "#texture" },
        "east":  { "uv": [ 1.5, 12, 4, 14.5 ], "texture": "#texture" }
    }
},
{
    "from": [ 17, 6.5, 9.5 ],
    "to": [ 17.5, 7, 10 ],
    "faces": {
        "down":  { "uv": [ 1, 7.5, 3.5, 10 ], "texture": "#texture" },
        "up":    { "uv": [ 0.5, 12, 3, 14.5 ], "texture": "#texture" },
        "north": { "uv": [ 1, 7, 3.5, 9.5 ], "texture": "#texture" },
        "south": { "uv": [ 1, 12.5, 3.5, 15 ], "texture": "#texture" },
        "west":  { "uv": [ 1, 12.5, 3.5, 15 ], "texture": "#texture" },
        "east":  { "uv": [ 1, 7, 3.5, 9.5 ], "texture": "#texture" }
    }
},
{
    "from": [ 17.5, 2.5, 6 ],
    "to": [ 18, 3, 6.5 ],
    "faces": {
        "down":  { "uv": [ 1, 12, 3.5, 14.5 ], "texture": "#texture" },
        "up":    { "uv": [ 0.5, 7.5, 3, 10 ], "texture": "#texture" },
        "north": { "uv": [ 1, 13, 3.5, 15.5 ], "texture": "#texture" },
        "south": { "uv": [ 1, 7, 3.5, 9.5 ], "texture": "#texture" },
        "west":  { "uv": [ 1, 12.5, 3.5, 15 ], "texture": "#texture" },
        "east":  { "uv": [ 1.5, 12, 4, 14.5 ], "texture": "#texture" }
    }
},
{
    "from": [ 17, 3, 6 ],
    "to": [ 17.5, 3.5, 6.5 ],
    "faces": {
        "down":  { "uv": [ 1, 12, 3.5, 14.5 ], "texture": "#texture" },
        "up":    { "uv": [ 0.5, 7.5, 3, 10 ], "texture": "#texture" },
        "north": { "uv": [ 1, 13, 3.5, 15.5 ], "texture": "#texture" },
        "south": { "uv": [ 1, 7, 3.5, 9.5 ], "texture": "#texture" },
        "west":  { "uv": [ 1, 12.5, 3.5, 15 ], "texture": "#texture" },
        "east":  { "uv": [ 1, 7, 3.5, 9.5 ], "texture": "#texture" }
    }
},
{
    "from": [ 17.5, 3, 10 ],
    "to": [ 18, 3.5, 10.5 ],
    "faces": {
        "down":  { "uv": [ 1, 12, 3.5, 14.5 ], "texture": "#texture" },
        "up":    { "uv": [ 1, 7.5, 3.5, 10 ], "texture": "#texture" },
        "north": { "uv": [ 1, 6.5, 3.5, 9 ], "texture": "#texture" },
        "south": { "uv": [ 0.5, 12, 3, 14.5 ], "texture": "#texture" },
        "west":  { "uv": [ 1, 12.5, 3.5, 15 ], "texture": "#texture" },
        "east":  { "uv": [ 1.5, 12, 4, 14.5 ], "texture": "#texture" }
    }
},
{
    "from": [ 10, 3.5, 6.5 ],
    "to": [ 10.5, 6.5, 9.5 ],
    "faces": {
        "down":  { "uv": [ 1, 7, 3.5, 9.5 ], "texture": "#texture" },
        "up":    { "uv": [ 1, 7.5, 3.5, 10 ], "texture": "#texture" },
        "north": { "uv": [ 1, 7.5, 3.5, 10 ], "texture": "#texture" },
        "south": { "uv": [ 1, 7.5, 3.5, 10 ], "texture": "#texture" },
        "west":  { "uv": [ 1, 6.5, 3.5, 9 ], "texture": "#texture" },
        "east":  { "uv": [ 1, 6.5, 3.5, 9 ], "texture": "#texture" }
    }
},
{
    "from": [ -6, 3.5, 6 ],
    "to": [ 4, 6.5, 6.5 ],
    "faces": {
        "down":  { "uv": [ 1, 12, 3.5, 14.5 ], "texture": "#texture" },
        "up":    { "uv": [ 0.5, 12, 3, 14.5 ], "texture": "#texture" },
        "north": { "uv": [ 1, 12.5, 3.5, 15 ], "texture": "#texture" },
        "south": { "uv": [ 1, 7, 3.5, 9.5 ], "texture": "#texture" },
        "west":  { "uv": [ 1, 11.5, 3.5, 14 ], "texture": "#texture" },
        "east":  { "uv": [ 1, 7.5, 3.5, 10 ], "texture": "#texture" }
    }
},
{
    "from": [ -6, 6.5, 6.5 ],
    "to": [ 4, 7, 9.5 ],
    "faces": {
        "down":  { "uv": [ 1, 6.5, 3.5, 9 ], "texture": "#texture" },
        "up":    { "uv": [ 0.5, 12, 3, 14.5 ], "texture": "#texture" },
        "north": { "uv": [ 1, 12.5, 3.5, 15 ], "texture": "#texture" },
        "south": { "uv": [ 1.5, 12.5, 4, 15 ], "texture": "#texture" },
        "west":  { "uv": [ 1, 12.5, 3.5, 15 ], "texture": "#texture" },
        "east":  { "uv": [ 1, 6.5, 3.5, 9 ], "texture": "#texture" }
    }
},
{
    "from": [ -6, 3.5, 9.5 ],
    "to": [ 4, 6.5, 10 ],
    "faces": {
        "down":  { "uv": [ 1, 12, 3.5, 14.5 ], "texture": "#texture" },
        "up":    { "uv": [ 0.5, 12, 3, 14.5 ], "texture": "#texture" },
        "north": { "uv": [ 1, 7.5, 3.5, 10 ], "texture": "#texture" },
        "south": { "uv": [ 1, 12, 3.5, 14.5 ], "texture": "#texture" },
        "west":  { "uv": [ 1, 12, 3.5, 14.5 ], "texture": "#texture" },
        "east":  { "uv": [ 1.5, 7, 4, 9.5 ], "texture": "#texture" }
    }
},
{
    "from": [ -6, 3, 6.5 ],
    "to": [ 4, 3.5, 9.5 ],
    "faces": {
        "down":  { "uv": [ 1, 12, 3.5, 14.5 ], "texture": "#texture" },
        "up":    { "uv": [ 1, 7, 3.5, 9.5 ], "texture": "#texture" },
        "north": { "uv": [ 1, 12.5, 3.5, 15 ], "texture": "#texture" },
        "south": { "uv": [ 1.5, 12.5, 4, 15 ], "texture": "#texture" },
        "west":  { "uv": [ 1, 12.5, 3.5, 15 ], "texture": "#texture" },
        "east":  { "uv": [ 1, 7, 3.5, 9.5 ], "texture": "#texture" }
    }
},
{
    "from": [ 3.5, 3.5, 6.5 ],
    "to": [ 4, 6.5, 9.5 ],
    "faces": {
        "down":  { "uv": [ 1, 7, 3.5, 9.5 ], "texture": "#texture" },
        "up":    { "uv": [ 1, 7.5, 3.5, 10 ], "texture": "#texture" },
        "north": { "uv": [ 1, 7.5, 3.5, 10 ], "texture": "#texture" },
        "south": { "uv": [ 1, 7.5, 3.5, 10 ], "texture": "#texture" },
        "west":  { "uv": [ 1, 6.5, 3.5, 9 ], "texture": "#texture" },
        "east":  { "uv": [ 1, 6.5, 3.5, 9 ], "texture": "#texture" }
    }
},
{
    "from": [ 1, 6.9425, 7 ],
    "to": [ 3, 7.005, 9 ],
    "faces": {
        "down":  { "uv": [ 1, 7, 3.5, 9.5 ], "texture": "#texture" },
        "up":    { "uv": [ 1, 7, 3.5, 9.5 ], "texture": "#texture" },
        "north": { "uv": [ 1, 7, 3.5, 9.5 ], "texture": "#texture" },
        "south": { "uv": [ 1, 7, 3.5, 9.5 ], "texture": "#texture" },
        "west":  { "uv": [ 1, 6.5, 3.5, 9 ], "texture": "#texture" },
        "east":  { "uv": [ 1, 7, 3.5, 9.5 ], "texture": "#texture" }
    }
},
{
    "from": [ 0.75, 6.9425, 7.25 ],
    "to": [ 3.25, 7.005, 8.75 ],
    "faces": {
        "down":  { "uv": [ 1, 7, 3.5, 9.5 ], "texture": "#texture" },
        "up":    { "uv": [ 1, 7, 3.5, 9.5 ], "texture": "#texture" },
        "north": { "uv": [ 1, 7, 3.5, 9.5 ], "texture": "#texture" },
        "south": { "uv": [ 1, 7, 3.5, 9.5 ], "texture": "#texture" },
        "west":  { "uv": [ 1, 6.5, 3.5, 9 ], "texture": "#texture" },
        "east":  { "uv": [ 1, 7, 3.5, 9.5 ], "texture": "#texture" }
    }
},
{
    "from": [ 1.25, 6.9425, 6.75 ],
    "to": [ 2.75, 7.005, 9.25 ],
    "faces": {
        "down":  { "uv": [ 1, 7, 3.5, 9.5 ], "texture": "#texture" },
        "up":    { "uv": [ 1, 7, 3.5, 9.5 ], "texture": "#texture" },
        "north": { "uv": [ 1, 7, 3.5, 9.5 ], "texture": "#texture" },
        "south": { "uv": [ 1, 7, 3.5, 9.5 ], "texture": "#texture" },
        "west":  { "uv": [ 1, 6.5, 3.5, 9 ], "texture": "#texture" },
        "east":  { "uv": [ 1, 7, 3.5, 9.5 ], "texture": "#texture" }
    }
},
{
    "from": [ -1.75, 6.9425, 7 ],
    "to": [ 0.25, 7.005, 9 ],
    "faces": {
        "down":  { "uv": [ 1, 7, 3.5, 9.5 ], "texture": "#texture" },
        "up":    { "uv": [ 1, 7, 3.5, 9.5 ], "texture": "#texture" },
        "north": { "uv": [ 1, 7, 3.5, 9.5 ], "texture": "#texture" },
        "south": { "uv": [ 1, 7, 3.5, 9.5 ], "texture": "#texture" },
        "west":  { "uv": [ 1, 6.5, 3.5, 9 ], "texture": "#texture" },
        "east":  { "uv": [ 1, 7, 3.5, 9.5 ], "texture": "#texture" }
    }
},
{
    "from": [ -2, 6.9425, 7.25 ],
    "to": [ 0.5, 7.005, 8.75 ],
    "faces": {
        "down":  { "uv": [ 1, 7, 3.5, 9.5 ], "texture": "#texture" },
        "up":    { "uv": [ 1, 7, 3.5, 9.5 ], "texture": "#texture" },
        "north": { "uv": [ 1, 7, 3.5, 9.5 ], "texture": "#texture" },
        "south": { "uv": [ 1, 7, 3.5, 9.5 ], "texture": "#texture" },
        "west":  { "uv": [ 1, 6.5, 3.5, 9 ], "texture": "#texture" },
        "east":  { "uv": [ 1, 7, 3.5, 9.5 ], "texture": "#texture" }
    }
},
{
    "from": [ -1.5, 6.9425, 6.75 ],
    "to": [ 0, 7.005, 9.25 ],
    "faces": {
        "down":  { "uv": [ 1, 7, 3.5, 9.5 ], "texture": "#texture" },
        "up":    { "uv": [ 1, 7, 3.5, 9.5 ], "texture": "#texture" },
        "north": { "uv": [ 1, 7, 3.5, 9.5 ], "texture": "#texture" },
        "south": { "uv": [ 1, 7, 3.5, 9.5 ], "texture": "#texture" },
        "west":  { "uv": [ 1, 6.5, 3.5, 9 ], "texture": "#texture" },
        "east":  { "uv": [ 1, 7, 3.5, 9.5 ], "texture": "#texture" }
    }
},
{
    "from": [ -4.5, 6.9425, 7 ],
    "to": [ -2.5, 7.005, 9 ],
    "faces": {
        "down":  { "uv": [ 1, 7, 3.5, 9.5 ], "texture": "#texture" },
        "up":    { "uv": [ 1, 7, 3.5, 9.5 ], "texture": "#texture" },
        "north": { "uv": [ 1, 7, 3.5, 9.5 ], "texture": "#texture" },
        "south": { "uv": [ 1, 7, 3.5, 9.5 ], "texture": "#texture" },
        "west":  { "uv": [ 1, 6.5, 3.5, 9 ], "texture": "#texture" },
        "east":  { "uv": [ 1, 7, 3.5, 9.5 ], "texture": "#texture" }
    }
},
{
    "from": [ -4.75, 6.9425, 7.25 ],
    "to": [ -2.25, 7.005, 8.75 ],
    "faces": {
        "down":  { "uv": [ 1, 7, 3.5, 9.5 ], "texture": "#texture" },
        "up":    { "uv": [ 1, 7, 3.5, 9.5 ], "texture": "#texture" },
        "north": { "uv": [ 1, 7, 3.5, 9.5 ], "texture": "#texture" },
        "south": { "uv": [ 1, 7, 3.5, 9.5 ], "texture": "#texture" },
        "west":  { "uv": [ 1, 6.5, 3.5, 9 ], "texture": "#texture" },
        "east":  { "uv": [ 1, 7, 3.5, 9.5 ], "texture": "#texture" }
    }
},
{
    "from": [ -4.25, 6.9425, 6.75 ],
    "to": [ -2.75, 7.005, 9.25 ],
    "faces": {
        "down":  { "uv": [ 1, 7, 3.5, 9.5 ], "texture": "#texture" },
        "up":    { "uv": [ 1, 7, 3.5, 9.5 ], "texture": "#texture" },
        "north": { "uv": [ 1, 7, 3.5, 9.5 ], "texture": "#texture" },
        "south": { "uv": [ 1, 7, 3.5, 9.5 ], "texture": "#texture" },
        "west":  { "uv": [ 1, 6.5, 3.5, 9 ], "texture": "#texture" },
        "east":  { "uv": [ 1, 7, 3.5, 9.5 ], "texture": "#texture" }
    }
}
],
"display": {
    "thirdperson_righthand": {
        "rotation": [ 25, -70, 15 ],
        "translation": [ -0.35, 1.15, 1.15 ],
        "scale": [ 0.35, 0.35, 0.35 ]
    },
    "thirdperson_lefthand": {
        "rotation": [ -5, 110, 15 ],
        "translation": [ -0.35, 1.12, 1.12 ],
        "scale": [ 0.35, 0.35, 0.35 ]
    },
    "head": {
        "rotation": [ 0, -90, 0 ],
        "translation": [ 0, -2.27, -11.34 ],
        "scale": [ 0.5, 0.5, 0.5 ]
    },
    "firstperson_righthand": {
        "rotation": [ 150, -40, 90 ],
        "translation": [ 0, 1, -3 ],
        "scale": [ 0.5, 0.5, 0.5 ]
    },
    "firstperson_lefthand": {
        "rotation": [ -30, 40, 90 ],
        "translation": [ 0, 1, -3 ],
        "scale": [ 0.5, 0.5, 0.5 ]
    },
    "gui": {
        "rotation": [ 50, 50, 0 ],
        "translation": [ 0.7, 2.2, 0 ],
        "scale": [ 0.8, 0.8, 0.8 ]
    }
}
}