{
	"credit": "Designed by Samasaurus6 with BDcraft Cubik PRO 0.96 Beta - http://bdcraft.net",
	"textures": {
		"meganium_petals": "pokemon/meganium/meganium_petals",
		"meganium_antenna": "pokemon/meganium/meganium_antenna",
		"meganium_eye": "pokemon/meganium/meganium_eye",
		"meganium_nose": "pokemon/meganium/meganium_nose"
	},
	"elements": [
		{
			"from": [2.5, 4, 6],
			"to": [8.5, 9, 11],
			"faces": {
				"north": {"uv": [1, 1, 3, 3], "texture": "#meganium_nose"},
				"east": {"uv": [1, 1, 3, 3], "texture": "#meganium_nose"},
				"south": {"uv": [1, 1, 3, 3], "texture": "#meganium_nose"},
				"west": {"uv": [1, 1, 3, 3], "texture": "#meganium_nose"},
				"up": {"uv": [1, 1, 3, 3], "texture": "#meganium_nose"},
				"down": {"uv": [1, 1, 3, 3], "texture": "#meganium_nose"}
			}
		},
		{
			"from": [8.5, 5, 6],
			"to": [12, 9, 11],
			"rotation": {"angle": -22.5, "axis": "z", "origin": [8.5, 9, 6]},
			"faces": {
				"north": {"uv": [1, 1, 3, 3], "texture": "#meganium_nose"},
				"east": {"uv": [1, 1, 3, 3], "texture": "#meganium_nose"},
				"south": {"uv": [1, 1, 3, 3], "texture": "#meganium_nose"},
				"west": {"uv": [1, 1, 3, 3], "texture": "#meganium_nose"},
				"up": {"uv": [1, 1, 3, 3], "texture": "#meganium_nose"},
				"down": {"uv": [1, 1, 3, 3], "texture": "#meganium_nose"}
			}
		},
		{
			"from": [5.5, 4, 6],
			"to": [10, 5.5, 11],
			"faces": {
				"north": {"uv": [1, 1, 3, 3], "texture": "#meganium_nose"},
				"east": {"uv": [1, 1, 3, 3], "texture": "#meganium_nose"},
				"south": {"uv": [1, 1, 3, 3], "texture": "#meganium_nose"},
				"west": {"uv": [1, 1, 3, 3], "texture": "#meganium_nose"},
				"up": {"uv": [1, 1, 3, 3], "texture": "#meganium_nose"},
				"down": {"uv": [1, 1, 3, 3], "texture": "#meganium_nose"}
			}
		},
		{
			"from": [9.625, 5.25, 7.125],
			"to": [13.0625, 8.4375, 9.625],
			"rotation": {"angle": -22.5, "axis": "z", "origin": [9.625, 8.4375, 7.125]},
			"faces": {
				"north": {"uv": [1, 1, 3, 3], "texture": "#meganium_nose"},
				"east": {"uv": [1, 1, 3, 3], "texture": "#meganium_nose"},
				"south": {"uv": [1, 1, 3, 3], "texture": "#meganium_nose"},
				"west": {"uv": [1, 1, 3, 3], "texture": "#meganium_nose"},
				"up": {"uv": [1, 1, 3, 3], "texture": "#meganium_nose"},
				"down": {"uv": [1, 1, 3, 3], "texture": "#meganium_nose"}
			}
		},
		{
			"from": [11.375, 4.25, 7.3125],
			"to": [14.125, 7.0625, 9.4375],
			"faces": {
				"north": {"uv": [1, 1, 3, 3], "texture": "#meganium_nose"},
				"east": {"uv": [1, 1, 3, 3], "texture": "#meganium_nose"},
				"south": {"uv": [1, 1, 3, 3], "texture": "#meganium_nose"},
				"west": {"uv": [1, 1, 3, 3], "texture": "#meganium_nose"},
				"up": {"uv": [1, 1, 3, 3], "texture": "#meganium_nose"},
				"down": {"uv": [1, 1, 3, 3], "texture": "#meganium_nose"}
			}
		},
		{
			"from": [13.8125, 5.4375, 7.5625],
			"to": [16, 7.1875, 9.125],
			"rotation": {"angle": -45, "axis": "z", "origin": [13.8125, 7.1875, 7.5625]},
			"faces": {
				"north": {"uv": [1, 1, 3, 3], "texture": "#meganium_nose"},
				"east": {"uv": [1, 1, 3, 3], "texture": "#meganium_nose"},
				"south": {"uv": [1, 1, 3, 3], "texture": "#meganium_nose"},
				"west": {"uv": [1, 1, 3, 3], "texture": "#meganium_nose"},
				"up": {"uv": [1, 1, 3, 3], "texture": "#meganium_nose"},
				"down": {"uv": [1, 1, 3, 3], "texture": "#meganium_nose"}
			}
		},
		{
			"from": [7.875, 2.875, 9],
			"to": [10.5, 6.875, 11],
			"rotation": {"angle": -22.5, "axis": "x", "origin": [7.875, 6.875, 9]},
			"faces": {
				"north": {"uv": [1, 1, 3, 3], "texture": "#meganium_nose"},
				"east": {"uv": [1, 1, 3, 3], "texture": "#meganium_nose"},
				"south": {"uv": [1, 1, 3, 3], "texture": "#meganium_nose"},
				"west": {"uv": [1, 1, 3, 3], "texture": "#meganium_nose"},
				"up": {"uv": [1, 1, 3, 3], "texture": "#meganium_nose"},
				"down": {"uv": [1, 1, 3, 3], "texture": "#meganium_nose"}
			}
		},
		{
			"from": [8.0625, 2, 10.4375],
			"to": [10.3125, 4, 12.3125],
			"faces": {
				"north": {"uv": [1, 1, 3, 3], "texture": "#meganium_nose"},
				"east": {"uv": [1, 1, 3, 3], "texture": "#meganium_nose"},
				"south": {"uv": [1, 1, 3, 3], "texture": "#meganium_nose"},
				"west": {"uv": [1, 1, 3, 3], "texture": "#meganium_nose"},
				"up": {"uv": [1, 1, 3, 3], "texture": "#meganium_nose"},
				"down": {"uv": [1, 1, 3, 3], "texture": "#meganium_nose"}
			}
		},
		{
			"from": [1.9375, 5.25, 9.125],
			"to": [8.9375, 8.25, 11.125],
			"rotation": {"angle": -22.5, "axis": "x", "origin": [1.9375, 8.25, 9.125]},
			"faces": {
				"north": {"uv": [1, 1, 3, 3], "texture": "#meganium_nose"},
				"east": {"uv": [1, 1, 3, 3], "texture": "#meganium_nose"},
				"south": {"uv": [1, 1, 3, 3], "texture": "#meganium_nose"},
				"west": {"uv": [1, 1, 3, 3], "texture": "#meganium_nose"},
				"up": {"uv": [1, 1, 3, 3], "texture": "#meganium_nose"},
				"down": {"uv": [1, 1, 3, 3], "texture": "#meganium_nose"}
			}
		},
		{
			"from": [2, 3.75, 9.9375],
			"to": [4.3125, 6.1875, 12.1875],
			"faces": {
				"north": {"uv": [1, 1, 3, 3], "texture": "#meganium_nose"},
				"east": {"uv": [1, 1, 3, 3], "texture": "#meganium_nose"},
				"south": {"uv": [1, 1, 3, 3], "texture": "#meganium_nose"},
				"west": {"uv": [1, 1, 3, 3], "texture": "#meganium_nose"},
				"up": {"uv": [1, 1, 3, 3], "texture": "#meganium_nose"},
				"down": {"uv": [1, 1, 3, 3], "texture": "#meganium_nose"}
			}
		},
		{
			"from": [1.9375, 4.625, 10.25],
			"to": [8.9375, 7, 12.3125],
			"rotation": {"angle": 22.5, "axis": "x", "origin": [1.9375, 7, 10.25]},
			"faces": {
				"north": {"uv": [1, 1, 3, 3], "texture": "#meganium_nose"},
				"east": {"uv": [1, 1, 3, 3], "texture": "#meganium_nose"},
				"south": {"uv": [1, 1, 3, 3], "texture": "#meganium_nose"},
				"west": {"uv": [1, 1, 3, 3], "texture": "#meganium_nose"},
				"up": {"uv": [1, 1, 3, 3], "texture": "#meganium_nose"},
				"down": {"uv": [1, 1, 3, 3], "texture": "#meganium_nose"}
			}
		},
		{
			"from": [1.9375, 6, 6.0625],
			"to": [8.9375, 9, 8.0625],
			"rotation": {"angle": 22.5, "axis": "x", "origin": [1.9375, 9, 6.0625]},
			"faces": {
				"north": {"uv": [1, 1, 3, 3], "texture": "#meganium_nose"},
				"east": {"uv": [1, 1, 3, 3], "texture": "#meganium_nose"},
				"south": {"uv": [1, 1, 3, 3], "texture": "#meganium_nose"},
				"west": {"uv": [1, 1, 3, 3], "texture": "#meganium_nose"},
				"up": {"uv": [1, 1, 3, 3], "texture": "#meganium_nose"},
				"down": {"uv": [1, 1, 3, 3], "texture": "#meganium_nose"}
			}
		},
		{
			"from": [1.9375, 3.875, 4.875],
			"to": [8.9375, 6.25, 6.9375],
			"rotation": {"angle": -22.5, "axis": "x", "origin": [1.9375, 6.25, 4.875]},
			"faces": {
				"north": {"uv": [1, 1, 3, 3], "texture": "#meganium_nose"},
				"east": {"uv": [1, 1, 3, 3], "texture": "#meganium_nose"},
				"south": {"uv": [1, 1, 3, 3], "texture": "#meganium_nose"},
				"west": {"uv": [1, 1, 3, 3], "texture": "#meganium_nose"},
				"up": {"uv": [1, 1, 3, 3], "texture": "#meganium_nose"},
				"down": {"uv": [1, 1, 3, 3], "texture": "#meganium_nose"}
			}
		},
		{
			"from": [2.0625, 5.8125, 6.25],
			"to": [5.5625, 8.625, 10.75],
			"rotation": {"angle": -45, "axis": "z", "origin": [2.0625, 8.625, 6.25]},
			"faces": {
				"north": {"uv": [1, 1, 3, 3], "texture": "#meganium_nose"},
				"east": {"uv": [1, 1, 3, 3], "texture": "#meganium_nose"},
				"south": {"uv": [1, 1, 3, 3], "texture": "#meganium_nose"},
				"west": {"uv": [1, 1, 3, 3], "texture": "#meganium_nose"},
				"up": {"uv": [1, 1, 3, 3], "texture": "#meganium_nose"},
				"down": {"uv": [1, 1, 3, 3], "texture": "#meganium_nose"}
			}
		},
		{
			"from": [0, 6.5625, 6.5625],
			"to": [3.5, 9.4375, 10.4375],
			"faces": {
				"north": {"uv": [1, 1, 3, 3], "texture": "#meganium_nose"},
				"east": {"uv": [1, 1, 3, 3], "texture": "#meganium_nose"},
				"south": {"uv": [1, 1, 3, 3], "texture": "#meganium_nose"},
				"west": {"uv": [1, 1, 3, 3], "texture": "#meganium_nose"},
				"up": {"uv": [1, 1, 3, 3], "texture": "#meganium_nose"},
				"down": {"uv": [1, 1, 3, 3], "texture": "#meganium_nose"}
			}
		},
		{
			"from": [2, 8.4375, 6.75],
			"to": [5.5, 11.25, 10.25],
			"rotation": {"angle": -45, "axis": "z", "origin": [2, 11.25, 6.75]},
			"faces": {
				"north": {"uv": [1, 1, 3, 3], "texture": "#meganium_nose"},
				"east": {"uv": [1, 1, 3, 3], "texture": "#meganium_nose"},
				"south": {"uv": [1, 1, 3, 3], "texture": "#meganium_nose"},
				"west": {"uv": [1, 1, 3, 3], "texture": "#meganium_nose"},
				"up": {"uv": [1, 1, 3, 3], "texture": "#meganium_nose"},
				"down": {"uv": [1, 1, 3, 3], "texture": "#meganium_nose"}
			}
		},
		{
			"from": [0.4375, 7.4375, 6.875],
			"to": [3, 12.3125, 10.125],
			"faces": {
				"north": {"uv": [1, 1, 3, 3], "texture": "#meganium_nose"},
				"east": {"uv": [1, 1, 3, 3], "texture": "#meganium_nose"},
				"south": {"uv": [1, 1, 3, 3], "texture": "#meganium_nose"},
				"west": {"uv": [1, 1, 3, 3], "texture": "#meganium_nose"},
				"up": {"uv": [1, 1, 3, 3], "texture": "#meganium_nose"},
				"down": {"uv": [1, 1, 3, 3], "texture": "#meganium_nose"}
			}
		},
		{
			"from": [0.5, 12, 7.1875],
			"to": [2.875, 15.5, 9.8125],
			"faces": {
				"north": {"uv": [1, 1, 3, 3], "texture": "#meganium_nose"},
				"east": {"uv": [1, 1, 3, 3], "texture": "#meganium_nose"},
				"south": {"uv": [1, 1, 3, 3], "texture": "#meganium_nose"},
				"west": {"uv": [1, 1, 3, 3], "texture": "#meganium_nose"},
				"up": {"uv": [1, 1, 3, 3], "texture": "#meganium_nose"},
				"down": {"uv": [1, 1, 3, 3], "texture": "#meganium_nose"}
			}
		},
		{
			"from": [-1.1875, 15.0625, 6.875],
			"to": [2.875, 18, 10.125],
			"faces": {
				"north": {"uv": [1, 1, 3, 3], "texture": "#meganium_nose"},
				"east": {"uv": [1, 1, 3, 3], "texture": "#meganium_nose"},
				"south": {"uv": [1, 1, 3, 3], "texture": "#meganium_nose"},
				"west": {"uv": [1, 1, 3, 3], "texture": "#meganium_nose"},
				"up": {"uv": [1, 1, 3, 3], "texture": "#meganium_nose"},
				"down": {"uv": [1, 1, 3, 3], "texture": "#meganium_nose"}
			}
		},
		{
			"from": [7.875, 3.625, 6.3125],
			"to": [10.5, 7.625, 8.3125],
			"rotation": {"angle": 22.5, "axis": "x", "origin": [7.875, 7.625, 6.3125]},
			"faces": {
				"north": {"uv": [1, 1, 3, 3], "texture": "#meganium_nose"},
				"east": {"uv": [1, 1, 3, 3], "texture": "#meganium_nose"},
				"south": {"uv": [1, 1, 3, 3], "texture": "#meganium_nose"},
				"west": {"uv": [1, 1, 3, 3], "texture": "#meganium_nose"},
				"up": {"uv": [1, 1, 3, 3], "texture": "#meganium_nose"},
				"down": {"uv": [1, 1, 3, 3], "texture": "#meganium_nose"}
			}
		},
		{
			"from": [2.125, 2, 10.0625],
			"to": [4.1875, 4.5625, 12.0625],
			"faces": {
				"north": {"uv": [1, 1, 3, 3], "texture": "#meganium_nose"},
				"east": {"uv": [1, 1, 3, 3], "texture": "#meganium_nose"},
				"south": {"uv": [1, 1, 3, 3], "texture": "#meganium_nose"},
				"west": {"uv": [1, 1, 3, 3], "texture": "#meganium_nose"},
				"up": {"uv": [1, 1, 3, 3], "texture": "#meganium_nose"},
				"down": {"uv": [1, 1, 3, 3], "texture": "#meganium_nose"}
			}
		},
		{
			"from": [1.8125, 1.9375, 10.0625],
			"to": [2.9375, 2.625, 12.0625],
			"rotation": {"angle": 22.5, "axis": "z", "origin": [1.8125, 2.625, 10.0625]},
			"faces": {
				"north": {"uv": [1, 1, 3, 3], "texture": "#meganium_nose"},
				"east": {"uv": [1, 1, 3, 3], "texture": "#meganium_nose"},
				"south": {"uv": [1, 1, 3, 3], "texture": "#meganium_nose"},
				"west": {"uv": [1, 1, 3, 3], "texture": "#meganium_nose"},
				"up": {"uv": [1, 1, 3, 3], "texture": "#meganium_nose"},
				"down": {"uv": [1, 1, 3, 3], "texture": "#meganium_nose"}
			}
		},
		{
			"from": [1.625, 2, 10.1875],
			"to": [2.4375, 2.5, 10.6875],
			"faces": {
				"north": {"uv": [5, 1, 7, 3], "texture": "#meganium_nose"},
				"east": {"uv": [5, 1, 7, 3], "texture": "#meganium_nose"},
				"south": {"uv": [5, 1, 7, 3], "texture": "#meganium_nose"},
				"west": {"uv": [5, 1, 7, 3], "texture": "#meganium_nose"},
				"up": {"uv": [5, 1, 7, 3], "texture": "#meganium_nose"},
				"down": {"uv": [5, 1, 7, 3], "texture": "#meganium_nose"}
			}
		},
		{
			"from": [2, 3.75, 5],
			"to": [4.3125, 6.1875, 7.25],
			"faces": {
				"north": {"uv": [1, 1, 3, 3], "texture": "#meganium_nose"},
				"east": {"uv": [1, 1, 3, 3], "texture": "#meganium_nose"},
				"south": {"uv": [1, 1, 3, 3], "texture": "#meganium_nose"},
				"west": {"uv": [1, 1, 3, 3], "texture": "#meganium_nose"},
				"up": {"uv": [1, 1, 3, 3], "texture": "#meganium_nose"},
				"down": {"uv": [1, 1, 3, 3], "texture": "#meganium_nose"}
			}
		},
		{
			"from": [2.125, 2, 5.125],
			"to": [4.1875, 4.5625, 7.125],
			"faces": {
				"north": {"uv": [1, 1, 3, 3], "texture": "#meganium_nose"},
				"east": {"uv": [1, 1, 3, 3], "texture": "#meganium_nose"},
				"south": {"uv": [1, 1, 3, 3], "texture": "#meganium_nose"},
				"west": {"uv": [1, 1, 3, 3], "texture": "#meganium_nose"},
				"up": {"uv": [1, 1, 3, 3], "texture": "#meganium_nose"},
				"down": {"uv": [1, 1, 3, 3], "texture": "#meganium_nose"}
			}
		},
		{
			"from": [1.8125, 1.94448, 5.125],
			"to": [2.9375, 2.63198, 7.125],
			"rotation": {"angle": 22.5, "axis": "z", "origin": [1.8125, 2.63198, 5.125]},
			"faces": {
				"north": {"uv": [1, 1, 3, 3], "texture": "#meganium_nose"},
				"east": {"uv": [1, 1, 3, 3], "texture": "#meganium_nose"},
				"south": {"uv": [1, 1, 3, 3], "texture": "#meganium_nose"},
				"west": {"uv": [1, 1, 3, 3], "texture": "#meganium_nose"},
				"up": {"uv": [1, 1, 3, 3], "texture": "#meganium_nose"},
				"down": {"uv": [1, 1, 3, 3], "texture": "#meganium_nose"}
			}
		},
		{
			"from": [-0.5625, 14.9375, 7.25],
			"to": [1.75, 16.5, 9.75],
			"rotation": {"angle": -22.5, "axis": "z", "origin": [-0.5625, 16.5, 7.25]},
			"faces": {
				"north": {"uv": [1, 1, 3, 3], "texture": "#meganium_nose"},
				"east": {"uv": [1, 1, 3, 3], "texture": "#meganium_nose"},
				"south": {"uv": [1, 1, 3, 3], "texture": "#meganium_nose"},
				"west": {"uv": [1, 1, 3, 3], "texture": "#meganium_nose"},
				"up": {"uv": [1, 1, 3, 3], "texture": "#meganium_nose"},
				"down": {"uv": [1, 1, 3, 3], "texture": "#meganium_nose"}
			}
		},
		{
			"from": [-1.0625, 16.9375, 7.1875],
			"to": [1.0625, 18.0625, 9.8125],
			"rotation": {"angle": 22.5, "axis": "z", "origin": [-1.0625, 18.0625, 7.1875]},
			"faces": {
				"north": {"uv": [1, 1, 3, 3], "texture": "#meganium_nose"},
				"east": {"uv": [1, 1, 3, 3], "texture": "#meganium_nose"},
				"south": {"uv": [1, 1, 3, 3], "texture": "#meganium_nose"},
				"west": {"uv": [1, 1, 3, 3], "texture": "#meganium_nose"},
				"up": {"uv": [1, 1, 3, 3], "texture": "#meganium_nose"},
				"down": {"uv": [1, 1, 3, 3], "texture": "#meganium_nose"}
			}
		},
		{
			"from": [-1.375, 15.1875, 7.1875],
			"to": [-0.625, 17.75, 9.8125],
			"faces": {
				"north": {"uv": [1, 1, 3, 3], "texture": "#meganium_nose"},
				"east": {"uv": [1, 1, 3, 3], "texture": "#meganium_nose"},
				"south": {"uv": [1, 1, 3, 3], "texture": "#meganium_nose"},
				"west": {"uv": [1, 1, 3, 3], "texture": "#meganium_nose"},
				"up": {"uv": [1, 1, 3, 3], "texture": "#meganium_nose"},
				"down": {"uv": [1, 1, 3, 3], "texture": "#meganium_nose"}
			}
		},
		{
			"from": [0.875, 17.75, 7.1875],
			"to": [3, 18.875, 9.8125],
			"rotation": {"angle": -22.5, "axis": "z", "origin": [0.875, 18.875, 7.1875]},
			"faces": {
				"north": {"uv": [1, 1, 3, 3], "texture": "#meganium_nose"},
				"east": {"uv": [1, 1, 3, 3], "texture": "#meganium_nose"},
				"south": {"uv": [1, 1, 3, 3], "texture": "#meganium_nose"},
				"west": {"uv": [1, 1, 3, 3], "texture": "#meganium_nose"},
				"up": {"uv": [1, 1, 3, 3], "texture": "#meganium_nose"},
				"down": {"uv": [1, 1, 3, 3], "texture": "#meganium_nose"}
			}
		},
		{
			"from": [7.75, 1.9375, 10.4375],
			"to": [8.875, 2.625, 12.3125],
			"rotation": {"angle": 22.5, "axis": "z", "origin": [7.75, 2.625, 10.4375]},
			"faces": {
				"north": {"uv": [1, 1, 3, 3], "texture": "#meganium_nose"},
				"east": {"uv": [1, 1, 3, 3], "texture": "#meganium_nose"},
				"south": {"uv": [1, 1, 3, 3], "texture": "#meganium_nose"},
				"west": {"uv": [1, 1, 3, 3], "texture": "#meganium_nose"},
				"up": {"uv": [1, 1, 3, 3], "texture": "#meganium_nose"},
				"down": {"uv": [1, 1, 3, 3], "texture": "#meganium_nose"}
			}
		},
		{
			"from": [7.75, 1.94448, 4.8125],
			"to": [8.875, 2.63198, 6.6875],
			"rotation": {"angle": 22.5, "axis": "z", "origin": [7.75, 2.63198, 4.8125]},
			"faces": {
				"north": {"uv": [1, 1, 3, 3], "texture": "#meganium_nose"},
				"east": {"uv": [1, 1, 3, 3], "texture": "#meganium_nose"},
				"south": {"uv": [1, 1, 3, 3], "texture": "#meganium_nose"},
				"west": {"uv": [1, 1, 3, 3], "texture": "#meganium_nose"},
				"up": {"uv": [1, 1, 3, 3], "texture": "#meganium_nose"},
				"down": {"uv": [1, 1, 3, 3], "texture": "#meganium_nose"}
			}
		},
		{
			"from": [8.0625, 2, 4.8125],
			"to": [10.3125, 4, 6.6875],
			"faces": {
				"north": {"uv": [1, 1, 3, 3], "texture": "#meganium_nose"},
				"east": {"uv": [1, 1, 3, 3], "texture": "#meganium_nose"},
				"south": {"uv": [1, 1, 3, 3], "texture": "#meganium_nose"},
				"west": {"uv": [1, 1, 3, 3], "texture": "#meganium_nose"},
				"up": {"uv": [1, 1, 3, 3], "texture": "#meganium_nose"},
				"down": {"uv": [1, 1, 3, 3], "texture": "#meganium_nose"}
			}
		},
		{
			"from": [14.0625, 6.0625, 7.6875],
			"to": [15.6875, 7.5, 9],
			"rotation": {"angle": -22.5, "axis": "z", "origin": [14.0625, 7.5, 7.6875]},
			"faces": {
				"north": {"uv": [1, 1, 3, 3], "texture": "#meganium_nose"},
				"east": {"uv": [1, 1, 3, 3], "texture": "#meganium_nose"},
				"south": {"uv": [1, 1, 3, 3], "texture": "#meganium_nose"},
				"west": {"uv": [1, 1, 3, 3], "texture": "#meganium_nose"},
				"up": {"uv": [1, 1, 3, 3], "texture": "#meganium_nose"},
				"down": {"uv": [1, 1, 3, 3], "texture": "#meganium_nose"}
			}
		},
		{
			"from": [14.5, 6.875, 7.8125],
			"to": [15.75, 8, 8.875],
			"rotation": {"angle": -22.5, "axis": "z", "origin": [14.5, 8, 7.8125]},
			"faces": {
				"north": {"uv": [1, 1, 3, 3], "texture": "#meganium_nose"},
				"east": {"uv": [1, 1, 3, 3], "texture": "#meganium_nose"},
				"south": {"uv": [1, 1, 3, 3], "texture": "#meganium_nose"},
				"west": {"uv": [1, 1, 3, 3], "texture": "#meganium_nose"},
				"up": {"uv": [1, 1, 3, 3], "texture": "#meganium_nose"},
				"down": {"uv": [1, 1, 3, 3], "texture": "#meganium_nose"}
			}
		},
		{
			"from": [1.375, 9.875, 9.25],
			"to": [5.5, 9.9375, 13.4375],
			"rotation": {"angle": 22.5, "axis": "z", "origin": [1.375, 9.9375, 9.25]},
			"faces": {
				"up": {"uv": [6.5, 12.5, 10.5, 8.5], "texture": "#meganium_petals", "rotation": 90},
				"down": {"uv": [10.5, 12.5, 6.5, 8.5], "texture": "#meganium_petals", "rotation": 90}
			}
		},
		{
			"from": [-2.5, 6.875, 6.5625],
			"to": [1.6875, 6.9375, 10.5],
			"rotation": {"angle": 45, "axis": "z", "origin": [-2.5, 6.9375, 6.5625]},
			"faces": {
				"up": {"uv": [1, 8.5, 5.5, 13.5], "texture": "#meganium_petals", "rotation": 90},
				"down": {"uv": [5.5, 8.5, 1, 13.5], "texture": "#meganium_petals", "rotation": 90}
			}
		},
		{
			"from": [-0.3125, 15.4375, 10.125],
			"to": [1.125, 17.625, 10.1875],
			"faces": {
				"south": {"uv": [1, 0, 13, 15], "texture": "#meganium_eye"}
			}
		},
		{
			"from": [-1.4375, 15.6, 7.8625],
			"to": [-1.375, 15.85, 9.2],
			"faces": {
				"west": {"uv": [2, 8, 14, 12], "texture": "#meganium_nose"}
			}
		},
		{
			"from": [-0.3125, 15.4375, 6.8125],
			"to": [1.125, 17.625, 6.875],
			"faces": {
				"north": {"uv": [13, 0, 1, 15], "texture": "#meganium_eye"}
			}
		},
		{
			"from": [-1.25, 8.875, 8.5],
			"to": [3.1875, 8.9375, 13.4375],
			"rotation": {"angle": 22.5, "axis": "z", "origin": [-1.25, 8.9375, 8.5]},
			"faces": {
				"up": {"uv": [10.5, 1.5, 15, 6], "texture": "#meganium_petals", "rotation": 90},
				"down": {"uv": [15, 1.5, 10.5, 6], "texture": "#meganium_petals", "rotation": 90}
			}
		},
		{
			"from": [2.1875, 10.3125, 6.1875],
			"to": [8.25, 10.375, 10.6875],
			"rotation": {"angle": 22.5, "axis": "z", "origin": [2.1875, 10.375, 6.1875]},
			"faces": {
				"up": {"uv": [4, 6.5, 8.5, 1.5], "texture": "#meganium_petals", "rotation": 90},
				"down": {"uv": [8.5, 6.5, 4, 1.5], "texture": "#meganium_petals", "rotation": 90}
			}
		},
		{
			"from": [-1.625, 17.1875, 9],
			"to": [3.75, 21.375, 9.0625],
			"rotation": {"angle": -22.5, "axis": "y", "origin": [-1.625, 17.1875, 9]},
			"faces": {
				"north": {"uv": [15.5, 3.5, 0.5, 13], "texture": "#meganium_antenna"},
				"south": {"uv": [0.5, 3.5, 15.5, 13], "texture": "#meganium_antenna"}
			}
		},
		{
			"from": [-1.625, 17.1875, 7.875],
			"to": [3.75, 21.375, 7.9375],
			"rotation": {"angle": 22.5, "axis": "y", "origin": [-1.625, 17.1875, 7.875]},
			"faces": {
				"north": {"uv": [15.5, 3.5, 0.5, 13], "texture": "#meganium_antenna"},
				"south": {"uv": [0.5, 3.5, 15.5, 13], "texture": "#meganium_antenna"}
			}
		},
		{
			"from": [-1.25, 8.875, 3.5],
			"to": [3.1875, 8.9375, 8.5],
			"rotation": {"angle": 22.5, "axis": "z", "origin": [-1.25, 8.9375, 3.5]},
			"faces": {
				"up": {"uv": [15, 1.5, 10.5, 6], "texture": "#meganium_petals", "rotation": 90},
				"down": {"uv": [10.5, 1.5, 15, 6], "texture": "#meganium_petals", "rotation": 90}
			}
		},
		{
			"from": [1.375, 9.8125, 3.5625],
			"to": [5.5, 9.875, 7.75],
			"rotation": {"angle": 22.5, "axis": "z", "origin": [1.375, 9.875, 3.5625]},
			"faces": {
				"up": {"uv": [10.5, 12.5, 6.5, 8.5], "texture": "#meganium_petals", "rotation": 90},
				"down": {"uv": [6.5, 12.5, 10.5, 8.5], "texture": "#meganium_petals", "rotation": 90}
			}
		},
		{
			"from": [1.5, 2, 10.8125],
			"to": [2.3125, 2.5, 11.3125],
			"faces": {
				"north": {"uv": [5, 1, 7, 3], "texture": "#meganium_nose"},
				"east": {"uv": [5, 1, 7, 3], "texture": "#meganium_nose"},
				"south": {"uv": [5, 1, 7, 3], "texture": "#meganium_nose"},
				"west": {"uv": [5, 1, 7, 3], "texture": "#meganium_nose"},
				"up": {"uv": [5, 1, 7, 3], "texture": "#meganium_nose"},
				"down": {"uv": [5, 1, 7, 3], "texture": "#meganium_nose"}
			}
		},
		{
			"from": [1.625, 2, 11.4375],
			"to": [2.4375, 2.5, 11.9375],
			"faces": {
				"north": {"uv": [5, 1, 7, 3], "texture": "#meganium_nose"},
				"east": {"uv": [5, 1, 7, 3], "texture": "#meganium_nose"},
				"south": {"uv": [5, 1, 7, 3], "texture": "#meganium_nose"},
				"west": {"uv": [5, 1, 7, 3], "texture": "#meganium_nose"},
				"up": {"uv": [5, 1, 7, 3], "texture": "#meganium_nose"},
				"down": {"uv": [5, 1, 7, 3], "texture": "#meganium_nose"}
			}
		},
		{
			"from": [1.625, 2, 5.25],
			"to": [2.4375, 2.5, 5.75],
			"faces": {
				"north": {"uv": [5, 1, 7, 3], "texture": "#meganium_nose"},
				"east": {"uv": [5, 1, 7, 3], "texture": "#meganium_nose"},
				"south": {"uv": [5, 1, 7, 3], "texture": "#meganium_nose"},
				"west": {"uv": [5, 1, 7, 3], "texture": "#meganium_nose"},
				"up": {"uv": [5, 1, 7, 3], "texture": "#meganium_nose"},
				"down": {"uv": [5, 1, 7, 3], "texture": "#meganium_nose"}
			}
		},
		{
			"from": [1.625, 2, 6.5],
			"to": [2.4375, 2.5, 7],
			"faces": {
				"north": {"uv": [5, 1, 7, 3], "texture": "#meganium_nose"},
				"east": {"uv": [5, 1, 7, 3], "texture": "#meganium_nose"},
				"south": {"uv": [5, 1, 7, 3], "texture": "#meganium_nose"},
				"west": {"uv": [5, 1, 7, 3], "texture": "#meganium_nose"},
				"up": {"uv": [5, 1, 7, 3], "texture": "#meganium_nose"},
				"down": {"uv": [5, 1, 7, 3], "texture": "#meganium_nose"}
			}
		},
		{
			"from": [1.5, 2, 5.875],
			"to": [2.3125, 2.5, 6.375],
			"faces": {
				"north": {"uv": [5, 1, 7, 3], "texture": "#meganium_nose"},
				"east": {"uv": [5, 1, 7, 3], "texture": "#meganium_nose"},
				"south": {"uv": [5, 1, 7, 3], "texture": "#meganium_nose"},
				"west": {"uv": [5, 1, 7, 3], "texture": "#meganium_nose"},
				"up": {"uv": [5, 1, 7, 3], "texture": "#meganium_nose"},
				"down": {"uv": [5, 1, 7, 3], "texture": "#meganium_nose"}
			}
		},
		{
			"from": [7.6875, 2, 4.9375],
			"to": [8.5, 2.5, 5.4375],
			"faces": {
				"north": {"uv": [5, 1, 7, 3], "texture": "#meganium_nose"},
				"east": {"uv": [5, 1, 7, 3], "texture": "#meganium_nose"},
				"south": {"uv": [5, 1, 7, 3], "texture": "#meganium_nose"},
				"west": {"uv": [5, 1, 7, 3], "texture": "#meganium_nose"},
				"up": {"uv": [5, 1, 7, 3], "texture": "#meganium_nose"},
				"down": {"uv": [5, 1, 7, 3], "texture": "#meganium_nose"}
			}
		},
		{
			"from": [7.6875, 2, 6.0625],
			"to": [8.5, 2.5, 6.5625],
			"faces": {
				"north": {"uv": [5, 1, 7, 3], "texture": "#meganium_nose"},
				"east": {"uv": [5, 1, 7, 3], "texture": "#meganium_nose"},
				"south": {"uv": [5, 1, 7, 3], "texture": "#meganium_nose"},
				"west": {"uv": [5, 1, 7, 3], "texture": "#meganium_nose"},
				"up": {"uv": [5, 1, 7, 3], "texture": "#meganium_nose"},
				"down": {"uv": [5, 1, 7, 3], "texture": "#meganium_nose"}
			}
		},
		{
			"from": [7.5, 2, 5.5],
			"to": [8.3125, 2.5, 6],
			"faces": {
				"north": {"uv": [5, 1, 7, 3], "texture": "#meganium_nose"},
				"east": {"uv": [5, 1, 7, 3], "texture": "#meganium_nose"},
				"south": {"uv": [5, 1, 7, 3], "texture": "#meganium_nose"},
				"west": {"uv": [5, 1, 7, 3], "texture": "#meganium_nose"},
				"up": {"uv": [5, 1, 7, 3], "texture": "#meganium_nose"},
				"down": {"uv": [5, 1, 7, 3], "texture": "#meganium_nose"}
			}
		},
		{
			"from": [7.6875, 2, 10.5625],
			"to": [8.5, 2.5, 11.0625],
			"faces": {
				"north": {"uv": [5, 1, 7, 3], "texture": "#meganium_nose"},
				"east": {"uv": [5, 1, 7, 3], "texture": "#meganium_nose"},
				"south": {"uv": [5, 1, 7, 3], "texture": "#meganium_nose"},
				"west": {"uv": [5, 1, 7, 3], "texture": "#meganium_nose"},
				"up": {"uv": [5, 1, 7, 3], "texture": "#meganium_nose"},
				"down": {"uv": [5, 1, 7, 3], "texture": "#meganium_nose"}
			}
		},
		{
			"from": [7.6875, 2, 11.6875],
			"to": [8.5, 2.5, 12.1875],
			"faces": {
				"north": {"uv": [5, 1, 7, 3], "texture": "#meganium_nose"},
				"east": {"uv": [5, 1, 7, 3], "texture": "#meganium_nose"},
				"south": {"uv": [5, 1, 7, 3], "texture": "#meganium_nose"},
				"west": {"uv": [5, 1, 7, 3], "texture": "#meganium_nose"},
				"up": {"uv": [5, 1, 7, 3], "texture": "#meganium_nose"},
				"down": {"uv": [5, 1, 7, 3], "texture": "#meganium_nose"}
			}
		},
		{
			"from": [7.5, 2, 11.125],
			"to": [8.3125, 2.5, 11.625],
			"faces": {
				"north": {"uv": [5, 1, 7, 3], "texture": "#meganium_nose"},
				"east": {"uv": [5, 1, 7, 3], "texture": "#meganium_nose"},
				"south": {"uv": [5, 1, 7, 3], "texture": "#meganium_nose"},
				"west": {"uv": [5, 1, 7, 3], "texture": "#meganium_nose"},
				"up": {"uv": [5, 1, 7, 3], "texture": "#meganium_nose"},
				"down": {"uv": [5, 1, 7, 3], "texture": "#meganium_nose"}
			}
		}
	],
	"display": {
		"head": {
			"rotation": [0, -90, 0],
			"translation": [1.5, -28.5, 5.1],
			"scale": [2.5, 3, 2.5]
		},
		"gui": {
			"scale": [0, 0, 0]
		},
		"thirdperson_righthand": {
			"rotation": [70, -90, 0],
			"translation": [-5.25, -8.7, 0.7],
			"scale": [1.5, 1.8, 1.5]
		},
		"thirdperson_lefthand": {
			"rotation": [70, 90, 0],
			"translation": [-7, -8.7, 0.7],
			"scale": [1.5, 1.8, 1.5]
		},
		"firstperson_righthand": {
			"scale": [0, 0, 0]
		},
		"firstperson_lefthand": {
			"scale": [0, 0, 0]
		}
	}
}