﻿{
	"credit": "Designed by Samasaurus6 with BDcraft Cubik PRO 0.96 Beta - http://bdcraft.net",
	"textures": {
		"politoed1": "pokemon/politoed/politoed1",
		"politoed2": "pokemon/politoed/politoed2"
	},
	"elements": [
		{
			"from": [5.0625, 3.47, 3.4375],
			"to": [11.9375, 10.1575, 11.0625],
			"faces": {
				"north": {"uv": [1, 1, 3, 3], "texture": "#politoed1"},
				"east": {"uv": [1, 1, 3, 3], "texture": "#politoed1"},
				"south": {"uv": [1, 1, 3, 3], "texture": "#politoed1"},
				"west": {"uv": [1, 1, 3, 3], "texture": "#politoed1"},
				"up": {"uv": [1, 1, 3, 3], "texture": "#politoed1"},
				"down": {"uv": [1, 1, 3, 3], "texture": "#politoed1"}
			}
		},
		{
			"from": [4.7, 7.56, 3.5],
			"to": [10.5125, 12.56, 11],
			"rotation": {"angle": 22.5, "axis": "z", "origin": [4.7, 12.4375, 3.5]},
			"faces": {
				"north": {"uv": [1, 1, 3, 3], "texture": "#politoed1"},
				"east": {"uv": [1, 1, 3, 3], "texture": "#politoed1"},
				"south": {"uv": [1, 1, 3, 3], "texture": "#politoed1"},
				"west": {"uv": [1, 1, 3, 3], "texture": "#politoed1"},
				"up": {"uv": [1, 1, 3, 3], "texture": "#politoed1"},
				"down": {"uv": [1, 1, 3, 3], "texture": "#politoed1"}
			}
		},
		{
			"from": [7.36, 11.25, 3.6],
			"to": [10.235, 15.875, 11],
			"rotation": {"angle": -22.5, "axis": "z", "origin": [7.36, 15.875, 3.5]},
			"faces": {
				"north": {"uv": [1, 1, 3, 3], "texture": "#politoed1"},
				"east": {"uv": [1, 1, 3, 3], "texture": "#politoed1"},
				"south": {"uv": [1, 1, 3, 3], "texture": "#politoed1"},
				"west": {"uv": [1, 1, 3, 3], "texture": "#politoed1"},
				"up": {"uv": [1, 1, 3, 3], "texture": "#politoed1"},
				"down": {"uv": [1, 1, 3, 3], "texture": "#politoed1"}
			}
		},
		{
			"from": [3.125, 12.39, 3.75],
			"to": [6.4375, 15.84, 10.75],
			"rotation": {"angle": -45, "axis": "z", "origin": [3.125, 15.9525, 3.75]},
			"faces": {
				"north": {"uv": [1, 1, 3, 3], "texture": "#politoed1"},
				"east": {"uv": [1, 1, 3, 3], "texture": "#politoed1"},
				"south": {"uv": [1, 1, 3, 3], "texture": "#politoed1"},
				"west": {"uv": [1, 1, 3, 3], "texture": "#politoed1"},
				"up": {"uv": [1, 1, 3, 3], "texture": "#politoed1"},
				"down": {"uv": [1, 1, 3, 3], "texture": "#politoed1"}
			}
		},
		{
			"from": [3.05, 11.5, 3.6],
			"to": [7.3625, 15.87, 10.9],
			"faces": {
				"north": {"uv": [1, 1, 3, 3], "texture": "#politoed1"},
				"east": {"uv": [1, 1, 3, 3], "texture": "#politoed1"},
				"south": {"uv": [1, 1, 3, 3], "texture": "#politoed1"},
				"west": {"uv": [1, 1, 3, 3], "texture": "#politoed1"},
				"up": {"uv": [1, 1, 3, 3], "texture": "#politoed1"},
				"down": {"uv": [1, 1, 3, 3], "texture": "#politoed1"}
			}
		},
		{
			"from": [1, 7.9375, 4],
			"to": [4, 10.9375, 10.5],
			"rotation": {"angle": 45, "axis": "z", "origin": [1, 10.9375, 4]},
			"faces": {
				"north": {"uv": [9, 1, 11, 3], "texture": "#politoed1"},
				"east": {"uv": [9, 1, 11, 3], "texture": "#politoed1"},
				"south": {"uv": [9, 1, 11, 3], "texture": "#politoed1"},
				"west": {"uv": [9, 1, 11, 3], "texture": "#politoed1"},
				"up": {"uv": [9, 1, 11, 3], "texture": "#politoed1"},
				"down": {"uv": [9, 1, 11, 3], "texture": "#politoed1"}
			}
		},
		{
			"from": [3.125, 8.8125, 4],
			"to": [6.125, 11.8125, 10.5],
			"faces": {
				"north": {"uv": [9, 1, 11, 3], "texture": "#politoed1"},
				"east": {"uv": [9, 1, 11, 3], "texture": "#politoed1"},
				"south": {"uv": [9, 1, 11, 3], "texture": "#politoed1"},
				"west": {"uv": [9, 1, 11, 3], "texture": "#politoed1"},
				"up": {"uv": [9, 1, 11, 3], "texture": "#politoed1"},
				"down": {"uv": [9, 1, 11, 3], "texture": "#politoed1"}
			}
		},
		{
			"from": [4.15, 7, 3.6875],
			"to": [7.15, 10.6, 10.8125],
			"rotation": {"angle": -22.5, "axis": "z", "origin": [4.1875, 10, 3.6875]},
			"faces": {
				"north": {"uv": [1, 1, 3, 3], "texture": "#politoed1"},
				"east": {"uv": [1, 1, 3, 3], "texture": "#politoed1"},
				"south": {"uv": [1, 1, 3, 3], "texture": "#politoed1"},
				"west": {"uv": [1, 1, 3, 3], "texture": "#politoed1"},
				"up": {"uv": [1, 1, 3, 3], "texture": "#politoed1"},
				"down": {"uv": [1, 1, 3, 3], "texture": "#politoed1"}
			}
		},
		{
			"from": [3, 1.75, 3.6875],
			"to": [6, 4.75, 10.8125],
			"rotation": {"angle": 45, "axis": "z", "origin": [3, 4.75, 3.6875]},
			"faces": {
				"north": {"uv": [1, 1, 3, 3], "texture": "#politoed1"},
				"east": {"uv": [1, 1, 3, 3], "texture": "#politoed1"},
				"south": {"uv": [1, 1, 3, 3], "texture": "#politoed1"},
				"west": {"uv": [1, 1, 3, 3], "texture": "#politoed1"},
				"up": {"uv": [1, 1, 3, 3], "texture": "#politoed1"},
				"down": {"uv": [1, 1, 3, 3], "texture": "#politoed1"}
			}
		},
		{
			"from": [3, 4.75, 3.6875],
			"to": [5, 7.25, 10.8125],
			"faces": {
				"north": {"uv": [1, 1, 3, 3], "texture": "#politoed1"},
				"east": {"uv": [1, 1, 3, 3], "texture": "#politoed1"},
				"south": {"uv": [1, 1, 3, 3], "texture": "#politoed1"},
				"west": {"uv": [1, 1, 3, 3], "texture": "#politoed1"},
				"up": {"uv": [1, 1, 3, 3], "texture": "#politoed1"},
				"down": {"uv": [1, 1, 3, 3], "texture": "#politoed1"}
			}
		},
		{
			"from": [5.9375, 0.75, 7.4375],
			"to": [9.875, 5.3125, 11.375],
			"rotation": {"angle": -22.5, "axis": "x", "origin": [5.9375, 5.3125, 7.4375]},
			"faces": {
				"north": {"uv": [1, 1, 3, 3], "texture": "#politoed1"},
				"east": {"uv": [1, 1, 3, 3], "texture": "#politoed1"},
				"south": {"uv": [1, 1, 3, 3], "texture": "#politoed1"},
				"west": {"uv": [1, 1, 3, 3], "texture": "#politoed1"},
				"up": {"uv": [1, 1, 3, 3], "texture": "#politoed1"},
				"down": {"uv": [1, 1, 3, 3], "texture": "#politoed1"}
			}
		},
		{
			"from": [6.6875, -0.0625, 9.8125],
			"to": [9.5, 3.8125, 13],
			"rotation": {"angle": 22.5, "axis": "x", "origin": [6.6875, 3.8125, 9.8125]},
			"faces": {
				"north": {"uv": [1, 1, 3, 3], "texture": "#politoed1"},
				"east": {"uv": [1, 1, 3, 3], "texture": "#politoed1"},
				"south": {"uv": [1, 1, 3, 3], "texture": "#politoed1"},
				"west": {"uv": [1, 1, 3, 3], "texture": "#politoed1"},
				"up": {"uv": [1, 1, 3, 3], "texture": "#politoed1"},
				"down": {"uv": [1, 1, 3, 3], "texture": "#politoed1"}
			}
		},
		{
			"from": [3.4375, -0.75, 10.6982],
			"to": [7.875, 0.25, 13.2607],
			"rotation": {"angle": 22.5, "axis": "y", "origin": [3.4375, -0.75, 10.6982]},
			"faces": {
				"north": {"uv": [1, 1, 3, 3], "texture": "#politoed1"},
				"east": {"uv": [1, 1, 3, 3], "texture": "#politoed1"},
				"south": {"uv": [1, 1, 3, 3], "texture": "#politoed1"},
				"west": {"uv": [1, 1, 3, 3], "texture": "#politoed1"},
				"up": {"uv": [1, 1, 3, 3], "texture": "#politoed1"},
				"down": {"uv": [1, 1, 3, 3], "texture": "#politoed1"}
			}
		},
		{
			"from": [6.5, 8.4375, 10.9375],
			"to": [8.5, 10.4375, 14.9375],
			"rotation": {"angle": 45, "axis": "x", "origin": [6.5, 10.4375, 10.9375]},
			"faces": {
				"north": {"uv": [1, 1, 3, 3], "texture": "#politoed1"},
				"east": {"uv": [1, 1, 3, 3], "texture": "#politoed1"},
				"south": {"uv": [1, 1, 3, 3], "texture": "#politoed1"},
				"west": {"uv": [1, 1, 3, 3], "texture": "#politoed1"},
				"up": {"uv": [1, 1, 3, 3], "texture": "#politoed1"},
				"down": {"uv": [1, 1, 3, 3], "texture": "#politoed1"}
			}
		},
		{
			"from": [6.375, 4, 11.6875],
			"to": [8.625, 6.9375, 13.875],
			"rotation": {"angle": -22.5, "axis": "x", "origin": [6.375, 6.9375, 11.6875]},
			"faces": {
				"north": {"uv": [6.5, 0, 8.5, 2], "texture": "#politoed1", "rotation": 90},
				"east": {"uv": [5, 0, 9, 2], "texture": "#politoed1", "rotation": 90},
				"south": {"uv": [6.5, 0, 8.5, 2], "texture": "#politoed1", "rotation": 90},
				"west": {"uv": [5, 0, 9, 2], "texture": "#politoed1", "rotation": 90},
				"up": {"uv": [1, 1, 3, 3], "texture": "#politoed1"},
				"down": {"uv": [9, 1, 11, 3], "texture": "#politoed1"}
			}
		},
		{
			"from": [2.1875, 9.25, 3.625],
			"to": [5.5, 10.75, 10.875],
			"rotation": {"angle": 22.5, "axis": "z", "origin": [2.1875, 10.75, 3.625]},
			"faces": {
				"north": {"uv": [9, 1, 11, 3], "texture": "#politoed1"},
				"east": {"uv": [9, 1, 11, 3], "texture": "#politoed1"},
				"south": {"uv": [9, 1, 11, 3], "texture": "#politoed1"},
				"west": {"uv": [9, 1, 11, 3], "texture": "#politoed1"},
				"up": {"uv": [9, 1, 11, 3], "texture": "#politoed1"},
				"down": {"uv": [9, 1, 11, 3], "texture": "#politoed1"}
			}
		},
		{
			"from": [6.3125, 14, 7],
			"to": [6.8125, 17.5, 7.5],
			"rotation": {"angle": -22.5, "axis": "z", "origin": [6.3125, 17.5, 7]},
			"faces": {
				"north": {"uv": [14, 6, 15, 7], "texture": "#politoed1"},
				"east": {"uv": [14, 6, 15, 7], "texture": "#politoed1"},
				"south": {"uv": [14, 6, 15, 7], "texture": "#politoed1"},
				"west": {"uv": [14, 6, 15, 7], "texture": "#politoed1"},
				"up": {"uv": [14, 6, 15, 7], "texture": "#politoed1"},
				"down": {"uv": [14, 6, 15, 7], "texture": "#politoed1"}
			}
		},
		{
			"from": [6.27, 17.3, 7],
			"to": [6.77, 19.2, 7.5],
			"faces": {
				"north": {"uv": [14, 6, 15, 7], "texture": "#politoed1"},
				"east": {"uv": [14, 6, 15, 7], "texture": "#politoed1"},
				"south": {"uv": [14, 6, 15, 7], "texture": "#politoed1"},
				"west": {"uv": [14, 6, 15, 7], "texture": "#politoed1"},
				"up": {"uv": [14, 6, 15, 7], "texture": "#politoed1"},
				"down": {"uv": [14, 6, 15, 7], "texture": "#politoed1"}
			}
		},
		{
			"from": [5.35, 18.41, 7],
			"to": [5.85, 19.91, 7.5],
			"rotation": {"angle": 45, "axis": "z", "origin": [5.35, 19.91, 7]},
			"faces": {
				"north": {"uv": [14, 6, 15, 7], "texture": "#politoed1"},
				"east": {"uv": [14, 6, 15, 7], "texture": "#politoed1"},
				"south": {"uv": [14, 6, 15, 7], "texture": "#politoed1"},
				"west": {"uv": [14, 6, 15, 7], "texture": "#politoed1"},
				"up": {"uv": [14, 6, 15, 7], "texture": "#politoed1"},
				"down": {"uv": [14, 6, 15, 7], "texture": "#politoed1"}
			}
		},
		{
			"from": [4.1, 19.76, 7],
			"to": [5.7, 20.26, 7.5],
			"faces": {
				"north": {"uv": [14, 6, 15, 7], "texture": "#politoed1"},
				"east": {"uv": [14, 6, 15, 7], "texture": "#politoed1"},
				"south": {"uv": [14, 6, 15, 7], "texture": "#politoed1"},
				"west": {"uv": [14, 6, 15, 7], "texture": "#politoed1"},
				"up": {"uv": [14, 6, 15, 7], "texture": "#politoed1"},
				"down": {"uv": [14, 6, 15, 7], "texture": "#politoed1"}
			}
		},
		{
			"from": [3.04, 18.7, 7],
			"to": [4.54, 19.2, 7.5],
			"rotation": {"angle": 45, "axis": "z", "origin": [3.04, 19.2, 7]},
			"faces": {
				"north": {"uv": [14, 6, 15, 7], "texture": "#politoed1"},
				"east": {"uv": [14, 6, 15, 7], "texture": "#politoed1"},
				"south": {"uv": [14, 6, 15, 7], "texture": "#politoed1"},
				"west": {"uv": [14, 6, 15, 7], "texture": "#politoed1"},
				"up": {"uv": [14, 6, 15, 7], "texture": "#politoed1"},
				"down": {"uv": [14, 6, 15, 7], "texture": "#politoed1"}
			}
		},
		{
			"from": [3.04, 17.73, 7],
			"to": [3.54, 19.1925, 7.5],
			"faces": {
				"north": {"uv": [14, 6, 15, 7], "texture": "#politoed1"},
				"east": {"uv": [14, 6, 15, 7], "texture": "#politoed1"},
				"south": {"uv": [14, 6, 15, 7], "texture": "#politoed1"},
				"west": {"uv": [14, 6, 15, 7], "texture": "#politoed1"},
				"up": {"uv": [14, 6, 15, 7], "texture": "#politoed1"},
				"down": {"uv": [14, 6, 15, 7], "texture": "#politoed1"}
			}
		},
		{
			"from": [3.04, 16.73, 7],
			"to": [3.54, 17.73, 7.5],
			"rotation": {"angle": 45, "axis": "z", "origin": [3.04, 17.73, 7]},
			"faces": {
				"north": {"uv": [14, 6, 15, 7], "texture": "#politoed1"},
				"east": {"uv": [14, 6, 15, 7], "texture": "#politoed1"},
				"south": {"uv": [14, 6, 15, 7], "texture": "#politoed1"},
				"west": {"uv": [14, 6, 15, 7], "texture": "#politoed1"},
				"up": {"uv": [14, 6, 15, 7], "texture": "#politoed1"},
				"down": {"uv": [14, 6, 15, 7], "texture": "#politoed1"}
			}
		},
		{
			"from": [3.75, 17.02, 7],
			"to": [4.75, 17.52, 7.5],
			"faces": {
				"north": {"uv": [14, 6, 15, 7], "texture": "#politoed1"},
				"east": {"uv": [14, 6, 15, 7], "texture": "#politoed1"},
				"south": {"uv": [14, 6, 15, 7], "texture": "#politoed1"},
				"west": {"uv": [14, 6, 15, 7], "texture": "#politoed1"},
				"up": {"uv": [14, 6, 15, 7], "texture": "#politoed1"},
				"down": {"uv": [14, 6, 15, 7], "texture": "#politoed1"}
			}
		},
		{
			"from": [5.1, 17.08, 7],
			"to": [5.6, 18.08, 7.5],
			"rotation": {"angle": -45, "axis": "z", "origin": [5.1, 18.08, 7]},
			"faces": {
				"north": {"uv": [14, 6, 15, 7], "texture": "#politoed1"},
				"east": {"uv": [14, 6, 15, 7], "texture": "#politoed1"},
				"south": {"uv": [14, 6, 15, 7], "texture": "#politoed1"},
				"west": {"uv": [14, 6, 15, 7], "texture": "#politoed1"},
				"up": {"uv": [14, 6, 15, 7], "texture": "#politoed1"},
				"down": {"uv": [14, 6, 15, 7], "texture": "#politoed1"}
			}
		},
		{
			"from": [4.95, 17.73, 7],
			"to": [5.45, 18.4175, 7.5],
			"faces": {
				"north": {"uv": [14, 6, 14.5, 6.5], "texture": "#politoed1"},
				"east": {"uv": [14.5, 6.5, 14, 7], "texture": "#politoed1"},
				"south": {"uv": [14.5, 6.5, 14, 7], "texture": "#politoed1"},
				"west": {"uv": [14, 6, 14.5, 6.5], "texture": "#politoed1"},
				"up": {"uv": [14, 6.5, 14.5, 7], "texture": "#politoed1"},
				"down": {"uv": [15, 6.5, 15.5, 6], "texture": "#politoed1"}
			}
		},
		{
			"from": [4.68, 17.9, 7],
			"to": [5.18, 18.49, 7.5],
			"rotation": {"angle": 45, "axis": "z", "origin": [4.68, 18.4875, 7]},
			"faces": {
				"north": {"uv": [14, 6, 15, 7], "texture": "#politoed1"},
				"east": {"uv": [14, 6, 15, 7], "texture": "#politoed1"},
				"south": {"uv": [14, 6, 15, 7], "texture": "#politoed1"},
				"west": {"uv": [14, 6, 15, 7], "texture": "#politoed1"},
				"up": {"uv": [14, 6, 15, 7], "texture": "#politoed1"},
				"down": {"uv": [14, 6, 15, 7], "texture": "#politoed1"}
			}
		},
		{
			"from": [5.9375, 2.25, 3.4375],
			"to": [9.875, 6.8125, 7.375],
			"rotation": {"angle": 22.5, "axis": "x", "origin": [5.9375, 6.8125, 3.4375]},
			"faces": {
				"north": {"uv": [1, 1, 3, 3], "texture": "#politoed1"},
				"east": {"uv": [1, 1, 3, 3], "texture": "#politoed1"},
				"south": {"uv": [1, 1, 3, 3], "texture": "#politoed1"},
				"west": {"uv": [1, 1, 3, 3], "texture": "#politoed1"},
				"up": {"uv": [1, 1, 3, 3], "texture": "#politoed1"},
				"down": {"uv": [1, 1, 3, 3], "texture": "#politoed1"}
			}
		},
		{
			"from": [6.6875, -1.3125, 1.75],
			"to": [9.5, 2.5625, 4.9375],
			"rotation": {"angle": -22.5, "axis": "x", "origin": [6.6875, 2.5625, 1.75]},
			"faces": {
				"north": {"uv": [1, 1, 3, 3], "texture": "#politoed1"},
				"east": {"uv": [1, 1, 3, 3], "texture": "#politoed1"},
				"south": {"uv": [1, 1, 3, 3], "texture": "#politoed1"},
				"west": {"uv": [1, 1, 3, 3], "texture": "#politoed1"},
				"up": {"uv": [1, 1, 3, 3], "texture": "#politoed1"},
				"down": {"uv": [1, 1, 3, 3], "texture": "#politoed1"}
			}
		},
		{
			"from": [4.4375, -0.75, 1.3125],
			"to": [8.875, 0.25, 3.875],
			"rotation": {"angle": -22.5, "axis": "y", "origin": [4.4375, -0.75, 1.3125]},
			"faces": {
				"north": {"uv": [1, 1, 3, 3], "texture": "#politoed1"},
				"east": {"uv": [1, 1, 3, 3], "texture": "#politoed1"},
				"south": {"uv": [1, 1, 3, 3], "texture": "#politoed1"},
				"west": {"uv": [1, 1, 3, 3], "texture": "#politoed1"},
				"up": {"uv": [1, 1, 3, 3], "texture": "#politoed1"},
				"down": {"uv": [1, 1, 3, 3], "texture": "#politoed1"}
			}
		},
		{
			"from": [0.625, 10.875, 3.75],
			"to": [3.4375, 13.425, 10.75],
			"faces": {
				"north": {"uv": [1, 1, 3, 3], "texture": "#politoed1"},
				"east": {"uv": [1, 1, 3, 3], "texture": "#politoed1"},
				"south": {"uv": [1, 1, 3, 3], "texture": "#politoed1"},
				"west": {"uv": [1, 1, 3, 3], "texture": "#politoed1"},
				"up": {"uv": [1, 1, 3, 3], "texture": "#politoed1"},
				"down": {"uv": [1, 1, 3, 3], "texture": "#politoed1"}
			}
		},
		{
			"from": [0.5625, 11.375, 6.1875],
			"to": [0.625, 12, 8.3125],
			"faces": {
				"west": {"uv": [9.5, 8, 15, 10], "texture": "#politoed1"}
			}
		},
		{
			"from": [2.9375, 4.6875, 3.25],
			"to": [3, 7.1875, 11.25],
			"faces": {
				"west": {"uv": [0, 5.5, 15.5, 11.5], "texture": "#politoed2"}
			}
		},
		{
			"from": [3.875, 7, 3.25],
			"to": [3.9375, 9.4375, 11.25],
			"rotation": {"angle": -22.5, "axis": "z", "origin": [3.875, 9.4375, 3.25]},
			"faces": {
				"west": {"uv": [0, 0, 15.5, 5.5], "texture": "#politoed2"}
			}
		},
		{
			"from": [2.9375, 2.3125, 3.25],
			"to": [3, 4.75, 11.25],
			"rotation": {"angle": 45, "axis": "z", "origin": [2.9375, 4.75, 3.25]},
			"faces": {
				"west": {"uv": [0, 11, 15.5, 16], "texture": "#politoed2"}
			}
		},
		{
			"from": [5.0625, 2.5, 3.4375],
			"to": [9.4375, 5.0625, 11.0625],
			"faces": {
				"north": {"uv": [1, 1, 3, 3], "texture": "#politoed1"},
				"east": {"uv": [1, 1, 3, 3], "texture": "#politoed1"},
				"south": {"uv": [1, 1, 3, 3], "texture": "#politoed1"},
				"west": {"uv": [1, 1, 3, 3], "texture": "#politoed1"},
				"up": {"uv": [1, 1, 3, 3], "texture": "#politoed1"},
				"down": {"uv": [1, 1, 3, 3], "texture": "#politoed1"}
			}
		},
		{
			"from": [8.6875, 2.3125, 3.4375],
			"to": [11.25, 4.625, 11.0625],
			"rotation": {"angle": 22.5, "axis": "z", "origin": [8.6875, 4.625, 3.4375]},
			"faces": {
				"north": {"uv": [0, 0, 7, 7.5], "texture": "#politoed1"},
				"east": {"uv": [0, 0, 7.5, 7.5], "texture": "#politoed1"},
				"south": {"uv": [0, 0, 7, 7.5], "texture": "#politoed1"},
				"west": {"uv": [0, 0, 7.5, 7.5], "texture": "#politoed1"},
				"up": {"uv": [0, 0, 7, 7.5], "texture": "#politoed1"},
				"down": {"uv": [7, 7.5, 0, 0], "texture": "#politoed1"}
			}
		},
		{
			"from": [3, 12.7732, 9],
			"to": [7.5, 15.0857, 11.0625],
			"rotation": {"angle": -22.5, "axis": "x", "origin": [3, 15.0857, 9]},
			"faces": {
				"north": {"uv": [1, 1, 3, 3], "texture": "#politoed1"},
				"east": {"uv": [1, 1, 3, 3], "texture": "#politoed1"},
				"south": {"uv": [1, 1, 3, 3], "texture": "#politoed1"},
				"west": {"uv": [1, 1, 3, 3], "texture": "#politoed1"},
				"up": {"uv": [1, 1, 3, 3], "texture": "#politoed1"},
				"down": {"uv": [1, 1, 3, 3], "texture": "#politoed1"}
			}
		},
		{
			"from": [3, 11.375, 9.75],
			"to": [7.5, 13.75, 11.8125],
			"faces": {
				"north": {"uv": [1, 1, 3, 3], "texture": "#politoed1"},
				"east": {"uv": [1, 1, 3, 3], "texture": "#politoed1"},
				"south": {"uv": [1, 1, 3, 3], "texture": "#politoed1"},
				"west": {"uv": [1, 1, 3, 3], "texture": "#politoed1"},
				"up": {"uv": [1, 1, 3, 3], "texture": "#politoed1"},
				"down": {"uv": [1, 1, 3, 3], "texture": "#politoed1"}
			}
		},
		{
			"from": [3.5, 10.5, 9.875],
			"to": [7, 12.5, 11.875],
			"rotation": {"angle": 22.5, "axis": "x", "origin": [3.5, 12.5, 9.875]},
			"faces": {
				"north": {"uv": [9, 1, 11, 3], "texture": "#politoed1"},
				"east": {"uv": [9, 1, 11, 3], "texture": "#politoed1"},
				"south": {"uv": [9, 1, 11, 3], "texture": "#politoed1"},
				"west": {"uv": [9, 1, 11, 3], "texture": "#politoed1"},
				"up": {"uv": [9, 1, 11, 3], "texture": "#politoed1"},
				"down": {"uv": [9, 1, 11, 3], "texture": "#politoed1"}
			}
		},
		{
			"from": [3.625, -0.8125, 13.0531],
			"to": [4.9375, 0.4375, 14.2406],
			"rotation": {"angle": 45, "axis": "y", "origin": [3.625, -0.8125, 13.0531]},
			"faces": {
				"north": {"uv": [9, 5, 11, 7], "texture": "#politoed1"},
				"east": {"uv": [9, 5, 11, 7], "texture": "#politoed1"},
				"south": {"uv": [9, 5, 11, 7], "texture": "#politoed1"},
				"west": {"uv": [9, 5, 11, 7], "texture": "#politoed1"},
				"up": {"uv": [9, 5, 11, 7], "texture": "#politoed1"},
				"down": {"uv": [9, 5, 11, 7], "texture": "#politoed1"}
			}
		},
		{
			"from": [2.8125, -0.8125, 11.5023],
			"to": [4.125, 0.4375, 12.6898],
			"rotation": {"angle": 22.5, "axis": "y", "origin": [2.8125, -0.8125, 11.5023]},
			"faces": {
				"north": {"uv": [9, 6, 11, 8], "texture": "#politoed1"},
				"east": {"uv": [9, 6, 11, 8], "texture": "#politoed1"},
				"south": {"uv": [9, 6, 11, 8], "texture": "#politoed1"},
				"west": {"uv": [9, 6, 11, 8], "texture": "#politoed1"},
				"up": {"uv": [9, 6, 11, 8], "texture": "#politoed1"},
				"down": {"uv": [9, 6, 11, 8], "texture": "#politoed1"}
			}
		},
		{
			"from": [3.5, -0.8125, 9.875],
			"to": [4.8125, 0.4375, 11.0625],
			"rotation": {"angle": -22.5, "axis": "y", "origin": [3.5, -0.8125, 9.875]},
			"faces": {
				"north": {"uv": [9, 4, 11, 6], "texture": "#politoed1"},
				"east": {"uv": [9, 4, 11, 6], "texture": "#politoed1"},
				"south": {"uv": [9, 4, 11, 6], "texture": "#politoed1"},
				"west": {"uv": [9, 4, 11, 6], "texture": "#politoed1"},
				"up": {"uv": [9, 4, 11, 6], "texture": "#politoed1"},
				"down": {"uv": [9, 4, 11, 6], "texture": "#politoed1"}
			}
		},
		{
			"from": [3.125, 12.08, 10.5],
			"to": [5.75, 13.48, 12],
			"faces": {
				"north": {"uv": [2, 11.5, 6.5, 14], "texture": "#politoed1"},
				"east": {"uv": [2, 9.5, 1.5, 10], "texture": "#politoed1"},
				"south": {"uv": [2, 11.5, 6.5, 14], "texture": "#politoed1"},
				"west": {"uv": [1.5, 13.5, 2, 14], "texture": "#politoed1"},
				"up": {"uv": [1.5, 11.5, 2, 12], "texture": "#politoed1"},
				"down": {"uv": [1.5, 10, 2, 9.5], "texture": "#politoed1"}
			}
		},
		{
			"from": [5.375, 10.8125, 10.75],
			"to": [7.375, 12.625, 12.25],
			"rotation": {"angle": 22.5, "axis": "x", "origin": [5.375, 12.625, 10.75]},
			"faces": {
				"north": {"uv": [10.5, 11.5, 14, 15], "texture": "#politoed1"},
				"east": {"uv": [12.5, 13.5, 12, 14], "texture": "#politoed1"},
				"south": {"uv": [10.5, 11.5, 14, 15], "texture": "#politoed1"},
				"west": {"uv": [10, 12.5, 10.5, 13], "texture": "#politoed1"},
				"up": {"uv": [11, 13, 11.5, 13.5], "texture": "#politoed1"},
				"down": {"uv": [10.5, 13.5, 11, 13], "texture": "#politoed1"}
			}
		},
		{
			"from": [3.125, 12.801, 10.11],
			"to": [5.75, 14.1135, 11.61],
			"rotation": {"angle": -22.5, "axis": "x", "origin": [3.125, 14.1135, 10.11]},
			"faces": {
				"north": {"uv": [2, 9.5, 6.5, 12], "texture": "#politoed1"},
				"east": {"uv": [2, 9.5, 1.5, 10], "texture": "#politoed1"},
				"south": {"uv": [2, 9.5, 6.5, 12], "texture": "#politoed1"},
				"west": {"uv": [1.5, 9, 2, 9.5], "texture": "#politoed1"},
				"up": {"uv": [1.5, 9.5, 2, 10], "texture": "#politoed1"},
				"down": {"uv": [1.5, 12, 2, 11.5], "texture": "#politoed1"}
			}
		},
		{
			"from": [1.60719, 11.375, 9.1875],
			"to": [3.85719, 13.6875, 10.9375],
			"rotation": {"angle": -22.5, "axis": "y", "origin": [1.60719, 11.375, 9.1875]},
			"faces": {
				"north": {"uv": [1, 1, 3, 3], "texture": "#politoed1"},
				"east": {"uv": [1, 1, 3, 3], "texture": "#politoed1"},
				"south": {"uv": [1, 1, 3, 3], "texture": "#politoed1"},
				"west": {"uv": [1, 1, 3, 3], "texture": "#politoed1"},
				"up": {"uv": [1, 1, 3, 3], "texture": "#politoed1"},
				"down": {"uv": [1, 1, 3, 3], "texture": "#politoed1"}
			}
		},
		{
			"from": [6.8125, 3.875, 13.625],
			"to": [8.125, 5.125, 14.8125],
			"faces": {
				"north": {"uv": [9, 5, 11, 7], "texture": "#politoed1"},
				"east": {"uv": [9, 5, 11, 7], "texture": "#politoed1"},
				"south": {"uv": [9, 5, 11, 7], "texture": "#politoed1"},
				"west": {"uv": [9, 5, 11, 7], "texture": "#politoed1"},
				"up": {"uv": [9, 5, 11, 7], "texture": "#politoed1"},
				"down": {"uv": [9, 5, 11, 7], "texture": "#politoed1"}
			}
		},
		{
			"from": [6.5, 4.3125, 13.25],
			"to": [7.625, 5.4375, 14.4375],
			"rotation": {"angle": -22.5, "axis": "z", "origin": [6.5, 5.4375, 13.25]},
			"faces": {
				"north": {"uv": [9, 5, 11, 7], "texture": "#politoed1"},
				"east": {"uv": [9, 5, 11, 7], "texture": "#politoed1"},
				"south": {"uv": [9, 5, 11, 7], "texture": "#politoed1"},
				"west": {"uv": [9, 5, 11, 7], "texture": "#politoed1"},
				"up": {"uv": [9, 5, 11, 7], "texture": "#politoed1"},
				"down": {"uv": [9, 5, 11, 7], "texture": "#politoed1"}
			}
		},
		{
			"from": [7.5, 3.875, 13.25],
			"to": [8.625, 5, 14.4375],
			"rotation": {"angle": 22.5, "axis": "z", "origin": [7.5, 5, 13.25]},
			"faces": {
				"north": {"uv": [9, 5, 11, 7], "texture": "#politoed1"},
				"east": {"uv": [9, 5, 11, 7], "texture": "#politoed1"},
				"south": {"uv": [9, 5, 11, 7], "texture": "#politoed1"},
				"west": {"uv": [9, 5, 11, 7], "texture": "#politoed1"},
				"up": {"uv": [9, 5, 11, 7], "texture": "#politoed1"},
				"down": {"uv": [9, 5, 11, 7], "texture": "#politoed1"}
			}
		},
		{
			"from": [3, 13.5625, 3.625],
			"to": [7.5, 15.875, 5.6875],
			"rotation": {"angle": 22.5, "axis": "x", "origin": [3, 15.875, 3.625]},
			"faces": {
				"north": {"uv": [1, 1, 3, 3], "texture": "#politoed1"},
				"east": {"uv": [1, 1, 3, 3], "texture": "#politoed1"},
				"south": {"uv": [1, 1, 3, 3], "texture": "#politoed1"},
				"west": {"uv": [1, 1, 3, 3], "texture": "#politoed1"},
				"up": {"uv": [1, 1, 3, 3], "texture": "#politoed1"},
				"down": {"uv": [1, 1, 3, 3], "texture": "#politoed1"}
			}
		},
		{
			"from": [3, 11.375, 2.75],
			"to": [7.5, 13.75, 4.8125],
			"faces": {
				"north": {"uv": [1, 1, 3, 3], "texture": "#politoed1"},
				"east": {"uv": [1, 1, 3, 3], "texture": "#politoed1"},
				"south": {"uv": [1, 1, 3, 3], "texture": "#politoed1"},
				"west": {"uv": [1, 1, 3, 3], "texture": "#politoed1"},
				"up": {"uv": [1, 1, 3, 3], "texture": "#politoed1"},
				"down": {"uv": [1, 1, 3, 3], "texture": "#politoed1"}
			}
		},
		{
			"from": [5.375, 10.25, 2.4375],
			"to": [7.375, 12.0625, 3.9375],
			"rotation": {"angle": -22.5, "axis": "x", "origin": [5.375, 12.0625, 2.4375]},
			"faces": {
				"north": {"uv": [10.5, 11.5, 14, 15], "texture": "#politoed1"},
				"east": {"uv": [12.5, 13.5, 12, 14], "texture": "#politoed1"},
				"south": {"uv": [10.5, 11.5, 14, 15], "texture": "#politoed1"},
				"west": {"uv": [10, 12.5, 10.5, 13], "texture": "#politoed1"},
				"up": {"uv": [11, 13, 11.5, 13.5], "texture": "#politoed1"},
				"down": {"uv": [10.5, 13.5, 11, 13], "texture": "#politoed1"}
			}
		},
		{
			"from": [3.5, 9.75, 2.875],
			"to": [7, 11.75, 4.875],
			"rotation": {"angle": -22.5, "axis": "x", "origin": [3.5, 11.75, 2.875]},
			"faces": {
				"north": {"uv": [9, 1, 11, 3], "texture": "#politoed1"},
				"east": {"uv": [9, 1, 11, 3], "texture": "#politoed1"},
				"south": {"uv": [9, 1, 11, 3], "texture": "#politoed1"},
				"west": {"uv": [9, 1, 11, 3], "texture": "#politoed1"},
				"up": {"uv": [9, 1, 11, 3], "texture": "#politoed1"},
				"down": {"uv": [9, 1, 11, 3], "texture": "#politoed1"}
			}
		},
		{
			"from": [3.125, 12.08, 2.5],
			"to": [5.75, 13.48, 4],
			"faces": {
				"north": {"uv": [6.5, 11.5, 2, 14], "texture": "#politoed1"},
				"east": {"uv": [2, 9.5, 1.5, 10], "texture": "#politoed1"},
				"south": {"uv": [6.5, 11.5, 2, 14], "texture": "#politoed1"},
				"west": {"uv": [1.5, 13.5, 2, 14], "texture": "#politoed1"},
				"up": {"uv": [1.5, 11.5, 2, 12], "texture": "#politoed1"},
				"down": {"uv": [1.5, 10, 2, 9.5], "texture": "#politoed1"}
			}
		},
		{
			"from": [3.125, 13.375, 3],
			"to": [5.75, 14.6875, 4.5],
			"rotation": {"angle": 22.5, "axis": "x", "origin": [3.125, 14.6875, 3]},
			"faces": {
				"north": {"uv": [6.5, 9.5, 2, 12], "texture": "#politoed1"},
				"east": {"uv": [2, 9.5, 1.5, 10], "texture": "#politoed1"},
				"south": {"uv": [6.5, 9.5, 2, 12], "texture": "#politoed1"},
				"west": {"uv": [1.5, 9, 2, 9.5], "texture": "#politoed1"},
				"up": {"uv": [1.5, 9.5, 2, 10], "texture": "#politoed1"},
				"down": {"uv": [1.5, 12, 2, 11.5], "texture": "#politoed1"}
			}
		},
		{
			"from": [6.5, 5.625, 0.75],
			"to": [8.5, 7.625, 4.75],
			"rotation": {"angle": -45, "axis": "x", "origin": [6.5, 7.625, 0.75]},
			"faces": {
				"north": {"uv": [1, 1, 3, 3], "texture": "#politoed1"},
				"east": {"uv": [1, 1, 3, 3], "texture": "#politoed1"},
				"south": {"uv": [1, 1, 3, 3], "texture": "#politoed1"},
				"west": {"uv": [1, 1, 3, 3], "texture": "#politoed1"},
				"up": {"uv": [1, 1, 3, 3], "texture": "#politoed1"},
				"down": {"uv": [1, 1, 3, 3], "texture": "#politoed1"}
			}
		},
		{
			"from": [6.375, 4.8125, 0.6875],
			"to": [8.625, 7.75, 2.875],
			"rotation": {"angle": 22.5, "axis": "x", "origin": [6.375, 7.75, 0.6875]},
			"faces": {
				"north": {"uv": [6.5, 0, 8.5, 2], "texture": "#politoed1", "rotation": 90},
				"east": {"uv": [5, 0, 9, 2], "texture": "#politoed1", "rotation": 90},
				"south": {"uv": [6.5, 0, 8.5, 2], "texture": "#politoed1", "rotation": 90},
				"west": {"uv": [5, 0, 9, 2], "texture": "#politoed1", "rotation": 90},
				"up": {"uv": [1, 1, 3, 3], "texture": "#politoed1"},
				"down": {"uv": [9, 1, 11, 3], "texture": "#politoed1"}
			}
		},
		{
			"from": [0.9375, 11.375, 3.75],
			"to": [3.4375, 13.6875, 5.4375],
			"rotation": {"angle": 22.5, "axis": "y", "origin": [0.9375, 11.375, 3.75]},
			"faces": {
				"north": {"uv": [1, 1, 3, 3], "texture": "#politoed1"},
				"east": {"uv": [1, 1, 3, 3], "texture": "#politoed1"},
				"south": {"uv": [1, 1, 3, 3], "texture": "#politoed1"},
				"west": {"uv": [1, 1, 3, 3], "texture": "#politoed1"},
				"up": {"uv": [1, 1, 3, 3], "texture": "#politoed1"},
				"down": {"uv": [1, 1, 3, 3], "texture": "#politoed1"}
			}
		},
		{
			"from": [6.8125, 3.875, -0.375],
			"to": [8.125, 5.125, 0.8125],
			"faces": {
				"north": {"uv": [9, 5, 11, 7], "texture": "#politoed1"},
				"east": {"uv": [9, 5, 11, 7], "texture": "#politoed1"},
				"south": {"uv": [9, 5, 11, 7], "texture": "#politoed1"},
				"west": {"uv": [9, 5, 11, 7], "texture": "#politoed1"},
				"up": {"uv": [9, 5, 11, 7], "texture": "#politoed1"},
				"down": {"uv": [9, 5, 11, 7], "texture": "#politoed1"}
			}
		},
		{
			"from": [6.5, 4.3125, 0],
			"to": [7.625, 5.4375, 1.1875],
			"rotation": {"angle": -22.5, "axis": "z", "origin": [6.5, 5.4375, 0]},
			"faces": {
				"north": {"uv": [9, 5, 11, 7], "texture": "#politoed1"},
				"east": {"uv": [9, 5, 11, 7], "texture": "#politoed1"},
				"south": {"uv": [9, 5, 11, 7], "texture": "#politoed1"},
				"west": {"uv": [9, 5, 11, 7], "texture": "#politoed1"},
				"up": {"uv": [9, 5, 11, 7], "texture": "#politoed1"},
				"down": {"uv": [9, 5, 11, 7], "texture": "#politoed1"}
			}
		},
		{
			"from": [7.5, 3.88198, 0],
			"to": [8.625, 5.00698, 1.1875],
			"rotation": {"angle": 22.5, "axis": "z", "origin": [7.5, 5.00698, 0]},
			"faces": {
				"north": {"uv": [9, 5, 11, 7], "texture": "#politoed1"},
				"east": {"uv": [9, 5, 11, 7], "texture": "#politoed1"},
				"south": {"uv": [9, 5, 11, 7], "texture": "#politoed1"},
				"west": {"uv": [9, 5, 11, 7], "texture": "#politoed1"},
				"up": {"uv": [9, 5, 11, 7], "texture": "#politoed1"},
				"down": {"uv": [9, 5, 11, 7], "texture": "#politoed1"}
			}
		},
		{
			"from": [3.25, -0.8125, 1.875],
			"to": [4.5625, 0.4375, 3.0625],
			"rotation": {"angle": -22.5, "axis": "y", "origin": [3.25, -0.8125, 1.875]},
			"faces": {
				"north": {"uv": [9, 6, 11, 8], "texture": "#politoed1"},
				"east": {"uv": [9, 6, 11, 8], "texture": "#politoed1"},
				"south": {"uv": [9, 6, 11, 8], "texture": "#politoed1"},
				"west": {"uv": [9, 6, 11, 8], "texture": "#politoed1"},
				"up": {"uv": [9, 6, 11, 8], "texture": "#politoed1"},
				"down": {"uv": [9, 6, 11, 8], "texture": "#politoed1"}
			}
		},
		{
			"from": [4.4375, -0.8125, 0.75],
			"to": [5.75, 0.4375, 1.9375],
			"rotation": {"angle": -45, "axis": "y", "origin": [4.4375, -0.8125, 0.75]},
			"faces": {
				"north": {"uv": [9, 5, 11, 7], "texture": "#politoed1"},
				"east": {"uv": [9, 5, 11, 7], "texture": "#politoed1"},
				"south": {"uv": [9, 5, 11, 7], "texture": "#politoed1"},
				"west": {"uv": [9, 5, 11, 7], "texture": "#politoed1"},
				"up": {"uv": [9, 5, 11, 7], "texture": "#politoed1"},
				"down": {"uv": [9, 5, 11, 7], "texture": "#politoed1"}
			}
		},
		{
			"from": [3.0625, -0.8125, 3.6875],
			"to": [4.375, 0.4375, 4.875],
			"rotation": {"angle": 22.5, "axis": "y", "origin": [3.0625, -0.8125, 3.6875]},
			"faces": {
				"north": {"uv": [9, 4, 11, 6], "texture": "#politoed1"},
				"east": {"uv": [9, 4, 11, 6], "texture": "#politoed1"},
				"south": {"uv": [9, 4, 11, 6], "texture": "#politoed1"},
				"west": {"uv": [9, 4, 11, 6], "texture": "#politoed1"},
				"up": {"uv": [9, 4, 11, 6], "texture": "#politoed1"},
				"down": {"uv": [9, 4, 11, 6], "texture": "#politoed1"}
			}
		}
	],
	"display": {
		"head": {
			"rotation": [0, -90, 0],
			"translation": [-1.5, -22, 3],
			"scale": [2.5, 2.5, 2.4]
		},
		"gui": {
			"scale": [0, 0, 0]
		},
		"thirdperson_righthand": {
			"rotation": [70, -90, 0],
			"translation": [-7.25, -6.5, 3.5],
			"scale": [1.6, 1.6, 1.5]
		},
		"thirdperson_lefthand": {
			"rotation": [70, 90, 0],
			"translation": [-5.25, -6.5, 3.5],
			"scale": [1.6, 1.6, 1.5]
		},
		"firstperson_righthand": {
			"scale": [0, 0, 0]
		},
		"firstperson_lefthand": {
			"scale": [0, 0, 0]
		}
	}
}