{
	"credit": "Designed by Samasaurus6 with BDcraft Cubik PRO 0.96 Beta",
	"textures": {
		"heracross1": "pokemon/heracross/heracross1",
		"heracross_head": "pokemon/heracross/heracross_headmale",
		"heracross_eye": "pokemon/heracross/heracross_eye",
		"heracross2": "pokemon/heracross/heracross2",
		"heracross3": "pokemon/heracross/heracross3",
		"heracross4": "pokemon/heracross/heracross4",
		"heracross5": "pokemon/heracross/heracross5"
	},
	"elements": [
		{
			"from": [5.5, 2.5, 3],
			"to": [10, 13, 10.5],
			"rotation": {"angle": 22.5, "axis": "z", "origin": [5.5, 13, 3]},
			"faces": {
				"north": {"uv": [2, 0, 13.5, 15.5], "texture": "#heracross5"},
				"east": {"uv": [1.5, 0, 14, 15.5], "texture": "#heracross5"},
				"south": {"uv": [2, 0, 13.5, 15.5], "texture": "#heracross5"},
				"west": {"uv": [1.5, 0, 14, 15.5], "texture": "#heracross5"},
				"up": {"uv": [0, 6, 15, 10.5], "texture": "#heracross2", "rotation": 270},
				"down": {"uv": [0.5, 9, 15, 0], "texture": "#heracross5", "rotation": 90}
			}
		},
		{
			"from": [5.5625, 12.5, 3.5],
			"to": [9.5625, 13.5, 10],
			"rotation": {"angle": 22.5, "axis": "z", "origin": [5.5625, 13.5, 3.5]},
			"faces": {
				"north": {"uv": [1, 13, 3, 15], "texture": "#heracross_head"},
				"east": {"uv": [1, 13, 3, 15], "texture": "#heracross_head"},
				"south": {"uv": [1, 13, 3, 15], "texture": "#heracross_head"},
				"west": {"uv": [0, 7, 16, 8], "texture": "#heracross2"},
				"up": {"uv": [0, 0, 15, 7.5], "texture": "#heracross2", "rotation": 90},
				"down": {"uv": [1, 13, 3, 15], "texture": "#heracross_head"}
			}
		},
		{
			"from": [9.6875, 12.875, 3.5],
			"to": [11.6875, 14.75, 10],
			"rotation": {"angle": -22.5, "axis": "z", "origin": [9.6875, 14.75, 3.5]},
			"faces": {
				"north": {"uv": [1, 13, 3, 15], "texture": "#heracross_head"},
				"east": {"uv": [1, 13, 3, 15], "texture": "#heracross_head"},
				"south": {"uv": [1, 13, 3, 15], "texture": "#heracross_head"},
				"west": {"uv": [1, 13, 3, 15], "texture": "#heracross_head"},
				"up": {"uv": [1, 13, 3, 15], "texture": "#heracross_head"},
				"down": {"uv": [1, 13, 3, 15], "texture": "#heracross_head"}
			}
		},
		{
			"from": [9.3125, 5.3125, 3.5],
			"to": [11.625, 13.0625, 10],
			"rotation": {"angle": 22.5, "axis": "z", "origin": [9.3125, 13.0625, 3.5]},
			"faces": {
				"north": {"uv": [12, 0, 14.5, 16], "texture": "#heracross1"},
				"east": {"uv": [1, 0, 14.5, 16], "texture": "#heracross4"},
				"south": {"uv": [12, 0, 14.5, 16], "texture": "#heracross1"},
				"west": {"uv": [1, 13, 3, 15], "texture": "#heracross_head"},
				"up": {"uv": [1, 13, 3, 15], "texture": "#heracross_head"},
				"down": {"uv": [1, 13, 3, 15], "texture": "#heracross_head"}
			}
		},
		{
			"from": [12.5625, 5.6875, 3.5],
			"to": [14.5625, 7.5625, 10],
			"rotation": {"angle": -22.5, "axis": "z", "origin": [12.5625, 7.5625, 3.5]},
			"faces": {
				"north": {"uv": [1, 13, 3, 15], "texture": "#heracross_head"},
				"east": {"uv": [1.5, 13, 14, 16], "texture": "#heracross5"},
				"south": {"uv": [1, 13, 3, 15], "texture": "#heracross_head"},
				"west": {"uv": [1, 13, 3, 15], "texture": "#heracross_head"},
				"up": {"uv": [1, 13, 3, 15], "texture": "#heracross_head"},
				"down": {"uv": [1, 13, 3, 15], "texture": "#heracross_head"}
			}
		},
		{
			"from": [5.4375, 11.125, 3.5],
			"to": [7.4375, 13, 10],
			"rotation": {"angle": -22.5, "axis": "z", "origin": [5.4375, 13, 3.5]},
			"faces": {
				"north": {"uv": [1, 13, 3, 15], "texture": "#heracross_head"},
				"east": {"uv": [1, 13, 3, 15], "texture": "#heracross_head"},
				"south": {"uv": [1, 13, 3, 15], "texture": "#heracross_head"},
				"west": {"uv": [0, 7.5, 15, 10.5], "texture": "#heracross2"},
				"up": {"uv": [1, 13, 3, 15], "texture": "#heracross_head"},
				"down": {"uv": [1, 13, 3, 15], "texture": "#heracross_head"}
			}
		},
		{
			"from": [4.71997, 3.51775, 3.501],
			"to": [7.09497, 11.26773, 10.001],
			"rotation": {"angle": 22.5, "axis": "z", "origin": [4.71997, 11.26773, 3.5]},
			"faces": {
				"north": {"uv": [0.5, 0, 3.5, 16], "texture": "#heracross1"},
				"east": {"uv": [1, 13, 3, 15], "texture": "#heracross_head"},
				"south": {"uv": [12.5, 0, 15.5, 16], "texture": "#heracross1"},
				"west": {"uv": [1.5, 0, 14.5, 16], "texture": "#heracross1"},
				"up": {"uv": [1, 13, 3, 15], "texture": "#heracross_head"},
				"down": {"uv": [1, 13, 3, 15], "texture": "#heracross_head"}
			}
		},
		{
			"from": [8.4375, 3.9375, 3.5],
			"to": [10.4375, 5.9375, 10],
			"rotation": {"angle": -22.5, "axis": "z", "origin": [8.4375, 5.9375, 3.5]},
			"faces": {
				"north": {"uv": [1, 13, 3, 15], "texture": "#heracross_head"},
				"east": {"uv": [1, 13, 3, 15], "texture": "#heracross_head"},
				"south": {"uv": [1, 13, 3, 15], "texture": "#heracross_head"},
				"west": {"uv": [1, 13, 3, 15], "texture": "#heracross_head"},
				"up": {"uv": [1, 13, 3, 15], "texture": "#heracross_head"},
				"down": {"uv": [1, 13, 3, 15], "texture": "#heracross_head"}
			}
		},
		{
			"from": [8, 9.5, 10],
			"to": [10.5, 12, 12],
			"rotation": {"angle": 22.5, "axis": "x", "origin": [8, 12, 10]},
			"faces": {
				"north": {"uv": [1, 13, 3, 15], "texture": "#heracross_head"},
				"east": {"uv": [1, 13, 3, 15], "texture": "#heracross_head"},
				"south": {"uv": [1, 13, 3, 15], "texture": "#heracross_head"},
				"west": {"uv": [1, 13, 3, 15], "texture": "#heracross_head"},
				"up": {"uv": [1, 13, 3, 15], "texture": "#heracross_head"},
				"down": {"uv": [1, 13, 3, 15], "texture": "#heracross_head"}
			}
		},
		{
			"from": [8.25, 9.3125, 10.9375],
			"to": [10.25, 11.3125, 12.9375],
			"rotation": {"angle": 22.5, "axis": "x", "origin": [8.25, 11.3125, 10.9375]},
			"faces": {
				"north": {"uv": [1, 13, 3, 15], "texture": "#heracross_head"},
				"east": {"uv": [1, 13, 3, 15], "texture": "#heracross_head"},
				"south": {"uv": [1, 13, 3, 15], "texture": "#heracross_head"},
				"west": {"uv": [1, 13, 3, 15], "texture": "#heracross_head"},
				"up": {"uv": [1, 13, 3, 15], "texture": "#heracross_head"},
				"down": {"uv": [1, 13, 3, 15], "texture": "#heracross_head"}
			}
		},
		{
			"from": [8.75, 9.25, 12.1875],
			"to": [9.75, 10.25, 14.6875],
			"rotation": {"angle": 22.5, "axis": "x", "origin": [8.75, 10.25, 12.1875]},
			"faces": {
				"north": {"uv": [1, 13, 3, 15], "texture": "#heracross_head"},
				"east": {"uv": [1, 13, 3, 15], "texture": "#heracross_head"},
				"south": {"uv": [1, 13, 3, 15], "texture": "#heracross_head"},
				"west": {"uv": [1, 13, 3, 15], "texture": "#heracross_head"},
				"up": {"uv": [1, 13, 3, 15], "texture": "#heracross_head"},
				"down": {"uv": [1, 13, 3, 15], "texture": "#heracross_head"}
			}
		},
		{
			"from": [5.5, 8.375, 14.5933],
			"to": [9.5, 9.875, 17.0933],
			"rotation": {"angle": 22.5, "axis": "y", "origin": [5.5, 8.375, 14.5933]},
			"faces": {
				"north": {"uv": [1, 13, 3, 15], "texture": "#heracross_head"},
				"east": {"uv": [1, 13, 3, 15], "texture": "#heracross_head"},
				"south": {"uv": [1, 13, 3, 15], "texture": "#heracross_head"},
				"west": {"uv": [1, 13, 3, 15], "texture": "#heracross_head"},
				"up": {"uv": [1, 13, 3, 15], "texture": "#heracross_head"},
				"down": {"uv": [1, 13, 3, 15], "texture": "#heracross_head"}
			}
		},
		{
			"from": [4.6875, 8.1875, 14.7344],
			"to": [7.75, 10.125, 17.6719],
			"rotation": {"angle": 22.5, "axis": "y", "origin": [4.6875, 8.1875, 14.7344]},
			"faces": {
				"north": {"uv": [1, 13, 3, 15], "texture": "#heracross_head"},
				"east": {"uv": [1, 13, 3, 15], "texture": "#heracross_head"},
				"south": {"uv": [1, 13, 3, 15], "texture": "#heracross_head"},
				"west": {"uv": [1, 13, 3, 15], "texture": "#heracross_head"},
				"up": {"uv": [1, 13, 3, 15], "texture": "#heracross_head"},
				"down": {"uv": [1, 13, 3, 15], "texture": "#heracross_head"}
			}
		},
		{
			"from": [4.3125, 8.3125, 15.3865],
			"to": [5.8125, 9.8125, 17.3865],
			"rotation": {"angle": 22.5, "axis": "y", "origin": [4.3125, 8.3125, 15.3865]},
			"faces": {
				"north": {"uv": [1, 13, 3, 15], "texture": "#heracross_head"},
				"east": {"uv": [1, 13, 3, 15], "texture": "#heracross_head"},
				"south": {"uv": [1, 13, 3, 15], "texture": "#heracross_head"},
				"west": {"uv": [1, 13, 3, 15], "texture": "#heracross_head"},
				"up": {"uv": [1, 13, 3, 15], "texture": "#heracross_head"},
				"down": {"uv": [1, 13, 3, 15], "texture": "#heracross_head"}
			}
		},
		{
			"from": [8, 8.75, 1.5625],
			"to": [10.5, 11.25, 3.5625],
			"rotation": {"angle": -22.5, "axis": "x", "origin": [8, 11.25, 1.5625]},
			"faces": {
				"north": {"uv": [1, 13, 3, 15], "texture": "#heracross_head"},
				"east": {"uv": [1, 13, 3, 15], "texture": "#heracross_head"},
				"south": {"uv": [1, 13, 3, 15], "texture": "#heracross_head"},
				"west": {"uv": [1, 13, 3, 15], "texture": "#heracross_head"},
				"up": {"uv": [1, 13, 3, 15], "texture": "#heracross_head"},
				"down": {"uv": [1, 13, 3, 15], "texture": "#heracross_head"}
			}
		},
		{
			"from": [8.25, 8.5625, 0.5625],
			"to": [10.25, 10.5625, 2.5625],
			"rotation": {"angle": -22.5, "axis": "x", "origin": [8.25, 10.5625, 0.5625]},
			"faces": {
				"north": {"uv": [1, 13, 3, 15], "texture": "#heracross_head"},
				"east": {"uv": [1, 13, 3, 15], "texture": "#heracross_head"},
				"south": {"uv": [1, 13, 3, 15], "texture": "#heracross_head"},
				"west": {"uv": [1, 13, 3, 15], "texture": "#heracross_head"},
				"up": {"uv": [1, 13, 3, 15], "texture": "#heracross_head"},
				"down": {"uv": [1, 13, 3, 15], "texture": "#heracross_head"}
			}
		},
		{
			"from": [8.75, 8.3125, -1.1875],
			"to": [9.75, 9.3125, 1.3125],
			"rotation": {"angle": -22.5, "axis": "x", "origin": [8.75, 9.3125, -1.1875]},
			"faces": {
				"north": {"uv": [1, 13, 3, 15], "texture": "#heracross_head"},
				"east": {"uv": [1, 13, 3, 15], "texture": "#heracross_head"},
				"south": {"uv": [1, 13, 3, 15], "texture": "#heracross_head"},
				"west": {"uv": [1, 13, 3, 15], "texture": "#heracross_head"},
				"up": {"uv": [1, 13, 3, 15], "texture": "#heracross_head"},
				"down": {"uv": [1, 13, 3, 15], "texture": "#heracross_head"}
			}
		},
		{
			"from": [5.8125, 8.1875, -4.1875],
			"to": [8.875, 10.125, -1.25],
			"rotation": {"angle": -22.5, "axis": "y", "origin": [5.8125, 8.1875, -4.1875]},
			"faces": {
				"north": {"uv": [1, 13, 3, 15], "texture": "#heracross_head"},
				"east": {"uv": [1, 13, 3, 15], "texture": "#heracross_head"},
				"south": {"uv": [1, 13, 3, 15], "texture": "#heracross_head"},
				"west": {"uv": [1, 13, 3, 15], "texture": "#heracross_head"},
				"up": {"uv": [1, 13, 3, 15], "texture": "#heracross_head"},
				"down": {"uv": [1, 13, 3, 15], "texture": "#heracross_head"}
			}
		},
		{
			"from": [6.5, 8.375, -3.625],
			"to": [10.5, 9.875, -1.125],
			"rotation": {"angle": -22.5, "axis": "y", "origin": [6.5, 8.375, -3.625]},
			"faces": {
				"north": {"uv": [1, 13, 3, 15], "texture": "#heracross_head"},
				"east": {"uv": [1, 13, 3, 15], "texture": "#heracross_head"},
				"south": {"uv": [1, 13, 3, 15], "texture": "#heracross_head"},
				"west": {"uv": [1, 13, 3, 15], "texture": "#heracross_head"},
				"up": {"uv": [1, 13, 3, 15], "texture": "#heracross_head"},
				"down": {"uv": [1, 13, 3, 15], "texture": "#heracross_head"}
			}
		},
		{
			"from": [5.0625, 8.3125, -3.9375],
			"to": [6.5625, 9.8125, -1.9375],
			"rotation": {"angle": -22.5, "axis": "y", "origin": [5.0625, 8.3125, -3.9375]},
			"faces": {
				"north": {"uv": [1, 13, 3, 15], "texture": "#heracross_head"},
				"east": {"uv": [1, 13, 3, 15], "texture": "#heracross_head"},
				"south": {"uv": [1, 13, 3, 15], "texture": "#heracross_head"},
				"west": {"uv": [1, 13, 3, 15], "texture": "#heracross_head"},
				"up": {"uv": [1, 13, 3, 15], "texture": "#heracross_head"},
				"down": {"uv": [1, 13, 3, 15], "texture": "#heracross_head"}
			}
		},
		{
			"from": [7.5, 1.9375, 7.6875],
			"to": [11.6875, 5.375, 11.0625],
			"rotation": {"angle": -22.5, "axis": "x", "origin": [7.5, 5.375, 7.6875]},
			"faces": {
				"north": {"uv": [1, 13, 3, 15], "texture": "#heracross_head"},
				"east": {"uv": [1, 13, 3, 15], "texture": "#heracross_head"},
				"south": {"uv": [1, 13, 3, 15], "texture": "#heracross_head"},
				"west": {"uv": [1, 13, 3, 15], "texture": "#heracross_head"},
				"up": {"uv": [1, 13, 3, 15], "texture": "#heracross_head"},
				"down": {"uv": [1, 13, 3, 15], "texture": "#heracross_head"}
			}
		},
		{
			"from": [7.875, 0.875, 1.1875],
			"to": [10.375, 2.375, 3.1875],
			"rotation": {"angle": -22.5, "axis": "y", "origin": [7.875, 0.875, 1.1875]},
			"faces": {
				"north": {"uv": [1, 13, 3, 15], "texture": "#heracross_head"},
				"east": {"uv": [1, 13, 3, 15], "texture": "#heracross_head"},
				"south": {"uv": [1, 13, 3, 15], "texture": "#heracross_head"},
				"west": {"uv": [1, 13, 3, 15], "texture": "#heracross_head"},
				"up": {"uv": [1, 13, 3, 15], "texture": "#heracross_head"},
				"down": {"uv": [1, 13, 3, 15], "texture": "#heracross_head"}
			}
		},
		{
			"from": [4.6875, 12.25, 5.9375],
			"to": [7.6875, 14.75, 7.4375],
			"rotation": {"angle": -22.5, "axis": "z", "origin": [4.6875, 14.75, 5.9375]},
			"faces": {
				"north": {"uv": [1, 13, 3, 15], "texture": "#heracross_head"},
				"east": {"uv": [1, 13, 3, 15], "texture": "#heracross_head"},
				"south": {"uv": [1, 13, 3, 15], "texture": "#heracross_head"},
				"west": {"uv": [1, 13, 3, 15], "texture": "#heracross_head"},
				"up": {"uv": [1, 13, 3, 15], "texture": "#heracross_head"},
				"down": {"uv": [1, 13, 3, 15], "texture": "#heracross_head"}
			}
		},
		{
			"from": [2.5625, 11.6875, 6.0625],
			"to": [4.5625, 13.875, 7.3125],
			"rotation": {"angle": 45, "axis": "z", "origin": [2.5625, 13.875, 6.0625]},
			"faces": {
				"north": {"uv": [1, 13, 3, 15], "texture": "#heracross_head"},
				"east": {"uv": [1, 13, 3, 15], "texture": "#heracross_head"},
				"south": {"uv": [1, 13, 3, 15], "texture": "#heracross_head"},
				"west": {"uv": [1, 13, 3, 15], "texture": "#heracross_head"},
				"up": {"uv": [1, 13, 3, 15], "texture": "#heracross_head"},
				"down": {"uv": [1, 13, 3, 15], "texture": "#heracross_head"}
			}
		},
		{
			"from": [1.9375, 13.75, 6.125],
			"to": [3.6875, 15.5625, 7.25],
			"rotation": {"angle": 22.5, "axis": "z", "origin": [1.9375, 15.5625, 6.125]},
			"faces": {
				"north": {"uv": [1, 13, 3, 15], "texture": "#heracross_head"},
				"east": {"uv": [1, 13, 3, 15], "texture": "#heracross_head"},
				"south": {"uv": [1, 13, 3, 15], "texture": "#heracross_head"},
				"west": {"uv": [1, 13, 3, 15], "texture": "#heracross_head"},
				"up": {"uv": [1, 13, 3, 15], "texture": "#heracross_head"},
				"down": {"uv": [1, 13, 3, 15], "texture": "#heracross_head"}
			}
		},
		{
			"from": [2.0625, 15.5, 6.1875],
			"to": [3.5, 17.125, 7.1875],
			"faces": {
				"north": {"uv": [1, 13, 3, 15], "texture": "#heracross_head"},
				"east": {"uv": [1, 13, 3, 15], "texture": "#heracross_head"},
				"south": {"uv": [1, 13, 3, 15], "texture": "#heracross_head"},
				"west": {"uv": [1, 13, 3, 15], "texture": "#heracross_head"},
				"up": {"uv": [1, 13, 3, 15], "texture": "#heracross_head"},
				"down": {"uv": [1, 13, 3, 15], "texture": "#heracross_head"}
			}
		},
		{
			"from": [2.125, 16, 6.25],
			"to": [3.0625, 17.0625, 7.125],
			"rotation": {"angle": 45, "axis": "z", "origin": [2.125, 17.0625, 6.25]},
			"faces": {
				"north": {"uv": [1, 13, 3, 15], "texture": "#heracross_head"},
				"east": {"uv": [1, 13, 3, 15], "texture": "#heracross_head"},
				"south": {"uv": [1, 13, 3, 15], "texture": "#heracross_head"},
				"west": {"uv": [1, 13, 3, 15], "texture": "#heracross_head"},
				"up": {"uv": [1, 13, 3, 15], "texture": "#heracross_head"},
				"down": {"uv": [1, 13, 3, 15], "texture": "#heracross_head"}
			}
		},
		{
			"from": [5.5625, 12.3125, 9.75],
			"to": [6.0625, 15.0625, 10.3125],
			"rotation": {"angle": 45, "axis": "x", "origin": [5.5625, 15.0625, 9.75]},
			"faces": {
				"north": {"uv": [1, 13, 3, 15], "texture": "#heracross_head"},
				"east": {"uv": [1, 13, 3, 15], "texture": "#heracross_head"},
				"south": {"uv": [1, 13, 3, 15], "texture": "#heracross_head"},
				"west": {"uv": [1, 13, 3, 15], "texture": "#heracross_head"},
				"up": {"uv": [1, 13, 3, 15], "texture": "#heracross_head"},
				"down": {"uv": [1, 13, 3, 15], "texture": "#heracross_head"}
			}
		},
		{
			"from": [5.5625, 11.9375, 3.3125],
			"to": [6.0625, 14.6875, 3.875],
			"rotation": {"angle": -45, "axis": "x", "origin": [5.5625, 14.6875, 3.3125]},
			"faces": {
				"north": {"uv": [1, 13, 3, 15], "texture": "#heracross_head"},
				"east": {"uv": [1, 13, 3, 15], "texture": "#heracross_head"},
				"south": {"uv": [1, 13, 3, 15], "texture": "#heracross_head"},
				"west": {"uv": [1, 13, 3, 15], "texture": "#heracross_head"},
				"up": {"uv": [1, 13, 3, 15], "texture": "#heracross_head"},
				"down": {"uv": [1, 13, 3, 15], "texture": "#heracross_head"}
			}
		},
		{
			"from": [5.3125, 14.5625, 9.9375],
			"to": [6.25, 15.5, 10.875],
			"rotation": {"angle": 45, "axis": "x", "origin": [5.3125, 15.5, 9.9375]},
			"faces": {
				"north": {"uv": [1, 13, 3, 15], "texture": "#heracross_head"},
				"east": {"uv": [1, 13, 3, 15], "texture": "#heracross_head"},
				"south": {"uv": [1, 13, 3, 15], "texture": "#heracross_head"},
				"west": {"uv": [1, 13, 3, 15], "texture": "#heracross_head"},
				"up": {"uv": [1, 13, 3, 15], "texture": "#heracross_head"},
				"down": {"uv": [1, 13, 3, 15], "texture": "#heracross_head"}
			}
		},
		{
			"from": [5.3125, 13.875, 2.9375],
			"to": [6.25, 14.8125, 3.875],
			"rotation": {"angle": -45, "axis": "x", "origin": [5.3125, 14.8125, 2.9375]},
			"faces": {
				"north": {"uv": [1, 13, 3, 15], "texture": "#heracross_head"},
				"east": {"uv": [1, 13, 3, 15], "texture": "#heracross_head"},
				"south": {"uv": [1, 13, 3, 15], "texture": "#heracross_head"},
				"west": {"uv": [1, 13, 3, 15], "texture": "#heracross_head"},
				"up": {"uv": [1, 13, 3, 15], "texture": "#heracross_head"},
				"down": {"uv": [1, 13, 3, 15], "texture": "#heracross_head"}
			}
		},
		{
			"from": [5.375, 11.175, 7.6625],
			"to": [5.4375, 12.825, 8.8875],
			"rotation": {"angle": -22.5, "axis": "z", "origin": [5.375, 12.875, 7.6625]},
			"faces": {
				"west": {"uv": [2, 3, 13, 14], "texture": "#heracross_eye"}
			}
		},
		{
			"from": [5.375, 11.175, 4.425],
			"to": [5.4375, 12.825, 5.65],
			"rotation": {"angle": -22.5, "axis": "z", "origin": [5.375, 12.875, 4.375]},
			"faces": {
				"west": {"uv": [13, 3, 2, 14], "texture": "#heracross_eye"}
			}
		},
		{
			"from": [4.625, 10.0625, 3.5],
			"to": [4.6875, 11.25, 10],
			"rotation": {"angle": 22.5, "axis": "z", "origin": [4.625, 11.25, 3.5]},
			"faces": {
				"west": {"uv": [0, 10.5, 15, 14], "texture": "#heracross3"}
			}
		},
		{
			"from": [2.625, 14.1875, 6.625],
			"to": [2.6875, 20.1875, 9.875],
			"rotation": {"angle": 22.5, "axis": "y", "origin": [2.625, 14.1875, 6.625]},
			"faces": {
				"east": {"uv": [14.5, 2.5, 8, 13.5], "texture": "#heracross_head"},
				"west": {"uv": [8, 2.5, 14.5, 13.5], "texture": "#heracross_head"}
			}
		},
		{
			"from": [3.875, 14.1875, 3.625],
			"to": [3.9375, 20.1875, 6.875],
			"rotation": {"angle": -22.5, "axis": "y", "origin": [3.875, 14.1875, 3.625]},
			"faces": {
				"east": {"uv": [8, 2.5, 14.5, 13.5], "texture": "#heracross_head"},
				"west": {"uv": [14.5, 2.5, 8, 13.5], "texture": "#heracross_head"}
			}
		},
		{
			"from": [3.6875, 8.8125, 15.6875],
			"to": [4.75, 9.4375, 16.375],
			"faces": {
				"north": {"uv": [5, 13, 7, 15], "texture": "#heracross_head"},
				"east": {"uv": [5, 13, 7, 15], "texture": "#heracross_head"},
				"south": {"uv": [5, 13, 7, 15], "texture": "#heracross_head"},
				"west": {"uv": [5, 13, 7, 15], "texture": "#heracross_head"},
				"up": {"uv": [5, 13, 7, 15], "texture": "#heracross_head"},
				"down": {"uv": [5, 13, 7, 15], "texture": "#heracross_head"}
			}
		},
		{
			"from": [4.125, 8.8125, 16.5],
			"to": [5.1875, 9.4375, 17.1875],
			"faces": {
				"north": {"uv": [5, 13, 7, 15], "texture": "#heracross_head"},
				"east": {"uv": [5, 13, 7, 15], "texture": "#heracross_head"},
				"south": {"uv": [5, 13, 7, 15], "texture": "#heracross_head"},
				"west": {"uv": [5, 13, 7, 15], "texture": "#heracross_head"},
				"up": {"uv": [5, 13, 7, 15], "texture": "#heracross_head"},
				"down": {"uv": [5, 13, 7, 15], "texture": "#heracross_head"}
			}
		},
		{
			"from": [3.0625, 8.5625, 15.75],
			"to": [3.8125, 9.125, 16.3125],
			"rotation": {"angle": 22.5, "axis": "z", "origin": [3.0625, 9.125, 15.75]},
			"faces": {
				"north": {"uv": [5, 13, 7, 15], "texture": "#heracross_head"},
				"east": {"uv": [5, 13, 7, 15], "texture": "#heracross_head"},
				"south": {"uv": [5, 13, 7, 15], "texture": "#heracross_head"},
				"west": {"uv": [5, 13, 7, 15], "texture": "#heracross_head"},
				"up": {"uv": [5, 13, 7, 15], "texture": "#heracross_head"},
				"down": {"uv": [5, 13, 7, 15], "texture": "#heracross_head"}
			}
		},
		{
			"from": [3.4375, 8.5625, 16.5625],
			"to": [4.1875, 9.125, 17.125],
			"rotation": {"angle": 22.5, "axis": "z", "origin": [3.4375, 9.125, 16.5625]},
			"faces": {
				"north": {"uv": [5, 13, 7, 15], "texture": "#heracross_head"},
				"east": {"uv": [5, 13, 7, 15], "texture": "#heracross_head"},
				"south": {"uv": [5, 13, 7, 15], "texture": "#heracross_head"},
				"west": {"uv": [5, 13, 7, 15], "texture": "#heracross_head"},
				"up": {"uv": [5, 13, 7, 15], "texture": "#heracross_head"},
				"down": {"uv": [5, 13, 7, 15], "texture": "#heracross_head"}
			}
		},
		{
			"from": [7.0625, 0.9375, 1.0625],
			"to": [9.0625, 2.25, 2.75],
			"rotation": {"angle": -22.5, "axis": "y", "origin": [7.0625, 0.9375, 1.0625]},
			"faces": {
				"north": {"uv": [1, 13, 3, 15], "texture": "#heracross_head"},
				"east": {"uv": [1, 13, 3, 15], "texture": "#heracross_head"},
				"south": {"uv": [1, 13, 3, 15], "texture": "#heracross_head"},
				"west": {"uv": [1, 13, 3, 15], "texture": "#heracross_head"},
				"up": {"uv": [1, 13, 3, 15], "texture": "#heracross_head"},
				"down": {"uv": [1, 13, 3, 15], "texture": "#heracross_head"}
			}
		},
		{
			"from": [6.125, 1.1875, 1.125],
			"to": [7.75, 2.0625, 2.0625],
			"rotation": {"angle": -22.5, "axis": "y", "origin": [6.125, 1.1875, 1.125]},
			"faces": {
				"north": {"uv": [5, 13, 7, 15], "texture": "#heracross_head"},
				"east": {"uv": [5, 13, 7, 15], "texture": "#heracross_head"},
				"south": {"uv": [5, 13, 7, 15], "texture": "#heracross_head"},
				"west": {"uv": [5, 13, 7, 15], "texture": "#heracross_head"},
				"up": {"uv": [5, 13, 7, 15], "texture": "#heracross_head"},
				"down": {"uv": [5, 13, 7, 15], "texture": "#heracross_head"}
			}
		},
		{
			"from": [8.4375, 1.375, 1.625],
			"to": [10.875, 3.5625, 4],
			"faces": {
				"north": {"uv": [1, 13, 3, 15], "texture": "#heracross_head"},
				"east": {"uv": [1, 13, 3, 15], "texture": "#heracross_head"},
				"south": {"uv": [1, 13, 3, 15], "texture": "#heracross_head"},
				"west": {"uv": [1, 13, 3, 15], "texture": "#heracross_head"},
				"up": {"uv": [1, 13, 3, 15], "texture": "#heracross_head"},
				"down": {"uv": [1, 13, 3, 15], "texture": "#heracross_head"}
			}
		},
		{
			"from": [8.4375, 1.375, 9.5625],
			"to": [10.875, 3.5625, 11.9375],
			"faces": {
				"north": {"uv": [1, 13, 3, 15], "texture": "#heracross_head"},
				"east": {"uv": [1, 13, 3, 15], "texture": "#heracross_head"},
				"south": {"uv": [1, 13, 3, 15], "texture": "#heracross_head"},
				"west": {"uv": [1, 13, 3, 15], "texture": "#heracross_head"},
				"up": {"uv": [1, 13, 3, 15], "texture": "#heracross_head"},
				"down": {"uv": [1, 13, 3, 15], "texture": "#heracross_head"}
			}
		},
		{
			"from": [7.0625, 0.875, 10.5625],
			"to": [9.5625, 2.375, 12.5625],
			"rotation": {"angle": 22.5, "axis": "y", "origin": [7.0625, 0.875, 10.5625]},
			"faces": {
				"north": {"uv": [1, 13, 3, 15], "texture": "#heracross_head"},
				"east": {"uv": [1, 13, 3, 15], "texture": "#heracross_head"},
				"south": {"uv": [1, 13, 3, 15], "texture": "#heracross_head"},
				"west": {"uv": [1, 13, 3, 15], "texture": "#heracross_head"},
				"up": {"uv": [1, 13, 3, 15], "texture": "#heracross_head"},
				"down": {"uv": [1, 13, 3, 15], "texture": "#heracross_head"}
			}
		},
		{
			"from": [6.4375, 0.9375, 11],
			"to": [8.4375, 2.25, 12.6875],
			"rotation": {"angle": 22.5, "axis": "y", "origin": [6.4375, 0.9375, 11]},
			"faces": {
				"north": {"uv": [1, 13, 3, 15], "texture": "#heracross_head"},
				"east": {"uv": [1, 13, 3, 15], "texture": "#heracross_head"},
				"south": {"uv": [1, 13, 3, 15], "texture": "#heracross_head"},
				"west": {"uv": [1, 13, 3, 15], "texture": "#heracross_head"},
				"up": {"uv": [1, 13, 3, 15], "texture": "#heracross_head"},
				"down": {"uv": [1, 13, 3, 15], "texture": "#heracross_head"}
			}
		},
		{
			"from": [5.8125, 1.1875, 11.6875],
			"to": [7.4375, 2.0625, 12.625],
			"rotation": {"angle": 22.5, "axis": "y", "origin": [5.8125, 1.1875, 11.6875]},
			"faces": {
				"north": {"uv": [5, 13, 7, 15], "texture": "#heracross_head"},
				"east": {"uv": [5, 13, 7, 15], "texture": "#heracross_head"},
				"south": {"uv": [5, 13, 7, 15], "texture": "#heracross_head"},
				"west": {"uv": [5, 13, 7, 15], "texture": "#heracross_head"},
				"up": {"uv": [5, 13, 7, 15], "texture": "#heracross_head"},
				"down": {"uv": [5, 13, 7, 15], "texture": "#heracross_head"}
			}
		},
		{
			"from": [7.5, 3.1875, 2.6875],
			"to": [11.6875, 6.625, 6.0625],
			"rotation": {"angle": 22.5, "axis": "x", "origin": [7.5, 6.625, 2.6875]},
			"faces": {
				"north": {"uv": [1, 13, 3, 15], "texture": "#heracross_head"},
				"east": {"uv": [1, 13, 3, 15], "texture": "#heracross_head"},
				"south": {"uv": [1, 13, 3, 15], "texture": "#heracross_head"},
				"west": {"uv": [1, 13, 3, 15], "texture": "#heracross_head"},
				"up": {"uv": [1, 13, 3, 15], "texture": "#heracross_head"},
				"down": {"uv": [1, 13, 3, 15], "texture": "#heracross_head"}
			}
		},
		{
			"from": [4.125, 8.8125, -3.875],
			"to": [5.1875, 9.4375, -3.1875],
			"faces": {
				"north": {"uv": [5, 13, 7, 15], "texture": "#heracross_head"},
				"east": {"uv": [5, 13, 7, 15], "texture": "#heracross_head"},
				"south": {"uv": [5, 13, 7, 15], "texture": "#heracross_head"},
				"west": {"uv": [5, 13, 7, 15], "texture": "#heracross_head"},
				"up": {"uv": [5, 13, 7, 15], "texture": "#heracross_head"},
				"down": {"uv": [5, 13, 7, 15], "texture": "#heracross_head"}
			}
		},
		{
			"from": [3.6875, 8.8125, -3.0625],
			"to": [4.75, 9.4375, -2.375],
			"faces": {
				"north": {"uv": [5, 13, 7, 15], "texture": "#heracross_head"},
				"east": {"uv": [5, 13, 7, 15], "texture": "#heracross_head"},
				"south": {"uv": [5, 13, 7, 15], "texture": "#heracross_head"},
				"west": {"uv": [5, 13, 7, 15], "texture": "#heracross_head"},
				"up": {"uv": [5, 13, 7, 15], "texture": "#heracross_head"},
				"down": {"uv": [5, 13, 7, 15], "texture": "#heracross_head"}
			}
		},
		{
			"from": [3.0625, 8.5625, -3],
			"to": [3.8125, 9.125, -2.4375],
			"rotation": {"angle": 22.5, "axis": "z", "origin": [3.0625, 9.125, -3]},
			"faces": {
				"north": {"uv": [5, 13, 7, 15], "texture": "#heracross_head"},
				"east": {"uv": [5, 13, 7, 15], "texture": "#heracross_head"},
				"south": {"uv": [5, 13, 7, 15], "texture": "#heracross_head"},
				"west": {"uv": [5, 13, 7, 15], "texture": "#heracross_head"},
				"up": {"uv": [5, 13, 7, 15], "texture": "#heracross_head"},
				"down": {"uv": [5, 13, 7, 15], "texture": "#heracross_head"}
			}
		},
		{
			"from": [3.4375, 8.5625, -3.8125],
			"to": [4.1875, 9.125, -3.25],
			"rotation": {"angle": 22.5, "axis": "z", "origin": [3.4375, 9.125, -3.8125]},
			"faces": {
				"north": {"uv": [5, 13, 7, 15], "texture": "#heracross_head"},
				"east": {"uv": [5, 13, 7, 15], "texture": "#heracross_head"},
				"south": {"uv": [5, 13, 7, 15], "texture": "#heracross_head"},
				"west": {"uv": [5, 13, 7, 15], "texture": "#heracross_head"},
				"up": {"uv": [5, 13, 7, 15], "texture": "#heracross_head"},
				"down": {"uv": [5, 13, 7, 15], "texture": "#heracross_head"}
			}
		},
		{
			"from": [5.125, 1.25, 12.0625],
			"to": [6.4375, 2, 12.8125],
			"rotation": {"angle": 22.5, "axis": "y", "origin": [5.125, 1.25, 12.0625]},
			"faces": {
				"north": {"uv": [5, 13, 7, 15], "texture": "#heracross_head"},
				"east": {"uv": [5, 13, 7, 15], "texture": "#heracross_head"},
				"south": {"uv": [5, 13, 7, 15], "texture": "#heracross_head"},
				"west": {"uv": [5, 13, 7, 15], "texture": "#heracross_head"},
				"up": {"uv": [5, 13, 7, 15], "texture": "#heracross_head"},
				"down": {"uv": [5, 13, 7, 15], "texture": "#heracross_head"}
			}
		},
		{
			"from": [5.4375, 1.25, 0.9375],
			"to": [6.75, 2, 1.6875],
			"rotation": {"angle": -22.5, "axis": "y", "origin": [5.4375, 1.25, 0.9375]},
			"faces": {
				"north": {"uv": [5, 13, 7, 15], "texture": "#heracross_head"},
				"east": {"uv": [5, 13, 7, 15], "texture": "#heracross_head"},
				"south": {"uv": [5, 13, 7, 15], "texture": "#heracross_head"},
				"west": {"uv": [5, 13, 7, 15], "texture": "#heracross_head"},
				"up": {"uv": [5, 13, 7, 15], "texture": "#heracross_head"},
				"down": {"uv": [5, 13, 7, 15], "texture": "#heracross_head"}
			}
		}
	],
	"display": {
		"thirdperson_righthand": {
			"rotation": [70, -90, 0],
			"translation": [-7.75, -4.1, 0.2],
			"scale": [1.7, 1.7, 1.5]
		},
		"thirdperson_lefthand": {
			"rotation": [70, 90, 0],
			"translation": [-4.25, -4.1, 0.2],
			"scale": [1.7, 1.7, 1.5]
		},
		"firstperson_righthand": {
			"scale": [0, 0, 0]
		},
		"firstperson_lefthand": {
			"scale": [0, 0, 0]
		},
		"gui": {
			"scale": [0, 0, 0]
		},
		"head": {
			"rotation": [0, -90, 0],
			"translation": [-3, -26, 0],
			"scale": [2.9, 2.9, 2.3]
		}
	}
}