﻿{
	"credit": "Designed by Ramonaskye with BDcraft Cubik PRO 0.96 Beta - http://bdcraft.net",
	"textures": {
		"pikachu_face": "pokemon/raichu/raichu_face"
	},
	"elements": [
		{
			"from": [4.25, 3, 5.25],
			"to": [11.75, 9.5, 13],
			"faces": {
				"north": {"uv": [1.25, 3, 4, 0.75], "texture": "#pikachu_face"},
				"east": {"uv": [4.5, 3, 2.25, 0.75], "texture": "#pikachu_face"},
				"south": {"uv": [3, 8, 6.5, 10.75], "texture": "#pikachu_face"},
				"west": {"uv": [2.25, 3, 4.5, 0.75], "texture": "#pikachu_face"},
				"up": {"uv": [3, 7.75, 6.5, 8.25], "texture": "#pikachu_face"},
				"down": {"uv": [8, 2, 9, 3], "texture": "#pikachu_face"}
			}
		},
		{
			"from": [3.0625, 0, 8.375],
			"to": [5.3125, 1.5, 13.375],
			"rotation": {"angle": -22.5, "axis": "y", "origin": [3.0625, 0, 8.375]},
			"faces": {
				"north": {"uv": [11.75, 8.75, 12.25, 9.5], "texture": "#pikachu_face"},
				"east": {"uv": [5.25, 13.25, 3.5, 14], "texture": "#pikachu_face"},
				"south": {"uv": [4.5, 13.25, 5, 14], "texture": "#pikachu_face"},
				"west": {"uv": [3.5, 13.25, 5.25, 14], "texture": "#pikachu_face"},
				"up": {"uv": [3.5, 13.25, 5.25, 14], "texture": "#pikachu_face", "rotation": 90},
				"down": {"uv": [5.25, 13.25, 3.5, 14], "texture": "#pikachu_face", "rotation": 90}
			}
		},
		{
			"from": [2.5, 4.25, 8.25],
			"to": [4.5, 9.5, 14],
			"rotation": {"angle": 22.5, "axis": "x", "origin": [2.5, 9.5, 8.25]},
			"faces": {
				"north": {"uv": [8, 2, 9, 3], "texture": "#pikachu_face"},
				"east": {"uv": [8, 2, 9, 3], "texture": "#pikachu_face"},
				"south": {"uv": [8, 2, 9, 3], "texture": "#pikachu_face"},
				"west": {"uv": [8, 2, 9, 3], "texture": "#pikachu_face"},
				"up": {"uv": [8, 2, 9, 3], "texture": "#pikachu_face"},
				"down": {"uv": [8, 2, 9, 3], "texture": "#pikachu_face"}
			}
		},
		{
			"from": [2, 1.5, 8.25],
			"to": [4.5, 4, 11.75],
			"faces": {
				"north": {"uv": [8, 2, 9, 3], "texture": "#pikachu_face"},
				"east": {"uv": [8, 2, 9, 3], "texture": "#pikachu_face"},
				"south": {"uv": [8, 2, 9, 3], "texture": "#pikachu_face"},
				"west": {"uv": [8, 2, 9, 3], "texture": "#pikachu_face"},
				"up": {"uv": [8, 2, 9, 3], "texture": "#pikachu_face"},
				"down": {"uv": [8, 2, 9, 3], "texture": "#pikachu_face"}
			}
		},
		{
			"from": [5.0625, 12.5, 12.6875],
			"to": [7.5625, 15.25, 14.1875],
			"rotation": {"angle": -22.5, "axis": "y", "origin": [5.0625, 12.5, 12.6875]},
			"faces": {
				"north": {"uv": [8, 2, 9, 3], "texture": "#pikachu_face"},
				"east": {"uv": [8, 2, 9, 3], "texture": "#pikachu_face"},
				"south": {"uv": [5, 0, 7, 4], "texture": "#pikachu_face"},
				"west": {"uv": [8, 2, 9, 3], "texture": "#pikachu_face"},
				"up": {"uv": [8, 2, 9, 3], "texture": "#pikachu_face"},
				"down": {"uv": [8, 2, 9, 3], "texture": "#pikachu_face"}
			}
		},
		{
			"from": [9.125, 12.5, 13.625],
			"to": [11.125, 15.25, 15.125],
			"rotation": {"angle": 22.5, "axis": "y", "origin": [9.125, 12.5, 13.625]},
			"faces": {
				"north": {"uv": [8, 2, 9, 3], "texture": "#pikachu_face"},
				"east": {"uv": [8, 2, 9, 3], "texture": "#pikachu_face"},
				"south": {"uv": [9, 0, 11, 4], "texture": "#pikachu_face"},
				"west": {"uv": [8, 2, 9, 3], "texture": "#pikachu_face"},
				"up": {"uv": [8, 2, 9, 3], "texture": "#pikachu_face"},
				"down": {"uv": [8, 2, 9, 3], "texture": "#pikachu_face"}
			}
		},
		{
			"from": [6.8125, 12.25, 13.5625],
			"to": [9.6875, 15.5, 15.0625],
			"faces": {
				"north": {"uv": [9, 2, 10, 3], "texture": "#pikachu_face"},
				"east": {"uv": [9, 2, 10, 3], "texture": "#pikachu_face"},
				"south": {"uv": [6.75, 0, 9.25, 3.75], "texture": "#pikachu_face"},
				"west": {"uv": [9, 2, 10, 3], "texture": "#pikachu_face"},
				"up": {"uv": [6.75, 1.25, 9.25, 0], "texture": "#pikachu_face"},
				"down": {"uv": [9, 2, 10, 3], "texture": "#pikachu_face"}
			}
		},
		{
			"from": [4.5, 9.5, 5.5],
			"to": [11.5, 12, 12.75],
			"faces": {
				"north": {"uv": [8, 2, 9, 3], "texture": "#pikachu_face"},
				"east": {"uv": [8, 2, 9, 3], "texture": "#pikachu_face"},
				"south": {"uv": [2.75, 7.75, 6.75, 8.75], "texture": "#pikachu_face"},
				"west": {"uv": [8, 2, 9, 3], "texture": "#pikachu_face"},
				"up": {"uv": [8, 2, 9, 3], "texture": "#pikachu_face"},
				"down": {"uv": [8, 2, 9, 3], "texture": "#pikachu_face"}
			}
		},
		{
			"from": [3.75, 12, 5.5],
			"to": [12.25, 19, 13],
			"faces": {
				"north": {"uv": [7.5, 2, 8.5, 3], "texture": "#pikachu_face"},
				"east": {"uv": [7.5, 2, 8.5, 3], "texture": "#pikachu_face"},
				"south": {"uv": [7.5, 2, 8.5, 3], "texture": "#pikachu_face"},
				"west": {"uv": [7.5, 2, 8.5, 3], "texture": "#pikachu_face"},
				"up": {"uv": [7.5, 2, 8.5, 3], "texture": "#pikachu_face"},
				"down": {"uv": [7.5, 2, 8.5, 3], "texture": "#pikachu_face"}
			}
		},
		{
			"from": [3, 6.5, 4.4375],
			"to": [9, 7.25, 5.1875],
			"rotation": {"angle": -22.5, "axis": "z", "origin": [3, 7.25, 4.4375]},
			"faces": {
				"north": {"uv": [5.25, 14, 4, 13.75], "texture": "#pikachu_face"},
				"east": {"uv": [4.25, 13.25, 4.5, 14], "texture": "#pikachu_face"},
				"south": {"uv": [5.25, 14, 4, 13.75], "texture": "#pikachu_face"},
				"west": {"uv": [4.25, 13.25, 4.5, 13.75], "texture": "#pikachu_face"},
				"up": {"uv": [3.5, 13.25, 2.25, 13.5], "texture": "#pikachu_face"},
				"down": {"uv": [3.5, 13.25, 2.25, 13.5], "texture": "#pikachu_face"}
			}
		},
		{
			"from": [29.72, 16.44, -1.4],
			"to": [30.755, 20.718, -0.65],
			"rotation": {"angle": -45, "axis": "z", "origin": [29.72, 30.24, -1.4]},
			"faces": {
				"north": {"uv": [10.5, 13.5, 11, 14], "texture": "#pikachu_face"},
				"east": {"uv": [10.5, 13.5, 11, 14], "texture": "#pikachu_face"},
				"south": {"uv": [10.5, 13.5, 11, 14], "texture": "#pikachu_face"},
				"west": {"uv": [10.5, 13.5, 11, 14], "texture": "#pikachu_face"},
				"up": {"uv": [10.5, 13.5, 11, 14], "texture": "#pikachu_face"},
				"down": {"uv": [10.5, 13.5, 11, 14], "texture": "#pikachu_face"}
			}
		},
		{
			"from": [22.268, 20.756, -1.4],
			"to": [23.303, 26.138, -0.65],
			"rotation": {"angle": 45, "axis": "z", "origin": [22.7855, 24.237, -0.925]},
			"faces": {
				"north": {"uv": [10.5, 13.5, 11, 14], "texture": "#pikachu_face"},
				"east": {"uv": [10.5, 13.5, 11, 14], "texture": "#pikachu_face"},
				"south": {"uv": [10.5, 13.5, 11, 14], "texture": "#pikachu_face"},
				"west": {"uv": [10.5, 13.5, 11, 14], "texture": "#pikachu_face"},
				"up": {"uv": [10.5, 13.5, 11, 14], "texture": "#pikachu_face"},
				"down": {"uv": [10.5, 13.5, 11, 14], "texture": "#pikachu_face"}
			}
		},
		{
			"from": [21.088, 22.788, -1.4],
			"to": [21.823, 25.962, -0.65],
			"rotation": {"angle": 0, "axis": "z", "origin": [20.888, 36.588, -1.4]},
			"faces": {
				"north": {"uv": [10.5, 13.5, 11, 14], "texture": "#pikachu_face"},
				"east": {"uv": [10.5, 13.5, 11, 14], "texture": "#pikachu_face"},
				"south": {"uv": [10.5, 13.5, 11, 14], "texture": "#pikachu_face"},
				"west": {"uv": [10.5, 13.5, 11, 14], "texture": "#pikachu_face"},
				"up": {"uv": [10.5, 13.5, 11, 14], "texture": "#pikachu_face"},
				"down": {"uv": [10.5, 13.5, 11, 14], "texture": "#pikachu_face"}
			}
		},
		{
			"from": [22.82, 13.68, -1.4],
			"to": [23.855, 24.568, -0.65],
			"rotation": {"angle": -22.5, "axis": "z", "origin": [22.82, 27.48, -1.4]},
			"faces": {
				"north": {"uv": [10.5, 13.5, 11, 14], "texture": "#pikachu_face"},
				"east": {"uv": [10.5, 13.5, 11, 14], "texture": "#pikachu_face"},
				"south": {"uv": [10.5, 13.5, 11, 14], "texture": "#pikachu_face"},
				"west": {"uv": [10.5, 13.5, 11, 14], "texture": "#pikachu_face"},
				"up": {"uv": [10.5, 13.5, 11, 14], "texture": "#pikachu_face"},
				"down": {"uv": [10.5, 13.5, 11, 14], "texture": "#pikachu_face"}
			}
		},
		{
			"from": [4.5, 12.5, 4.75],
			"to": [11.5, 19, 5.5],
			"faces": {
				"north": {"uv": [8, 2, 9, 3], "texture": "#pikachu_face"},
				"east": {"uv": [8, 2, 9, 3], "texture": "#pikachu_face"},
				"south": {"uv": [8, 2, 9, 3], "texture": "#pikachu_face"},
				"west": {"uv": [8, 2, 9, 3], "texture": "#pikachu_face"},
				"up": {"uv": [8, 2, 9, 3], "texture": "#pikachu_face"},
				"down": {"uv": [8, 2, 9, 3], "texture": "#pikachu_face"}
			}
		},
		{
			"from": [4.5, 12, 13],
			"to": [11.5, 19, 14],
			"faces": {
				"north": {"uv": [8, 2, 9, 3], "texture": "#pikachu_face"},
				"east": {"uv": [8, 2, 9, 3], "texture": "#pikachu_face"},
				"south": {"uv": [11, 0.5, 15, 4.5], "texture": "#pikachu_face"},
				"west": {"uv": [8, 2, 9, 3], "texture": "#pikachu_face"},
				"up": {"uv": [8, 2, 9, 3], "texture": "#pikachu_face"},
				"down": {"uv": [8, 2, 9, 3], "texture": "#pikachu_face"}
			}
		},
		{
			"from": [4.75, 19, 6.5],
			"to": [11.25, 20, 12],
			"faces": {
				"north": {"uv": [8, 2, 9, 3], "texture": "#pikachu_face"},
				"east": {"uv": [8, 2, 9, 3], "texture": "#pikachu_face"},
				"south": {"uv": [8, 2, 9, 3], "texture": "#pikachu_face"},
				"west": {"uv": [8, 2, 9, 3], "texture": "#pikachu_face"},
				"up": {"uv": [8, 2, 9, 3], "texture": "#pikachu_face"},
				"down": {"uv": [8, 2, 9, 3], "texture": "#pikachu_face"}
			}
		},
		{
			"from": [10.4375, 12.5, 12.9982],
			"to": [11.9375, 15.5, 14.4982],
			"rotation": {"angle": 45, "axis": "y", "origin": [10.4375, 12.5, 12.9982]},
			"faces": {
				"north": {"uv": [8, 2, 9, 3], "texture": "#pikachu_face"},
				"east": {"uv": [8, 2, 9, 3], "texture": "#pikachu_face"},
				"south": {"uv": [0, 3.25, 1.5, 7.25], "texture": "#pikachu_face"},
				"west": {"uv": [8, 2, 9, 3], "texture": "#pikachu_face"},
				"up": {"uv": [8, 2, 9, 3], "texture": "#pikachu_face"},
				"down": {"uv": [8, 2, 9, 3], "texture": "#pikachu_face"}
			}
		},
		{
			"from": [11.0625, 12.5, 11.5],
			"to": [12.5625, 15.5, 13],
			"faces": {
				"north": {"uv": [8, 2, 9, 3], "texture": "#pikachu_face"},
				"east": {"uv": [1.5, 3.25, 3, 7.25], "texture": "#pikachu_face"},
				"south": {"uv": [8, 2, 9, 3], "texture": "#pikachu_face"},
				"west": {"uv": [8, 2, 9, 3], "texture": "#pikachu_face"},
				"up": {"uv": [8, 2, 9, 3], "texture": "#pikachu_face"},
				"down": {"uv": [8, 2, 9, 3], "texture": "#pikachu_face"}
			}
		},
		{
			"from": [4.5, 12.5, 11.9375],
			"to": [6, 15.5, 13.4375],
			"rotation": {"angle": -45, "axis": "y", "origin": [4.5, 12.5, 11.9375]},
			"faces": {
				"north": {"uv": [8, 2, 9, 3], "texture": "#pikachu_face"},
				"east": {"uv": [8, 2, 9, 3], "texture": "#pikachu_face"},
				"south": {"uv": [1.5, 3.25, 0, 7.25], "texture": "#pikachu_face"},
				"west": {"uv": [8, 2, 9, 3], "texture": "#pikachu_face"},
				"up": {"uv": [8, 2, 9, 3], "texture": "#pikachu_face"},
				"down": {"uv": [8, 2, 9, 3], "texture": "#pikachu_face"}
			}
		},
		{
			"from": [3.4375, 12.5, 11.5],
			"to": [4.9375, 15.5, 13],
			"faces": {
				"north": {"uv": [8, 2, 9, 3], "texture": "#pikachu_face"},
				"east": {"uv": [8, 2, 9, 3], "texture": "#pikachu_face"},
				"south": {"uv": [8, 2, 9, 3], "texture": "#pikachu_face"},
				"west": {"uv": [3, 3.25, 1.5, 7.25], "texture": "#pikachu_face"},
				"up": {"uv": [8, 2, 9, 3], "texture": "#pikachu_face"},
				"down": {"uv": [8, 2, 9, 3], "texture": "#pikachu_face"}
			}
		},
		{
			"from": [5.5, 19, 12],
			"to": [10.5, 20, 13],
			"faces": {
				"north": {"uv": [8, 2, 9, 3], "texture": "#pikachu_face"},
				"east": {"uv": [8, 2, 9, 3], "texture": "#pikachu_face"},
				"south": {"uv": [8, 2, 9, 3], "texture": "#pikachu_face"},
				"west": {"uv": [8, 2, 9, 3], "texture": "#pikachu_face"},
				"up": {"uv": [8, 2, 9, 3], "texture": "#pikachu_face"},
				"down": {"uv": [8, 2, 9, 3], "texture": "#pikachu_face"}
			}
		},
		{
			"from": [5.5, 19, 5.5],
			"to": [10.5, 20, 6.5],
			"faces": {
				"north": {"uv": [8, 2, 9, 3], "texture": "#pikachu_face"},
				"east": {"uv": [8, 2, 9, 3], "texture": "#pikachu_face"},
				"south": {"uv": [8, 2, 9, 3], "texture": "#pikachu_face"},
				"west": {"uv": [8, 2, 9, 3], "texture": "#pikachu_face"},
				"up": {"uv": [8, 2, 9, 3], "texture": "#pikachu_face"},
				"down": {"uv": [8, 2, 9, 3], "texture": "#pikachu_face"}
			}
		},
		{
			"from": [0.75, 8.25, 7.5],
			"to": [5.75, 11.25, 10.75],
			"rotation": {"angle": 22.5, "axis": "z", "origin": [0.75, 11.25, 7.5]},
			"faces": {
				"north": {"uv": [8, 2, 9, 3], "texture": "#pikachu_face"},
				"east": {"uv": [8, 2, 9, 3], "texture": "#pikachu_face"},
				"south": {"uv": [8, 2, 9, 3], "texture": "#pikachu_face"},
				"west": {"uv": [8, 2, 9, 3], "texture": "#pikachu_face"},
				"up": {"uv": [8, 2, 9, 3], "texture": "#pikachu_face"},
				"down": {"uv": [8, 2, 9, 3], "texture": "#pikachu_face"}
			}
		},
		{
			"from": [10.75, 10, 7.5],
			"to": [15.75, 13, 10.75],
			"rotation": {"angle": -22.5, "axis": "z", "origin": [10.75, 13, 7.5]},
			"faces": {
				"north": {"uv": [8, 2, 9, 3], "texture": "#pikachu_face"},
				"east": {"uv": [8, 2, 9, 3], "texture": "#pikachu_face"},
				"south": {"uv": [8, 2, 9, 3], "texture": "#pikachu_face"},
				"west": {"uv": [8, 2, 9, 3], "texture": "#pikachu_face"},
				"up": {"uv": [8, 2, 9, 3], "texture": "#pikachu_face"},
				"down": {"uv": [8, 2, 9, 3], "texture": "#pikachu_face"}
			}
		},
		{
			"from": [11.75, 4.25, 8.25],
			"to": [13.75, 9.5, 14],
			"rotation": {"angle": 22.5, "axis": "x", "origin": [11.75, 9.5, 8.25]},
			"faces": {
				"north": {"uv": [8, 2, 9, 3], "texture": "#pikachu_face"},
				"east": {"uv": [8, 2, 9, 3], "texture": "#pikachu_face"},
				"south": {"uv": [8, 2, 9, 3], "texture": "#pikachu_face"},
				"west": {"uv": [8, 2, 9, 3], "texture": "#pikachu_face"},
				"up": {"uv": [8, 2, 9, 3], "texture": "#pikachu_face"},
				"down": {"uv": [8, 2, 9, 3], "texture": "#pikachu_face"}
			}
		},
		{
			"from": [11.75, 1.5, 8.25],
			"to": [14.25, 4, 11.75],
			"faces": {
				"north": {"uv": [8, 2, 9, 3], "texture": "#pikachu_face"},
				"east": {"uv": [8, 2, 9, 3], "texture": "#pikachu_face"},
				"south": {"uv": [8, 2, 9, 3], "texture": "#pikachu_face"},
				"west": {"uv": [8, 2, 9, 3], "texture": "#pikachu_face"},
				"up": {"uv": [8, 2, 9, 3], "texture": "#pikachu_face"},
				"down": {"uv": [8, 2, 9, 3], "texture": "#pikachu_face"}
			}
		},
		{
			"from": [11.125, 0, 9.375],
			"to": [13.375, 1.5, 14.375],
			"rotation": {"angle": 22.5, "axis": "y", "origin": [11.125, 0, 9.375]},
			"faces": {
				"north": {"uv": [11.75, 8.75, 12.25, 9.5], "texture": "#pikachu_face"},
				"east": {"uv": [5.25, 13.25, 3.5, 14], "texture": "#pikachu_face"},
				"south": {"uv": [4.5, 13.25, 5, 14], "texture": "#pikachu_face"},
				"west": {"uv": [3.5, 13.25, 5.25, 14], "texture": "#pikachu_face"},
				"up": {"uv": [3.5, 13.25, 5.25, 14], "texture": "#pikachu_face", "rotation": 90},
				"down": {"uv": [5.25, 13.25, 3.5, 14], "texture": "#pikachu_face", "rotation": 90}
			}
		},
		{
			"from": [15, 8.5, 7.75],
			"to": [17.5, 10.75, 10.5],
			"rotation": {"angle": -45, "axis": "z", "origin": [15, 10.75, 7.75]},
			"faces": {
				"north": {"uv": [5.25, 13.25, 3.5, 14], "texture": "#pikachu_face"},
				"east": {"uv": [5.25, 13.25, 4.5, 14], "texture": "#pikachu_face"},
				"south": {"uv": [3.5, 14, 5.25, 13.25], "texture": "#pikachu_face"},
				"west": {"uv": [5.25, 13.25, 4.5, 14], "texture": "#pikachu_face"},
				"up": {"uv": [3.5, 13.25, 5.25, 13.75], "texture": "#pikachu_face"},
				"down": {"uv": [3.5, 14, 5.25, 13.5], "texture": "#pikachu_face"}
			}
		},
		{
			"from": [-0.75, 6.79475, 7.75],
			"to": [1.75, 9.04475, 10.5],
			"rotation": {"angle": 45, "axis": "z", "origin": [-0.75, 9.04475, 7.75]},
			"faces": {
				"north": {"uv": [3.5, 13.25, 5.25, 14], "texture": "#pikachu_face"},
				"east": {"uv": [4.5, 13.25, 5.25, 14], "texture": "#pikachu_face"},
				"south": {"uv": [5.25, 14, 3.5, 13.25], "texture": "#pikachu_face"},
				"west": {"uv": [4.5, 13.25, 5.25, 14], "texture": "#pikachu_face"},
				"up": {"uv": [5.25, 13.25, 3.5, 13.75], "texture": "#pikachu_face"},
				"down": {"uv": [5.25, 14, 3.5, 13.5], "texture": "#pikachu_face"}
			}
		},
		{
			"from": [1, 8.75, 4.1875],
			"to": [4.25, 9.5, 4.9375],
			"rotation": {"angle": -45, "axis": "z", "origin": [1, 9.5, 4.1875]},
			"faces": {
				"north": {"uv": [5.25, 14, 4, 13.75], "texture": "#pikachu_face"},
				"east": {"uv": [4.25, 13.25, 4.5, 14], "texture": "#pikachu_face"},
				"south": {"uv": [5.25, 14, 4, 13.75], "texture": "#pikachu_face"},
				"west": {"uv": [4.25, 13.25, 4.5, 13.75], "texture": "#pikachu_face"},
				"up": {"uv": [3.5, 13.25, 2.25, 13.5], "texture": "#pikachu_face"},
				"down": {"uv": [3.5, 13.25, 2.25, 13.5], "texture": "#pikachu_face"}
			}
		},
		{
			"from": [-1.75, 8.5, 2.5],
			"to": [-1, 9.5, 5.75],
			"rotation": {"angle": 45, "axis": "y", "origin": [-1.75, 8.5, 2.5]},
			"faces": {
				"north": {"uv": [5.25, 14, 4, 13.75], "texture": "#pikachu_face"},
				"east": {"uv": [4.25, 13.25, 4.5, 14], "texture": "#pikachu_face"},
				"south": {"uv": [5.25, 14, 4, 13.75], "texture": "#pikachu_face"},
				"west": {"uv": [4.25, 13.25, 4.5, 13.75], "texture": "#pikachu_face"},
				"up": {"uv": [3.5, 13.25, 2.25, 13.5], "texture": "#pikachu_face"},
				"down": {"uv": [3.5, 13.25, 2.25, 13.5], "texture": "#pikachu_face"}
			}
		},
		{
			"from": [-0.75, 8.75, -0.75],
			"to": [0, 9.75, 2.5],
			"rotation": {"angle": -22.5, "axis": "y", "origin": [-0.75, 8.75, -0.75]},
			"faces": {
				"north": {"uv": [5.25, 14, 4, 13.75], "texture": "#pikachu_face"},
				"east": {"uv": [4.25, 13.25, 4.5, 14], "texture": "#pikachu_face"},
				"south": {"uv": [5.25, 14, 4, 13.75], "texture": "#pikachu_face"},
				"west": {"uv": [4.25, 13.25, 4.5, 13.75], "texture": "#pikachu_face"},
				"up": {"uv": [3.5, 13.25, 2.25, 13.5], "texture": "#pikachu_face"},
				"down": {"uv": [3.5, 13.25, 2.25, 13.5], "texture": "#pikachu_face"}
			}
		},
		{
			"from": [-0.75, 9, -0.75],
			"to": [3.25, 10, 0],
			"rotation": {"angle": 22.5, "axis": "y", "origin": [-0.75, 9, -0.75]},
			"faces": {
				"north": {"uv": [5.25, 14, 4, 13.75], "texture": "#pikachu_face"},
				"east": {"uv": [4.25, 13.25, 4.5, 14], "texture": "#pikachu_face"},
				"south": {"uv": [5.25, 14, 4, 13.75], "texture": "#pikachu_face"},
				"west": {"uv": [4.25, 13.25, 4.5, 13.75], "texture": "#pikachu_face"},
				"up": {"uv": [3.5, 13.25, 2.25, 13.5], "texture": "#pikachu_face"},
				"down": {"uv": [3.5, 13.25, 2.25, 13.5], "texture": "#pikachu_face"}
			}
		},
		{
			"from": [3, 9.5, -2.25],
			"to": [7, 10.5, -1.5],
			"rotation": {"angle": -22.5, "axis": "y", "origin": [3, 9.5, -2.25]},
			"faces": {
				"north": {"uv": [5.25, 14, 4, 13.75], "texture": "#pikachu_face"},
				"east": {"uv": [4.25, 13.25, 4.5, 14], "texture": "#pikachu_face"},
				"south": {"uv": [5.25, 14, 4, 13.75], "texture": "#pikachu_face"},
				"west": {"uv": [4.25, 13.25, 4.5, 13.75], "texture": "#pikachu_face"},
				"up": {"uv": [3.5, 13.25, 2.25, 13.5], "texture": "#pikachu_face"},
				"down": {"uv": [3.5, 13.25, 2.25, 13.5], "texture": "#pikachu_face"}
			}
		},
		{
			"from": [6.25, 9.25, -0.5],
			"to": [10.25, 10.25, 0.25],
			"rotation": {"angle": -22.5, "axis": "z", "origin": [6.25, 10.25, -0.5]},
			"faces": {
				"north": {"uv": [5.25, 14, 4, 13.75], "texture": "#pikachu_face"},
				"east": {"uv": [4.25, 13.25, 4.5, 14], "texture": "#pikachu_face"},
				"south": {"uv": [5.25, 14, 4, 13.75], "texture": "#pikachu_face"},
				"west": {"uv": [4.25, 13.25, 4.5, 13.75], "texture": "#pikachu_face"},
				"up": {"uv": [3.5, 13.25, 2.25, 13.5], "texture": "#pikachu_face"},
				"down": {"uv": [3.5, 13.25, 2.25, 13.5], "texture": "#pikachu_face"}
			}
		},
		{
			"from": [9.75, 7.5, -0.5],
			"to": [13.75, 8.5, 0.25],
			"rotation": {"angle": -45, "axis": "z", "origin": [9.75, 8.5, -0.5]},
			"faces": {
				"north": {"uv": [5.25, 14, 4, 13.75], "texture": "#pikachu_face"},
				"east": {"uv": [4.25, 13.25, 4.5, 14], "texture": "#pikachu_face"},
				"south": {"uv": [5.25, 14, 4, 13.75], "texture": "#pikachu_face"},
				"west": {"uv": [4.25, 13.25, 4.5, 13.75], "texture": "#pikachu_face"},
				"up": {"uv": [3.5, 13.25, 2.25, 13.5], "texture": "#pikachu_face"},
				"down": {"uv": [3.5, 13.25, 2.25, 13.5], "texture": "#pikachu_face"}
			}
		},
		{
			"from": [11.75, 4.75, -0.5],
			"to": [14.75, 5.75, 0.25],
			"rotation": {"angle": 22.5, "axis": "y", "origin": [11.75, 4.75, -0.5]},
			"faces": {
				"north": {"uv": [5.25, 14, 4, 13.75], "texture": "#pikachu_face"},
				"east": {"uv": [4.25, 13.25, 4.5, 14], "texture": "#pikachu_face"},
				"south": {"uv": [5.25, 14, 4, 13.75], "texture": "#pikachu_face"},
				"west": {"uv": [4.25, 13.25, 4.5, 13.75], "texture": "#pikachu_face"},
				"up": {"uv": [3.5, 13.25, 2.25, 13.5], "texture": "#pikachu_face"},
				"down": {"uv": [3.5, 13.25, 2.25, 13.5], "texture": "#pikachu_face"}
			}
		},
		{
			"from": [14.25, 4.75, -1.5],
			"to": [17.25, 5.75, -0.75],
			"rotation": {"angle": 45, "axis": "z", "origin": [14.25, 5.75, -1.5]},
			"faces": {
				"north": {"uv": [5.25, 14, 4, 13.75], "texture": "#pikachu_face"},
				"east": {"uv": [4.25, 13.25, 4.5, 14], "texture": "#pikachu_face"},
				"south": {"uv": [5.25, 14, 4, 13.75], "texture": "#pikachu_face"},
				"west": {"uv": [4.25, 13.25, 4.5, 13.75], "texture": "#pikachu_face"},
				"up": {"uv": [3.5, 13.25, 2.25, 13.5], "texture": "#pikachu_face"},
				"down": {"uv": [3.5, 13.25, 2.25, 13.5], "texture": "#pikachu_face"}
			}
		},
		{
			"from": [17.75, 7.25, -1.5],
			"to": [18.75, 11.25, -0.75],
			"rotation": {"angle": -22.5, "axis": "z", "origin": [17.75, 11.25, -1.5]},
			"faces": {
				"north": {"uv": [4, 13.25, 4.25, 14], "texture": "#pikachu_face"},
				"east": {"uv": [4.25, 13.25, 4.5, 14], "texture": "#pikachu_face"},
				"south": {"uv": [4, 13.25, 4.25, 14], "texture": "#pikachu_face"},
				"west": {"uv": [4.25, 13.25, 4.5, 13.75], "texture": "#pikachu_face"},
				"up": {"uv": [3.5, 13.25, 2.25, 13.5], "texture": "#pikachu_face"},
				"down": {"uv": [3.5, 13.25, 2.25, 13.5], "texture": "#pikachu_face"}
			}
		},
		{
			"from": [17.6, 10.75, -1.5],
			"to": [18.6, 14.75, -0.75],
			"faces": {
				"north": {"uv": [4.25, 13.25, 4.5, 14], "texture": "#pikachu_face"},
				"east": {"uv": [4.25, 13.25, 4.5, 14], "texture": "#pikachu_face"},
				"south": {"uv": [4.25, 13.25, 4.5, 14], "texture": "#pikachu_face"},
				"west": {"uv": [4.25, 13.25, 4.5, 13.75], "texture": "#pikachu_face"},
				"up": {"uv": [3.5, 13.25, 2.25, 13.5], "texture": "#pikachu_face"},
				"down": {"uv": [3.5, 13.25, 2.25, 13.5], "texture": "#pikachu_face"}
			}
		},
		{
			"from": [27.54, 21.069, -1.4],
			"to": [28.982, 24.436, -0.65],
			"rotation": {"angle": -22.5, "axis": "z", "origin": [28.978, 30.878, -1.4]},
			"faces": {
				"north": {"uv": [10.5, 13.5, 11, 14], "texture": "#pikachu_face"},
				"east": {"uv": [10.5, 13.5, 11, 14], "texture": "#pikachu_face"},
				"south": {"uv": [10.5, 13.5, 11, 14], "texture": "#pikachu_face"},
				"west": {"uv": [10.5, 13.5, 11, 14], "texture": "#pikachu_face"},
				"up": {"uv": [10.5, 13.5, 11, 14], "texture": "#pikachu_face"},
				"down": {"uv": [10.5, 13.5, 11, 14], "texture": "#pikachu_face"}
			}
		},
		{
			"from": [28.84, 18.669, -1.4],
			"to": [30.082, 29.636, -0.65],
			"rotation": {"angle": -22.5, "axis": "z", "origin": [28.978, 30.878, -1.4]},
			"faces": {
				"north": {"uv": [10.5, 13.5, 11, 14], "texture": "#pikachu_face"},
				"east": {"uv": [10.5, 13.5, 11, 14], "texture": "#pikachu_face"},
				"south": {"uv": [10.5, 13.5, 11, 14], "texture": "#pikachu_face"},
				"west": {"uv": [10.5, 13.5, 11, 14], "texture": "#pikachu_face"},
				"up": {"uv": [10.5, 13.5, 11, 14], "texture": "#pikachu_face"},
				"down": {"uv": [10.5, 13.5, 11, 14], "texture": "#pikachu_face"}
			}
		},
		{
			"from": [29.75, 30.91, -1.4],
			"to": [30.33, 31.5, -0.65],
			"rotation": {"angle": 22.5, "axis": "z", "origin": [30.165, 30.605, -0.925]},
			"faces": {
				"north": {"uv": [10.5, 13.5, 11, 14], "texture": "#pikachu_face"},
				"east": {"uv": [10.5, 13.5, 11, 14], "texture": "#pikachu_face"},
				"south": {"uv": [10.5, 13.5, 11, 14], "texture": "#pikachu_face"},
				"west": {"uv": [10.5, 13.5, 11, 14], "texture": "#pikachu_face"},
				"up": {"uv": [10.5, 13.5, 11, 14], "texture": "#pikachu_face"},
				"down": {"uv": [10.5, 13.5, 11, 14], "texture": "#pikachu_face"}
			}
		},
		{
			"from": [27.95, 28.795, -1.4],
			"to": [28.78, 30.585, -0.65],
			"rotation": {"angle": -22.5, "axis": "z", "origin": [30.41, 27.1975, -0.925]},
			"faces": {
				"north": {"uv": [10.5, 13.5, 11, 14], "texture": "#pikachu_face"},
				"east": {"uv": [10.5, 13.5, 11, 14], "texture": "#pikachu_face"},
				"south": {"uv": [10.5, 13.5, 11, 14], "texture": "#pikachu_face"},
				"west": {"uv": [10.5, 13.5, 11, 14], "texture": "#pikachu_face"},
				"up": {"uv": [10.5, 13.5, 11, 14], "texture": "#pikachu_face"},
				"down": {"uv": [10.5, 13.5, 11, 14], "texture": "#pikachu_face"}
			}
		},
		{
			"from": [26.7, 29.1, -1.4],
			"to": [27.48, 30.43, -0.65],
			"rotation": {"angle": -45, "axis": "z", "origin": [29.09, 27.5525, -0.925]},
			"faces": {
				"north": {"uv": [10.5, 13.5, 11, 14], "texture": "#pikachu_face"},
				"east": {"uv": [10.5, 13.5, 11, 14], "texture": "#pikachu_face"},
				"south": {"uv": [10.5, 13.5, 11, 14], "texture": "#pikachu_face"},
				"west": {"uv": [10.5, 13.5, 11, 14], "texture": "#pikachu_face"},
				"up": {"uv": [10.5, 13.5, 11, 14], "texture": "#pikachu_face"},
				"down": {"uv": [10.5, 13.5, 11, 14], "texture": "#pikachu_face"}
			}
		},
		{
			"from": [26.052, 22.995, -1.4],
			"to": [27.232, 29.4, -0.65],
			"rotation": {"angle": -45, "axis": "z", "origin": [24.614, 26.652, -1.4]},
			"faces": {
				"north": {"uv": [10.5, 13.5, 11, 14], "texture": "#pikachu_face"},
				"east": {"uv": [10.5, 13.5, 11, 14], "texture": "#pikachu_face"},
				"south": {"uv": [10.5, 13.5, 11, 14], "texture": "#pikachu_face"},
				"west": {"uv": [10.5, 13.5, 11, 14], "texture": "#pikachu_face"},
				"up": {"uv": [10.5, 13.5, 11, 14], "texture": "#pikachu_face"},
				"down": {"uv": [10.5, 13.5, 11, 14], "texture": "#pikachu_face"}
			}
		},
		{
			"from": [24.752, 22.995, -1.4],
			"to": [26.132, 32, -0.65],
			"rotation": {"angle": -45, "axis": "z", "origin": [24.614, 26.652, -1.4]},
			"faces": {
				"north": {"uv": [10.5, 13.5, 11, 14], "texture": "#pikachu_face"},
				"east": {"uv": [10.5, 13.5, 11, 14], "texture": "#pikachu_face"},
				"south": {"uv": [10.5, 13.5, 11, 14], "texture": "#pikachu_face"},
				"west": {"uv": [10.5, 13.5, 11, 14], "texture": "#pikachu_face"},
				"up": {"uv": [10.5, 13.5, 11, 14], "texture": "#pikachu_face"},
				"down": {"uv": [10.5, 13.5, 11, 14], "texture": "#pikachu_face"}
			}
		},
		{
			"from": [23.903, 19.586, -1.4],
			"to": [25.369, 23.892, -0.65],
			"rotation": {"angle": 45, "axis": "z", "origin": [23.786, 20.442, -0.925]},
			"faces": {
				"north": {"uv": [10.5, 13.5, 11, 14], "texture": "#pikachu_face"},
				"east": {"uv": [10.5, 13.5, 11, 14], "texture": "#pikachu_face"},
				"south": {"uv": [10.5, 13.5, 11, 14], "texture": "#pikachu_face"},
				"west": {"uv": [10.5, 13.5, 11, 14], "texture": "#pikachu_face"},
				"up": {"uv": [10.5, 13.5, 11, 14], "texture": "#pikachu_face"},
				"down": {"uv": [10.5, 13.5, 11, 14], "texture": "#pikachu_face"}
			}
		},
		{
			"from": [23.303, 18.486, -1.4],
			"to": [24.069, 23.892, -0.65],
			"rotation": {"angle": 45, "axis": "z", "origin": [23.786, 20.442, -0.925]},
			"faces": {
				"north": {"uv": [10.5, 13.5, 11, 14], "texture": "#pikachu_face"},
				"east": {"uv": [10.5, 13.5, 11, 14], "texture": "#pikachu_face"},
				"south": {"uv": [10.5, 13.5, 11, 14], "texture": "#pikachu_face"},
				"west": {"uv": [10.5, 13.5, 11, 14], "texture": "#pikachu_face"},
				"up": {"uv": [10.5, 13.5, 11, 14], "texture": "#pikachu_face"},
				"down": {"uv": [10.5, 13.5, 11, 14], "texture": "#pikachu_face"}
			}
		},
		{
			"from": [-1.4, 17, 7.25],
			"to": [5.45, 23.05, 7.3125],
			"rotation": {"angle": -22.5, "axis": "y", "origin": [-1.8, 17, 7.25]},
			"faces": {
				"north": {"uv": [13, 6.5, 8, 11], "texture": "#pikachu_face"},
				"south": {"uv": [8, 11.5, 13, 16], "texture": "#pikachu_face"}
			}
		},
		{
			"from": [11.05, 17.25, 10],
			"to": [17.9, 23.3, 10.0625],
			"rotation": {"angle": 22.5, "axis": "y", "origin": [11.05, 17.25, 10]},
			"faces": {
				"north": {"uv": [8, 6.5, 13, 11], "texture": "#pikachu_face"},
				"south": {"uv": [13, 11.5, 8, 16], "texture": "#pikachu_face"}
			}
		}
	],
	"display": {
		"thirdperson_righthand": {
			"rotation":  [ 70, 180, 0 ],
			"translation":  [ -6, -8.342, 0.6962 ],
			"scale":  [ 1.3, 1.3, 1.3 ]
		},
		"thirdperson_lefthand": {
			"rotation":  [ 70, 180, 0 ],
			"translation":  [ -6, -8.342, 0.6962 ],
			"scale":  [ 1.3, 1.3, 1.3 ]
		},
		"head": {
			"rotation":  [ 0, 180, 0 ],
			"translation":  [ 0, -28, 2.7826 ],
			"scale":  [ 2.1, 2.1, 2.1 ]
		},
		"firstperson_righthand": {
			"scale":  [ 0, 0, 0 ]
		},
		"firstperson_lefthand": {
			"scale":  [ 0, 0, 0 ]
		},
		"gui": {
			"scale":  [ 0, 0, 0 ]
		}
	}
}