﻿{
	"credit": "Made by MadstonMagic using Cubik Pro, Copyright © MadstonMagic Modeling 2015-2017. All rights reserved",
	"textures": {
		"texture": "pokemon/shroomish/shroomish",
		"skirt": "pokemon/shroomish/shroomish_skirt",
		"detail": "pokemon/shroomish/shroomish_detail",
		"particle": "pokemon/shroomish/shroomish_face"
	},
	"elements": [
		{
			"name": "cube",
			"from": [5, 0, 4],
			"to": [11, 1, 12],
			"faces": {
				"north": {"uv": [11, 1.5, 14, 4.5], "texture": "#texture"},
				"east": {"uv": [11, 1.5, 14.5, 5], "texture": "#texture"},
				"south": {"uv": [11, 1.5, 14.5, 5], "texture": "#texture"},
				"west": {"uv": [11, 1.5, 14, 4.5], "texture": "#texture"},
				"up": {"uv": [11, 1.5, 14, 4.5], "texture": "#texture"},
				"down": {"uv": [11, 1.5, 14.5, 5], "texture": "#texture"}
			}
		},
		{
			"name": "cube",
			"from": [4, 0, 5],
			"to": [12, 1, 11],
			"faces": {
				"north": {"uv": [11, 1.5, 14, 4.5], "texture": "#texture"},
				"east": {"uv": [11, 1.5, 14.5, 5], "texture": "#texture"},
				"south": {"uv": [11, 1.5, 14.5, 5], "texture": "#texture"},
				"west": {"uv": [11, 1.5, 14, 4.5], "texture": "#texture"},
				"up": {"uv": [11, 1.5, 14, 4.5], "texture": "#texture"},
				"down": {"uv": [11, 1.5, 14.5, 5], "texture": "#texture"}
			}
		},
		{
			"name": "cube",
			"from": [4, 0, 5],
			"to": [5.4, 1, 14.9],
			"rotation": {"angle": 45, "axis": "y", "origin": [4, 0, 5]},
			"faces": {
				"north": {"uv": [11, 1.5, 14, 4.5], "texture": "#texture"},
				"east": {"uv": [11, 1.5, 14.5, 5], "texture": "#texture"},
				"south": {"uv": [11, 1.5, 14.5, 5], "texture": "#texture"},
				"west": {"uv": [11, 1.5, 14, 4.5], "texture": "#texture"},
				"up": {"uv": [11, 1.5, 14, 4.5], "texture": "#texture"},
				"down": {"uv": [11, 1.5, 14.5, 5], "texture": "#texture"}
			}
		},
		{
			"name": "cube",
			"from": [11, 0, 4],
			"to": [12.4, 1, 13.9],
			"rotation": {"angle": -45, "axis": "y", "origin": [11, 0, 4]},
			"faces": {
				"north": {"uv": [11, 1.5, 14, 4.5], "texture": "#texture"},
				"east": {"uv": [11, 1.5, 14.5, 5], "texture": "#texture"},
				"south": {"uv": [11, 1.5, 14.5, 5], "texture": "#texture"},
				"west": {"uv": [11, 1.5, 14, 4.5], "texture": "#texture"},
				"up": {"uv": [11, 1.5, 14, 4.5], "texture": "#texture"},
				"down": {"uv": [11, 1.5, 14.5, 5], "texture": "#texture"}
			}
		},
		{
			"name": "cube",
			"from": [11.3125, -0.25, 5],
			"to": [12.6875, 0.75, 11],
			"rotation": {"angle": 45, "axis": "z", "origin": [11.3125, 0.75, 5]},
			"faces": {
				"north": {"uv": [11, 1.5, 14, 4.5], "texture": "#texture"},
				"east": {"uv": [11, 1.5, 14.5, 5], "texture": "#texture"},
				"south": {"uv": [11, 1.5, 14.5, 5], "texture": "#texture"},
				"west": {"uv": [11, 1.5, 14, 4.5], "texture": "#texture"},
				"up": {"uv": [11, 1.5, 14, 4.5], "texture": "#texture"},
				"down": {"uv": [11, 1.5, 14.5, 5], "texture": "#texture"}
			}
		},
		{
			"name": "cube",
			"from": [3.75, 0.6875, 5],
			"to": [5.125, 1.6875, 11],
			"rotation": {"angle": -45, "axis": "z", "origin": [3.75, 1.6875, 5]},
			"faces": {
				"north": {"uv": [11, 1.5, 14, 4.5], "texture": "#texture"},
				"east": {"uv": [11, 1.5, 14.5, 5], "texture": "#texture"},
				"south": {"uv": [11, 1.5, 14.5, 5], "texture": "#texture"},
				"west": {"uv": [11, 1.5, 14, 4.5], "texture": "#texture"},
				"up": {"uv": [11, 1.5, 14, 4.5], "texture": "#texture"},
				"down": {"uv": [11, 1.5, 14.5, 5], "texture": "#texture"}
			}
		},
		{
			"name": "cube",
			"from": [5, -0.25, 11.3125],
			"to": [11, 0.75, 12.6875],
			"rotation": {"angle": -45, "axis": "x", "origin": [5, 0.75, 11.3125]},
			"faces": {
				"north": {"uv": [11, 1.5, 14, 4.5], "texture": "#texture"},
				"east": {"uv": [11, 1.5, 14.5, 5], "texture": "#texture"},
				"south": {"uv": [11, 1.5, 14.5, 5], "texture": "#texture"},
				"west": {"uv": [11, 1.5, 14, 4.5], "texture": "#texture"},
				"up": {"uv": [11, 1.5, 14, 4.5], "texture": "#texture"},
				"down": {"uv": [11, 1.5, 14.5, 5], "texture": "#texture"}
			}
		},
		{
			"name": "cube",
			"from": [5, 0.6875, 3.75],
			"to": [11, 1.6875, 5.125],
			"rotation": {"angle": 45, "axis": "x", "origin": [5, 1.6875, 3.75]},
			"faces": {
				"north": {"uv": [11, 1.5, 14, 4.5], "texture": "#texture"},
				"east": {"uv": [11, 1.5, 14.5, 5], "texture": "#texture"},
				"south": {"uv": [11, 1.5, 14.5, 5], "texture": "#texture"},
				"west": {"uv": [11, 1.5, 14, 4.5], "texture": "#texture"},
				"up": {"uv": [11, 1.5, 14, 4.5], "texture": "#texture"},
				"down": {"uv": [11, 1.5, 14.5, 5], "texture": "#texture"}
			}
		},
		{
			"name": "cube",
			"from": [7, -2, 5],
			"to": [9, 0, 7],
			"faces": {
				"north": {"uv": [11, 1.5, 14, 4.5], "texture": "#texture"},
				"east": {"uv": [11, 1.5, 14.5, 5], "texture": "#texture"},
				"south": {"uv": [11, 1.5, 14.5, 5], "texture": "#texture"},
				"west": {"uv": [11, 1.5, 14, 4.5], "texture": "#texture"},
				"up": {"uv": [11, 1.5, 14, 4.5], "texture": "#texture"},
				"down": {"uv": [11, 1.5, 14.5, 5], "texture": "#texture"}
			}
		},
		{
			"name": "cube",
			"from": [6.75, -1.75, 5.25],
			"to": [9.25, -0.25, 6.75],
			"faces": {
				"north": {"uv": [11, 1.5, 14, 4.5], "texture": "#texture"},
				"east": {"uv": [11, 1.5, 14.5, 5], "texture": "#texture"},
				"south": {"uv": [11, 1.5, 14.5, 5], "texture": "#texture"},
				"west": {"uv": [11, 1.5, 14, 4.5], "texture": "#texture"},
				"up": {"uv": [11, 1.5, 14, 4.5], "texture": "#texture"},
				"down": {"uv": [11, 1.5, 14.5, 5], "texture": "#texture"}
			}
		},
		{
			"name": "cube",
			"from": [7.25, -1.75, 4.75],
			"to": [8.75, -0.25, 7.25],
			"faces": {
				"north": {"uv": [11, 1.5, 14, 4.5], "texture": "#texture"},
				"east": {"uv": [11, 1.5, 14.5, 5], "texture": "#texture"},
				"south": {"uv": [11, 1.5, 14.5, 5], "texture": "#texture"},
				"west": {"uv": [11, 1.5, 14, 4.5], "texture": "#texture"},
				"up": {"uv": [11, 1.5, 14, 4.5], "texture": "#texture"},
				"down": {"uv": [11, 1.5, 14.5, 5], "texture": "#texture"}
			}
		},
		{
			"name": "cube",
			"from": [7.25, -2.25, 5.25],
			"to": [8.75, -2, 6.75],
			"faces": {
				"north": {"uv": [11, 1.5, 14, 4.5], "texture": "#texture"},
				"east": {"uv": [11, 1.5, 14.5, 5], "texture": "#texture"},
				"south": {"uv": [11, 1.5, 14.5, 5], "texture": "#texture"},
				"west": {"uv": [11, 1.5, 14, 4.5], "texture": "#texture"},
				"up": {"uv": [11, 1.5, 14, 4.5], "texture": "#texture"},
				"down": {"uv": [11, 1.5, 14.5, 5], "texture": "#texture"}
			}
		},
		{
			"name": "cube",
			"from": [7, -2, 9],
			"to": [9, 0, 11],
			"faces": {
				"north": {"uv": [11, 1.5, 14, 4.5], "texture": "#texture"},
				"east": {"uv": [11, 1.5, 14.5, 5], "texture": "#texture"},
				"south": {"uv": [11, 1.5, 14.5, 5], "texture": "#texture"},
				"west": {"uv": [11, 1.5, 14, 4.5], "texture": "#texture"},
				"up": {"uv": [11, 1.5, 14, 4.5], "texture": "#texture"},
				"down": {"uv": [11, 1.5, 14.5, 5], "texture": "#texture"}
			}
		},
		{
			"name": "cube",
			"from": [6.75, -1.75, 9.25],
			"to": [9.25, -0.25, 10.75],
			"faces": {
				"north": {"uv": [11, 1.5, 14, 4.5], "texture": "#texture"},
				"east": {"uv": [11, 1.5, 14.5, 5], "texture": "#texture"},
				"south": {"uv": [11, 1.5, 14.5, 5], "texture": "#texture"},
				"west": {"uv": [11, 1.5, 14, 4.5], "texture": "#texture"},
				"up": {"uv": [11, 1.5, 14, 4.5], "texture": "#texture"},
				"down": {"uv": [11, 1.5, 14.5, 5], "texture": "#texture"}
			}
		},
		{
			"name": "cube",
			"from": [7.25, -1.75, 8.75],
			"to": [8.75, -0.25, 11.25],
			"faces": {
				"north": {"uv": [11, 1.5, 14, 4.5], "texture": "#texture"},
				"east": {"uv": [11, 1.5, 14.5, 5], "texture": "#texture"},
				"south": {"uv": [11, 1.5, 14.5, 5], "texture": "#texture"},
				"west": {"uv": [11, 1.5, 14, 4.5], "texture": "#texture"},
				"up": {"uv": [11, 1.5, 14, 4.5], "texture": "#texture"},
				"down": {"uv": [11, 1.5, 14.5, 5], "texture": "#texture"}
			}
		},
		{
			"name": "cube",
			"from": [7.25, -2.25, 9.25],
			"to": [8.75, -2, 10.75],
			"faces": {
				"north": {"uv": [11, 1.5, 14, 4.5], "texture": "#texture"},
				"east": {"uv": [11, 1.5, 14.5, 5], "texture": "#texture"},
				"south": {"uv": [11, 1.5, 14.5, 5], "texture": "#texture"},
				"west": {"uv": [11, 1.5, 14, 4.5], "texture": "#texture"},
				"up": {"uv": [11, 1.5, 14, 4.5], "texture": "#texture"},
				"down": {"uv": [11, 1.5, 14.5, 5], "texture": "#texture"}
			}
		},
		{
			"name": "cube",
			"from": [4, 0.30000000000000004, 4.1],
			"to": [12, 1, 12],
			"faces": {
				"north": {"uv": [11, 1, 14, 4], "texture": "#texture"},
				"east": {"uv": [11, 1, 14, 4], "texture": "#texture"},
				"south": {"uv": [11, 1, 14, 4], "texture": "#texture"},
				"west": {"uv": [11, 1, 14, 4], "texture": "#texture"},
				"up": {"uv": [11, 1, 14, 4], "texture": "#texture"},
				"down": {"uv": [11, 1, 14, 4], "texture": "#texture"}
			}
		},
		{
			"name": "cube",
			"from": [4, 2, 4.1],
			"to": [12, 3, 12],
			"faces": {
				"north": {"uv": [2, 10.75, 5, 13.75], "texture": "#texture"},
				"east": {"uv": [2.25, 10.75, 5.75, 14.25], "texture": "#texture"},
				"south": {"uv": [2, 10.75, 5.5, 14.25], "texture": "#texture"},
				"west": {"uv": [2.5, 11.25, 5.5, 14.25], "texture": "#texture"},
				"up": {"uv": [2.5, 10.5, 5.5, 13.5], "texture": "#texture"},
				"down": {"uv": [2, 10.75, 5.5, 14.25], "texture": "#texture"}
			}
		},
		{
			"name": "cube",
			"from": [5, 1, 3],
			"to": [11, 2, 13],
			"faces": {
				"north": {"uv": [2, 10.75, 5, 13.75], "texture": "#texture"},
				"east": {"uv": [2.25, 10.75, 5.75, 14.25], "texture": "#texture"},
				"south": {"uv": [2, 10.75, 5.5, 14.25], "texture": "#texture"},
				"west": {"uv": [2.5, 11.25, 5.5, 14.25], "texture": "#texture"},
				"up": {"uv": [2.5, 10.5, 5.5, 13.5], "texture": "#texture"},
				"down": {"uv": [2, 10.75, 5.5, 14.25], "texture": "#texture"}
			}
		},
		{
			"name": "cube",
			"from": [3, 1, 5],
			"to": [13, 2, 11],
			"faces": {
				"north": {"uv": [2, 10.75, 5, 13.75], "texture": "#texture"},
				"east": {"uv": [2.25, 10.75, 5.75, 14.25], "texture": "#texture"},
				"south": {"uv": [2, 10.75, 5.5, 14.25], "texture": "#texture"},
				"west": {"uv": [2.5, 11.25, 5.5, 14.25], "texture": "#texture"},
				"up": {"uv": [2.5, 10.5, 5.5, 13.5], "texture": "#texture"},
				"down": {"uv": [2, 10.75, 5.5, 14.25], "texture": "#texture"}
			}
		},
		{
			"name": "cube",
			"from": [3, 1, 5],
			"to": [5.85, 2, 16.31],
			"rotation": {"angle": 45, "axis": "y", "origin": [3, 1, 5]},
			"faces": {
				"north": {"uv": [2, 10.75, 5, 13.75], "texture": "#texture"},
				"east": {"uv": [2.25, 10.75, 5.75, 14.25], "texture": "#texture"},
				"south": {"uv": [2, 10.75, 5.5, 14.25], "texture": "#texture"},
				"west": {"uv": [2.5, 11.25, 5.5, 14.25], "texture": "#texture"},
				"up": {"uv": [2.5, 10.5, 5.5, 13.5], "texture": "#texture"},
				"down": {"uv": [2, 10.75, 5.5, 14.25], "texture": "#texture"}
			}
		},
		{
			"name": "cube",
			"from": [11, 1, 3],
			"to": [13.85, 2, 14.31],
			"rotation": {"angle": -45, "axis": "y", "origin": [11, 1, 3]},
			"faces": {
				"north": {"uv": [2, 10.75, 5, 13.75], "texture": "#texture"},
				"east": {"uv": [2.25, 10.75, 5.75, 14.25], "texture": "#texture"},
				"south": {"uv": [2, 10.75, 5.5, 14.25], "texture": "#texture"},
				"west": {"uv": [2.5, 11.25, 5.5, 14.25], "texture": "#texture"},
				"up": {"uv": [2.5, 10.5, 5.5, 13.5], "texture": "#texture"},
				"down": {"uv": [2, 10.75, 5.5, 14.25], "texture": "#texture"}
			}
		},
		{
			"name": "cube",
			"from": [4.5, 2, 5],
			"to": [11.5, 4, 11],
			"faces": {
				"north": {"uv": [2, 10.75, 5, 13.75], "texture": "#texture"},
				"east": {"uv": [2.25, 10.75, 5.75, 14.25], "texture": "#texture"},
				"south": {"uv": [2, 10.75, 5.5, 14.25], "texture": "#texture"},
				"west": {"uv": [2.5, 11.25, 5.5, 14.25], "texture": "#texture"},
				"up": {"uv": [2.5, 10.5, 5.5, 13.5], "texture": "#texture"},
				"down": {"uv": [2, 10.75, 5.5, 14.25], "texture": "#texture"}
			}
		},
		{
			"name": "cube",
			"from": [5, 1.375, 4.4375],
			"to": [11, 3.375, 5.4375],
			"rotation": {"angle": 45, "axis": "x", "origin": [5, 3.375, 4.4375]},
			"faces": {
				"north": {"uv": [2, 10.75, 5, 13.75], "texture": "#texture"},
				"east": {"uv": [2.25, 10.75, 5.75, 14.25], "texture": "#texture"},
				"south": {"uv": [2, 10.75, 5.5, 14.25], "texture": "#texture"},
				"west": {"uv": [2.5, 11.25, 5.5, 14.25], "texture": "#texture"},
				"up": {"uv": [2.5, 10.5, 5.5, 13.5], "texture": "#texture"},
				"down": {"uv": [2, 10.75, 5.5, 14.25], "texture": "#texture"}
			}
		},
		{
			"name": "cube",
			"from": [5, 1.9375, 4.5],
			"to": [11, 3.9375, 5.5],
			"rotation": {"angle": 22.5, "axis": "x", "origin": [5, 3.9375, 4.5]},
			"faces": {
				"north": {"uv": [2, 10.75, 5, 13.75], "texture": "#texture"},
				"east": {"uv": [2.25, 10.75, 5.75, 14.25], "texture": "#texture"},
				"south": {"uv": [2, 10.75, 5.5, 14.25], "texture": "#texture"},
				"west": {"uv": [2.5, 11.25, 5.5, 14.25], "texture": "#texture"},
				"up": {"uv": [2.5, 10.5, 5.5, 13.5], "texture": "#texture"},
				"down": {"uv": [2, 10.75, 5.5, 14.25], "texture": "#texture"}
			}
		},
		{
			"name": "cube",
			"from": [5, 0.6875, 10.875],
			"to": [11, 2.6875, 11.875],
			"rotation": {"angle": -45, "axis": "x", "origin": [5, 2.6875, 10.875]},
			"faces": {
				"north": {"uv": [2, 10.75, 5, 13.75], "texture": "#texture"},
				"east": {"uv": [2.25, 10.75, 5.75, 14.25], "texture": "#texture"},
				"south": {"uv": [2, 10.75, 5.5, 14.25], "texture": "#texture"},
				"west": {"uv": [2.5, 11.25, 5.5, 14.25], "texture": "#texture"},
				"up": {"uv": [2.5, 10.5, 5.5, 13.5], "texture": "#texture"},
				"down": {"uv": [2, 10.75, 5.5, 14.25], "texture": "#texture"}
			}
		},
		{
			"name": "cube",
			"from": [5, 1.625, 10.625],
			"to": [11, 3.625, 11.625],
			"rotation": {"angle": -22.5, "axis": "x", "origin": [5, 3.625, 10.625]},
			"faces": {
				"north": {"uv": [2, 10.75, 5, 13.75], "texture": "#texture"},
				"east": {"uv": [2.25, 10.75, 5.75, 14.25], "texture": "#texture"},
				"south": {"uv": [2, 10.75, 5.5, 14.25], "texture": "#texture"},
				"west": {"uv": [2.5, 11.25, 5.5, 14.25], "texture": "#texture"},
				"up": {"uv": [2.5, 10.5, 5.5, 13.5], "texture": "#texture"},
				"down": {"uv": [2, 10.75, 5.5, 14.25], "texture": "#texture"}
			}
		},
		{
			"name": "cube",
			"from": [4.41421, 1.4375, 5],
			"to": [5.41421, 3.4375, 11],
			"rotation": {"angle": -45, "axis": "z", "origin": [4.41421, 3.4375, 5]},
			"faces": {
				"north": {"uv": [2, 10.75, 5, 13.75], "texture": "#texture"},
				"east": {"uv": [2.25, 10.75, 5.75, 14.25], "texture": "#texture"},
				"south": {"uv": [2, 10.75, 5.5, 14.25], "texture": "#texture"},
				"west": {"uv": [2.5, 11.25, 5.5, 14.25], "texture": "#texture"},
				"up": {"uv": [2.5, 10.5, 5.5, 13.5], "texture": "#texture"},
				"down": {"uv": [2, 10.75, 5.5, 14.25], "texture": "#texture"}
			}
		},
		{
			"name": "cube",
			"from": [4.5, 2, 5],
			"to": [5.5, 4, 11],
			"rotation": {"angle": -22.5, "axis": "z", "origin": [4.5, 4, 5]},
			"faces": {
				"north": {"uv": [2, 10.75, 5, 13.75], "texture": "#texture"},
				"east": {"uv": [2.25, 10.75, 5.75, 14.25], "texture": "#texture"},
				"south": {"uv": [2, 10.75, 5.5, 14.25], "texture": "#texture"},
				"west": {"uv": [2.5, 11.25, 5.5, 14.25], "texture": "#texture"},
				"up": {"uv": [2.5, 10.5, 5.5, 13.5], "texture": "#texture"},
				"down": {"uv": [2, 10.75, 5.5, 14.25], "texture": "#texture"}
			}
		},
		{
			"name": "cube",
			"from": [10.875, 0.75, 5],
			"to": [11.875, 2.75, 11],
			"rotation": {"angle": 45, "axis": "z", "origin": [10.875, 2.75, 5]},
			"faces": {
				"north": {"uv": [2, 10.75, 5, 13.75], "texture": "#texture"},
				"east": {"uv": [2.25, 10.75, 5.75, 14.25], "texture": "#texture"},
				"south": {"uv": [2, 10.75, 5.5, 14.25], "texture": "#texture"},
				"west": {"uv": [2.5, 11.25, 5.5, 14.25], "texture": "#texture"},
				"up": {"uv": [2.5, 10.5, 5.5, 13.5], "texture": "#texture"},
				"down": {"uv": [2, 10.75, 5.5, 14.25], "texture": "#texture"}
			}
		},
		{
			"name": "cube",
			"from": [10.5625, 1.625, 5],
			"to": [11.5625, 3.625, 11],
			"rotation": {"angle": 22.5, "axis": "z", "origin": [10.5625, 3.625, 5]},
			"faces": {
				"north": {"uv": [2, 10.75, 5, 13.75], "texture": "#texture"},
				"east": {"uv": [2.25, 10.75, 5.75, 14.25], "texture": "#texture"},
				"south": {"uv": [2, 10.75, 5.5, 14.25], "texture": "#texture"},
				"west": {"uv": [2.5, 11.25, 5.5, 14.25], "texture": "#texture"},
				"up": {"uv": [2.5, 10.5, 5.5, 13.5], "texture": "#texture"},
				"down": {"uv": [2, 10.75, 5.5, 14.25], "texture": "#texture"}
			}
		},
		{
			"name": "cube",
			"from": [5, 2, 4.5],
			"to": [11, 4, 11.5],
			"faces": {
				"north": {"uv": [2, 10.75, 5, 13.75], "texture": "#texture"},
				"east": {"uv": [2.25, 10.75, 5.75, 14.25], "texture": "#texture"},
				"south": {"uv": [2, 10.75, 5.5, 14.25], "texture": "#texture"},
				"west": {"uv": [2.5, 11.25, 5.5, 14.25], "texture": "#texture"},
				"up": {"uv": [2.5, 10.5, 5.5, 13.5], "texture": "#texture"},
				"down": {"uv": [2, 10.75, 5.5, 14.25], "texture": "#texture"}
			}
		},
		{
			"name": "cube",
			"from": [5.5, 3.9375, 5.375],
			"to": [10.5, 6, 10.6875],
			"faces": {
				"north": {"uv": [2, 10.75, 5, 13.75], "texture": "#texture"},
				"east": {"uv": [2.25, 10.75, 5.75, 14.25], "texture": "#texture"},
				"south": {"uv": [2, 10.75, 5.5, 14.25], "texture": "#texture"},
				"west": {"uv": [2.5, 11.25, 5.5, 14.25], "texture": "#texture"},
				"up": {"uv": [2.5, 10.5, 5.5, 13.5], "texture": "#texture"},
				"down": {"uv": [2, 10.75, 5.5, 14.25], "texture": "#texture"}
			}
		},
		{
			"name": "cube",
			"from": [5.5, 3.75, 5.375],
			"to": [10.5, 6, 6.375],
			"rotation": {"angle": 22.5, "axis": "x", "origin": [5.5, 6, 5.375]},
			"faces": {
				"north": {"uv": [2, 10.75, 5, 13.75], "texture": "#texture"},
				"east": {"uv": [2.25, 10.75, 5.75, 14.25], "texture": "#texture"},
				"south": {"uv": [2, 10.75, 5.5, 14.25], "texture": "#texture"},
				"west": {"uv": [2.5, 11.25, 5.5, 14.25], "texture": "#texture"},
				"up": {"uv": [2.5, 10.5, 5.5, 13.5], "texture": "#texture"},
				"down": {"uv": [2, 10.75, 5.5, 14.25], "texture": "#texture"}
			}
		},
		{
			"name": "cube",
			"from": [5.5, 3.4298200000000003, 9.75],
			"to": [10.5, 5.67982, 10.75],
			"rotation": {"angle": -22.5, "axis": "x", "origin": [5.5, 5.67982, 9.75]},
			"faces": {
				"north": {"uv": [2, 10.75, 5, 13.75], "texture": "#texture"},
				"east": {"uv": [2.25, 10.75, 5.75, 14.25], "texture": "#texture"},
				"south": {"uv": [2, 10.75, 5.5, 14.25], "texture": "#texture"},
				"west": {"uv": [2.5, 11.25, 5.5, 14.25], "texture": "#texture"},
				"up": {"uv": [2.5, 10.5, 5.5, 13.5], "texture": "#texture"},
				"down": {"uv": [2, 10.75, 5.5, 14.25], "texture": "#texture"}
			}
		},
		{
			"name": "cube",
			"from": [9.75, 3.4375, 5.5],
			"to": [10.75, 5.625, 10.5],
			"rotation": {"angle": 22.5, "axis": "z", "origin": [9.75, 5.625, 5.5]},
			"faces": {
				"north": {"uv": [2, 10.75, 5, 13.75], "texture": "#texture"},
				"east": {"uv": [2.25, 10.75, 5.75, 14.25], "texture": "#texture"},
				"south": {"uv": [2, 10.75, 5.5, 14.25], "texture": "#texture"},
				"west": {"uv": [2.5, 11.25, 5.5, 14.25], "texture": "#texture"},
				"up": {"uv": [2.5, 10.5, 5.5, 13.5], "texture": "#texture"},
				"down": {"uv": [2, 10.75, 5.5, 14.25], "texture": "#texture"}
			}
		},
		{
			"name": "cube",
			"from": [5.3125, 3.8125, 5.5],
			"to": [6.3125, 6, 10.5],
			"rotation": {"angle": -22.5, "axis": "z", "origin": [5.3125, 6, 5.5]},
			"faces": {
				"north": {"uv": [2, 10.75, 5, 13.75], "texture": "#texture"},
				"east": {"uv": [2.25, 10.75, 5.75, 14.25], "texture": "#texture"},
				"south": {"uv": [2, 10.75, 5.5, 14.25], "texture": "#texture"},
				"west": {"uv": [2.5, 11.25, 5.5, 14.25], "texture": "#texture"},
				"up": {"uv": [2.5, 10.5, 5.5, 13.5], "texture": "#texture"},
				"down": {"uv": [2, 10.75, 5.5, 14.25], "texture": "#texture"}
			}
		},
		{
			"name": "cube",
			"from": [5.375, 3.9375, 5.5],
			"to": [10.6875, 6, 10.5],
			"faces": {
				"north": {"uv": [2, 10.75, 5, 13.75], "texture": "#texture"},
				"east": {"uv": [2.25, 10.75, 5.75, 14.25], "texture": "#texture"},
				"south": {"uv": [2, 10.75, 5.5, 14.25], "texture": "#texture"},
				"west": {"uv": [2.5, 11.25, 5.5, 14.25], "texture": "#texture"},
				"up": {"uv": [2.5, 10.5, 5.5, 13.5], "texture": "#texture"},
				"down": {"uv": [2, 10.75, 5.5, 14.25], "texture": "#texture"}
			}
		},
		{
			"name": "cube",
			"from": [6.5, 6, 6.5],
			"to": [9.5, 7.5, 9.5],
			"faces": {
				"north": {"uv": [2, 10.75, 5, 13.75], "texture": "#texture"},
				"east": {"uv": [2.25, 10.75, 5.75, 14.25], "texture": "#texture"},
				"south": {"uv": [2, 10.75, 5.5, 14.25], "texture": "#texture"},
				"west": {"uv": [2.5, 11.25, 5.5, 14.25], "texture": "#texture"},
				"up": {"uv": [2.5, 10.5, 5.5, 13.5], "texture": "#texture"},
				"down": {"uv": [2, 10.75, 5.5, 14.25], "texture": "#texture"}
			}
		},
		{
			"name": "cube",
			"from": [6.5, 4.6875, 8.5625],
			"to": [9.5, 6.6875, 9.5625],
			"rotation": {"angle": -45, "axis": "x", "origin": [6.5, 6.6875, 8.5625]},
			"faces": {
				"north": {"uv": [2, 10.75, 5, 13.75], "texture": "#texture"},
				"east": {"uv": [2.25, 10.75, 5.75, 14.25], "texture": "#texture"},
				"south": {"uv": [2, 10.75, 5.5, 14.25], "texture": "#texture"},
				"west": {"uv": [2.5, 11.25, 5.5, 14.25], "texture": "#texture"},
				"up": {"uv": [2.5, 10.5, 5.5, 13.5], "texture": "#texture"},
				"down": {"uv": [2, 10.75, 5.5, 14.25], "texture": "#texture"}
			}
		},
		{
			"name": "cube",
			"from": [6.5, 5.4375, 6.75],
			"to": [9.5, 7.4375, 7.75],
			"rotation": {"angle": 45, "axis": "x", "origin": [6.5, 7.4375, 6.75]},
			"faces": {
				"north": {"uv": [2, 10.75, 5, 13.75], "texture": "#texture"},
				"east": {"uv": [2.25, 10.75, 5.75, 14.25], "texture": "#texture"},
				"south": {"uv": [2, 10.75, 5.5, 14.25], "texture": "#texture"},
				"west": {"uv": [2.5, 11.25, 5.5, 14.25], "texture": "#texture"},
				"up": {"uv": [2.5, 10.5, 5.5, 13.5], "texture": "#texture"},
				"down": {"uv": [2, 10.75, 5.5, 14.25], "texture": "#texture"}
			}
		},
		{
			"name": "cube",
			"from": [8.5625, 4.6875, 6.5],
			"to": [9.5625, 6.6875, 9.5],
			"rotation": {"angle": 45, "axis": "z", "origin": [8.5625, 6.6875, 6.5]},
			"faces": {
				"north": {"uv": [2, 10.75, 5, 13.75], "texture": "#texture"},
				"east": {"uv": [2.25, 10.75, 5.75, 14.25], "texture": "#texture"},
				"south": {"uv": [2, 10.75, 5.5, 14.25], "texture": "#texture"},
				"west": {"uv": [2.5, 11.25, 5.5, 14.25], "texture": "#texture"},
				"up": {"uv": [2.5, 10.5, 5.5, 13.5], "texture": "#texture"},
				"down": {"uv": [2, 10.75, 5.5, 14.25], "texture": "#texture"}
			}
		},
		{
			"name": "cube",
			"from": [6.8125, 5.4375, 6.5],
			"to": [7.8125, 7.4375, 9.5],
			"rotation": {"angle": -45, "axis": "z", "origin": [6.8125, 7.4375, 6.5]},
			"faces": {
				"north": {"uv": [2, 10.75, 5, 13.75], "texture": "#texture"},
				"east": {"uv": [2.25, 10.75, 5.75, 14.25], "texture": "#texture"},
				"south": {"uv": [2, 10.75, 5.5, 14.25], "texture": "#texture"},
				"west": {"uv": [2.5, 11.25, 5.5, 14.25], "texture": "#texture"},
				"up": {"uv": [2.5, 10.5, 5.5, 13.5], "texture": "#texture"},
				"down": {"uv": [2, 10.75, 5.5, 14.25], "texture": "#texture"}
			}
		},
		{
			"name": "cube",
			"from": [5.5, 6.51831, 6],
			"to": [5.5625, 9.0183, 10],
			"rotation": {"angle": 45, "axis": "z", "origin": [5.5, 9.0183, 6]},
			"faces": {
				"east": {"uv": [1, 0.5, 15, 9], "texture": "#detail"},
				"west": {"uv": [1, 0.5, 15, 9], "texture": "#detail"}
			}
		},
		{
			"name": "cube",
			"from": [10.5, 6.5, 6],
			"to": [10.5625, 9, 10],
			"rotation": {"angle": -45, "axis": "z", "origin": [10.5, 9, 6]},
			"faces": {
				"east": {"uv": [1, 0.5, 15, 9], "texture": "#detail"},
				"west": {"uv": [1, 0.5, 15, 9], "texture": "#detail"}
			}
		},
		{
			"name": "cube",
			"from": [6, 6.5, 5.5],
			"to": [10, 9, 5.5625],
			"rotation": {"angle": -45, "axis": "x", "origin": [6, 9, 5.5]},
			"faces": {
				"north": {"uv": [1, 0.5, 15, 9], "texture": "#detail"},
				"south": {"uv": [1, 0.5, 15, 9], "texture": "#detail"}
			}
		},
		{
			"name": "cube",
			"from": [6, 6.5, 10.5],
			"to": [10, 9, 10.5625],
			"rotation": {"angle": 45, "axis": "x", "origin": [6, 9, 10.5]},
			"faces": {
				"north": {"uv": [1, 0.5, 15, 9], "texture": "#detail"},
				"south": {"uv": [1, 0.5, 15, 9], "texture": "#detail"}
			}
		},
		{
			"name": "cube",
			"from": [5, 2.8125, 5.75],
			"to": [5.0625, 5.3125, 10.25],
			"rotation": {"angle": -22.5, "axis": "z", "origin": [5, 5.3125, 5.75]},
			"faces": {"west": {"uv": [0.5, 1, 15, 7.5], "texture": "#particle"}}
		},
		{
			"name": "cube",
			"from": [4, 0.9375, 1],
			"to": [7.5, 1, 5],
			"rotation": {"angle": -45, "axis": "y", "origin": [4, 0.9375, 1]},
			"faces": {"up": {"uv": [1, 1, 10, 15.5], "texture": "#skirt"}, "down": {"uv": [1, 1, 10, 15.5], "texture": "#skirt"}}
		},
		{
			"name": "cube",
			"from": [1, 0.9375, 12],
			"to": [4.5, 1, 16],
			"rotation": {"angle": 45, "axis": "y", "origin": [1, 0.9375, 12]},
			"faces": {"up": {"uv": [1, 1, 10, 15.5], "texture": "#skirt"}, "down": {"uv": [1, 1, 10, 15.5], "texture": "#skirt"}}
		},
		{
			"name": "cube",
			"from": [0.5, -0.0625, 5],
			"to": [4, 0, 11],
			"rotation": {"angle": 22.5, "axis": "z", "origin": [0.5, 0, 5]},
			"faces": {"up": {"uv": [1, 1, 10, 15.5], "texture": "#skirt"}, "down": {"uv": [1, 1, 10, 15.5], "texture": "#skirt"}}
		},
		{
			"name": "cube",
			"from": [12, 1.4375, 5],
			"to": [15.5, 1.5, 11],
			"rotation": {"angle": -22.5, "axis": "z", "origin": [12, 1.5, 5]},
			"faces": {
				"up": {"uv": [1, 1, 10, 15.5], "texture": "#skirt", "rotation": 180},
				"down": {"uv": [1, 1, 10, 15.5], "texture": "#skirt", "rotation": 180}
			}
		},
		{
			"name": "cube",
			"from": [10, 0.9375, 3.5],
			"to": [13.5, 1, 7.5],
			"rotation": {"angle": 45, "axis": "y", "origin": [10, 0.9375, 3.5]},
			"faces": {
				"up": {"uv": [1, 1, 10, 15.5], "texture": "#skirt", "rotation": 180},
				"down": {"uv": [1, 1, 10, 15.5], "texture": "#skirt", "rotation": 180}
			}
		},
		{
			"name": "cube",
			"from": [12.5, 0.9375, 10],
			"to": [16, 1, 14],
			"rotation": {"angle": -45, "axis": "y", "origin": [12.5, 0.9375, 10]},
			"faces": {
				"up": {"uv": [1, 1, 10, 15.5], "texture": "#skirt", "rotation": 180},
				"down": {"uv": [1, 1, 10, 15.5], "texture": "#skirt", "rotation": 180}
			}
		},
		{
			"name": "cube",
			"from": [5, 1.4375, 12],
			"to": [11, 1.5, 15.5],
			"rotation": {"angle": 22.5, "axis": "x", "origin": [5, 1.5, 12]},
			"faces": {
				"up": {"uv": [1, 1, 10, 15.5], "texture": "#skirt", "rotation": 270},
				"down": {"uv": [1, 1, 10, 15.5], "texture": "#skirt", "rotation": 90}
			}
		},
		{
			"name": "cube",
			"from": [5, -0.0625, 0.5],
			"to": [11, 0, 4],
			"rotation": {"angle": -22.5, "axis": "x", "origin": [5, 0, 0.5]},
			"faces": {
				"up": {"uv": [1, 1, 10, 15.5], "texture": "#skirt", "rotation": 90},
				"down": {"uv": [1, 1, 10, 15.5], "texture": "#skirt", "rotation": 270}
			}
		},
		{
			"name": "cube",
			"from": [5.3115, 5, 5.625],
			"to": [5.374, 6, 6.625],
			"rotation": {"angle": -22.5, "axis": "z", "origin": [5.3115, 6, 5.625]},
			"faces": {"west": {"uv": [0.5, 0.5, 8, 8], "texture": "#texture"}}
		},
		{
			"name": "cube",
			"from": [5.3115, 5, 9.25],
			"to": [5.374, 6, 10.25],
			"rotation": {"angle": -22.5, "axis": "z", "origin": [5.3115, 6, 9.25]},
			"faces": {"west": {"uv": [0.5, 0.5, 8, 8], "texture": "#texture"}}
		},
		{
			"name": "cube",
			"from": [4.125, 1.6875, 9.4375],
			"to": [4.1875, 3.1875, 10.9375],
			"rotation": {"angle": -45, "axis": "z", "origin": [4.125, 3.1875, 9.4375]},
			"faces": {"west": {"uv": [0.5, 0.5, 8, 8], "texture": "#texture"}}
		},
		{
			"name": "cube",
			"from": [5, 3, 10.4375],
			"to": [5.8125, 5, 11.1875],
			"rotation": {"angle": -45, "axis": "y", "origin": [5, 3, 10.4375]},
			"faces": {
				"north": {"uv": [2, 10.75, 5, 13.75], "texture": "#texture"},
				"east": {"uv": [2.25, 10.75, 5.75, 14.25], "texture": "#texture"},
				"south": {"uv": [2, 10.75, 5.5, 14.25], "texture": "#texture"},
				"west": {"uv": [2.5, 11.25, 5.5, 14.25], "texture": "#texture"},
				"up": {"uv": [2.5, 10.5, 5.5, 13.5], "texture": "#texture"},
				"down": {"uv": [2, 10.75, 5.5, 14.25], "texture": "#texture"}
			}
		},
		{
			"name": "cube",
			"from": [4.5, 3, 5],
			"to": [5.1875, 5, 5.75],
			"rotation": {"angle": 45, "axis": "y", "origin": [4.5, 3, 5]},
			"faces": {
				"north": {"uv": [2, 10.75, 5, 13.75], "texture": "#texture"},
				"east": {"uv": [2.25, 10.75, 5.75, 14.25], "texture": "#texture"},
				"south": {"uv": [2, 10.75, 5.5, 14.25], "texture": "#texture"},
				"west": {"uv": [2.5, 11.25, 5.5, 14.25], "texture": "#texture"},
				"up": {"uv": [2.5, 10.5, 5.5, 13.5], "texture": "#texture"},
				"down": {"uv": [2, 10.75, 5.5, 14.25], "texture": "#texture"}
			}
		},
		{
			"name": "cube",
			"from": [11, 2, 4.5],
			"to": [11.6875, 4, 5.25],
			"rotation": {"angle": -45, "axis": "y", "origin": [11, 2, 4.5]},
			"faces": {
				"north": {"uv": [2, 10.75, 5, 13.75], "texture": "#texture"},
				"east": {"uv": [2.25, 10.75, 5.75, 14.25], "texture": "#texture"},
				"south": {"uv": [2, 10.75, 5.5, 14.25], "texture": "#texture"},
				"west": {"uv": [2.5, 11.25, 5.5, 14.25], "texture": "#texture"},
				"up": {"uv": [2.5, 10.5, 5.5, 13.5], "texture": "#texture"},
				"down": {"uv": [2, 10.75, 5.5, 14.25], "texture": "#texture"}
			}
		},
		{
			"name": "cube",
			"from": [10.5, 2, 11],
			"to": [11.1875, 4, 11.75],
			"rotation": {"angle": 45, "axis": "y", "origin": [10.5, 2, 11]},
			"faces": {
				"north": {"uv": [2, 10.75, 5, 13.75], "texture": "#texture"},
				"east": {"uv": [2.25, 10.75, 5.75, 14.25], "texture": "#texture"},
				"south": {"uv": [2, 10.75, 5.5, 14.25], "texture": "#texture"},
				"west": {"uv": [2.5, 11.25, 5.5, 14.25], "texture": "#texture"},
				"up": {"uv": [2.5, 10.5, 5.5, 13.5], "texture": "#texture"},
				"down": {"uv": [2, 10.75, 5.5, 14.25], "texture": "#texture"}
			}
		},
		{
			"name": "cube",
			"from": [4.125, 1.6875, 5.125],
			"to": [4.1875, 3.1875, 6.625],
			"rotation": {"angle": -45, "axis": "z", "origin": [4.125, 3.1875, 5.125]},
			"faces": {"west": {"uv": [0.5, 0.5, 8, 8], "texture": "#texture"}}
		},
		{
			"name": "cube",
			"from": [10.6875, 4.8125, 9.25],
			"to": [10.75, 5.8125, 10.25],
			"rotation": {"angle": 22.5, "axis": "z", "origin": [10.6875, 5.8125, 9.25]},
			"faces": {"east": {"uv": [0.5, 0.5, 8, 8], "texture": "#texture"}}
		},
		{
			"name": "cube",
			"from": [10.6875, 4.8125, 5.75],
			"to": [10.75, 5.8125, 6.75],
			"rotation": {"angle": 22.5, "axis": "z", "origin": [10.6875, 5.8125, 5.75]},
			"faces": {"east": {"uv": [0.5, 0.5, 8, 8], "texture": "#texture"}}
		},
		{
			"name": "cube",
			"from": [11.75, 1.75, 9.4375],
			"to": [11.8125, 3.25, 10.9375],
			"rotation": {"angle": 45, "axis": "z", "origin": [11.75, 3.25, 9.4375]},
			"faces": {"east": {"uv": [0.5, 0.5, 8, 8], "texture": "#texture"}}
		},
		{
			"name": "cube",
			"from": [11.75, 1.75, 5.0625],
			"to": [11.8125, 3.25, 6.5625],
			"rotation": {"angle": 45, "axis": "z", "origin": [11.75, 3.25, 5.0625]},
			"faces": {"east": {"uv": [0.5, 0.5, 8, 8], "texture": "#texture"}}
		},
		{
			"name": "cube",
			"from": [9.5, 5, 5.3225],
			"to": [10.5, 6, 5.385],
			"rotation": {"angle": 22.5, "axis": "x", "origin": [9.5, 6, 5.3225]},
			"faces": {"north": {"uv": [0.5, 0.5, 8, 8], "texture": "#texture"}}
		},
		{
			"name": "cube",
			"from": [5.75, 5, 5.3225],
			"to": [6.75, 6, 5.385],
			"rotation": {"angle": 22.5, "axis": "x", "origin": [5.75, 6, 5.3225]},
			"faces": {"north": {"uv": [0.5, 0.5, 8, 8], "texture": "#texture"}}
		},
		{
			"name": "cube",
			"from": [5, 1.6875, 4.22],
			"to": [6.5, 3.1875, 4.2825],
			"rotation": {"angle": 45, "axis": "x", "origin": [5, 3.1875, 4.22]},
			"faces": {"north": {"uv": [0.5, 0.5, 8, 8], "texture": "#texture"}}
		},
		{
			"name": "cube",
			"from": [9.5, 1.6875, 4.22],
			"to": [11, 3.1875, 4.2825],
			"rotation": {"angle": 45, "axis": "x", "origin": [9.5, 3.1875, 4.22]},
			"faces": {"north": {"uv": [0.5, 0.5, 8, 8], "texture": "#texture"}}
		},
		{
			"name": "cube",
			"from": [5.5, 5, 10.6875],
			"to": [6.5, 6, 10.75],
			"rotation": {"angle": -22.5, "axis": "x", "origin": [5.5, 6, 10.6875]},
			"faces": {"south": {"uv": [0.5, 0.5, 8, 8], "texture": "#texture"}}
		},
		{
			"name": "cube",
			"from": [9.25, 5, 10.6875],
			"to": [10.25, 6, 10.75],
			"rotation": {"angle": -22.5, "axis": "x", "origin": [9.25, 6, 10.6875]},
			"faces": {"south": {"uv": [0.5, 0.5, 8, 8], "texture": "#texture"}}
		},
		{
			"name": "cube",
			"from": [9.4375, 1.5625, 11.875],
			"to": [10.9375, 3.0625, 11.9375],
			"rotation": {"angle": -45, "axis": "x", "origin": [9.4375, 3.0625, 11.875]},
			"faces": {"south": {"uv": [0.5, 0.5, 8, 8], "texture": "#texture"}}
		},
		{
			"name": "cube",
			"from": [5, 1.5625, 11.875],
			"to": [6.5, 3.0625, 11.9375],
			"rotation": {"angle": -45, "axis": "x", "origin": [5, 3.0625, 11.875]},
			"faces": {"south": {"uv": [0.5, 0.5, 8, 8], "texture": "#texture"}}
		}
	],
	"display": {
		"head": {"rotation": [0, -90, 0], "translation": [0, -6, 0], "scale": [3.6, 3.7, 3.6]},
		"gui": {"scale": [0, 0, 0]},
		"thirdperson_righthand": {"rotation": [70, -90, 0], "translation": [-6, -1.5, 13], "scale": [2.3, 2.4, 2.3]},
		"thirdperson_lefthand": {"rotation": [70, 90, 0], "translation": [-6, -1.5, 13], "scale": [2.3, 2.4, 2.3]},
		"firstperson_righthand": {"scale": [0, 0, 0]},
		"firstperson_lefthand": {"scale": [0, 0, 0]}
	}
}