﻿{
	"credit": "Made by MadstonMagic using Cubik Pro, Copyright © MadstonMagic Modeling 2015-2017. All rights reserved",
	"textures": {
		"texture": "pokemon/lairon/lairon",
		"nail": "pokemon/lairon/nail",
		"detail": "pokemon/lairon/detail",
		"particle": "pokemon/lairon/eye"
	},
	"elements": [
		{
			"name": "cube",
			"from": [-1.5625, 6, 5.5],
			"to": [-0.0625, 7, 6.5],
			"rotation": {"angle": 22.5, "axis": "y", "origin": [-1.5625, 6, 5.5]},
			"faces": {
				"north": {"uv": [11, 1, 14.5, 4.5], "texture": "#texture"},
				"east": {"uv": [11, 1.5, 14.5, 5], "texture": "#texture"},
				"south": {"uv": [11.5, 1.5, 15, 5], "texture": "#texture"},
				"west": {"uv": [11, 1.5, 14.5, 5], "texture": "#texture"},
				"up": {"uv": [11, 1.5, 14.5, 5], "texture": "#texture"},
				"down": {"uv": [10.5, 1.5, 14, 5], "texture": "#texture"}
			}
		},
		{
			"name": "cube",
			"from": [-4, 7, 6.5],
			"to": [2.0625, 8, 8.5],
			"rotation": {"angle": 22.5, "axis": "y", "origin": [-4, 7, 6.5]},
			"faces": {
				"north": {"uv": [11, 1, 14.5, 4.5], "texture": "#texture"},
				"east": {"uv": [11, 1.5, 14.5, 5], "texture": "#texture"},
				"south": {"uv": [11.5, 1.5, 15, 5], "texture": "#texture"},
				"west": {"uv": [11, 1.5, 14.5, 5], "texture": "#texture"},
				"up": {"uv": [11, 1.5, 14.5, 5], "texture": "#texture"},
				"down": {"uv": [10.5, 1.5, 14, 5], "texture": "#texture"}
			}
		},
		{
			"name": "cube",
			"from": [-4, 7, 6.5],
			"to": [-3, 8, 8.625],
			"faces": {
				"north": {"uv": [11, 1, 14.5, 4.5], "texture": "#texture"},
				"east": {"uv": [11, 1.5, 14.5, 5], "texture": "#texture"},
				"south": {"uv": [11.5, 1.5, 15, 5], "texture": "#texture"},
				"west": {"uv": [11, 1.5, 14.5, 5], "texture": "#texture"},
				"up": {"uv": [11, 1.5, 14.5, 5], "texture": "#texture"},
				"down": {"uv": [10.5, 1.5, 14, 5], "texture": "#texture"}
			}
		},
		{
			"name": "cube",
			"from": [-1.0625, 6, 8.8125],
			"to": [0.4375, 7, 9.8125],
			"rotation": {"angle": -22.5, "axis": "y", "origin": [-1.0625, 6, 8.8125]},
			"faces": {
				"north": {"uv": [11, 1, 14.5, 4.5], "texture": "#texture"},
				"east": {"uv": [11, 1.5, 14.5, 5], "texture": "#texture"},
				"south": {"uv": [11.5, 1.5, 15, 5], "texture": "#texture"},
				"west": {"uv": [11, 1.5, 14.5, 5], "texture": "#texture"},
				"up": {"uv": [11, 1.5, 14.5, 5], "texture": "#texture"},
				"down": {"uv": [10.5, 1.5, 14, 5], "texture": "#texture"}
			}
		},
		{
			"name": "cube",
			"from": [-1.75, 7, 6],
			"to": [1.625, 8, 9],
			"faces": {
				"north": {"uv": [11, 1, 14.5, 4.5], "texture": "#texture"},
				"east": {"uv": [11, 1.5, 14.5, 5], "texture": "#texture"},
				"south": {"uv": [11.5, 1.5, 15, 5], "texture": "#texture"},
				"west": {"uv": [11, 1.5, 14.5, 5], "texture": "#texture"},
				"up": {"uv": [11, 1.5, 14.5, 5], "texture": "#texture"},
				"down": {"uv": [10.5, 1.5, 14, 5], "texture": "#texture"}
			}
		},
		{
			"name": "cube",
			"from": [-3.25, 7, 6.8125],
			"to": [2.8125, 8, 8.8125],
			"rotation": {"angle": -22.5, "axis": "y", "origin": [-3.25, 7, 6.8125]},
			"faces": {
				"north": {"uv": [11, 1, 14.5, 4.5], "texture": "#texture"},
				"east": {"uv": [11, 1.5, 14.5, 5], "texture": "#texture"},
				"south": {"uv": [11.5, 1.5, 15, 5], "texture": "#texture"},
				"west": {"uv": [11, 1.5, 14.5, 5], "texture": "#texture"},
				"up": {"uv": [11, 1.5, 14.5, 5], "texture": "#texture"},
				"down": {"uv": [10.5, 1.5, 14, 5], "texture": "#texture"}
			}
		},
		{
			"name": "cube",
			"from": [1.5625, 7, 4.1875],
			"to": [4.1875, 8, 10.9375],
			"faces": {
				"north": {"uv": [11, 1, 14.5, 4.5], "texture": "#texture"},
				"east": {"uv": [11, 1.5, 14.5, 5], "texture": "#texture"},
				"south": {"uv": [11.5, 1.5, 15, 5], "texture": "#texture"},
				"west": {"uv": [11, 1.5, 14.5, 5], "texture": "#texture"},
				"up": {"uv": [11, 1.5, 14.5, 5], "texture": "#texture"},
				"down": {"uv": [10.5, 1.5, 14, 5], "texture": "#texture"}
			}
		},
		{
			"name": "cube",
			"from": [2.3125, 6.6875, 4.1875],
			"to": [3.5625, 7.6875, 10.9375],
			"rotation": {"angle": -45, "axis": "z", "origin": [2.3125, 7.6875, 4.1875]},
			"faces": {
				"north": {"uv": [11, 1, 14.5, 4.5], "texture": "#texture"},
				"east": {"uv": [11, 1.5, 14.5, 5], "texture": "#texture"},
				"south": {"uv": [11.5, 1.5, 15, 5], "texture": "#texture"},
				"west": {"uv": [11, 1.5, 14.5, 5], "texture": "#texture"},
				"up": {"uv": [11, 1.5, 14.5, 5], "texture": "#texture"},
				"down": {"uv": [10.5, 1.5, 14, 5], "texture": "#texture"}
			}
		},
		{
			"name": "cube",
			"from": [2.5, 6.0825, 4.1875],
			"to": [3.3125, 7.0825, 10.9375],
			"faces": {
				"north": {"uv": [11, 1, 14.5, 4.5], "texture": "#texture"},
				"east": {"uv": [11, 1.5, 14.5, 5], "texture": "#texture"},
				"south": {"uv": [11.5, 1.5, 15, 5], "texture": "#texture"},
				"west": {"uv": [11, 1.5, 14.5, 5], "texture": "#texture"},
				"up": {"uv": [11, 1.5, 14.5, 5], "texture": "#texture"},
				"down": {"uv": [10.5, 1.5, 14, 5], "texture": "#texture"}
			}
		},
		{
			"name": "cube",
			"from": [3.3125, 6.0825, 4.1875],
			"to": [4.1875, 7.02, 10.9375],
			"faces": {
				"north": {"uv": [11, 1, 14.5, 4.5], "texture": "#texture"},
				"east": {"uv": [11, 1.5, 14.5, 5], "texture": "#texture"},
				"south": {"uv": [11.5, 1.5, 15, 5], "texture": "#texture"},
				"west": {"uv": [11, 1.5, 14.5, 5], "texture": "#texture"},
				"up": {"uv": [11, 1.5, 14.5, 5], "texture": "#texture"},
				"down": {"uv": [10.5, 1.5, 14, 5], "texture": "#texture"}
			}
		},
		{
			"name": "cube",
			"from": [3.125, 8.0625, 4.1875],
			"to": [4.625, 9.0625, 10.9375],
			"rotation": {"angle": -45, "axis": "z", "origin": [3.125, 9.0625, 4.1875]},
			"faces": {
				"north": {"uv": [11, 1, 14.5, 4.5], "texture": "#texture"},
				"east": {"uv": [11, 1.5, 14.5, 5], "texture": "#texture"},
				"south": {"uv": [11.5, 1.5, 15, 5], "texture": "#texture"},
				"west": {"uv": [11, 1.5, 14.5, 5], "texture": "#texture"},
				"up": {"uv": [11, 1.5, 14.5, 5], "texture": "#texture"},
				"down": {"uv": [10.5, 1.5, 14, 5], "texture": "#texture"}
			}
		},
		{
			"name": "cube",
			"from": [2.125, 8, 4.1875],
			"to": [3.125, 9.0625, 10.9375],
			"faces": {
				"north": {"uv": [11, 1, 14.5, 4.5], "texture": "#texture"},
				"east": {"uv": [11, 1.5, 14.5, 5], "texture": "#texture"},
				"south": {"uv": [11.5, 1.5, 15, 5], "texture": "#texture"},
				"west": {"uv": [11, 1.5, 14.5, 5], "texture": "#texture"},
				"up": {"uv": [11, 1.5, 14.5, 5], "texture": "#texture"},
				"down": {"uv": [10.5, 1.5, 14, 5], "texture": "#texture"}
			}
		},
		{
			"name": "cube",
			"from": [2.125, 8.0625, 4.1875],
			"to": [3.125, 9.0625, 6.9375],
			"rotation": {"angle": -22.5, "axis": "x", "origin": [2.125, 9.0625, 4.1875]},
			"faces": {
				"north": {"uv": [11, 1, 14.5, 4.5], "texture": "#texture"},
				"east": {"uv": [11, 1.5, 14.5, 5], "texture": "#texture"},
				"south": {"uv": [11.5, 1.5, 15, 5], "texture": "#texture"},
				"west": {"uv": [11, 1.5, 14.5, 5], "texture": "#texture"},
				"up": {"uv": [11, 1.5, 14.5, 5], "texture": "#texture"},
				"down": {"uv": [10.5, 1.5, 14, 5], "texture": "#texture"}
			}
		},
		{
			"name": "cube",
			"from": [2.125, 9.125, 8.375],
			"to": [3.125, 10.125, 11.125],
			"rotation": {"angle": 22.5, "axis": "x", "origin": [2.125, 10.125, 8.375]},
			"faces": {
				"north": {"uv": [11, 1, 14.5, 4.5], "texture": "#texture"},
				"east": {"uv": [11, 1.5, 14.5, 5], "texture": "#texture"},
				"south": {"uv": [11.5, 1.5, 15, 5], "texture": "#texture"},
				"west": {"uv": [11, 1.5, 14.5, 5], "texture": "#texture"},
				"up": {"uv": [11, 1.5, 14.5, 5], "texture": "#texture"},
				"down": {"uv": [10.5, 1.5, 14, 5], "texture": "#texture"}
			}
		},
		{
			"name": "cube",
			"from": [2.125, 8.375, 6],
			"to": [3.125, 9.375, 8.125],
			"rotation": {"angle": -45, "axis": "x", "origin": [2.125, 9.375, 6]},
			"faces": {
				"north": {"uv": [11, 1, 14.5, 4.5], "texture": "#texture"},
				"east": {"uv": [11, 1.5, 14.5, 5], "texture": "#texture"},
				"south": {"uv": [11.5, 1.5, 15, 5], "texture": "#texture"},
				"west": {"uv": [11, 1.5, 14.5, 5], "texture": "#texture"},
				"up": {"uv": [11, 1.5, 14.5, 5], "texture": "#texture"},
				"down": {"uv": [10.5, 1.5, 14, 5], "texture": "#texture"}
			}
		},
		{
			"name": "cube",
			"from": [2.125, 9.875, 7.6825],
			"to": [3.125, 10.875, 9.8075],
			"rotation": {"angle": 45, "axis": "x", "origin": [2.125, 10.875, 7.6825]},
			"faces": {
				"north": {"uv": [11, 1, 14.5, 4.5], "texture": "#texture"},
				"east": {"uv": [11, 1.5, 14.5, 5], "texture": "#texture"},
				"south": {"uv": [11.5, 1.5, 15, 5], "texture": "#texture"},
				"west": {"uv": [11, 1.5, 14.5, 5], "texture": "#texture"},
				"up": {"uv": [11, 1.5, 14.5, 5], "texture": "#texture"},
				"down": {"uv": [10.5, 1.5, 14, 5], "texture": "#texture"}
			}
		},
		{
			"name": "cube",
			"from": [2.125, 9, 6.995],
			"to": [3.125, 12.25, 8.245],
			"faces": {
				"north": {"uv": [11, 1, 14.5, 4.5], "texture": "#texture"},
				"east": {"uv": [11, 1.5, 14.5, 5], "texture": "#texture"},
				"south": {"uv": [11.5, 1.5, 15, 5], "texture": "#texture"},
				"west": {"uv": [11, 1.5, 14.5, 5], "texture": "#texture"},
				"up": {"uv": [11, 1.5, 14.5, 5], "texture": "#texture"},
				"down": {"uv": [10.5, 1.5, 14, 5], "texture": "#texture"}
			}
		},
		{
			"name": "cube",
			"from": [-1.0625, 9.6875, 6.995],
			"to": [2.375, 10.9375, 8.245],
			"rotation": {"angle": 22.5, "axis": "z", "origin": [-1.0625, 10.9375, 6.995]},
			"faces": {
				"north": {"uv": [11, 1, 14.5, 4.5], "texture": "#texture"},
				"east": {"uv": [11, 1.5, 14.5, 5], "texture": "#texture"},
				"south": {"uv": [11.5, 1.5, 15, 5], "texture": "#texture"},
				"west": {"uv": [11, 1.5, 14.5, 5], "texture": "#texture"},
				"up": {"uv": [11, 1.5, 14.5, 5], "texture": "#texture"},
				"down": {"uv": [10.5, 1.5, 14, 5], "texture": "#texture"}
			}
		},
		{
			"name": "cube",
			"from": [-4, 6.75, 7],
			"to": [0.125, 8, 8.25],
			"rotation": {"angle": 45, "axis": "z", "origin": [-4, 8, 7]},
			"faces": {
				"north": {"uv": [11, 1, 14.5, 4.5], "texture": "#texture"},
				"east": {"uv": [11, 1.5, 14.5, 5], "texture": "#texture"},
				"south": {"uv": [11.5, 1.5, 15, 5], "texture": "#texture"},
				"west": {"uv": [11, 1.5, 14.5, 5], "texture": "#texture"},
				"up": {"uv": [11, 1.5, 14.5, 5], "texture": "#texture"},
				"down": {"uv": [10.5, 1.5, 14, 5], "texture": "#texture"}
			}
		},
		{
			"name": "cube",
			"from": [-1, 8, 7],
			"to": [2.25, 9.5, 8.25],
			"faces": {
				"north": {"uv": [11, 1, 14.5, 4.5], "texture": "#texture"},
				"east": {"uv": [11, 1.5, 14.5, 5], "texture": "#texture"},
				"south": {"uv": [11.5, 1.5, 15, 5], "texture": "#texture"},
				"west": {"uv": [11, 1.5, 14.5, 5], "texture": "#texture"},
				"up": {"uv": [11, 1.5, 14.5, 5], "texture": "#texture"},
				"down": {"uv": [10.5, 1.5, 14, 5], "texture": "#texture"}
			}
		},
		{
			"name": "cube",
			"from": [-0.5, 9.5, 6.995],
			"to": [2.25, 11, 8.245],
			"faces": {
				"north": {"uv": [11, 1, 14.5, 4.5], "texture": "#texture"},
				"east": {"uv": [11, 1.5, 14.5, 5], "texture": "#texture"},
				"south": {"uv": [11.5, 1.5, 15, 5], "texture": "#texture"},
				"west": {"uv": [11, 1.5, 14.5, 5], "texture": "#texture"},
				"up": {"uv": [11, 1.5, 14.5, 5], "texture": "#texture"},
				"down": {"uv": [10.5, 1.5, 14, 5], "texture": "#texture"}
			}
		},
		{
			"name": "cube",
			"from": [-1.75, 7.5, 5.5625],
			"to": [2.25, 8.5, 7.8125],
			"rotation": {"angle": -45, "axis": "x", "origin": [-1.75, 8.5, 5.5625]},
			"faces": {
				"north": {"uv": [11, 1, 14.5, 4.5], "texture": "#texture"},
				"east": {"uv": [11, 1.5, 14.5, 5], "texture": "#texture"},
				"south": {"uv": [11.5, 1.5, 15, 5], "texture": "#texture"},
				"west": {"uv": [11, 1.5, 14.5, 5], "texture": "#texture"},
				"up": {"uv": [11, 1.5, 14.5, 5], "texture": "#texture"},
				"down": {"uv": [10.5, 1.5, 14, 5], "texture": "#texture"}
			}
		},
		{
			"name": "cube",
			"from": [-1.75, 9.0925, 7.97],
			"to": [2.25, 10.0925, 10.22],
			"rotation": {"angle": 45, "axis": "x", "origin": [-1.75, 10.0925, 7.97]},
			"faces": {
				"north": {"uv": [11, 1, 14.5, 4.5], "texture": "#texture"},
				"east": {"uv": [11, 1.5, 14.5, 5], "texture": "#texture"},
				"south": {"uv": [11.5, 1.5, 15, 5], "texture": "#texture"},
				"west": {"uv": [11, 1.5, 14.5, 5], "texture": "#texture"},
				"up": {"uv": [11, 1.5, 14.5, 5], "texture": "#texture"},
				"down": {"uv": [10.5, 1.5, 14, 5], "texture": "#texture"}
			}
		},
		{
			"name": "cube",
			"from": [-1.75, 8, 5.5625],
			"to": [2.5, 8.5, 9.5625],
			"faces": {
				"north": {"uv": [11, 1, 14.5, 4.5], "texture": "#texture"},
				"east": {"uv": [11, 1.5, 14.5, 5], "texture": "#texture"},
				"south": {"uv": [11.5, 1.5, 15, 5], "texture": "#texture"},
				"west": {"uv": [11, 1.5, 14.5, 5], "texture": "#texture"},
				"up": {"uv": [11, 1.5, 14.5, 5], "texture": "#texture"},
				"down": {"uv": [10.5, 1.5, 14, 5], "texture": "#texture"}
			}
		},
		{
			"name": "cube",
			"from": [-1, 8.25, 6.75],
			"to": [2.25, 8.75, 8.5],
			"faces": {
				"north": {"uv": [11, 1, 14.5, 4.5], "texture": "#texture"},
				"east": {"uv": [11, 1.5, 14.5, 5], "texture": "#texture"},
				"south": {"uv": [11.5, 1.5, 15, 5], "texture": "#texture"},
				"west": {"uv": [11, 1.5, 14.5, 5], "texture": "#texture"},
				"up": {"uv": [11, 1.5, 14.5, 5], "texture": "#texture"},
				"down": {"uv": [10.5, 1.5, 14, 5], "texture": "#texture"}
			}
		},
		{
			"name": "cube",
			"from": [-2.4375, 7.875, 6.75],
			"to": [-1.625, 9.625, 8],
			"rotation": {"angle": 22.5, "axis": "x", "origin": [-2.4375, 9.625, 6.75]},
			"faces": {
				"north": {"uv": [11, 1, 14.5, 4.5], "texture": "#texture"},
				"east": {"uv": [11, 1.5, 14.5, 5], "texture": "#texture"},
				"south": {"uv": [11.5, 1.5, 15, 5], "texture": "#texture"},
				"west": {"uv": [11, 1.5, 14.5, 5], "texture": "#texture"},
				"up": {"uv": [11, 1.5, 14.5, 5], "texture": "#texture"},
				"down": {"uv": [10.5, 1.5, 14, 5], "texture": "#texture"}
			}
		},
		{
			"name": "cube",
			"from": [-2.4375, 7.375, 7.25],
			"to": [-1.625, 9.125, 8.5],
			"rotation": {"angle": -22.5, "axis": "x", "origin": [-2.4375, 9.125, 7.25]},
			"faces": {
				"north": {"uv": [11, 1, 14.5, 4.5], "texture": "#texture"},
				"east": {"uv": [11, 1.5, 14.5, 5], "texture": "#texture"},
				"south": {"uv": [11.5, 1.5, 15, 5], "texture": "#texture"},
				"west": {"uv": [11, 1.5, 14.5, 5], "texture": "#texture"},
				"up": {"uv": [11, 1.5, 14.5, 5], "texture": "#texture"},
				"down": {"uv": [10.5, 1.5, 14, 5], "texture": "#texture"}
			}
		},
		{
			"name": "cube",
			"from": [-3, 7.5, 7.75],
			"to": [-2.1875, 8.75, 8.5],
			"rotation": {"angle": -22.5, "axis": "x", "origin": [-3, 8.75, 7.75]},
			"faces": {
				"north": {"uv": [11, 1, 14.5, 4.5], "texture": "#texture"},
				"east": {"uv": [11, 1.5, 14.5, 5], "texture": "#texture"},
				"south": {"uv": [11.5, 1.5, 15, 5], "texture": "#texture"},
				"west": {"uv": [11, 1.5, 14.5, 5], "texture": "#texture"},
				"up": {"uv": [11, 1.5, 14.5, 5], "texture": "#texture"},
				"down": {"uv": [10.5, 1.5, 14, 5], "texture": "#texture"}
			}
		},
		{
			"name": "cube",
			"from": [-3, 7.8125, 6.75],
			"to": [-2.1875, 9.0625, 7.5],
			"rotation": {"angle": 22.5, "axis": "x", "origin": [-3, 9.0625, 6.75]},
			"faces": {
				"north": {"uv": [11, 1, 14.5, 4.5], "texture": "#texture"},
				"east": {"uv": [11, 1.5, 14.5, 5], "texture": "#texture"},
				"south": {"uv": [11.5, 1.5, 15, 5], "texture": "#texture"},
				"west": {"uv": [11, 1.5, 14.5, 5], "texture": "#texture"},
				"up": {"uv": [11, 1.5, 14.5, 5], "texture": "#texture"},
				"down": {"uv": [10.5, 1.5, 14, 5], "texture": "#texture"}
			}
		},
		{
			"name": "cube",
			"from": [-1.51, 6.0625, 5.4775],
			"to": [-0.1975, 6.9375, 5.54],
			"rotation": {"angle": 22.5, "axis": "y", "origin": [-1.51, 6.0625, 5.4775]},
			"faces": {"north": {"uv": [15.5, 0.5, 0.5, 8], "texture": "#particle"}}
		},
		{
			"name": "cube",
			"from": [-1.375, 6.0625, 9.72],
			"to": [-0.0625, 6.9375, 9.7825],
			"rotation": {"angle": -22.5, "axis": "y", "origin": [-1.375, 6.0625, 9.72]},
			"faces": {"south": {"uv": [0.5, 0.5, 15.5, 8], "texture": "#particle"}}
		},
		{
			"name": "cube",
			"from": [2, 4.5, 4.5],
			"to": [4.5, 7, 10.5],
			"faces": {
				"north": {"uv": [1, 1.25, 4.75, 4.75], "texture": "#texture"},
				"east": {"uv": [1.75, 1.5, 5, 4.5], "texture": "#texture"},
				"south": {"uv": [1.5, 1.25, 5.25, 5], "texture": "#texture"},
				"west": {"uv": [2, 1.75, 5, 5], "texture": "#texture"},
				"up": {"uv": [1.25, 1.5, 4.75, 4.5], "texture": "#texture"},
				"down": {"uv": [2.25, 1.5, 5.75, 5], "texture": "#texture"}
			}
		},
		{
			"name": "cube",
			"from": [-0.0625, 2.5625, 4.495],
			"to": [3.6875, 4.5625, 10.495],
			"rotation": {"angle": 45, "axis": "z", "origin": [-0.0625, 4.5625, 4.495]},
			"faces": {
				"north": {"uv": [1, 1.25, 4.75, 4.75], "texture": "#texture"},
				"east": {"uv": [1.75, 1.5, 5, 4.5], "texture": "#texture"},
				"south": {"uv": [1.5, 1.25, 5.25, 5], "texture": "#texture"},
				"west": {"uv": [2, 1.75, 5, 5], "texture": "#texture"},
				"up": {"uv": [1.25, 1.5, 4.75, 4.5], "texture": "#texture"},
				"down": {"uv": [2.25, 1.5, 5.75, 5], "texture": "#texture"}
			}
		},
		{
			"name": "cube",
			"from": [-1.875, 2.25, 4.5],
			"to": [1.125, 3.75, 10.5],
			"rotation": {"angle": 22.5, "axis": "z", "origin": [-1.875, 3.75, 4.5]},
			"faces": {
				"north": {"uv": [1, 1.25, 4.75, 4.75], "texture": "#texture"},
				"east": {"uv": [1.75, 1.5, 5, 4.5], "texture": "#texture"},
				"south": {"uv": [1.5, 1.25, 5.25, 5], "texture": "#texture"},
				"west": {"uv": [2, 1.75, 5, 5], "texture": "#texture"},
				"up": {"uv": [1.25, 1.5, 4.75, 4.5], "texture": "#texture"},
				"down": {"uv": [2.25, 1.5, 5.75, 5], "texture": "#texture"}
			}
		},
		{
			"name": "cube",
			"from": [-3.0625, 2.375, 4.5],
			"to": [-1.3125, 3.875, 10.5],
			"faces": {
				"north": {"uv": [1, 1.25, 4.75, 4.75], "texture": "#texture"},
				"east": {"uv": [1.75, 1.5, 5, 4.5], "texture": "#texture"},
				"south": {"uv": [1.5, 1.25, 5.25, 5], "texture": "#texture"},
				"west": {"uv": [2, 1.75, 5, 5], "texture": "#texture"},
				"up": {"uv": [1.25, 1.5, 4.75, 4.5], "texture": "#texture"},
				"down": {"uv": [2.25, 1.5, 5.75, 5], "texture": "#texture"}
			}
		},
		{
			"name": "cube",
			"from": [-3.5625, 2.375, 5],
			"to": [-3.0625, 3.875, 10],
			"faces": {
				"north": {"uv": [1, 1.25, 4.75, 4.75], "texture": "#texture"},
				"east": {"uv": [1.75, 1.5, 5, 4.5], "texture": "#texture"},
				"south": {"uv": [1.5, 1.25, 5.25, 5], "texture": "#texture"},
				"west": {"uv": [2, 1.75, 5, 5], "texture": "#texture"},
				"up": {"uv": [1.25, 1.5, 4.75, 4.5], "texture": "#texture"},
				"down": {"uv": [2.25, 1.5, 5.75, 5], "texture": "#texture"}
			}
		},
		{
			"name": "cube",
			"from": [-3.5625, 2.375, 5],
			"to": [-2.875, 3.875, 5.6875],
			"rotation": {"angle": 45, "axis": "y", "origin": [-3.5625, 2.375, 5]},
			"faces": {
				"north": {"uv": [1, 1.25, 4.75, 4.75], "texture": "#texture"},
				"east": {"uv": [1.75, 1.5, 5, 4.5], "texture": "#texture"},
				"south": {"uv": [1.5, 1.25, 5.25, 5], "texture": "#texture"},
				"west": {"uv": [2, 1.75, 5, 5], "texture": "#texture"},
				"up": {"uv": [1.25, 1.5, 4.75, 4.5], "texture": "#texture"},
				"down": {"uv": [2.25, 1.5, 5.75, 5], "texture": "#texture"}
			}
		},
		{
			"name": "cube",
			"from": [-3.085, 2.375, 9.5225],
			"to": [-2.3975, 3.875, 10.21],
			"rotation": {"angle": -45, "axis": "y", "origin": [-3.085, 2.375, 9.5225]},
			"faces": {
				"north": {"uv": [1, 1.25, 4.75, 4.75], "texture": "#texture"},
				"east": {"uv": [1.75, 1.5, 5, 4.5], "texture": "#texture"},
				"south": {"uv": [1.5, 1.25, 5.25, 5], "texture": "#texture"},
				"west": {"uv": [2, 1.75, 5, 5], "texture": "#texture"},
				"up": {"uv": [1.25, 1.5, 4.75, 4.5], "texture": "#texture"},
				"down": {"uv": [2.25, 1.5, 5.75, 5], "texture": "#texture"}
			}
		},
		{
			"name": "cube",
			"from": [-0.125, 3.5625, 5.25],
			"to": [3.5, 4.5625, 9.75],
			"rotation": {"angle": 45, "axis": "z", "origin": [-0.125, 4.5625, 5.25]},
			"faces": {
				"north": {"uv": [10.75, 1.5, 14.5, 5], "texture": "#detail"},
				"east": {"uv": [10, 1.5, 13.25, 4.5], "texture": "#detail"},
				"south": {"uv": [10.75, 1, 14.5, 4.75], "texture": "#detail"},
				"west": {"uv": [11, 1.25, 14, 4.5], "texture": "#detail"},
				"up": {"uv": [11, 1.5, 14.5, 4.5], "texture": "#detail"},
				"down": {"uv": [11.25, 1.5, 14.75, 5], "texture": "#detail"}
			}
		},
		{
			"name": "cube",
			"from": [-1.75, 2.875, 5.25],
			"to": [0.5, 3.875, 9.75],
			"rotation": {"angle": 22.5, "axis": "z", "origin": [-1.75, 3.875, 5.25]},
			"faces": {
				"north": {"uv": [10.75, 1.5, 14.5, 5], "texture": "#detail"},
				"east": {"uv": [10, 1.5, 13.25, 4.5], "texture": "#detail"},
				"south": {"uv": [10.75, 1, 14.5, 4.75], "texture": "#detail"},
				"west": {"uv": [11, 1.25, 14, 4.5], "texture": "#detail"},
				"up": {"uv": [11, 1.5, 14.5, 4.5], "texture": "#detail"},
				"down": {"uv": [11.25, 1.5, 14.75, 5], "texture": "#detail"}
			}
		},
		{
			"name": "cube",
			"from": [-2.8125, 2.9375, 5.25],
			"to": [-1, 3.9375, 9.75],
			"faces": {
				"north": {"uv": [10.75, 1.5, 14.5, 5], "texture": "#detail"},
				"east": {"uv": [10, 1.5, 13.25, 4.5], "texture": "#detail"},
				"south": {"uv": [10.75, 1, 14.5, 4.75], "texture": "#detail"},
				"west": {"uv": [11, 1.25, 14, 4.5], "texture": "#detail"},
				"up": {"uv": [11, 1.5, 14.5, 4.5], "texture": "#detail"},
				"down": {"uv": [11.25, 1.5, 14.75, 5], "texture": "#detail"}
			}
		},
		{
			"name": "cube",
			"from": [-1.875, 3.875, 6],
			"to": [1.9375, 4.875, 9],
			"rotation": {"angle": 22.5, "axis": "z", "origin": [-1.875, 4.875, 6]},
			"faces": {
				"north": {"uv": [11.5, 6.5, 15.25, 10], "texture": "#detail"},
				"east": {"uv": [11.75, 6.25, 15, 9.25], "texture": "#detail"},
				"south": {"uv": [11.75, 6, 15.5, 9.75], "texture": "#detail"},
				"west": {"uv": [11.75, 6.5, 14.75, 9.75], "texture": "#detail"},
				"up": {"uv": [11.5, 6.75, 15, 9.75], "texture": "#detail"},
				"down": {"uv": [11.5, 6, 15, 9.5], "texture": "#detail"}
			}
		},
		{
			"name": "cube",
			"from": [-3.25, 3.75, 9],
			"to": [-2.75, 4.5, 9.5],
			"faces": {
				"north": {"uv": [11, 1, 14.5, 4.5], "texture": "#texture"},
				"east": {"uv": [11, 1.5, 14.5, 5], "texture": "#texture"},
				"south": {"uv": [11.5, 1.5, 15, 5], "texture": "#texture"},
				"west": {"uv": [11, 1.5, 14.5, 5], "texture": "#texture"},
				"up": {"uv": [11, 1.5, 14.5, 5], "texture": "#texture"},
				"down": {"uv": [10.5, 1.5, 14, 5], "texture": "#texture"}
			}
		},
		{
			"name": "cube",
			"from": [-3.25, 3.75, 5.5],
			"to": [-2.75, 4.5, 6],
			"faces": {
				"north": {"uv": [11, 1, 14.5, 4.5], "texture": "#texture"},
				"east": {"uv": [11, 1.5, 14.5, 5], "texture": "#texture"},
				"south": {"uv": [11.5, 1.5, 15, 5], "texture": "#texture"},
				"west": {"uv": [11, 1.5, 14.5, 5], "texture": "#texture"},
				"up": {"uv": [11, 1.5, 14.5, 5], "texture": "#texture"},
				"down": {"uv": [10.5, 1.5, 14, 5], "texture": "#texture"}
			}
		},
		{
			"name": "cube",
			"from": [-3, 4.375, 9.0625],
			"to": [-2.625, 4.9375, 9.4375],
			"rotation": {"angle": -22.5, "axis": "z", "origin": [-3, 4.9375, 9.0625]},
			"faces": {
				"north": {"uv": [11, 1, 14.5, 4.5], "texture": "#texture"},
				"east": {"uv": [11, 1.5, 14.5, 5], "texture": "#texture"},
				"south": {"uv": [11.5, 1.5, 15, 5], "texture": "#texture"},
				"west": {"uv": [11, 1.5, 14.5, 5], "texture": "#texture"},
				"up": {"uv": [11, 1.5, 14.5, 5], "texture": "#texture"},
				"down": {"uv": [10.5, 1.5, 14, 5], "texture": "#texture"}
			}
		},
		{
			"name": "cube",
			"from": [-2.9375, 4.3125, 5.5625],
			"to": [-2.5625, 4.875, 5.9375],
			"rotation": {"angle": -22.5, "axis": "z", "origin": [-2.9375, 4.875, 5.5625]},
			"faces": {
				"north": {"uv": [11, 1, 14.5, 4.5], "texture": "#texture"},
				"east": {"uv": [11, 1.5, 14.5, 5], "texture": "#texture"},
				"south": {"uv": [11.5, 1.5, 15, 5], "texture": "#texture"},
				"west": {"uv": [11, 1.5, 14.5, 5], "texture": "#texture"},
				"up": {"uv": [11, 1.5, 14.5, 5], "texture": "#texture"},
				"down": {"uv": [10.5, 1.5, 14, 5], "texture": "#texture"}
			}
		},
		{
			"name": "cube",
			"from": [-0.4375, 3.125, 4.5],
			"to": [1.3125, 4.125, 10.5],
			"faces": {
				"north": {"uv": [1, 1.25, 4.75, 4.75], "texture": "#texture"},
				"east": {"uv": [1.75, 1.5, 5, 4.5], "texture": "#texture"},
				"south": {"uv": [1.5, 1.25, 5.25, 5], "texture": "#texture"},
				"west": {"uv": [2, 1.75, 5, 5], "texture": "#texture"},
				"up": {"uv": [1.25, 1.5, 4.75, 4.5], "texture": "#texture"},
				"down": {"uv": [2.25, 1.5, 5.75, 5], "texture": "#texture"}
			}
		},
		{
			"name": "cube",
			"from": [-2.75, 2.9539, 3],
			"to": [3.25, 3.0164, 4.75],
			"rotation": {"angle": 22.5, "axis": "z", "origin": [-2.75, 3.0164, 3]},
			"faces": {
				"north": {"uv": [7, 15, 13, 15.5], "texture": "#detail"},
				"east": {"uv": [10, 15.25, 13, 15.75], "texture": "#detail"},
				"south": {"uv": [6, 14.75, 12, 15.25], "texture": "#detail"},
				"west": {"uv": [10, 15, 13, 15.5], "texture": "#detail"},
				"up": {"uv": [0.25, 0.25, 7.75, 15.75], "texture": "#detail", "rotation": 270},
				"down": {"uv": [0.25, 15.75, 7.75, 0.25], "texture": "#detail", "rotation": 90}
			}
		},
		{
			"name": "cube",
			"from": [-2.75, 2.9539, 10.25],
			"to": [3.25, 3.0164, 12],
			"rotation": {"angle": 22.5, "axis": "z", "origin": [-2.75, 3.0164, 10.25]},
			"faces": {
				"north": {"uv": [7, 15, 13, 15.5], "texture": "#detail"},
				"east": {"uv": [10, 15.25, 13, 15.75], "texture": "#detail"},
				"south": {"uv": [6, 14.75, 12, 15.25], "texture": "#detail"},
				"west": {"uv": [10, 15, 13, 15.5], "texture": "#detail"},
				"up": {"uv": [7.75, 0.25, 0.25, 15.75], "texture": "#detail", "rotation": 270},
				"down": {"uv": [7.75, 15.75, 0.25, 0.25], "texture": "#detail", "rotation": 90}
			}
		},
		{
			"name": "cube",
			"from": [-1.25, 8.13, 6.9375],
			"to": [0.5, 9.88, 7],
			"rotation": {"angle": 45, "axis": "x", "origin": [-1.25, 9.88, 6.9375]},
			"faces": {"north": {"uv": [1, 7.5, 8.5, 15], "texture": "#texture"}}
		},
		{
			"name": "cube",
			"from": [-1.25, 7.97, 8.26],
			"to": [0.5, 9.72, 8.3225],
			"rotation": {"angle": -45, "axis": "x", "origin": [-1.25, 9.72, 8.26]},
			"faces": {"south": {"uv": [1, 7.5, 8.5, 15], "texture": "#texture"}}
		},
		{
			"name": "cube",
			"from": [-3.25, 7.0625, 6.1875],
			"to": [-2.25, 7.9375, 6.25],
			"rotation": {"angle": 22.5, "axis": "y", "origin": [-3.25, 7.0625, 6.1875]},
			"faces": {"north": {"uv": [1, 7.5, 8.5, 15], "texture": "#texture"}}
		},
		{
			"name": "cube",
			"from": [-3.125, 7.0625, 9],
			"to": [-2.125, 7.9375, 9.0625],
			"rotation": {"angle": -22.5, "axis": "y", "origin": [-3.125, 7.0625, 9]},
			"faces": {"south": {"uv": [1, 7.5, 8.5, 15], "texture": "#texture"}}
		},
		{
			"name": "cube",
			"from": [1.0625, 9.9375, 8.1875],
			"to": [2, 10.8125, 8.25],
			"faces": {"south": {"uv": [1, 7.5, 8.5, 15], "texture": "#texture"}}
		},
		{
			"name": "cube",
			"from": [1.0625, 10, 6.99],
			"to": [2, 10.875, 7.0525],
			"faces": {"north": {"uv": [1, 7.5, 8.5, 15], "texture": "#texture"}}
		},
		{
			"name": "cube",
			"from": [4.5, 1.5, 5],
			"to": [14, 7.25, 10],
			"faces": {
				"north": {"uv": [1, 1.25, 4.75, 4.75], "texture": "#texture"},
				"east": {"uv": [1.75, 1.5, 5, 4.5], "texture": "#texture"},
				"south": {"uv": [1.5, 1.25, 5.25, 5], "texture": "#texture"},
				"west": {"uv": [2, 1.75, 5, 5], "texture": "#texture"},
				"up": {"uv": [1.25, 1.5, 4.75, 4.5], "texture": "#texture"},
				"down": {"uv": [2.25, 1.5, 5.75, 5], "texture": "#texture"}
			}
		},
		{
			"name": "cube",
			"from": [4.5, 2.5, 4],
			"to": [14, 7.25, 11],
			"faces": {
				"north": {"uv": [1, 1.25, 4.75, 4.75], "texture": "#texture"},
				"east": {"uv": [1.75, 1.5, 5, 4.5], "texture": "#texture"},
				"south": {"uv": [1.5, 1.25, 5.25, 5], "texture": "#texture"},
				"west": {"uv": [2, 1.75, 5, 5], "texture": "#texture"},
				"up": {"uv": [1.25, 1.5, 4.75, 4.5], "texture": "#texture"},
				"down": {"uv": [2.25, 1.5, 5.75, 5], "texture": "#texture"}
			}
		},
		{
			"name": "cube",
			"from": [3.5, 2.5, 5],
			"to": [15, 7.25, 10],
			"faces": {
				"north": {"uv": [1, 1.25, 4.75, 4.75], "texture": "#texture"},
				"east": {"uv": [1.75, 1.5, 5, 4.5], "texture": "#texture"},
				"south": {"uv": [1.5, 1.25, 5.25, 5], "texture": "#texture"},
				"west": {"uv": [2, 1.75, 5, 5], "texture": "#texture"},
				"up": {"uv": [1.25, 1.5, 4.75, 4.5], "texture": "#texture"},
				"down": {"uv": [2.25, 1.5, 5.75, 5], "texture": "#texture"}
			}
		},
		{
			"name": "cube",
			"from": [3.5, 1.125, 5],
			"to": [5.9375, 2.5, 10],
			"rotation": {"angle": 45, "axis": "z", "origin": [3.5, 2.5, 5]},
			"faces": {
				"north": {"uv": [1, 1.25, 4.75, 4.75], "texture": "#texture"},
				"east": {"uv": [1.75, 1.5, 5, 4.5], "texture": "#texture"},
				"south": {"uv": [1.5, 1.25, 5.25, 5], "texture": "#texture"},
				"west": {"uv": [2, 1.75, 5, 5], "texture": "#texture"},
				"up": {"uv": [1.25, 1.5, 4.75, 4.5], "texture": "#texture"},
				"down": {"uv": [2.25, 1.5, 5.75, 5], "texture": "#texture"}
			}
		},
		{
			"name": "cube",
			"from": [13.28, 2.835, 5],
			"to": [15.7175, 4.21, 10],
			"rotation": {"angle": -45, "axis": "z", "origin": [13.28, 4.21, 5]},
			"faces": {
				"north": {"uv": [1, 1.25, 4.75, 4.75], "texture": "#texture"},
				"east": {"uv": [1.75, 1.5, 5, 4.5], "texture": "#texture"},
				"south": {"uv": [1.5, 1.25, 5.25, 5], "texture": "#texture"},
				"west": {"uv": [2, 1.75, 5, 5], "texture": "#texture"},
				"up": {"uv": [1.25, 1.5, 4.75, 4.5], "texture": "#texture"},
				"down": {"uv": [2.25, 1.5, 5.75, 5], "texture": "#texture"}
			}
		},
		{
			"name": "cube",
			"from": [4.5, 1.125, 4],
			"to": [14, 2.5, 5],
			"rotation": {"angle": -45, "axis": "x", "origin": [4.5, 2.5, 4]},
			"faces": {
				"north": {"uv": [1, 1.25, 4.75, 4.75], "texture": "#texture"},
				"east": {"uv": [1.75, 1.5, 5, 4.5], "texture": "#texture"},
				"south": {"uv": [1.5, 1.25, 5.25, 5], "texture": "#texture"},
				"west": {"uv": [2, 1.75, 5, 5], "texture": "#texture"},
				"up": {"uv": [1.25, 1.5, 4.75, 4.5], "texture": "#texture"},
				"down": {"uv": [2.25, 1.5, 5.75, 5], "texture": "#texture"}
			}
		},
		{
			"name": "cube",
			"from": [4.5, 1.825, 10.29],
			"to": [14, 3.2, 11.29],
			"rotation": {"angle": 45, "axis": "x", "origin": [4.5, 3.2, 10.29]},
			"faces": {
				"north": {"uv": [1, 1.25, 4.75, 4.75], "texture": "#texture"},
				"east": {"uv": [1.75, 1.5, 5, 4.5], "texture": "#texture"},
				"south": {"uv": [1.5, 1.25, 5.25, 5], "texture": "#texture"},
				"west": {"uv": [2, 1.75, 5, 5], "texture": "#texture"},
				"up": {"uv": [1.25, 1.5, 4.75, 4.5], "texture": "#texture"},
				"down": {"uv": [2.25, 1.5, 5.75, 5], "texture": "#texture"}
			}
		},
		{
			"name": "cube",
			"from": [3.5, 2.5, 5],
			"to": [4.9375, 7.25, 6.5625],
			"rotation": {"angle": 45, "axis": "y", "origin": [3.5, 2.5, 5]},
			"faces": {
				"north": {"uv": [1, 1.25, 4.75, 4.75], "texture": "#texture"},
				"east": {"uv": [1.75, 1.5, 5, 4.5], "texture": "#texture"},
				"south": {"uv": [1.5, 1.25, 5.25, 5], "texture": "#texture"},
				"west": {"uv": [2, 1.75, 5, 5], "texture": "#texture"},
				"up": {"uv": [1.25, 1.5, 4.75, 4.5], "texture": "#texture"},
				"down": {"uv": [2.25, 1.5, 5.75, 5], "texture": "#texture"}
			}
		},
		{
			"name": "cube",
			"from": [14, 2.5, 4],
			"to": [15.4375, 7.25, 5.5625],
			"rotation": {"angle": -45, "axis": "y", "origin": [14, 2.5, 4]},
			"faces": {
				"north": {"uv": [1, 1.25, 4.75, 4.75], "texture": "#texture"},
				"east": {"uv": [1.75, 1.5, 5, 4.5], "texture": "#texture"},
				"south": {"uv": [1.5, 1.25, 5.25, 5], "texture": "#texture"},
				"west": {"uv": [2, 1.75, 5, 5], "texture": "#texture"},
				"up": {"uv": [1.25, 1.5, 4.75, 4.5], "texture": "#texture"},
				"down": {"uv": [2.25, 1.5, 5.75, 5], "texture": "#texture"}
			}
		},
		{
			"name": "cube",
			"from": [3.5, 2.5, 10],
			"to": [4.9375, 7.25, 11.4375],
			"rotation": {"angle": 45, "axis": "y", "origin": [3.5, 2.5, 10]},
			"faces": {
				"north": {"uv": [1, 1.25, 4.75, 4.75], "texture": "#texture"},
				"east": {"uv": [1.75, 1.5, 5, 4.5], "texture": "#texture"},
				"south": {"uv": [1.5, 1.25, 5.25, 5], "texture": "#texture"},
				"west": {"uv": [2, 1.75, 5, 5], "texture": "#texture"},
				"up": {"uv": [1.25, 1.5, 4.75, 4.5], "texture": "#texture"},
				"down": {"uv": [2.25, 1.5, 5.75, 5], "texture": "#texture"}
			}
		},
		{
			"name": "cube",
			"from": [4.75, 7.25, 5.25],
			"to": [14.25, 8.5, 9.75],
			"faces": {
				"north": {"uv": [1, 1.25, 4.75, 4.75], "texture": "#texture"},
				"east": {"uv": [1.75, 1.5, 5, 4.5], "texture": "#texture"},
				"south": {"uv": [1.5, 1.25, 5.25, 5], "texture": "#texture"},
				"west": {"uv": [2, 1.75, 5, 5], "texture": "#texture"},
				"up": {"uv": [1.25, 1.5, 4.75, 4.5], "texture": "#texture"},
				"down": {"uv": [2.25, 1.5, 5.75, 5], "texture": "#texture"}
			}
		},
		{
			"name": "cube",
			"from": [3.5, 6, 5.25],
			"to": [5.25, 7.25, 9.75],
			"rotation": {"angle": 45, "axis": "z", "origin": [3.5, 7.25, 5.25]},
			"faces": {
				"north": {"uv": [1, 1.25, 4.75, 4.75], "texture": "#texture"},
				"east": {"uv": [1.75, 1.5, 5, 4.5], "texture": "#texture"},
				"south": {"uv": [1.5, 1.25, 5.25, 5], "texture": "#texture"},
				"west": {"uv": [2, 1.75, 5, 5], "texture": "#texture"},
				"up": {"uv": [1.25, 1.5, 4.75, 4.5], "texture": "#texture"},
				"down": {"uv": [2.25, 1.5, 5.75, 5], "texture": "#texture"}
			}
		},
		{
			"name": "cube",
			"from": [4.75, 5.75, 4],
			"to": [14.25, 7.25, 5.75],
			"rotation": {"angle": -45, "axis": "x", "origin": [4.75, 7.25, 4]},
			"faces": {
				"north": {"uv": [1, 1.25, 4.75, 4.75], "texture": "#texture"},
				"east": {"uv": [1.75, 1.5, 5, 4.5], "texture": "#texture"},
				"south": {"uv": [1.5, 1.25, 5.25, 5], "texture": "#texture"},
				"west": {"uv": [2, 1.75, 5, 5], "texture": "#texture"},
				"up": {"uv": [1.25, 1.5, 4.75, 4.5], "texture": "#texture"},
				"down": {"uv": [2.25, 1.5, 5.75, 5], "texture": "#texture"}
			}
		},
		{
			"name": "cube",
			"from": [4.75, 7, 9.75],
			"to": [14.25, 8.5, 11.5],
			"rotation": {"angle": 45, "axis": "x", "origin": [4.75, 8.5, 9.75]},
			"faces": {
				"north": {"uv": [1, 1.25, 4.75, 4.75], "texture": "#texture"},
				"east": {"uv": [1.75, 1.5, 5, 4.5], "texture": "#texture"},
				"south": {"uv": [1.5, 1.25, 5.25, 5], "texture": "#texture"},
				"west": {"uv": [2, 1.75, 5, 5], "texture": "#texture"},
				"up": {"uv": [1.25, 1.5, 4.75, 4.5], "texture": "#texture"},
				"down": {"uv": [2.25, 1.5, 5.75, 5], "texture": "#texture"}
			}
		},
		{
			"name": "cube",
			"from": [14, 2.5, 9],
			"to": [15.4375, 7.25, 10.4375],
			"rotation": {"angle": -45, "axis": "y", "origin": [14, 2.5, 9]},
			"faces": {
				"north": {"uv": [1, 1.25, 4.75, 4.75], "texture": "#texture"},
				"east": {"uv": [1.75, 1.5, 5, 4.5], "texture": "#texture"},
				"south": {"uv": [1.5, 1.25, 5.25, 5], "texture": "#texture"},
				"west": {"uv": [2, 1.75, 5, 5], "texture": "#texture"},
				"up": {"uv": [1.25, 1.5, 4.75, 4.5], "texture": "#texture"},
				"down": {"uv": [2.25, 1.5, 5.75, 5], "texture": "#texture"}
			}
		},
		{
			"name": "cube",
			"from": [4, 7.45, 4.25],
			"to": [8, 8.95, 10.75],
			"faces": {
				"north": {"uv": [11, 1, 14.5, 4.5], "texture": "#texture"},
				"east": {"uv": [11, 1.5, 14.5, 5], "texture": "#texture"},
				"south": {"uv": [11.5, 1.5, 15, 5], "texture": "#texture"},
				"west": {"uv": [11, 1.5, 14.5, 5], "texture": "#texture"},
				"up": {"uv": [11, 1.5, 14.5, 5], "texture": "#texture"},
				"down": {"uv": [10.5, 1.5, 14, 5], "texture": "#texture"}
			}
		},
		{
			"name": "cube",
			"from": [4, 7.7, 10.75],
			"to": [8, 8.95, 11.8125],
			"rotation": {"angle": 45, "axis": "x", "origin": [4, 8.95, 10.75]},
			"faces": {
				"north": {"uv": [11, 1, 14.5, 4.5], "texture": "#texture"},
				"east": {"uv": [11, 1.5, 14.5, 5], "texture": "#texture"},
				"south": {"uv": [11.5, 1.5, 15, 5], "texture": "#texture"},
				"west": {"uv": [11, 1.5, 14.5, 5], "texture": "#texture"},
				"up": {"uv": [11, 1.5, 14.5, 5], "texture": "#texture"},
				"down": {"uv": [10.5, 1.5, 14, 5], "texture": "#texture"}
			}
		},
		{
			"name": "cube",
			"from": [4, 6.2, 3.5],
			"to": [8, 8.2, 11.5],
			"faces": {
				"north": {"uv": [11, 1, 14.5, 4.5], "texture": "#texture"},
				"east": {"uv": [11, 1.5, 14.5, 5], "texture": "#texture"},
				"south": {"uv": [11.5, 1.5, 15, 5], "texture": "#texture"},
				"west": {"uv": [11, 1.5, 14.5, 5], "texture": "#texture"},
				"up": {"uv": [11, 1.5, 14.5, 5], "texture": "#texture"},
				"down": {"uv": [10.5, 1.5, 14, 5], "texture": "#texture"}
			}
		},
		{
			"name": "cube",
			"from": [4.5, 5.7, 3.5],
			"to": [7.5, 6.2, 11.5],
			"faces": {
				"north": {"uv": [11, 1, 14.5, 4.5], "texture": "#texture"},
				"east": {"uv": [11, 1.5, 14.5, 5], "texture": "#texture"},
				"south": {"uv": [11.5, 1.5, 15, 5], "texture": "#texture"},
				"west": {"uv": [11, 1.5, 14.5, 5], "texture": "#texture"},
				"up": {"uv": [11, 1.5, 14.5, 5], "texture": "#texture"},
				"down": {"uv": [10.5, 1.5, 14, 5], "texture": "#texture"}
			}
		},
		{
			"name": "cube",
			"from": [4.3425, 6.045, 3.5],
			"to": [5.03, 6.545, 11.5],
			"rotation": {"angle": -45, "axis": "z", "origin": [4.3425, 6.545, 3.5]},
			"faces": {
				"north": {"uv": [11, 1, 14.5, 4.5], "texture": "#texture"},
				"east": {"uv": [11, 1.5, 14.5, 5], "texture": "#texture"},
				"south": {"uv": [11.5, 1.5, 15, 5], "texture": "#texture"},
				"west": {"uv": [11, 1.5, 14.5, 5], "texture": "#texture"},
				"up": {"uv": [11, 1.5, 14.5, 5], "texture": "#texture"},
				"down": {"uv": [10.5, 1.5, 14, 5], "texture": "#texture"}
			}
		},
		{
			"name": "cube",
			"from": [7.1575, 5.565, 3.5],
			"to": [7.845, 6.065, 11.5],
			"rotation": {"angle": 45, "axis": "z", "origin": [7.1575, 6.065, 3.5]},
			"faces": {
				"north": {"uv": [11, 1, 14.5, 4.5], "texture": "#texture"},
				"east": {"uv": [11, 1.5, 14.5, 5], "texture": "#texture"},
				"south": {"uv": [11.5, 1.5, 15, 5], "texture": "#texture"},
				"west": {"uv": [11, 1.5, 14.5, 5], "texture": "#texture"},
				"up": {"uv": [11, 1.5, 14.5, 5], "texture": "#texture"},
				"down": {"uv": [10.5, 1.5, 14, 5], "texture": "#texture"}
			}
		},
		{
			"name": "cube",
			"from": [4, 6.95, 3.5],
			"to": [8, 8.2, 4.5625],
			"rotation": {"angle": -45, "axis": "x", "origin": [4, 8.2, 3.5]},
			"faces": {
				"north": {"uv": [11, 1, 14.5, 4.5], "texture": "#texture"},
				"east": {"uv": [11, 1.5, 14.5, 5], "texture": "#texture"},
				"south": {"uv": [11.5, 1.5, 15, 5], "texture": "#texture"},
				"west": {"uv": [11, 1.5, 14.5, 5], "texture": "#texture"},
				"up": {"uv": [11, 1.5, 14.5, 5], "texture": "#texture"},
				"down": {"uv": [10.5, 1.5, 14, 5], "texture": "#texture"}
			}
		},
		{
			"name": "cube",
			"from": [4, 8.8125, 6.5],
			"to": [8, 9.875, 8.5],
			"faces": {
				"north": {"uv": [11, 1, 14.5, 4.5], "texture": "#texture"},
				"east": {"uv": [11, 1.5, 14.5, 5], "texture": "#texture"},
				"south": {"uv": [11.5, 1.5, 15, 5], "texture": "#texture"},
				"west": {"uv": [11, 1.5, 14.5, 5], "texture": "#texture"},
				"up": {"uv": [11, 1.5, 14.5, 5], "texture": "#texture"},
				"down": {"uv": [10.5, 1.5, 14, 5], "texture": "#texture"}
			}
		},
		{
			"name": "cube",
			"from": [4, 7.9375, 4.25],
			"to": [8, 8.9375, 6.6875],
			"rotation": {"angle": -22.5, "axis": "x", "origin": [4, 8.9375, 4.25]},
			"faces": {
				"north": {"uv": [11, 1, 14.5, 4.5], "texture": "#texture"},
				"east": {"uv": [11, 1.5, 14.5, 5], "texture": "#texture"},
				"south": {"uv": [11.5, 1.5, 15, 5], "texture": "#texture"},
				"west": {"uv": [11, 1.5, 14.5, 5], "texture": "#texture"},
				"up": {"uv": [11, 1.5, 14.5, 5], "texture": "#texture"},
				"down": {"uv": [10.5, 1.5, 14, 5], "texture": "#texture"}
			}
		},
		{
			"name": "cube",
			"from": [4, 8.875, 8.5],
			"to": [8, 9.875, 10.9375],
			"rotation": {"angle": 22.5, "axis": "x", "origin": [4, 9.875, 8.5]},
			"faces": {
				"north": {"uv": [11, 1, 14.5, 4.5], "texture": "#texture"},
				"east": {"uv": [11, 1.5, 14.5, 5], "texture": "#texture"},
				"south": {"uv": [11.5, 1.5, 15, 5], "texture": "#texture"},
				"west": {"uv": [11, 1.5, 14.5, 5], "texture": "#texture"},
				"up": {"uv": [11, 1.5, 14.5, 5], "texture": "#texture"},
				"down": {"uv": [10.5, 1.5, 14, 5], "texture": "#texture"}
			}
		},
		{
			"name": "cube",
			"from": [4.75, 9.75, 7],
			"to": [6.5, 11.75, 8.25],
			"rotation": {"angle": -22.5, "axis": "z", "origin": [4.75, 11.75, 7]},
			"faces": {
				"north": {"uv": [11, 1, 14.5, 4.5], "texture": "#texture"},
				"east": {"uv": [11, 1.5, 14.5, 5], "texture": "#texture"},
				"south": {"uv": [11.5, 1.5, 15, 5], "texture": "#texture"},
				"west": {"uv": [11, 1.5, 14.5, 5], "texture": "#texture"},
				"up": {"uv": [11, 1.5, 14.5, 5], "texture": "#texture"},
				"down": {"uv": [10.5, 1.5, 14, 5], "texture": "#texture"}
			}
		},
		{
			"name": "cube",
			"from": [4.75, 10, 7],
			"to": [6.875, 11.75, 8.25],
			"rotation": {"angle": 45, "axis": "z", "origin": [4.75, 11.75, 7]},
			"faces": {
				"north": {"uv": [11, 1, 14.5, 4.5], "texture": "#texture"},
				"east": {"uv": [11, 1.5, 14.5, 5], "texture": "#texture"},
				"south": {"uv": [11.5, 1.5, 15, 5], "texture": "#texture"},
				"west": {"uv": [11, 1.5, 14.5, 5], "texture": "#texture"},
				"up": {"uv": [11, 1.5, 14.5, 5], "texture": "#texture"},
				"down": {"uv": [10.5, 1.5, 14, 5], "texture": "#texture"}
			}
		},
		{
			"name": "cube",
			"from": [6.25, 9.5, 7],
			"to": [7.5, 13.25, 8.25],
			"faces": {
				"north": {"uv": [11, 1, 14.5, 4.5], "texture": "#texture"},
				"east": {"uv": [11, 1.5, 14.5, 5], "texture": "#texture"},
				"south": {"uv": [11.5, 1.5, 15, 5], "texture": "#texture"},
				"west": {"uv": [11, 1.5, 14.5, 5], "texture": "#texture"},
				"up": {"uv": [11, 1.5, 14.5, 5], "texture": "#texture"},
				"down": {"uv": [10.5, 1.5, 14, 5], "texture": "#texture"}
			}
		},
		{
			"name": "cube",
			"from": [5.75, 9.75, 7],
			"to": [6.5, 11, 8.25],
			"faces": {
				"north": {"uv": [11, 1, 14.5, 4.5], "texture": "#texture"},
				"east": {"uv": [11, 1.5, 14.5, 5], "texture": "#texture"},
				"south": {"uv": [11.5, 1.5, 15, 5], "texture": "#texture"},
				"west": {"uv": [11, 1.5, 14.5, 5], "texture": "#texture"},
				"up": {"uv": [11, 1.5, 14.5, 5], "texture": "#texture"},
				"down": {"uv": [10.5, 1.5, 14, 5], "texture": "#texture"}
			}
		},
		{
			"name": "cube",
			"from": [6.4375, 9.375, 7],
			"to": [7.1875, 11.625, 8.25],
			"rotation": {"angle": 22.5, "axis": "z", "origin": [6.4375, 11.625, 7]},
			"faces": {
				"north": {"uv": [11, 1, 14.5, 4.5], "texture": "#texture"},
				"east": {"uv": [11, 1.5, 14.5, 5], "texture": "#texture"},
				"south": {"uv": [11.5, 1.5, 15, 5], "texture": "#texture"},
				"west": {"uv": [11, 1.5, 14.5, 5], "texture": "#texture"},
				"up": {"uv": [11, 1.5, 14.5, 5], "texture": "#texture"},
				"down": {"uv": [10.5, 1.5, 14, 5], "texture": "#texture"}
			}
		},
		{
			"name": "cube",
			"from": [4.75, 9.7925, 8.625],
			"to": [7, 9.855, 10.875],
			"rotation": {"angle": 22.5, "axis": "x", "origin": [4.75, 9.855, 8.625]},
			"faces": {"up": {"uv": [1, 7.5, 8.5, 15], "texture": "#texture"}}
		},
		{
			"name": "cube",
			"from": [4.75, 8.9175, 4.3125],
			"to": [7, 8.98, 6.5625],
			"rotation": {"angle": -22.5, "axis": "x", "origin": [4.75, 8.98, 4.3125]},
			"faces": {"up": {"uv": [1, 7.5, 8.5, 15], "texture": "#texture"}}
		},
		{
			"name": "cube",
			"from": [7.95, 7.3275, 4.3375],
			"to": [11.75, 8.7525, 10.5125],
			"faces": {
				"north": {"uv": [11, 1, 14.5, 4.5], "texture": "#texture"},
				"east": {"uv": [11, 1.5, 14.5, 5], "texture": "#texture"},
				"south": {"uv": [11.5, 1.5, 15, 5], "texture": "#texture"},
				"west": {"uv": [11, 1.5, 14.5, 5], "texture": "#texture"},
				"up": {"uv": [11, 1.5, 14.5, 5], "texture": "#texture"},
				"down": {"uv": [10.5, 1.5, 14, 5], "texture": "#texture"}
			}
		},
		{
			"name": "cube",
			"from": [7.95, 7.565, 10.5125],
			"to": [11.75, 8.7525, 11.5219],
			"rotation": {"angle": 45, "axis": "x", "origin": [7.95, 8.7525, 10.5125]},
			"faces": {
				"north": {"uv": [11, 1, 14.5, 4.5], "texture": "#texture"},
				"east": {"uv": [11, 1.5, 14.5, 5], "texture": "#texture"},
				"south": {"uv": [11.5, 1.5, 15, 5], "texture": "#texture"},
				"west": {"uv": [11, 1.5, 14.5, 5], "texture": "#texture"},
				"up": {"uv": [11, 1.5, 14.5, 5], "texture": "#texture"},
				"down": {"uv": [10.5, 1.5, 14, 5], "texture": "#texture"}
			}
		},
		{
			"name": "cube",
			"from": [7.95, 6.14, 3.625],
			"to": [11.75, 8.04, 11.225],
			"faces": {
				"north": {"uv": [11, 1, 14.5, 4.5], "texture": "#texture"},
				"east": {"uv": [11, 1.5, 14.5, 5], "texture": "#texture"},
				"south": {"uv": [11.5, 1.5, 15, 5], "texture": "#texture"},
				"west": {"uv": [11, 1.5, 14.5, 5], "texture": "#texture"},
				"up": {"uv": [11, 1.5, 14.5, 5], "texture": "#texture"},
				"down": {"uv": [10.5, 1.5, 14, 5], "texture": "#texture"}
			}
		},
		{
			"name": "cube",
			"from": [8.425, 5.665, 3.625],
			"to": [11.275, 6.14, 11.225],
			"faces": {
				"north": {"uv": [11, 1, 14.5, 4.5], "texture": "#texture"},
				"east": {"uv": [11, 1.5, 14.5, 5], "texture": "#texture"},
				"south": {"uv": [11.5, 1.5, 15, 5], "texture": "#texture"},
				"west": {"uv": [11, 1.5, 14.5, 5], "texture": "#texture"},
				"up": {"uv": [11, 1.5, 14.5, 5], "texture": "#texture"},
				"down": {"uv": [10.5, 1.5, 14, 5], "texture": "#texture"}
			}
		},
		{
			"name": "cube",
			"from": [8.27538, 5.99275, 3.625],
			"to": [8.9285, 6.46775, 11.225],
			"rotation": {"angle": -45, "axis": "z", "origin": [8.27538, 6.46775, 3.625]},
			"faces": {
				"north": {"uv": [11, 1, 14.5, 4.5], "texture": "#texture"},
				"east": {"uv": [11, 1.5, 14.5, 5], "texture": "#texture"},
				"south": {"uv": [11.5, 1.5, 15, 5], "texture": "#texture"},
				"west": {"uv": [11, 1.5, 14.5, 5], "texture": "#texture"},
				"up": {"uv": [11, 1.5, 14.5, 5], "texture": "#texture"},
				"down": {"uv": [10.5, 1.5, 14, 5], "texture": "#texture"}
			}
		},
		{
			"name": "cube",
			"from": [10.9496, 5.53675, 3.625],
			"to": [11.6028, 6.01175, 11.225],
			"rotation": {"angle": 45, "axis": "z", "origin": [10.9496, 6.01175, 3.625]},
			"faces": {
				"north": {"uv": [11, 1, 14.5, 4.5], "texture": "#texture"},
				"east": {"uv": [11, 1.5, 14.5, 5], "texture": "#texture"},
				"south": {"uv": [11.5, 1.5, 15, 5], "texture": "#texture"},
				"west": {"uv": [11, 1.5, 14.5, 5], "texture": "#texture"},
				"up": {"uv": [11, 1.5, 14.5, 5], "texture": "#texture"},
				"down": {"uv": [10.5, 1.5, 14, 5], "texture": "#texture"}
			}
		},
		{
			"name": "cube",
			"from": [7.95, 6.8525, 3.625],
			"to": [11.75, 8.04, 4.63437],
			"rotation": {"angle": -45, "axis": "x", "origin": [7.95, 8.04, 3.625]},
			"faces": {
				"north": {"uv": [11, 1, 14.5, 4.5], "texture": "#texture"},
				"east": {"uv": [11, 1.5, 14.5, 5], "texture": "#texture"},
				"south": {"uv": [11.5, 1.5, 15, 5], "texture": "#texture"},
				"west": {"uv": [11, 1.5, 14.5, 5], "texture": "#texture"},
				"up": {"uv": [11, 1.5, 14.5, 5], "texture": "#texture"},
				"down": {"uv": [10.5, 1.5, 14, 5], "texture": "#texture"}
			}
		},
		{
			"name": "cube",
			"from": [7.95, 8.62188, 6.475],
			"to": [11.75, 9.63125, 8.375],
			"faces": {
				"north": {"uv": [11, 1, 14.5, 4.5], "texture": "#texture"},
				"east": {"uv": [11, 1.5, 14.5, 5], "texture": "#texture"},
				"south": {"uv": [11.5, 1.5, 15, 5], "texture": "#texture"},
				"west": {"uv": [11, 1.5, 14.5, 5], "texture": "#texture"},
				"up": {"uv": [11, 1.5, 14.5, 5], "texture": "#texture"},
				"down": {"uv": [10.5, 1.5, 14, 5], "texture": "#texture"}
			}
		},
		{
			"name": "cube",
			"from": [7.95, 7.79062, 4.3375],
			"to": [11.75, 8.74062, 6.65312],
			"rotation": {"angle": -22.5, "axis": "x", "origin": [7.95, 8.74062, 4.3375]},
			"faces": {
				"north": {"uv": [11, 1, 14.5, 4.5], "texture": "#texture"},
				"east": {"uv": [11, 1.5, 14.5, 5], "texture": "#texture"},
				"south": {"uv": [11.5, 1.5, 15, 5], "texture": "#texture"},
				"west": {"uv": [11, 1.5, 14.5, 5], "texture": "#texture"},
				"up": {"uv": [11, 1.5, 14.5, 5], "texture": "#texture"},
				"down": {"uv": [10.5, 1.5, 14, 5], "texture": "#texture"}
			}
		},
		{
			"name": "cube",
			"from": [7.95, 8.68125, 8.375],
			"to": [11.75, 9.63125, 10.6906],
			"rotation": {"angle": 22.5, "axis": "x", "origin": [7.95, 9.63125, 8.375]},
			"faces": {
				"north": {"uv": [11, 1, 14.5, 4.5], "texture": "#texture"},
				"east": {"uv": [11, 1.5, 14.5, 5], "texture": "#texture"},
				"south": {"uv": [11.5, 1.5, 15, 5], "texture": "#texture"},
				"west": {"uv": [11, 1.5, 14.5, 5], "texture": "#texture"},
				"up": {"uv": [11, 1.5, 14.5, 5], "texture": "#texture"},
				"down": {"uv": [10.5, 1.5, 14, 5], "texture": "#texture"}
			}
		},
		{
			"name": "cube",
			"from": [8.6625, 9.5125, 6.95],
			"to": [10.325, 11.4125, 8.1375],
			"rotation": {"angle": -22.5, "axis": "z", "origin": [8.6625, 11.4125, 6.95]},
			"faces": {
				"north": {"uv": [11, 1, 14.5, 4.5], "texture": "#texture"},
				"east": {"uv": [11, 1.5, 14.5, 5], "texture": "#texture"},
				"south": {"uv": [11.5, 1.5, 15, 5], "texture": "#texture"},
				"west": {"uv": [11, 1.5, 14.5, 5], "texture": "#texture"},
				"up": {"uv": [11, 1.5, 14.5, 5], "texture": "#texture"},
				"down": {"uv": [10.5, 1.5, 14, 5], "texture": "#texture"}
			}
		},
		{
			"name": "cube",
			"from": [8.6625, 9.75, 6.95],
			"to": [10.6812, 11.4125, 8.1375],
			"rotation": {"angle": 45, "axis": "z", "origin": [8.6625, 11.4125, 6.95]},
			"faces": {
				"north": {"uv": [11, 1, 14.5, 4.5], "texture": "#texture"},
				"east": {"uv": [11, 1.5, 14.5, 5], "texture": "#texture"},
				"south": {"uv": [11.5, 1.5, 15, 5], "texture": "#texture"},
				"west": {"uv": [11, 1.5, 14.5, 5], "texture": "#texture"},
				"up": {"uv": [11, 1.5, 14.5, 5], "texture": "#texture"},
				"down": {"uv": [10.5, 1.5, 14, 5], "texture": "#texture"}
			}
		},
		{
			"name": "cube",
			"from": [10.0875, 9.275, 6.95],
			"to": [11.275, 12.8375, 8.1375],
			"faces": {
				"north": {"uv": [11, 1, 14.5, 4.5], "texture": "#texture"},
				"east": {"uv": [11, 1.5, 14.5, 5], "texture": "#texture"},
				"south": {"uv": [11.5, 1.5, 15, 5], "texture": "#texture"},
				"west": {"uv": [11, 1.5, 14.5, 5], "texture": "#texture"},
				"up": {"uv": [11, 1.5, 14.5, 5], "texture": "#texture"},
				"down": {"uv": [10.5, 1.5, 14, 5], "texture": "#texture"}
			}
		},
		{
			"name": "cube",
			"from": [9.6125, 9.5125, 6.95],
			"to": [10.325, 10.7, 8.1375],
			"faces": {
				"north": {"uv": [11, 1, 14.5, 4.5], "texture": "#texture"},
				"east": {"uv": [11, 1.5, 14.5, 5], "texture": "#texture"},
				"south": {"uv": [11.5, 1.5, 15, 5], "texture": "#texture"},
				"west": {"uv": [11, 1.5, 14.5, 5], "texture": "#texture"},
				"up": {"uv": [11, 1.5, 14.5, 5], "texture": "#texture"},
				"down": {"uv": [10.5, 1.5, 14, 5], "texture": "#texture"}
			}
		},
		{
			"name": "cube",
			"from": [10.2656, 9.15625, 6.95],
			"to": [10.9781, 11.2937, 8.1375],
			"rotation": {"angle": 22.5, "axis": "z", "origin": [10.2656, 11.2937, 6.95]},
			"faces": {
				"north": {"uv": [11, 1, 14.5, 4.5], "texture": "#texture"},
				"east": {"uv": [11, 1.5, 14.5, 5], "texture": "#texture"},
				"south": {"uv": [11.5, 1.5, 15, 5], "texture": "#texture"},
				"west": {"uv": [11, 1.5, 14.5, 5], "texture": "#texture"},
				"up": {"uv": [11, 1.5, 14.5, 5], "texture": "#texture"},
				"down": {"uv": [10.5, 1.5, 14, 5], "texture": "#texture"}
			}
		},
		{
			"name": "cube",
			"from": [8.6625, 9.54975, 8.49375],
			"to": [10.8, 9.61225, 10.6313],
			"rotation": {"angle": 22.5, "axis": "x", "origin": [8.6625, 9.61225, 8.49375]},
			"faces": {"up": {"uv": [1, 7.5, 8.5, 15], "texture": "#texture"}}
		},
		{
			"name": "cube",
			"from": [8.6625, 8.7185, 4.39687],
			"to": [10.8, 8.781, 6.53437],
			"rotation": {"angle": -22.5, "axis": "x", "origin": [8.6625, 8.781, 4.39687]},
			"faces": {"up": {"uv": [1, 7.5, 8.5, 15], "texture": "#texture"}}
		},
		{
			"name": "cube",
			"from": [11.7025, 7.16113, 4.57062],
			"to": [15.3125, 8.51488, 10.4369],
			"faces": {
				"north": {"uv": [11, 1, 14.5, 4.5], "texture": "#texture"},
				"east": {"uv": [11, 1.5, 14.5, 5], "texture": "#texture"},
				"south": {"uv": [11.5, 1.5, 15, 5], "texture": "#texture"},
				"west": {"uv": [11, 1.5, 14.5, 5], "texture": "#texture"},
				"up": {"uv": [11, 1.5, 14.5, 5], "texture": "#texture"},
				"down": {"uv": [10.5, 1.5, 14, 5], "texture": "#texture"}
			}
		},
		{
			"name": "cube",
			"from": [11.7025, 7.38674, 10.4369],
			"to": [15.3125, 8.51488, 11.3958],
			"rotation": {"angle": 45, "axis": "x", "origin": [11.7025, 8.51488, 10.4369]},
			"faces": {
				"north": {"uv": [11, 1, 14.5, 4.5], "texture": "#texture"},
				"east": {"uv": [11, 1.5, 14.5, 5], "texture": "#texture"},
				"south": {"uv": [11.5, 1.5, 15, 5], "texture": "#texture"},
				"west": {"uv": [11, 1.5, 14.5, 5], "texture": "#texture"},
				"up": {"uv": [11, 1.5, 14.5, 5], "texture": "#texture"},
				"down": {"uv": [10.5, 1.5, 14, 5], "texture": "#texture"}
			}
		},
		{
			"name": "cube",
			"from": [11.7025, 6.033, 3.89375],
			"to": [15.3125, 7.838, 11.1138],
			"faces": {
				"north": {"uv": [11, 1, 14.5, 4.5], "texture": "#texture"},
				"east": {"uv": [11, 1.5, 14.5, 5], "texture": "#texture"},
				"south": {"uv": [11.5, 1.5, 15, 5], "texture": "#texture"},
				"west": {"uv": [11, 1.5, 14.5, 5], "texture": "#texture"},
				"up": {"uv": [11, 1.5, 14.5, 5], "texture": "#texture"},
				"down": {"uv": [10.5, 1.5, 14, 5], "texture": "#texture"}
			}
		},
		{
			"name": "cube",
			"from": [12.1537, 5.58175, 3.89375],
			"to": [14.8612, 6.033, 11.1138],
			"faces": {
				"north": {"uv": [11, 1, 14.5, 4.5], "texture": "#texture"},
				"east": {"uv": [11, 1.5, 14.5, 5], "texture": "#texture"},
				"south": {"uv": [11.5, 1.5, 15, 5], "texture": "#texture"},
				"west": {"uv": [11, 1.5, 14.5, 5], "texture": "#texture"},
				"up": {"uv": [11, 1.5, 14.5, 5], "texture": "#texture"},
				"down": {"uv": [10.5, 1.5, 14, 5], "texture": "#texture"}
			}
		},
		{
			"name": "cube",
			"from": [12.0116, 5.89313, 3.89375],
			"to": [12.6321, 6.34438, 11.1138],
			"rotation": {"angle": -45, "axis": "z", "origin": [12.0116, 6.34438, 3.89375]},
			"faces": {
				"north": {"uv": [11, 1, 14.5, 4.5], "texture": "#texture"},
				"east": {"uv": [11, 1.5, 14.5, 5], "texture": "#texture"},
				"south": {"uv": [11.5, 1.5, 15, 5], "texture": "#texture"},
				"west": {"uv": [11, 1.5, 14.5, 5], "texture": "#texture"},
				"up": {"uv": [11, 1.5, 14.5, 5], "texture": "#texture"},
				"down": {"uv": [10.5, 1.5, 14, 5], "texture": "#texture"}
			}
		},
		{
			"name": "cube",
			"from": [14.5521, 5.45994, 3.89375],
			"to": [15.1726, 5.91119, 11.1138],
			"rotation": {"angle": 45, "axis": "z", "origin": [14.5521, 5.91119, 3.89375]},
			"faces": {
				"north": {"uv": [11, 1, 14.5, 4.5], "texture": "#texture"},
				"east": {"uv": [11, 1.5, 14.5, 5], "texture": "#texture"},
				"south": {"uv": [11.5, 1.5, 15, 5], "texture": "#texture"},
				"west": {"uv": [11, 1.5, 14.5, 5], "texture": "#texture"},
				"up": {"uv": [11, 1.5, 14.5, 5], "texture": "#texture"},
				"down": {"uv": [10.5, 1.5, 14, 5], "texture": "#texture"}
			}
		},
		{
			"name": "cube",
			"from": [11.7025, 6.70987, 3.89375],
			"to": [15.3125, 7.838, 4.85266],
			"rotation": {"angle": -45, "axis": "x", "origin": [11.7025, 7.838, 3.89375]},
			"faces": {
				"north": {"uv": [11, 1, 14.5, 4.5], "texture": "#texture"},
				"east": {"uv": [11, 1.5, 14.5, 5], "texture": "#texture"},
				"south": {"uv": [11.5, 1.5, 15, 5], "texture": "#texture"},
				"west": {"uv": [11, 1.5, 14.5, 5], "texture": "#texture"},
				"up": {"uv": [11, 1.5, 14.5, 5], "texture": "#texture"},
				"down": {"uv": [10.5, 1.5, 14, 5], "texture": "#texture"}
			}
		},
		{
			"name": "cube",
			"from": [11.7025, 8.39078, 6.60125],
			"to": [15.3125, 9.34969, 8.40625],
			"faces": {
				"north": {"uv": [11, 1, 14.5, 4.5], "texture": "#texture"},
				"east": {"uv": [11, 1.5, 14.5, 5], "texture": "#texture"},
				"south": {"uv": [11.5, 1.5, 15, 5], "texture": "#texture"},
				"west": {"uv": [11, 1.5, 14.5, 5], "texture": "#texture"},
				"up": {"uv": [11, 1.5, 14.5, 5], "texture": "#texture"},
				"down": {"uv": [10.5, 1.5, 14, 5], "texture": "#texture"}
			}
		},
		{
			"name": "cube",
			"from": [11.7025, 7.60106, 4.57062],
			"to": [15.3125, 8.50356, 6.77046],
			"rotation": {"angle": -22.5, "axis": "x", "origin": [11.7025, 8.50356, 4.57062]},
			"faces": {
				"north": {"uv": [11, 1, 14.5, 4.5], "texture": "#texture"},
				"east": {"uv": [11, 1.5, 14.5, 5], "texture": "#texture"},
				"south": {"uv": [11.5, 1.5, 15, 5], "texture": "#texture"},
				"west": {"uv": [11, 1.5, 14.5, 5], "texture": "#texture"},
				"up": {"uv": [11, 1.5, 14.5, 5], "texture": "#texture"},
				"down": {"uv": [10.5, 1.5, 14, 5], "texture": "#texture"}
			}
		},
		{
			"name": "cube",
			"from": [11.7025, 8.44719, 8.40625],
			"to": [15.3125, 9.34969, 10.6061],
			"rotation": {"angle": 22.5, "axis": "x", "origin": [11.7025, 9.34969, 8.40625]},
			"faces": {
				"north": {"uv": [11, 1, 14.5, 4.5], "texture": "#texture"},
				"east": {"uv": [11, 1.5, 14.5, 5], "texture": "#texture"},
				"south": {"uv": [11.5, 1.5, 15, 5], "texture": "#texture"},
				"west": {"uv": [11, 1.5, 14.5, 5], "texture": "#texture"},
				"up": {"uv": [11, 1.5, 14.5, 5], "texture": "#texture"},
				"down": {"uv": [10.5, 1.5, 14, 5], "texture": "#texture"}
			}
		},
		{
			"name": "cube",
			"from": [12.3794, 9.23687, 7.0525],
			"to": [13.9587, 11.0419, 8.18063],
			"rotation": {"angle": -22.5, "axis": "z", "origin": [12.3794, 11.0419, 7.0525]},
			"faces": {
				"north": {"uv": [11, 1, 14.5, 4.5], "texture": "#texture"},
				"east": {"uv": [11, 1.5, 14.5, 5], "texture": "#texture"},
				"south": {"uv": [11.5, 1.5, 15, 5], "texture": "#texture"},
				"west": {"uv": [11, 1.5, 14.5, 5], "texture": "#texture"},
				"up": {"uv": [11, 1.5, 14.5, 5], "texture": "#texture"},
				"down": {"uv": [10.5, 1.5, 14, 5], "texture": "#texture"}
			}
		},
		{
			"name": "cube",
			"from": [12.3794, 9.46251, 7.0525],
			"to": [14.2972, 11.0419, 8.18063],
			"rotation": {"angle": 45, "axis": "z", "origin": [12.3794, 11.0419, 7.0525]},
			"faces": {
				"north": {"uv": [11, 1, 14.5, 4.5], "texture": "#texture"},
				"east": {"uv": [11, 1.5, 14.5, 5], "texture": "#texture"},
				"south": {"uv": [11.5, 1.5, 15, 5], "texture": "#texture"},
				"west": {"uv": [11, 1.5, 14.5, 5], "texture": "#texture"},
				"up": {"uv": [11, 1.5, 14.5, 5], "texture": "#texture"},
				"down": {"uv": [10.5, 1.5, 14, 5], "texture": "#texture"}
			}
		},
		{
			"name": "cube",
			"from": [13.7331, 9.01126, 7.0525],
			"to": [14.8613, 12.3956, 8.18063],
			"faces": {
				"north": {"uv": [11, 1, 14.5, 4.5], "texture": "#texture"},
				"east": {"uv": [11, 1.5, 14.5, 5], "texture": "#texture"},
				"south": {"uv": [11.5, 1.5, 15, 5], "texture": "#texture"},
				"west": {"uv": [11, 1.5, 14.5, 5], "texture": "#texture"},
				"up": {"uv": [11, 1.5, 14.5, 5], "texture": "#texture"},
				"down": {"uv": [10.5, 1.5, 14, 5], "texture": "#texture"}
			}
		},
		{
			"name": "cube",
			"from": [13.2819, 9.23687, 7.0525],
			"to": [13.9588, 10.365, 8.18063],
			"faces": {
				"north": {"uv": [11, 1, 14.5, 4.5], "texture": "#texture"},
				"east": {"uv": [11, 1.5, 14.5, 5], "texture": "#texture"},
				"south": {"uv": [11.5, 1.5, 15, 5], "texture": "#texture"},
				"west": {"uv": [11, 1.5, 14.5, 5], "texture": "#texture"},
				"up": {"uv": [11, 1.5, 14.5, 5], "texture": "#texture"},
				"down": {"uv": [10.5, 1.5, 14, 5], "texture": "#texture"}
			}
		},
		{
			"name": "cube",
			"from": [13.9023, 8.89844, 7.0525],
			"to": [14.5792, 10.9291, 8.18063],
			"rotation": {"angle": 22.5, "axis": "z", "origin": [13.9023, 10.9291, 7.0525]},
			"faces": {
				"north": {"uv": [11, 1, 14.5, 4.5], "texture": "#texture"},
				"east": {"uv": [11, 1.5, 14.5, 5], "texture": "#texture"},
				"south": {"uv": [11.5, 1.5, 15, 5], "texture": "#texture"},
				"west": {"uv": [11, 1.5, 14.5, 5], "texture": "#texture"},
				"up": {"uv": [11, 1.5, 14.5, 5], "texture": "#texture"},
				"down": {"uv": [10.5, 1.5, 14, 5], "texture": "#texture"}
			}
		},
		{
			"name": "cube",
			"from": [12.3794, 9.26913, 8.51906],
			"to": [14.41, 9.33163, 10.5497],
			"rotation": {"angle": 22.5, "axis": "x", "origin": [12.3794, 9.33163, 8.51906]},
			"faces": {"up": {"uv": [1, 7.5, 8.5, 15], "texture": "#texture"}}
		},
		{
			"name": "cube",
			"from": [12.3794, 8.47944, 4.62703],
			"to": [14.41, 8.54194, 6.65765],
			"rotation": {"angle": -22.5, "axis": "x", "origin": [12.3794, 8.54194, 4.62703]},
			"faces": {"up": {"uv": [1, 7.5, 8.5, 15], "texture": "#texture"}}
		},
		{
			"name": "cube",
			"from": [15.0174, 7.21741, 10.315],
			"to": [18.4469, 8.28913, 11.226],
			"rotation": {"angle": 45, "axis": "x", "origin": [15.0174, 8.28913, 10.315]},
			"faces": {
				"north": {"uv": [11, 1, 14.5, 4.5], "texture": "#texture"},
				"east": {"uv": [11, 1.5, 14.5, 5], "texture": "#texture"},
				"south": {"uv": [11.5, 1.5, 15, 5], "texture": "#texture"},
				"west": {"uv": [11, 1.5, 14.5, 5], "texture": "#texture"},
				"up": {"uv": [11, 1.5, 14.5, 5], "texture": "#texture"},
				"down": {"uv": [10.5, 1.5, 14, 5], "texture": "#texture"}
			}
		},
		{
			"name": "cube",
			"from": [15.0174, 5.93137, 4.09906],
			"to": [18.4469, 7.64612, 10.9581],
			"faces": {
				"north": {"uv": [11, 1, 14.5, 4.5], "texture": "#texture"},
				"east": {"uv": [11, 1.5, 14.5, 5], "texture": "#texture"},
				"south": {"uv": [11.5, 1.5, 15, 5], "texture": "#texture"},
				"west": {"uv": [11, 1.5, 14.5, 5], "texture": "#texture"},
				"up": {"uv": [11, 1.5, 14.5, 5], "texture": "#texture"},
				"down": {"uv": [10.5, 1.5, 14, 5], "texture": "#texture"}
			}
		},
		{
			"name": "cube",
			"from": [15.4461, 5.50269, 4.09906],
			"to": [18.0182, 5.93138, 10.9581],
			"faces": {
				"north": {"uv": [11, 1, 14.5, 4.5], "texture": "#texture"},
				"east": {"uv": [11, 1.5, 14.5, 5], "texture": "#texture"},
				"south": {"uv": [11.5, 1.5, 15, 5], "texture": "#texture"},
				"west": {"uv": [11, 1.5, 14.5, 5], "texture": "#texture"},
				"up": {"uv": [11, 1.5, 14.5, 5], "texture": "#texture"},
				"down": {"uv": [10.5, 1.5, 14, 5], "texture": "#texture"}
			}
		},
		{
			"name": "cube",
			"from": [15.311, 5.79844, 4.09906],
			"to": [15.9004, 6.22713, 10.9581],
			"rotation": {"angle": -45, "axis": "z", "origin": [15.311, 6.22713, 4.09906]},
			"faces": {
				"north": {"uv": [11, 1, 14.5, 4.5], "texture": "#texture"},
				"east": {"uv": [11, 1.5, 14.5, 5], "texture": "#texture"},
				"south": {"uv": [11.5, 1.5, 15, 5], "texture": "#texture"},
				"west": {"uv": [11, 1.5, 14.5, 5], "texture": "#texture"},
				"up": {"uv": [11, 1.5, 14.5, 5], "texture": "#texture"},
				"down": {"uv": [10.5, 1.5, 14, 5], "texture": "#texture"}
			}
		},
		{
			"name": "cube",
			"from": [17.7246, 5.38694, 4.09906],
			"to": [18.314, 5.81562, 10.9581],
			"rotation": {"angle": 45, "axis": "z", "origin": [17.7246, 5.81562, 4.09906]},
			"faces": {
				"north": {"uv": [11, 1, 14.5, 4.5], "texture": "#texture"},
				"east": {"uv": [11, 1.5, 14.5, 5], "texture": "#texture"},
				"south": {"uv": [11.5, 1.5, 15, 5], "texture": "#texture"},
				"west": {"uv": [11, 1.5, 14.5, 5], "texture": "#texture"},
				"up": {"uv": [11, 1.5, 14.5, 5], "texture": "#texture"},
				"down": {"uv": [10.5, 1.5, 14, 5], "texture": "#texture"}
			}
		},
		{
			"name": "cube",
			"from": [15.0174, 6.5744, 4.09906],
			"to": [18.4469, 7.64612, 5.01002],
			"rotation": {"angle": -45, "axis": "x", "origin": [15.0174, 7.64612, 4.09906]},
			"faces": {
				"north": {"uv": [11, 1, 14.5, 4.5], "texture": "#texture"},
				"east": {"uv": [11, 1.5, 14.5, 5], "texture": "#texture"},
				"south": {"uv": [11.5, 1.5, 15, 5], "texture": "#texture"},
				"west": {"uv": [11, 1.5, 14.5, 5], "texture": "#texture"},
				"up": {"uv": [11, 1.5, 14.5, 5], "texture": "#texture"},
				"down": {"uv": [10.5, 1.5, 14, 5], "texture": "#texture"}
			}
		},
		{
			"name": "cube",
			"from": [15.0174, 8.17123, 6.67119],
			"to": [18.4469, 9.08219, 8.38594],
			"faces": {
				"north": {"uv": [11, 1, 14.5, 4.5], "texture": "#texture"},
				"east": {"uv": [11, 1.5, 14.5, 5], "texture": "#texture"},
				"south": {"uv": [11.5, 1.5, 15, 5], "texture": "#texture"},
				"west": {"uv": [11, 1.5, 14.5, 5], "texture": "#texture"},
				"up": {"uv": [11, 1.5, 14.5, 5], "texture": "#texture"},
				"down": {"uv": [10.5, 1.5, 14, 5], "texture": "#texture"}
			}
		},
		{
			"name": "cube",
			"from": [15.0174, 7.42106, 4.74209],
			"to": [18.4469, 8.27844, 6.83194],
			"rotation": {"angle": -22.5, "axis": "x", "origin": [15.0174, 8.27844, 4.74209]},
			"faces": {
				"north": {"uv": [11, 1, 14.5, 4.5], "texture": "#texture"},
				"east": {"uv": [11, 1.5, 14.5, 5], "texture": "#texture"},
				"south": {"uv": [11.5, 1.5, 15, 5], "texture": "#texture"},
				"west": {"uv": [11, 1.5, 14.5, 5], "texture": "#texture"},
				"up": {"uv": [11, 1.5, 14.5, 5], "texture": "#texture"},
				"down": {"uv": [10.5, 1.5, 14, 5], "texture": "#texture"}
			}
		},
		{
			"name": "cube",
			"from": [15.0174, 8.22481, 8.38594],
			"to": [18.4469, 9.08219, 10.4758],
			"rotation": {"angle": 22.5, "axis": "x", "origin": [15.0174, 9.08219, 8.38594]},
			"faces": {
				"north": {"uv": [11, 1, 14.5, 4.5], "texture": "#texture"},
				"east": {"uv": [11, 1.5, 14.5, 5], "texture": "#texture"},
				"south": {"uv": [11.5, 1.5, 15, 5], "texture": "#texture"},
				"west": {"uv": [11, 1.5, 14.5, 5], "texture": "#texture"},
				"up": {"uv": [11, 1.5, 14.5, 5], "texture": "#texture"},
				"down": {"uv": [10.5, 1.5, 14, 5], "texture": "#texture"}
			}
		},
		{
			"name": "cube",
			"from": [15.6604, 8.975, 7.09987],
			"to": [17.1608, 10.6898, 8.17159],
			"rotation": {"angle": -22.5, "axis": "z", "origin": [15.6604, 10.6898, 7.09987]},
			"faces": {
				"north": {"uv": [11, 1, 14.5, 4.5], "texture": "#texture"},
				"east": {"uv": [11, 1.5, 14.5, 5], "texture": "#texture"},
				"south": {"uv": [11.5, 1.5, 15, 5], "texture": "#texture"},
				"west": {"uv": [11, 1.5, 14.5, 5], "texture": "#texture"},
				"up": {"uv": [11, 1.5, 14.5, 5], "texture": "#texture"},
				"down": {"uv": [10.5, 1.5, 14, 5], "texture": "#texture"}
			}
		},
		{
			"name": "cube",
			"from": [15.6604, 9.18934, 7.09987],
			"to": [17.4823, 10.6898, 8.17159],
			"rotation": {"angle": 45, "axis": "z", "origin": [15.6604, 10.6898, 7.09987]},
			"faces": {
				"north": {"uv": [11, 1, 14.5, 4.5], "texture": "#texture"},
				"east": {"uv": [11, 1.5, 14.5, 5], "texture": "#texture"},
				"south": {"uv": [11.5, 1.5, 15, 5], "texture": "#texture"},
				"west": {"uv": [11, 1.5, 14.5, 5], "texture": "#texture"},
				"up": {"uv": [11, 1.5, 14.5, 5], "texture": "#texture"},
				"down": {"uv": [10.5, 1.5, 14, 5], "texture": "#texture"}
			}
		},
		{
			"name": "cube",
			"from": [16.9465, 8.76065, 7.09987],
			"to": [18.0182, 11.9758, 8.17159],
			"faces": {
				"north": {"uv": [11, 1, 14.5, 4.5], "texture": "#texture"},
				"east": {"uv": [11, 1.5, 14.5, 5], "texture": "#texture"},
				"south": {"uv": [11.5, 1.5, 15, 5], "texture": "#texture"},
				"west": {"uv": [11, 1.5, 14.5, 5], "texture": "#texture"},
				"up": {"uv": [11, 1.5, 14.5, 5], "texture": "#texture"},
				"down": {"uv": [10.5, 1.5, 14, 5], "texture": "#texture"}
			}
		},
		{
			"name": "cube",
			"from": [16.5177, 8.97503, 7.09987],
			"to": [17.1608, 10.0467, 8.17159],
			"faces": {
				"north": {"uv": [11, 1, 14.5, 4.5], "texture": "#texture"},
				"east": {"uv": [11, 1.5, 14.5, 5], "texture": "#texture"},
				"south": {"uv": [11.5, 1.5, 15, 5], "texture": "#texture"},
				"west": {"uv": [11, 1.5, 14.5, 5], "texture": "#texture"},
				"up": {"uv": [11, 1.5, 14.5, 5], "texture": "#texture"},
				"down": {"uv": [10.5, 1.5, 14, 5], "texture": "#texture"}
			}
		},
		{
			"name": "cube",
			"from": [17.1073, 8.65353, 7.09987],
			"to": [17.7503, 10.5826, 8.17159],
			"rotation": {"angle": 22.5, "axis": "z", "origin": [17.1073, 10.5826, 7.09987]},
			"faces": {
				"north": {"uv": [11, 1, 14.5, 4.5], "texture": "#texture"},
				"east": {"uv": [11, 1.5, 14.5, 5], "texture": "#texture"},
				"south": {"uv": [11.5, 1.5, 15, 5], "texture": "#texture"},
				"west": {"uv": [11, 1.5, 14.5, 5], "texture": "#texture"},
				"up": {"uv": [11, 1.5, 14.5, 5], "texture": "#texture"},
				"down": {"uv": [10.5, 1.5, 14, 5], "texture": "#texture"}
			}
		},
		{
			"name": "cube",
			"from": [15.6604, 9.00256, 8.49311],
			"to": [17.5895, 9.06506, 10.4222],
			"rotation": {"angle": 22.5, "axis": "x", "origin": [15.6604, 9.06506, 8.49311]},
			"faces": {"up": {"uv": [1, 7.5, 8.5, 15], "texture": "#texture"}}
		},
		{
			"name": "cube",
			"from": [15.6604, 8.25238, 4.79568],
			"to": [17.5895, 8.31488, 6.72477],
			"rotation": {"angle": -22.5, "axis": "x", "origin": [15.6604, 8.31488, 4.79568]},
			"faces": {"up": {"uv": [1, 7.5, 8.5, 15], "texture": "#texture"}}
		},
		{
			"name": "cube",
			"from": [17.01, 6.9375, 5.5],
			"to": [18.4475, 8.25, 9.75],
			"faces": {
				"north": {"uv": [11, 1, 14.5, 4.5], "texture": "#texture"},
				"east": {"uv": [11, 1.5, 14.5, 5], "texture": "#texture"},
				"south": {"uv": [11.5, 1.5, 15, 5], "texture": "#texture"},
				"west": {"uv": [11, 1.5, 14.5, 5], "texture": "#texture"},
				"up": {"uv": [11, 1.5, 14.5, 5], "texture": "#texture"},
				"down": {"uv": [10.5, 1.5, 14, 5], "texture": "#texture"}
			}
		},
		{
			"name": "cube",
			"from": [15, 3.75, 5],
			"to": [18.3125, 6, 10],
			"faces": {
				"north": {"uv": [1, 1.25, 4.75, 4.75], "texture": "#texture"},
				"east": {"uv": [1.75, 1.5, 5, 4.5], "texture": "#texture"},
				"south": {"uv": [1.5, 1.25, 5.25, 5], "texture": "#texture"},
				"west": {"uv": [2, 1.75, 5, 5], "texture": "#texture"},
				"up": {"uv": [1.25, 1.5, 4.75, 4.5], "texture": "#texture"},
				"down": {"uv": [2.25, 1.5, 5.75, 5], "texture": "#texture"}
			}
		},
		{
			"name": "cube",
			"from": [14.0625, 2.0625, 5],
			"to": [18.0625, 3.5625, 10],
			"rotation": {"angle": 22.5, "axis": "z", "origin": [14.0625, 3.5625, 5]},
			"faces": {
				"north": {"uv": [1, 1.25, 4.75, 4.75], "texture": "#texture"},
				"east": {"uv": [1.75, 1.5, 5, 4.5], "texture": "#texture"},
				"south": {"uv": [1.5, 1.25, 5.25, 5], "texture": "#texture"},
				"west": {"uv": [2, 1.75, 5, 5], "texture": "#texture"},
				"up": {"uv": [1.25, 1.5, 4.75, 4.5], "texture": "#texture"},
				"down": {"uv": [2.25, 1.5, 5.75, 5], "texture": "#texture"}
			}
		},
		{
			"name": "cube",
			"from": [5, 2.5, 3.75],
			"to": [7, 7.25, 11.25],
			"faces": {
				"north": {"uv": [1, 1.25, 4.75, 4.75], "texture": "#texture"},
				"east": {"uv": [1.75, 1.5, 5, 4.5], "texture": "#texture"},
				"south": {"uv": [1.5, 1.25, 5.25, 5], "texture": "#texture"},
				"west": {"uv": [2, 1.75, 5, 5], "texture": "#texture"},
				"up": {"uv": [1.25, 1.5, 4.75, 4.5], "texture": "#texture"},
				"down": {"uv": [2.25, 1.5, 5.75, 5], "texture": "#texture"}
			}
		},
		{
			"name": "cube",
			"from": [8.75, 2.5, 3.75],
			"to": [10.75, 7.25, 11.1875],
			"faces": {
				"north": {"uv": [1, 1.25, 4.75, 4.75], "texture": "#texture"},
				"east": {"uv": [1.75, 1.5, 5, 4.5], "texture": "#texture"},
				"south": {"uv": [1.5, 1.25, 5.25, 5], "texture": "#texture"},
				"west": {"uv": [2, 1.75, 5, 5], "texture": "#texture"},
				"up": {"uv": [1.25, 1.5, 4.75, 4.5], "texture": "#texture"},
				"down": {"uv": [2.25, 1.5, 5.75, 5], "texture": "#texture"}
			}
		},
		{
			"name": "cube",
			"from": [12.4375, 2.5, 3.9375],
			"to": [13.6875, 7.25, 11.0625],
			"faces": {
				"north": {"uv": [1, 1.25, 4.75, 4.75], "texture": "#texture"},
				"east": {"uv": [1.75, 1.5, 5, 4.5], "texture": "#texture"},
				"south": {"uv": [1.5, 1.25, 5.25, 5], "texture": "#texture"},
				"west": {"uv": [2, 1.75, 5, 5], "texture": "#texture"},
				"up": {"uv": [1.25, 1.5, 4.75, 4.5], "texture": "#texture"},
				"down": {"uv": [2.25, 1.5, 5.75, 5], "texture": "#texture"}
			}
		},
		{
			"name": "cube",
			"from": [17.25, 3.75, 6.25],
			"to": [20.25, 5.5, 8.75],
			"rotation": {"angle": 22.5, "axis": "z", "origin": [17.25, 5.5, 6.25]},
			"faces": {
				"north": {"uv": [1, 1.25, 4.75, 4.75], "texture": "#texture"},
				"east": {"uv": [1.75, 1.5, 5, 4.5], "texture": "#texture"},
				"south": {"uv": [1.5, 1.25, 5.25, 5], "texture": "#texture"},
				"west": {"uv": [2, 1.75, 5, 5], "texture": "#texture"},
				"up": {"uv": [1.25, 1.5, 4.75, 4.5], "texture": "#texture"},
				"down": {"uv": [2.25, 1.5, 5.75, 5], "texture": "#texture"}
			}
		},
		{
			"name": "cube",
			"from": [19.5, 4.75, 6.75],
			"to": [21.75, 6, 8.25],
			"rotation": {"angle": 45, "axis": "z", "origin": [19.5, 6, 6.75]},
			"faces": {
				"north": {"uv": [1, 1.25, 4.75, 4.75], "texture": "#texture"},
				"east": {"uv": [1.75, 1.5, 5, 4.5], "texture": "#texture"},
				"south": {"uv": [1.5, 1.25, 5.25, 5], "texture": "#texture"},
				"west": {"uv": [2, 1.75, 5, 5], "texture": "#texture"},
				"up": {"uv": [1.25, 1.5, 4.75, 4.5], "texture": "#texture"},
				"down": {"uv": [2.25, 1.5, 5.75, 5], "texture": "#texture"}
			}
		},
		{
			"name": "cube",
			"from": [4.75, -0.5, 9],
			"to": [7.5, 3, 11.75],
			"rotation": {"angle": -45, "axis": "x", "origin": [4.75, 3, 9]},
			"faces": {
				"north": {"uv": [1, 1.25, 4.75, 4.75], "texture": "#texture"},
				"east": {"uv": [1.75, 1.5, 5, 4.5], "texture": "#texture"},
				"south": {"uv": [1.5, 1.25, 5.25, 5], "texture": "#texture"},
				"west": {"uv": [2, 1.75, 5, 5], "texture": "#texture"},
				"up": {"uv": [1.25, 1.5, 4.75, 4.5], "texture": "#texture"},
				"down": {"uv": [2.25, 1.5, 5.75, 5], "texture": "#texture"}
			}
		},
		{
			"name": "cube",
			"from": [1.5, 3.4375, 4.495],
			"to": [5.6875, 5.6875, 10.495],
			"rotation": {"angle": -22.5, "axis": "z", "origin": [1.5, 5.6875, 4.495]},
			"faces": {
				"north": {"uv": [1, 1.25, 4.75, 4.75], "texture": "#texture"},
				"east": {"uv": [1.75, 1.5, 5, 4.5], "texture": "#texture"},
				"south": {"uv": [1.5, 1.25, 5.25, 5], "texture": "#texture"},
				"west": {"uv": [2, 1.75, 5, 5], "texture": "#texture"},
				"up": {"uv": [1.25, 1.5, 4.75, 4.5], "texture": "#texture"},
				"down": {"uv": [2.25, 1.5, 5.75, 5], "texture": "#texture"}
			}
		},
		{
			"name": "cube",
			"from": [4.75, 1.5, 4],
			"to": [7.5, 5, 6.75],
			"rotation": {"angle": 45, "axis": "x", "origin": [4.75, 5, 4]},
			"faces": {
				"north": {"uv": [1, 1.25, 4.75, 4.75], "texture": "#texture"},
				"east": {"uv": [1.75, 1.5, 5, 4.5], "texture": "#texture"},
				"south": {"uv": [1.5, 1.25, 5.25, 5], "texture": "#texture"},
				"west": {"uv": [2, 1.75, 5, 5], "texture": "#texture"},
				"up": {"uv": [1.25, 1.5, 4.75, 4.5], "texture": "#texture"},
				"down": {"uv": [2.25, 1.5, 5.75, 5], "texture": "#texture"}
			}
		},
		{
			"name": "cube",
			"from": [11, -0.5, 9],
			"to": [13.75, 3, 11.75],
			"rotation": {"angle": -45, "axis": "x", "origin": [11, 3, 9]},
			"faces": {
				"north": {"uv": [1, 1.25, 4.75, 4.75], "texture": "#texture"},
				"east": {"uv": [1.75, 1.5, 5, 4.5], "texture": "#texture"},
				"south": {"uv": [1.5, 1.25, 5.25, 5], "texture": "#texture"},
				"west": {"uv": [2, 1.75, 5, 5], "texture": "#texture"},
				"up": {"uv": [1.25, 1.5, 4.75, 4.5], "texture": "#texture"},
				"down": {"uv": [2.25, 1.5, 5.75, 5], "texture": "#texture"}
			}
		},
		{
			"name": "cube",
			"from": [11, 1.5, 4],
			"to": [13.75, 5, 6.75],
			"rotation": {"angle": 45, "axis": "x", "origin": [11, 5, 4]},
			"faces": {
				"north": {"uv": [1, 1.25, 4.75, 4.75], "texture": "#texture"},
				"east": {"uv": [1.75, 1.5, 5, 4.5], "texture": "#texture"},
				"south": {"uv": [1.5, 1.25, 5.25, 5], "texture": "#texture"},
				"west": {"uv": [2, 1.75, 5, 5], "texture": "#texture"},
				"up": {"uv": [1.25, 1.5, 4.75, 4.5], "texture": "#texture"},
				"down": {"uv": [2.25, 1.5, 5.75, 5], "texture": "#texture"}
			}
		},
		{
			"name": "cube",
			"from": [4.75, -0.75, 10.6875],
			"to": [7.5, 2.5, 13.4375],
			"faces": {
				"north": {"uv": [1, 1.25, 4.75, 4.75], "texture": "#texture"},
				"east": {"uv": [1.75, 1.5, 5, 4.5], "texture": "#texture"},
				"south": {"uv": [1.5, 1.25, 5.25, 5], "texture": "#texture"},
				"west": {"uv": [2, 1.75, 5, 5], "texture": "#texture"},
				"up": {"uv": [1.25, 1.5, 4.75, 4.5], "texture": "#texture"},
				"down": {"uv": [2.25, 1.5, 5.75, 5], "texture": "#texture"}
			}
		},
		{
			"name": "cube",
			"from": [11, -0.75, 10.6875],
			"to": [13.75, 2.5, 13.4375],
			"faces": {
				"north": {"uv": [1, 1.25, 4.75, 4.75], "texture": "#texture"},
				"east": {"uv": [1.75, 1.5, 5, 4.5], "texture": "#texture"},
				"south": {"uv": [1.5, 1.25, 5.25, 5], "texture": "#texture"},
				"west": {"uv": [2, 1.75, 5, 5], "texture": "#texture"},
				"up": {"uv": [1.25, 1.5, 4.75, 4.5], "texture": "#texture"},
				"down": {"uv": [2.25, 1.5, 5.75, 5], "texture": "#texture"}
			}
		},
		{
			"name": "cube",
			"from": [11, -0.75, 1.5],
			"to": [13.75, 2.5, 4.25],
			"faces": {
				"north": {"uv": [1, 1.25, 4.75, 4.75], "texture": "#texture"},
				"east": {"uv": [1.75, 1.5, 5, 4.5], "texture": "#texture"},
				"south": {"uv": [1.5, 1.25, 5.25, 5], "texture": "#texture"},
				"west": {"uv": [2, 1.75, 5, 5], "texture": "#texture"},
				"up": {"uv": [1.25, 1.5, 4.75, 4.5], "texture": "#texture"},
				"down": {"uv": [2.25, 1.5, 5.75, 5], "texture": "#texture"}
			}
		},
		{
			"name": "cube",
			"from": [4.75, -0.75, 1.5],
			"to": [7.5, 2.5, 4.25],
			"faces": {
				"north": {"uv": [1, 1.25, 4.75, 4.75], "texture": "#texture"},
				"east": {"uv": [1.75, 1.5, 5, 4.5], "texture": "#texture"},
				"south": {"uv": [1.5, 1.25, 5.25, 5], "texture": "#texture"},
				"west": {"uv": [2, 1.75, 5, 5], "texture": "#texture"},
				"up": {"uv": [1.25, 1.5, 4.75, 4.5], "texture": "#texture"},
				"down": {"uv": [2.25, 1.5, 5.75, 5], "texture": "#texture"}
			}
		},
		{
			"name": "cube",
			"from": [4.75, 0, 10.4375],
			"to": [7.5, 1.25, 13.6875],
			"faces": {
				"north": {"uv": [11, 1, 14.5, 4.5], "texture": "#texture"},
				"east": {"uv": [11, 1.5, 14.5, 5], "texture": "#texture"},
				"south": {"uv": [11.5, 1.5, 15, 5], "texture": "#texture"},
				"west": {"uv": [11, 1.5, 14.5, 5], "texture": "#texture"},
				"up": {"uv": [11, 1.5, 14.5, 5], "texture": "#texture"},
				"down": {"uv": [10.5, 1.5, 14, 5], "texture": "#texture"}
			}
		},
		{
			"name": "cube",
			"from": [4.5, 0, 10.6875],
			"to": [7.75, 1.25, 13.4375],
			"faces": {
				"north": {"uv": [11, 1, 14.5, 4.5], "texture": "#texture"},
				"east": {"uv": [11, 1.5, 14.5, 5], "texture": "#texture"},
				"south": {"uv": [11.5, 1.5, 15, 5], "texture": "#texture"},
				"west": {"uv": [11, 1.5, 14.5, 5], "texture": "#texture"},
				"up": {"uv": [11, 1.5, 14.5, 5], "texture": "#texture"},
				"down": {"uv": [10.5, 1.5, 14, 5], "texture": "#texture"}
			}
		},
		{
			"name": "cube",
			"from": [5.75, 0, 13.1875],
			"to": [6.5, 0.75, 14.4375],
			"rotation": {"angle": -22.5, "axis": "x", "origin": [5.75, 0.75, 13.1875]},
			"faces": {
				"north": {"uv": [11, 1, 14.5, 4.5], "texture": "#texture"},
				"east": {"uv": [11, 1.5, 14.5, 5], "texture": "#texture"},
				"south": {"uv": [11.5, 1.5, 15, 5], "texture": "#texture"},
				"west": {"uv": [11, 1.5, 14.5, 5], "texture": "#texture"},
				"up": {"uv": [11, 1.5, 14.5, 5], "texture": "#texture"},
				"down": {"uv": [10.5, 1.5, 14, 5], "texture": "#texture"}
			}
		},
		{
			"name": "cube",
			"from": [11, 0, 10.4375],
			"to": [13.75, 1.25, 13.625],
			"faces": {
				"north": {"uv": [11, 1, 14.5, 4.5], "texture": "#texture"},
				"east": {"uv": [11, 1.5, 14.5, 5], "texture": "#texture"},
				"south": {"uv": [11.5, 1.5, 15, 5], "texture": "#texture"},
				"west": {"uv": [11, 1.5, 14.5, 5], "texture": "#texture"},
				"up": {"uv": [11, 1.5, 14.5, 5], "texture": "#texture"},
				"down": {"uv": [10.5, 1.5, 14, 5], "texture": "#texture"}
			}
		},
		{
			"name": "cube",
			"from": [10.75, 0, 10.6875],
			"to": [14, 1.25, 13.4375],
			"faces": {
				"north": {"uv": [11, 1, 14.5, 4.5], "texture": "#texture"},
				"east": {"uv": [11, 1.5, 14.5, 5], "texture": "#texture"},
				"south": {"uv": [11.5, 1.5, 15, 5], "texture": "#texture"},
				"west": {"uv": [11, 1.5, 14.5, 5], "texture": "#texture"},
				"up": {"uv": [11, 1.5, 14.5, 5], "texture": "#texture"},
				"down": {"uv": [10.5, 1.5, 14, 5], "texture": "#texture"}
			}
		},
		{
			"name": "cube",
			"from": [12, 0, 13.1875],
			"to": [12.75, 0.75, 14.4375],
			"rotation": {"angle": -22.5, "axis": "x", "origin": [12, 0.75, 13.1875]},
			"faces": {
				"north": {"uv": [11, 1, 14.5, 4.5], "texture": "#texture"},
				"east": {"uv": [11, 1.5, 14.5, 5], "texture": "#texture"},
				"south": {"uv": [11.5, 1.5, 15, 5], "texture": "#texture"},
				"west": {"uv": [11, 1.5, 14.5, 5], "texture": "#texture"},
				"up": {"uv": [11, 1.5, 14.5, 5], "texture": "#texture"},
				"down": {"uv": [10.5, 1.5, 14, 5], "texture": "#texture"}
			}
		},
		{
			"name": "cube",
			"from": [4.75, 0, 1.25],
			"to": [7.5, 1.25, 4.5],
			"faces": {
				"north": {"uv": [11, 1, 14.5, 4.5], "texture": "#texture"},
				"east": {"uv": [11, 1.5, 14.5, 5], "texture": "#texture"},
				"south": {"uv": [11.5, 1.5, 15, 5], "texture": "#texture"},
				"west": {"uv": [11, 1.5, 14.5, 5], "texture": "#texture"},
				"up": {"uv": [11, 1.5, 14.5, 5], "texture": "#texture"},
				"down": {"uv": [10.5, 1.5, 14, 5], "texture": "#texture"}
			}
		},
		{
			"name": "cube",
			"from": [4.5, 0, 1.4875],
			"to": [7.75, 1.25, 4.2375],
			"faces": {
				"north": {"uv": [11, 1, 14.5, 4.5], "texture": "#texture"},
				"east": {"uv": [11, 1.5, 14.5, 5], "texture": "#texture"},
				"south": {"uv": [11.5, 1.5, 15, 5], "texture": "#texture"},
				"west": {"uv": [11, 1.5, 14.5, 5], "texture": "#texture"},
				"up": {"uv": [11, 1.5, 14.5, 5], "texture": "#texture"},
				"down": {"uv": [10.5, 1.5, 14, 5], "texture": "#texture"}
			}
		},
		{
			"name": "cube",
			"from": [11, 0, 1.2375],
			"to": [13.75, 1.25, 4.4875],
			"faces": {
				"north": {"uv": [11, 1, 14.5, 4.5], "texture": "#texture"},
				"east": {"uv": [11, 1.5, 14.5, 5], "texture": "#texture"},
				"south": {"uv": [11.5, 1.5, 15, 5], "texture": "#texture"},
				"west": {"uv": [11, 1.5, 14.5, 5], "texture": "#texture"},
				"up": {"uv": [11, 1.5, 14.5, 5], "texture": "#texture"},
				"down": {"uv": [10.5, 1.5, 14, 5], "texture": "#texture"}
			}
		},
		{
			"name": "cube",
			"from": [10.75, 0, 1.4875],
			"to": [14, 1.25, 4.2375],
			"faces": {
				"north": {"uv": [11, 1, 14.5, 4.5], "texture": "#texture"},
				"east": {"uv": [11, 1.5, 14.5, 5], "texture": "#texture"},
				"south": {"uv": [11.5, 1.5, 15, 5], "texture": "#texture"},
				"west": {"uv": [11, 1.5, 14.5, 5], "texture": "#texture"},
				"up": {"uv": [11, 1.5, 14.5, 5], "texture": "#texture"},
				"down": {"uv": [10.5, 1.5, 14, 5], "texture": "#texture"}
			}
		},
		{
			"name": "cube",
			"from": [5.75, 0.5, 0.75],
			"to": [6.5, 1.25, 2],
			"rotation": {"angle": 22.5, "axis": "x", "origin": [5.75, 1.25, 0.75]},
			"faces": {
				"north": {"uv": [11, 1, 14.5, 4.5], "texture": "#texture"},
				"east": {"uv": [11, 1.5, 14.5, 5], "texture": "#texture"},
				"south": {"uv": [11.5, 1.5, 15, 5], "texture": "#texture"},
				"west": {"uv": [11, 1.5, 14.5, 5], "texture": "#texture"},
				"up": {"uv": [11, 1.5, 14.5, 5], "texture": "#texture"},
				"down": {"uv": [10.5, 1.5, 14, 5], "texture": "#texture"}
			}
		},
		{
			"name": "cube",
			"from": [12, 0.5, 0.75],
			"to": [12.75, 1.25, 2],
			"rotation": {"angle": 22.5, "axis": "x", "origin": [12, 1.25, 0.75]},
			"faces": {
				"north": {"uv": [11, 1, 14.5, 4.5], "texture": "#texture"},
				"east": {"uv": [11, 1.5, 14.5, 5], "texture": "#texture"},
				"south": {"uv": [11.5, 1.5, 15, 5], "texture": "#texture"},
				"west": {"uv": [11, 1.5, 14.5, 5], "texture": "#texture"},
				"up": {"uv": [11, 1.5, 14.5, 5], "texture": "#texture"},
				"down": {"uv": [10.5, 1.5, 14, 5], "texture": "#texture"}
			}
		},
		{
			"name": "cube",
			"from": [4.25, 1, 9.75],
			"to": [8, 2.25, 12.5],
			"rotation": {"angle": -45, "axis": "x", "origin": [4.25, 2.25, 9.75]},
			"faces": {
				"north": {"uv": [2, 1.5, 5.5, 5], "texture": "#texture"},
				"east": {"uv": [1.25, 1, 4.75, 4.5], "texture": "#texture"},
				"south": {"uv": [1.75, 1.25, 5.25, 4.75], "texture": "#texture"},
				"west": {"uv": [2, 1.25, 5.5, 4.75], "texture": "#texture"},
				"up": {"uv": [1.75, 1.25, 5.25, 4.75], "texture": "#texture"},
				"down": {"uv": [1.75, 1.25, 5.25, 4.75], "texture": "#texture"}
			}
		},
		{
			"name": "cube",
			"from": [10.5, 1, 9.75],
			"to": [14.25, 2.25, 12.5],
			"rotation": {"angle": -45, "axis": "x", "origin": [10.5, 2.25, 9.75]},
			"faces": {
				"north": {"uv": [2, 1.5, 5.5, 5], "texture": "#texture"},
				"east": {"uv": [1.25, 1, 4.75, 4.5], "texture": "#texture"},
				"south": {"uv": [1.75, 1.25, 5.25, 4.75], "texture": "#texture"},
				"west": {"uv": [2, 1.25, 5.5, 4.75], "texture": "#texture"},
				"up": {"uv": [1.75, 1.25, 5.25, 4.75], "texture": "#texture"},
				"down": {"uv": [1.75, 1.25, 5.25, 4.75], "texture": "#texture"}
			}
		},
		{
			"name": "cube",
			"from": [4.25, 3, 3.25],
			"to": [8, 4.25, 6],
			"rotation": {"angle": 45, "axis": "x", "origin": [4.25, 4.25, 3.25]},
			"faces": {
				"north": {"uv": [2, 1.5, 5.5, 5], "texture": "#texture"},
				"east": {"uv": [1.25, 1, 4.75, 4.5], "texture": "#texture"},
				"south": {"uv": [1.75, 1.25, 5.25, 4.75], "texture": "#texture"},
				"west": {"uv": [2, 1.25, 5.5, 4.75], "texture": "#texture"},
				"up": {"uv": [1.75, 1.25, 5.25, 4.75], "texture": "#texture"},
				"down": {"uv": [1.75, 1.25, 5.25, 4.75], "texture": "#texture"}
			}
		},
		{
			"name": "cube",
			"from": [10.5, 3, 3.25],
			"to": [14.25, 4.25, 6],
			"rotation": {"angle": 45, "axis": "x", "origin": [10.5, 4.25, 3.25]},
			"faces": {
				"north": {"uv": [2, 1.5, 5.5, 5], "texture": "#texture"},
				"east": {"uv": [1.25, 1, 4.75, 4.5], "texture": "#texture"},
				"south": {"uv": [1.75, 1.25, 5.25, 4.75], "texture": "#texture"},
				"west": {"uv": [2, 1.25, 5.5, 4.75], "texture": "#texture"},
				"up": {"uv": [1.75, 1.25, 5.25, 4.75], "texture": "#texture"},
				"down": {"uv": [1.75, 1.25, 5.25, 4.75], "texture": "#texture"}
			}
		},
		{
			"name": "cube",
			"from": [11, 0.8125, 9.5625],
			"to": [13.75, 2.0625, 12.8125],
			"rotation": {"angle": -45, "axis": "x", "origin": [11, 2.0625, 9.5625]},
			"faces": {
				"north": {"uv": [2, 1.5, 5.5, 5], "texture": "#texture"},
				"east": {"uv": [1.25, 1, 4.75, 4.5], "texture": "#texture"},
				"south": {"uv": [1.75, 1.25, 5.25, 4.75], "texture": "#texture"},
				"west": {"uv": [2, 1.25, 5.5, 4.75], "texture": "#texture"},
				"up": {"uv": [1.75, 1.25, 5.25, 4.75], "texture": "#texture"},
				"down": {"uv": [1.75, 1.25, 5.25, 4.75], "texture": "#texture"}
			}
		},
		{
			"name": "cube",
			"from": [4.75, 0.8125, 9.5625],
			"to": [7.5, 2.0625, 12.8125],
			"rotation": {"angle": -45, "axis": "x", "origin": [4.75, 2.0625, 9.5625]},
			"faces": {
				"north": {"uv": [2, 1.5, 5.5, 5], "texture": "#texture"},
				"east": {"uv": [1.25, 1, 4.75, 4.5], "texture": "#texture"},
				"south": {"uv": [1.75, 1.25, 5.25, 4.75], "texture": "#texture"},
				"west": {"uv": [2, 1.25, 5.5, 4.75], "texture": "#texture"},
				"up": {"uv": [1.75, 1.25, 5.25, 4.75], "texture": "#texture"},
				"down": {"uv": [1.75, 1.25, 5.25, 4.75], "texture": "#texture"}
			}
		},
		{
			"name": "cube",
			"from": [4.75, 3.1875, 3.0625],
			"to": [7.5, 4.4375, 6.3125],
			"rotation": {"angle": 45, "axis": "x", "origin": [4.75, 4.4375, 3.0625]},
			"faces": {
				"north": {"uv": [2, 1.5, 5.5, 5], "texture": "#texture"},
				"east": {"uv": [1.25, 1, 4.75, 4.5], "texture": "#texture"},
				"south": {"uv": [1.75, 1.25, 5.25, 4.75], "texture": "#texture"},
				"west": {"uv": [2, 1.25, 5.5, 4.75], "texture": "#texture"},
				"up": {"uv": [1.75, 1.25, 5.25, 4.75], "texture": "#texture"},
				"down": {"uv": [1.75, 1.25, 5.25, 4.75], "texture": "#texture"}
			}
		},
		{
			"name": "cube",
			"from": [11, 3.1875, 3.0625],
			"to": [13.75, 4.4375, 6.3125],
			"rotation": {"angle": 45, "axis": "x", "origin": [11, 4.4375, 3.0625]},
			"faces": {
				"north": {"uv": [2, 1.5, 5.5, 5], "texture": "#texture"},
				"east": {"uv": [1.25, 1, 4.75, 4.5], "texture": "#texture"},
				"south": {"uv": [1.75, 1.25, 5.25, 4.75], "texture": "#texture"},
				"west": {"uv": [2, 1.25, 5.5, 4.75], "texture": "#texture"},
				"up": {"uv": [1.75, 1.25, 5.25, 4.75], "texture": "#texture"},
				"down": {"uv": [1.75, 1.25, 5.25, 4.75], "texture": "#texture"}
			}
		},
		{
			"name": "cube",
			"from": [5.75, 3.5, 2],
			"to": [6.5, 4.75, 2.75],
			"rotation": {"angle": -22.5, "axis": "x", "origin": [5.75, 4.75, 2]},
			"faces": {
				"north": {"uv": [1, 1.75, 4.5, 5.25], "texture": "#texture"},
				"east": {"uv": [1.75, 1.5, 5.25, 5], "texture": "#texture"},
				"south": {"uv": [1.5, 1.5, 5, 5], "texture": "#texture"},
				"west": {"uv": [1.75, 1.75, 5.25, 5.25], "texture": "#texture"},
				"up": {"uv": [1.25, 1.25, 4.75, 4.75], "texture": "#texture"},
				"down": {"uv": [1.75, 1, 5.25, 4.5], "texture": "#texture"}
			}
		},
		{
			"name": "cube",
			"from": [12, 3.5, 2],
			"to": [12.75, 4.75, 2.75],
			"rotation": {"angle": -22.5, "axis": "x", "origin": [12, 4.75, 2]},
			"faces": {
				"north": {"uv": [1, 1.75, 4.5, 5.25], "texture": "#texture"},
				"east": {"uv": [1.75, 1.5, 5.25, 5], "texture": "#texture"},
				"south": {"uv": [1.5, 1.5, 5, 5], "texture": "#texture"},
				"west": {"uv": [1.75, 1.75, 5.25, 5.25], "texture": "#texture"},
				"up": {"uv": [1.25, 1.25, 4.75, 4.75], "texture": "#texture"},
				"down": {"uv": [1.75, 1, 5.25, 4.5], "texture": "#texture"}
			}
		},
		{
			"name": "cube",
			"from": [12, 3.5, 12.25],
			"to": [12.75, 4.75, 13],
			"rotation": {"angle": 22.5, "axis": "x", "origin": [12, 4.75, 12.25]},
			"faces": {
				"north": {"uv": [1, 1.75, 4.5, 5.25], "texture": "#texture"},
				"east": {"uv": [1.75, 1.5, 5.25, 5], "texture": "#texture"},
				"south": {"uv": [1.5, 1.5, 5, 5], "texture": "#texture"},
				"west": {"uv": [1.75, 1.75, 5.25, 5.25], "texture": "#texture"},
				"up": {"uv": [1.25, 1.25, 4.75, 4.75], "texture": "#texture"},
				"down": {"uv": [1.75, 1, 5.25, 4.5], "texture": "#texture"}
			}
		},
		{
			"name": "cube",
			"from": [5.75, 3.5, 12.25],
			"to": [6.5, 4.75, 13],
			"rotation": {"angle": 22.5, "axis": "x", "origin": [5.75, 4.75, 12.25]},
			"faces": {
				"north": {"uv": [1, 1.75, 4.5, 5.25], "texture": "#texture"},
				"east": {"uv": [1.75, 1.5, 5.25, 5], "texture": "#texture"},
				"south": {"uv": [1.5, 1.5, 5, 5], "texture": "#texture"},
				"west": {"uv": [1.75, 1.75, 5.25, 5.25], "texture": "#texture"},
				"up": {"uv": [1.25, 1.25, 4.75, 4.75], "texture": "#texture"},
				"down": {"uv": [1.75, 1, 5.25, 4.5], "texture": "#texture"}
			}
		},
		{
			"name": "cube",
			"from": [3.75, -0.75, 11],
			"to": [5, 0.25, 11.0625],
			"faces": {
				"north": {"uv": [15.5, 1, 0.5, 9], "texture": "#nail"},
				"south": {"uv": [0.5, 1, 15.5, 9], "texture": "#nail"}
			}
		},
		{
			"name": "cube",
			"from": [3.75, -0.75, 13],
			"to": [5, 0.25, 13.0625],
			"faces": {
				"north": {"uv": [15.5, 1, 0.5, 9], "texture": "#nail"},
				"south": {"uv": [0.5, 1, 15.5, 9], "texture": "#nail"}
			}
		},
		{
			"name": "cube",
			"from": [3.75, -0.75, 12],
			"to": [5, 0.25, 12.0625],
			"faces": {
				"north": {"uv": [15.5, 1, 0.5, 9], "texture": "#nail"},
				"south": {"uv": [0.5, 1, 15.5, 9], "texture": "#nail"}
			}
		},
		{
			"name": "cube",
			"from": [10, -0.75, 11],
			"to": [11.25, 0.25, 11.0625],
			"faces": {
				"north": {"uv": [15.5, 1, 0.5, 9], "texture": "#nail"},
				"south": {"uv": [0.5, 1, 15.5, 9], "texture": "#nail"}
			}
		},
		{
			"name": "cube",
			"from": [10, -0.75, 13],
			"to": [11.25, 0.25, 13.0625],
			"faces": {
				"north": {"uv": [15.5, 1, 0.5, 9], "texture": "#nail"},
				"south": {"uv": [0.5, 1, 15.5, 9], "texture": "#nail"}
			}
		},
		{
			"name": "cube",
			"from": [10, -0.75, 12],
			"to": [11.25, 0.25, 12.0625],
			"faces": {
				"north": {"uv": [15.5, 1, 0.5, 9], "texture": "#nail"},
				"south": {"uv": [0.5, 1, 15.5, 9], "texture": "#nail"}
			}
		},
		{
			"name": "cube",
			"from": [10, -0.75, 1.75],
			"to": [11.25, 0.25, 1.8125],
			"faces": {
				"north": {"uv": [15.5, 1, 0.5, 9], "texture": "#nail"},
				"south": {"uv": [0.5, 1, 15.5, 9], "texture": "#nail"}
			}
		},
		{
			"name": "cube",
			"from": [10, -0.75, 3.75],
			"to": [11.25, 0.25, 3.8125],
			"faces": {
				"north": {"uv": [15.5, 1, 0.5, 9], "texture": "#nail"},
				"south": {"uv": [0.5, 1, 15.5, 9], "texture": "#nail"}
			}
		},
		{
			"name": "cube",
			"from": [10, -0.75, 2.75],
			"to": [11.25, 0.25, 2.8125],
			"faces": {
				"north": {"uv": [15.5, 1, 0.5, 9], "texture": "#nail"},
				"south": {"uv": [0.5, 1, 15.5, 9], "texture": "#nail"}
			}
		},
		{
			"name": "cube",
			"from": [3.75, -0.75, 1.75],
			"to": [5, 0.25, 1.8125],
			"faces": {
				"north": {"uv": [15.5, 1, 0.5, 9], "texture": "#nail"},
				"south": {"uv": [0.5, 1, 15.5, 9], "texture": "#nail"}
			}
		},
		{
			"name": "cube",
			"from": [3.75, -0.75, 2.75],
			"to": [5, 0.25, 2.8125],
			"faces": {
				"north": {"uv": [15.5, 1, 0.5, 9], "texture": "#nail"},
				"south": {"uv": [0.5, 1, 15.5, 9], "texture": "#nail"}
			}
		},
		{
			"name": "cube",
			"from": [3.75, -0.75, 3.75],
			"to": [5, 0.25, 3.8125],
			"faces": {
				"north": {"uv": [15.5, 1, 0.5, 9], "texture": "#nail"},
				"south": {"uv": [0.5, 1, 15.5, 9], "texture": "#nail"}
			}
		}
	],
	"display": {
		"head": {"rotation": [0, -90, 0], "translation": [-1, -20, 3.5], "scale": [2.5, 2.8, 2.5]},
		"gui": {"scale": [0, 0, 0]},
		"thirdperson_righthand": {"rotation": [70, -90, 0], "translation": [-6.5, -7.5, 6], "scale": [1.6, 1.75, 1.6]},
		"thirdperson_lefthand": {"rotation": [70, 90, 0], "translation": [-5.5, -7.5, 6], "scale": [1.6, 1.75, 1.6]},
		"firstperson_righthand": {"scale": [0, 0, 0]},
		"firstperson_lefthand": {"scale": [0, 0, 0]}
	}
}