﻿{
	"credit": "Made by MadstonMagic using Cubik Pro, Copyright © MadstonMagic Modeling 2015-2017. All rights reserved",
	"textures": {
		"texture": "pokemon/flygon/flygon",
		"wing": "pokemon/flygon/wing",
		"wing1": "pokemon/flygon/wing1",
		"wing2": "pokemon/flygon/wing2",
		"wing3": "pokemon/flygon/wing3",
		"particle": "pokemon/flygon/eye"
	},
	"elements": [
		{
			"name": "cube",
			"from": [-1.75, 13.3125, 7],
			"to": [2, 15, 10],
			"faces": {
				"north": {"uv": [1, 7, 4, 10], "texture": "#texture", "rotation": 90},
				"east": {"uv": [1, 7, 4, 10], "texture": "#texture"},
				"south": {"uv": [1, 7, 4, 10], "texture": "#texture"},
				"west": {"uv": [1, 7, 4, 10], "texture": "#texture"},
				"up": {"uv": [1, 7, 4, 10], "texture": "#texture"},
				"down": {"uv": [1, 7, 4, 10], "texture": "#texture"}
			}
		},
		{
			"name": "cube",
			"from": [-1, 15, 7],
			"to": [2, 15.75, 10],
			"faces": {
				"north": {"uv": [1, 7, 4, 10], "texture": "#texture", "rotation": 90},
				"east": {"uv": [1, 7, 4, 10], "texture": "#texture"},
				"south": {"uv": [1, 7, 4, 10], "texture": "#texture"},
				"west": {"uv": [1, 7, 4, 10], "texture": "#texture"},
				"up": {"uv": [1, 7, 4, 10], "texture": "#texture"},
				"down": {"uv": [1, 7, 4, 10], "texture": "#texture"}
			}
		},
		{
			"name": "cube",
			"from": [0.435688, 13.5, 7],
			"to": [4.18569, 15, 10],
			"rotation": {"angle": -45, "axis": "z", "origin": [0.435688, 15, 7]},
			"faces": {
				"north": {"uv": [1, 7, 4, 10], "texture": "#texture", "rotation": 90},
				"east": {"uv": [1, 7, 4, 10], "texture": "#texture"},
				"south": {"uv": [1, 7, 4, 10], "texture": "#texture"},
				"west": {"uv": [1, 7, 4, 10], "texture": "#texture"},
				"up": {"uv": [1, 7, 4, 10], "texture": "#texture"},
				"down": {"uv": [1, 7, 4, 10], "texture": "#texture"}
			}
		},
		{
			"name": "cube",
			"from": [1.625, 4.875, 7],
			"to": [3.40625, 12, 10],
			"rotation": {"angle": 22.5, "axis": "z", "origin": [1.625, 12, 7]},
			"faces": {
				"north": {"uv": [1, 7, 4, 10], "texture": "#texture", "rotation": 90},
				"east": {"uv": [1, 7, 4, 10], "texture": "#texture"},
				"south": {"uv": [1, 7, 4, 10], "texture": "#texture"},
				"west": {"uv": [1, 7, 4, 10], "texture": "#texture"},
				"up": {"uv": [1, 7, 4, 10], "texture": "#texture"},
				"down": {"uv": [1, 7, 4, 10], "texture": "#texture"}
			}
		},
		{
			"name": "cube",
			"from": [-1.75, 14.25, 7],
			"to": [-0.625, 15, 10],
			"rotation": {"angle": 45, "axis": "z", "origin": [-1.75, 15, 7]},
			"faces": {
				"north": {"uv": [1, 7, 4, 10], "texture": "#texture", "rotation": 90},
				"east": {"uv": [1, 7, 4, 10], "texture": "#texture"},
				"south": {"uv": [1, 7, 4, 10], "texture": "#texture"},
				"west": {"uv": [1, 7, 4, 10], "texture": "#texture"},
				"up": {"uv": [1, 7, 4, 10], "texture": "#texture"},
				"down": {"uv": [1, 7, 4, 10], "texture": "#texture"}
			}
		},
		{
			"name": "cube",
			"from": [0.63875, 10.6687, 7],
			"to": [2.13875, 15.1687, 10],
			"rotation": {"angle": 22.5, "axis": "z", "origin": [0.63875, 15.1687, 7]},
			"faces": {
				"north": {"uv": [1, 7, 4, 10], "texture": "#texture", "rotation": 90},
				"east": {"uv": [1, 7, 4, 10], "texture": "#texture"},
				"south": {"uv": [1, 7, 4, 10], "texture": "#texture"},
				"west": {"uv": [1, 7, 4, 10], "texture": "#texture"},
				"up": {"uv": [1, 7, 4, 10], "texture": "#texture"},
				"down": {"uv": [1, 7, 4, 10], "texture": "#texture"}
			}
		},
		{
			"name": "cube",
			"from": [-1, 15.75, 6.90625],
			"to": [2.375, 16.5, 10.0938],
			"faces": {
				"north": {"uv": [1, 1, 4, 4], "texture": "#texture", "rotation": 90},
				"east": {"uv": [1, 1, 4, 4], "texture": "#texture"},
				"south": {"uv": [1, 1, 4, 4], "texture": "#texture"},
				"west": {"uv": [1, 1, 4, 4], "texture": "#texture"},
				"up": {"uv": [1, 1, 4, 4], "texture": "#texture"},
				"down": {"uv": [1, 1, 4, 4], "texture": "#texture"}
			}
		},
		{
			"name": "cube",
			"from": [-1.795, 14.9513, 6.90625],
			"to": [-0.67, 15.7013, 10.0938],
			"rotation": {"angle": 45, "axis": "z", "origin": [-1.795, 15.7013, 6.90625]},
			"faces": {
				"north": {"uv": [1, 1, 4, 4], "texture": "#texture", "rotation": 90},
				"east": {"uv": [1, 1, 4, 4], "texture": "#texture"},
				"south": {"uv": [1, 1, 4, 4], "texture": "#texture"},
				"west": {"uv": [1, 1, 4, 4], "texture": "#texture"},
				"up": {"uv": [1, 1, 4, 4], "texture": "#texture"},
				"down": {"uv": [1, 1, 4, 4], "texture": "#texture"}
			}
		},
		{
			"name": "cube",
			"from": [-1.49875, 15.1575, 6.90625],
			"to": [-0.0925, 15.9075, 10.0938],
			"rotation": {"angle": 22.5, "axis": "z", "origin": [-1.49875, 15.9075, 6.90625]},
			"faces": {
				"north": {"uv": [1, 1, 4, 4], "texture": "#texture", "rotation": 90},
				"east": {"uv": [1, 1, 4, 4], "texture": "#texture"},
				"south": {"uv": [1, 1, 4, 4], "texture": "#texture"},
				"west": {"uv": [1, 1, 4, 4], "texture": "#texture"},
				"up": {"uv": [1, 1, 4, 4], "texture": "#texture"},
				"down": {"uv": [1, 1, 4, 4], "texture": "#texture"}
			}
		},
		{
			"name": "cube",
			"from": [1.325, 14.9363, 6.90625],
			"to": [2.45, 16.0613, 10.0938],
			"rotation": {"angle": 22.5, "axis": "z", "origin": [1.325, 16.0613, 6.90625]},
			"faces": {
				"north": {"uv": [1, 1, 4, 4], "texture": "#texture", "rotation": 90},
				"east": {"uv": [1, 1, 4, 4], "texture": "#texture"},
				"south": {"uv": [1, 1, 4, 4], "texture": "#texture"},
				"west": {"uv": [1, 1, 4, 4], "texture": "#texture"},
				"up": {"uv": [1, 1, 4, 4], "texture": "#texture"},
				"down": {"uv": [1, 1, 4, 4], "texture": "#texture"}
			}
		},
		{
			"name": "cube",
			"from": [0.3125, 15.75, 6.90625],
			"to": [2.1875, 16.5, 10.0938],
			"rotation": {"angle": -22.5, "axis": "z", "origin": [0.3125, 16.5, 6.90625]},
			"faces": {
				"north": {"uv": [1, 1, 4, 4], "texture": "#texture", "rotation": 90},
				"east": {"uv": [1, 1, 4, 4], "texture": "#texture"},
				"south": {"uv": [1, 1, 4, 4], "texture": "#texture"},
				"west": {"uv": [1, 1, 4, 4], "texture": "#texture"},
				"up": {"uv": [1, 1, 4, 4], "texture": "#texture"},
				"down": {"uv": [1, 1, 4, 4], "texture": "#texture"}
			}
		},
		{
			"name": "cube",
			"from": [-1, 15.375, 7.15],
			"to": [5, 16.125, 8.275],
			"rotation": {"angle": 22.5, "axis": "z", "origin": [-1, 16.125, 7.15]},
			"faces": {
				"north": {"uv": [1, 1, 4, 4], "texture": "#texture", "rotation": 90},
				"east": {"uv": [1, 1, 4, 4], "texture": "#texture"},
				"south": {"uv": [1, 1, 4, 4], "texture": "#texture"},
				"west": {"uv": [1, 1, 4, 4], "texture": "#texture"},
				"up": {"uv": [1, 1, 4, 4], "texture": "#texture"},
				"down": {"uv": [1, 1, 4, 4], "texture": "#texture"}
			}
		},
		{
			"name": "cube",
			"from": [4.565, 17.655, 7.3375],
			"to": [6.44, 18.405, 8.0875],
			"faces": {
				"north": {"uv": [1, 1, 4, 4], "texture": "#texture", "rotation": 90},
				"east": {"uv": [1, 1, 4, 4], "texture": "#texture"},
				"south": {"uv": [1, 1, 4, 4], "texture": "#texture"},
				"west": {"uv": [1, 1, 4, 4], "texture": "#texture"},
				"up": {"uv": [1, 1, 4, 4], "texture": "#texture"},
				"down": {"uv": [1, 1, 4, 4], "texture": "#texture"}
			}
		},
		{
			"name": "cube",
			"from": [6.44, 17.64, 7.3375],
			"to": [10.94, 18.39, 8.0875],
			"rotation": {"angle": -22.5, "axis": "z", "origin": [6.44, 18.39, 7.3375]},
			"faces": {
				"north": {"uv": [1, 1, 4, 4], "texture": "#texture", "rotation": 90},
				"east": {"uv": [1, 1, 4, 4], "texture": "#texture"},
				"south": {"uv": [1, 1, 4, 4], "texture": "#texture"},
				"west": {"uv": [1, 1, 4, 4], "texture": "#texture"},
				"up": {"uv": [1, 1, 4, 4], "texture": "#texture"},
				"down": {"uv": [1, 1, 4, 4], "texture": "#texture"}
			}
		},
		{
			"name": "cube",
			"from": [4.565, 17.655, 8.9125],
			"to": [6.44, 18.405, 9.6625],
			"faces": {
				"north": {"uv": [1, 1, 4, 4], "texture": "#texture", "rotation": 90},
				"east": {"uv": [1, 1, 4, 4], "texture": "#texture"},
				"south": {"uv": [1, 1, 4, 4], "texture": "#texture"},
				"west": {"uv": [1, 1, 4, 4], "texture": "#texture"},
				"up": {"uv": [1, 1, 4, 4], "texture": "#texture"},
				"down": {"uv": [1, 1, 4, 4], "texture": "#texture"}
			}
		},
		{
			"name": "cube",
			"from": [6.44, 17.64, 8.9125],
			"to": [10.94, 18.39, 9.6625],
			"rotation": {"angle": -22.5, "axis": "z", "origin": [6.44, 18.39, 8.9125]},
			"faces": {
				"north": {"uv": [1, 1, 4, 4], "texture": "#texture", "rotation": 90},
				"east": {"uv": [1, 1, 4, 4], "texture": "#texture"},
				"south": {"uv": [1, 1, 4, 4], "texture": "#texture"},
				"west": {"uv": [1, 1, 4, 4], "texture": "#texture"},
				"up": {"uv": [1, 1, 4, 4], "texture": "#texture"},
				"down": {"uv": [1, 1, 4, 4], "texture": "#texture"}
			}
		},
		{
			"name": "cube",
			"from": [-1, 15.375, 8.65],
			"to": [5, 16.125, 9.775],
			"rotation": {"angle": 22.5, "axis": "z", "origin": [-1, 16.125, 8.65]},
			"faces": {
				"north": {"uv": [1, 1, 4, 4], "texture": "#texture", "rotation": 90},
				"east": {"uv": [1, 1, 4, 4], "texture": "#texture"},
				"south": {"uv": [1, 1, 4, 4], "texture": "#texture"},
				"west": {"uv": [1, 1, 4, 4], "texture": "#texture"},
				"up": {"uv": [1, 1, 4, 4], "texture": "#texture"},
				"down": {"uv": [1, 1, 4, 4], "texture": "#texture"}
			}
		},
		{
			"name": "cube",
			"from": [-0.25, 13.875, 9.91375],
			"to": [0.875, 15, 10.0075],
			"faces": {
				"north": {"uv": [12, 0.5, 0.5, 12.5], "texture": "#particle"},
				"east": {"uv": [12.5, 2.75, 13.75, 4], "texture": "#particle"},
				"south": {"uv": [0.5, 0.5, 12, 12.5], "texture": "#particle"},
				"west": {"uv": [1, 14.25, 2.25, 15.5], "texture": "#particle"},
				"up": {"uv": [13, 9.75, 14.25, 11], "texture": "#particle"},
				"down": {"uv": [12.75, 4.5, 14, 5.75], "texture": "#particle"}
			}
		},
		{
			"name": "cube",
			"from": [-0.25, 13.875, 6.9925],
			"to": [0.875, 15, 7.08625],
			"faces": {
				"north": {"uv": [12, 0.5, 0.5, 12.5], "texture": "#particle"},
				"east": {"uv": [12.5, 2.75, 13.75, 4], "texture": "#particle"},
				"south": {"uv": [0.5, 0.5, 12, 12.5], "texture": "#particle"},
				"west": {"uv": [1, 14.25, 2.25, 15.5], "texture": "#particle"},
				"up": {"uv": [13, 9.75, 14.25, 11], "texture": "#particle"},
				"down": {"uv": [12.75, 4.5, 14, 5.75], "texture": "#particle"}
			}
		},
		{
			"name": "cube",
			"from": [4.25, 2.625, 6.25],
			"to": [6.875, 6.375, 10.75],
			"faces": {
				"north": {"uv": [1, 7, 4, 10], "texture": "#texture", "rotation": 90},
				"east": {"uv": [1, 7, 4, 10], "texture": "#texture"},
				"south": {"uv": [1, 7, 4, 10], "texture": "#texture"},
				"west": {"uv": [1, 7, 4, 10], "texture": "#texture"},
				"up": {"uv": [1, 7, 4, 10], "texture": "#texture"},
				"down": {"uv": [1, 7, 4, 10], "texture": "#texture"}
			}
		},
		{
			"name": "cube",
			"from": [4.25, -1.125, 6.25],
			"to": [7.25, 2.625, 10.75],
			"rotation": {"angle": 45, "axis": "z", "origin": [4.25, 2.625, 6.25]},
			"faces": {
				"north": {"uv": [1, 7, 4, 10], "texture": "#texture", "rotation": 90},
				"east": {"uv": [1, 7, 4, 10], "texture": "#texture"},
				"south": {"uv": [1, 7, 4, 10], "texture": "#texture"},
				"west": {"uv": [1, 7, 4, 10], "texture": "#texture"},
				"up": {"uv": [1, 7, 4, 10], "texture": "#texture"},
				"down": {"uv": [1, 7, 4, 10], "texture": "#texture"}
			}
		},
		{
			"name": "cube",
			"from": [2.84375, 2.34375, 7],
			"to": [4.71875, 9.28125, 10],
			"rotation": {"angle": 45, "axis": "z", "origin": [2.84375, 9.28125, 7]},
			"faces": {
				"north": {"uv": [1, 7, 4, 10], "texture": "#texture", "rotation": 90},
				"east": {"uv": [1, 7, 4, 10], "texture": "#texture"},
				"south": {"uv": [1, 7, 4, 10], "texture": "#texture"},
				"west": {"uv": [1, 7, 4, 10], "texture": "#texture"},
				"up": {"uv": [1, 7, 4, 10], "texture": "#texture"},
				"down": {"uv": [1, 7, 4, 10], "texture": "#texture"}
			}
		},
		{
			"name": "cube",
			"from": [6.3125, 1.125, 6.25],
			"to": [9.3125, 4.5, 10.75],
			"rotation": {"angle": 22.5, "axis": "z", "origin": [6.3125, 4.5, 6.25]},
			"faces": {
				"north": {"uv": [1, 7, 4, 10], "texture": "#texture", "rotation": 90},
				"east": {"uv": [1, 7, 4, 10], "texture": "#texture"},
				"south": {"uv": [1, 7, 4, 10], "texture": "#texture"},
				"west": {"uv": [1, 7, 4, 10], "texture": "#texture"},
				"up": {"uv": [1, 7, 4, 10], "texture": "#texture"},
				"down": {"uv": [1, 7, 4, 10], "texture": "#texture"}
			}
		},
		{
			"name": "cube",
			"from": [5.75, 3.75, 7],
			"to": [7.25, 5.25, 10],
			"rotation": {"angle": 22.5, "axis": "z", "origin": [5.75, 5.25, 7]},
			"faces": {
				"north": {"uv": [1, 7.5, 4.5, 11], "texture": "#texture", "rotation": 90},
				"east": {"uv": [1.5, 7.5, 5, 11], "texture": "#texture"},
				"south": {"uv": [1.5, 8, 5, 11.5], "texture": "#texture"},
				"west": {"uv": [1, 7.5, 4.5, 11], "texture": "#texture"},
				"up": {"uv": [1, 7.5, 4.5, 11], "texture": "#texture"},
				"down": {"uv": [1, 7.5, 4.5, 11], "texture": "#texture"}
			}
		},
		{
			"name": "cube",
			"from": [6.89375, 4.85625, 6.25],
			"to": [9.14375, 6.35625, 10.75],
			"rotation": {"angle": -22.5, "axis": "z", "origin": [6.89375, 6.35625, 6.25]},
			"faces": {
				"north": {"uv": [1, 7, 4, 10], "texture": "#texture", "rotation": 90},
				"east": {"uv": [1, 7, 4, 10], "texture": "#texture"},
				"south": {"uv": [1, 7, 4, 10], "texture": "#texture"},
				"west": {"uv": [1, 7, 4, 10], "texture": "#texture"},
				"up": {"uv": [1, 7, 4, 10], "texture": "#texture"},
				"down": {"uv": [1, 7, 4, 10], "texture": "#texture"}
			}
		},
		{
			"name": "cube",
			"from": [2.375, 7.5, 5.125],
			"to": [5.375, 8.625, 5.875],
			"rotation": {"angle": -45, "axis": "y", "origin": [2.375, 7.5, 5.125]},
			"faces": {
				"north": {"uv": [1, 7, 4, 10], "texture": "#texture", "rotation": 90},
				"east": {"uv": [1, 7, 4, 10], "texture": "#texture"},
				"south": {"uv": [1, 7, 4, 10], "texture": "#texture"},
				"west": {"uv": [1, 7, 4, 10], "texture": "#texture"},
				"up": {"uv": [1, 7, 4, 10], "texture": "#texture"},
				"down": {"uv": [1, 7, 4, 10], "texture": "#texture"}
			}
		},
		{
			"name": "cube",
			"from": [1.865, 7.5, 11.5],
			"to": [4.865, 8.625, 12.25],
			"rotation": {"angle": 45, "axis": "y", "origin": [1.865, 7.5, 11.5]},
			"faces": {
				"north": {"uv": [1, 7.5, 4.5, 11], "texture": "#texture", "rotation": 90},
				"east": {"uv": [1.5, 7.5, 5, 11], "texture": "#texture"},
				"south": {"uv": [1.5, 8, 5, 11.5], "texture": "#texture"},
				"west": {"uv": [1, 7.5, 4.5, 11], "texture": "#texture"},
				"up": {"uv": [1, 7.5, 4.5, 11], "texture": "#texture"},
				"down": {"uv": [1, 7.5, 4.5, 11], "texture": "#texture"}
			}
		},
		{
			"name": "cube",
			"from": [1.23875, 7.5, 11.2487],
			"to": [2.36375, 8.625, 11.9987],
			"faces": {
				"north": {"uv": [1, 7, 4, 10], "texture": "#texture", "rotation": 90},
				"east": {"uv": [1, 7, 4, 10], "texture": "#texture"},
				"south": {"uv": [1, 7, 4, 10], "texture": "#texture"},
				"west": {"uv": [1, 7, 4, 10], "texture": "#texture"},
				"up": {"uv": [1, 7, 4, 10], "texture": "#texture"},
				"down": {"uv": [1, 7, 4, 10], "texture": "#texture"}
			}
		},
		{
			"name": "cube",
			"from": [1.24625, 7.5, 5.12125],
			"to": [2.37125, 8.625, 5.87125],
			"faces": {
				"north": {"uv": [1, 7, 4, 10], "texture": "#texture", "rotation": 90},
				"east": {"uv": [1, 7, 4, 10], "texture": "#texture"},
				"south": {"uv": [1, 7, 4, 10], "texture": "#texture"},
				"west": {"uv": [1, 7, 4, 10], "texture": "#texture"},
				"up": {"uv": [1, 7, 4, 10], "texture": "#texture"},
				"down": {"uv": [1, 7, 4, 10], "texture": "#texture"}
			}
		},
		{
			"name": "cube",
			"from": [0.455, 8.7675, 11.2487],
			"to": [2.705, 9.8925, 11.9987],
			"rotation": {"angle": -45, "axis": "z", "origin": [0.455, 9.8925, 11.2487]},
			"faces": {
				"north": {"uv": [1, 7, 4, 10], "texture": "#texture", "rotation": 90},
				"east": {"uv": [1, 7, 4, 10], "texture": "#texture"},
				"south": {"uv": [1, 7, 4, 10], "texture": "#texture"},
				"west": {"uv": [1, 7, 4, 10], "texture": "#texture"},
				"up": {"uv": [1, 7, 4, 10], "texture": "#texture"},
				"down": {"uv": [1, 7, 4, 10], "texture": "#texture"}
			}
		},
		{
			"name": "cube",
			"from": [-0.7, 8.7375, 11.2487],
			"to": [0.425, 9.8625, 11.9987],
			"faces": {
				"north": {"uv": [1, 7, 4, 10], "texture": "#texture", "rotation": 90},
				"east": {"uv": [1, 7, 4, 10], "texture": "#texture"},
				"south": {"uv": [1, 7, 4, 10], "texture": "#texture"},
				"west": {"uv": [1, 7, 4, 10], "texture": "#texture"},
				"up": {"uv": [1, 7, 4, 10], "texture": "#texture"},
				"down": {"uv": [1, 7, 4, 10], "texture": "#texture"}
			}
		},
		{
			"name": "cube",
			"from": [-1, 9.375, 11.3425],
			"to": [-0.25, 10.125, 11.905],
			"rotation": {"angle": -22.5, "axis": "z", "origin": [-1, 10.125, 11.3425]},
			"faces": {
				"north": {"uv": [1, 7, 4, 10], "texture": "#texture", "rotation": 90},
				"east": {"uv": [1, 7, 4, 10], "texture": "#texture"},
				"south": {"uv": [1, 7, 4, 10], "texture": "#texture"},
				"west": {"uv": [1, 7, 4, 10], "texture": "#texture"},
				"up": {"uv": [1, 7, 4, 10], "texture": "#texture"},
				"down": {"uv": [1, 7, 4, 10], "texture": "#texture"}
			}
		},
		{
			"name": "cube",
			"from": [-1.1875, 8.90625, 12.7188],
			"to": [0.3125, 9.65625, 13.1875],
			"rotation": {"angle": 45, "axis": "y", "origin": [-1.1875, 8.90625, 12.7188]},
			"faces": {
				"north": {"uv": [1, 7, 4, 10], "texture": "#texture", "rotation": 90},
				"east": {"uv": [1, 7, 4, 10], "texture": "#texture"},
				"south": {"uv": [1, 7, 4, 10], "texture": "#texture"},
				"west": {"uv": [1, 7, 4, 10], "texture": "#texture"},
				"up": {"uv": [1, 7, 4, 10], "texture": "#texture"},
				"down": {"uv": [1, 7, 4, 10], "texture": "#texture"}
			}
		},
		{
			"name": "cube",
			"from": [-0.71875, 8.90625, 10.2813],
			"to": [0.78125, 9.65625, 10.75],
			"rotation": {"angle": -45, "axis": "y", "origin": [-0.71875, 8.90625, 10.2813]},
			"faces": {
				"north": {"uv": [1, 7, 4, 10], "texture": "#texture", "rotation": 90},
				"east": {"uv": [1, 7, 4, 10], "texture": "#texture"},
				"south": {"uv": [1, 7, 4, 10], "texture": "#texture"},
				"west": {"uv": [1, 7, 4, 10], "texture": "#texture"},
				"up": {"uv": [1, 7, 4, 10], "texture": "#texture"},
				"down": {"uv": [1, 7, 4, 10], "texture": "#texture"}
			}
		},
		{
			"name": "cube",
			"from": [-1.65625, 8.625, 11.455],
			"to": [-0.90625, 9.375, 11.83],
			"rotation": {"angle": 45, "axis": "z", "origin": [-1.65625, 9.375, 11.455]},
			"faces": {
				"north": {"uv": [7, 1, 10, 4], "texture": "#texture", "rotation": 90},
				"east": {"uv": [7, 1, 10, 4], "texture": "#texture"},
				"south": {"uv": [7, 1, 10, 4], "texture": "#texture"},
				"west": {"uv": [7, 1, 10, 4], "texture": "#texture"},
				"up": {"uv": [7, 1, 10, 4], "texture": "#texture"},
				"down": {"uv": [7, 1, 10, 4], "texture": "#texture"}
			}
		},
		{
			"name": "cube",
			"from": [-1.65625, 8.34375, 12.5313],
			"to": [-0.90625, 9, 12.9063],
			"rotation": {"angle": 45, "axis": "z", "origin": [-1.65625, 9, 12.5313]},
			"faces": {
				"north": {"uv": [7, 1, 10, 4], "texture": "#texture", "rotation": 90},
				"east": {"uv": [7, 1, 10, 4], "texture": "#texture"},
				"south": {"uv": [7, 1, 10, 4], "texture": "#texture"},
				"west": {"uv": [7, 1, 10, 4], "texture": "#texture"},
				"up": {"uv": [7, 1, 10, 4], "texture": "#texture"},
				"down": {"uv": [7, 1, 10, 4], "texture": "#texture"}
			}
		},
		{
			"name": "cube",
			"from": [-1.46875, 8.4375, 10.4688],
			"to": [-0.71875, 9.09375, 10.8438],
			"rotation": {"angle": 45, "axis": "z", "origin": [-1.46875, 9.09375, 10.4688]},
			"faces": {
				"north": {"uv": [7, 1, 10, 4], "texture": "#texture", "rotation": 90},
				"east": {"uv": [7, 1, 10, 4], "texture": "#texture"},
				"south": {"uv": [7, 1, 10, 4], "texture": "#texture"},
				"west": {"uv": [7, 1, 10, 4], "texture": "#texture"},
				"up": {"uv": [7, 1, 10, 4], "texture": "#texture"},
				"down": {"uv": [7, 1, 10, 4], "texture": "#texture"}
			}
		},
		{
			"name": "cube",
			"from": [0.455, 8.7675, 5.12125],
			"to": [2.705, 9.8925, 5.87125],
			"rotation": {"angle": -45, "axis": "z", "origin": [0.455, 9.8925, 5.12125]},
			"faces": {
				"north": {"uv": [1, 7, 4, 10], "texture": "#texture", "rotation": 90},
				"east": {"uv": [1, 7, 4, 10], "texture": "#texture"},
				"south": {"uv": [1, 7, 4, 10], "texture": "#texture"},
				"west": {"uv": [1, 7, 4, 10], "texture": "#texture"},
				"up": {"uv": [1, 7, 4, 10], "texture": "#texture"},
				"down": {"uv": [1, 7, 4, 10], "texture": "#texture"}
			}
		},
		{
			"name": "cube",
			"from": [-0.7, 8.7375, 5.12125],
			"to": [0.425, 9.8625, 5.87125],
			"faces": {
				"north": {"uv": [1, 7, 4, 10], "texture": "#texture", "rotation": 90},
				"east": {"uv": [1, 7, 4, 10], "texture": "#texture"},
				"south": {"uv": [1, 7, 4, 10], "texture": "#texture"},
				"west": {"uv": [1, 7, 4, 10], "texture": "#texture"},
				"up": {"uv": [1, 7, 4, 10], "texture": "#texture"},
				"down": {"uv": [1, 7, 4, 10], "texture": "#texture"}
			}
		},
		{
			"name": "cube",
			"from": [-1, 9.375, 5.215],
			"to": [-0.25, 10.125, 5.7775],
			"rotation": {"angle": -22.5, "axis": "z", "origin": [-1, 10.125, 5.215]},
			"faces": {
				"north": {"uv": [1, 7, 4, 10], "texture": "#texture", "rotation": 90},
				"east": {"uv": [1, 7, 4, 10], "texture": "#texture"},
				"south": {"uv": [1, 7, 4, 10], "texture": "#texture"},
				"west": {"uv": [1, 7, 4, 10], "texture": "#texture"},
				"up": {"uv": [1, 7, 4, 10], "texture": "#texture"},
				"down": {"uv": [1, 7, 4, 10], "texture": "#texture"}
			}
		},
		{
			"name": "cube",
			"from": [-1.1875, 8.90625, 6.59125],
			"to": [0.3125, 9.65625, 7.06],
			"rotation": {"angle": 45, "axis": "y", "origin": [-1.1875, 8.90625, 6.59125]},
			"faces": {
				"north": {"uv": [1, 7, 4, 10], "texture": "#texture", "rotation": 90},
				"east": {"uv": [1, 7, 4, 10], "texture": "#texture"},
				"south": {"uv": [1, 7, 4, 10], "texture": "#texture"},
				"west": {"uv": [1, 7, 4, 10], "texture": "#texture"},
				"up": {"uv": [1, 7, 4, 10], "texture": "#texture"},
				"down": {"uv": [1, 7, 4, 10], "texture": "#texture"}
			}
		},
		{
			"name": "cube",
			"from": [-0.71875, 8.90625, 4.15375],
			"to": [0.78125, 9.65625, 4.6225],
			"rotation": {"angle": -45, "axis": "y", "origin": [-0.71875, 8.90625, 4.15375]},
			"faces": {
				"north": {"uv": [1, 7, 4, 10], "texture": "#texture", "rotation": 90},
				"east": {"uv": [1, 7, 4, 10], "texture": "#texture"},
				"south": {"uv": [1, 7, 4, 10], "texture": "#texture"},
				"west": {"uv": [1, 7, 4, 10], "texture": "#texture"},
				"up": {"uv": [1, 7, 4, 10], "texture": "#texture"},
				"down": {"uv": [1, 7, 4, 10], "texture": "#texture"}
			}
		},
		{
			"name": "cube",
			"from": [-1.65625, 8.625, 5.3275],
			"to": [-0.90625, 9.375, 5.7025],
			"rotation": {"angle": 45, "axis": "z", "origin": [-1.65625, 9.375, 5.3275]},
			"faces": {
				"north": {"uv": [7, 1, 10, 4], "texture": "#texture", "rotation": 90},
				"east": {"uv": [7, 1, 10, 4], "texture": "#texture"},
				"south": {"uv": [7, 1, 10, 4], "texture": "#texture"},
				"west": {"uv": [7, 1, 10, 4], "texture": "#texture"},
				"up": {"uv": [7, 1, 10, 4], "texture": "#texture"},
				"down": {"uv": [7, 1, 10, 4], "texture": "#texture"}
			}
		},
		{
			"name": "cube",
			"from": [-1.65625, 8.34375, 6.40375],
			"to": [-0.90625, 9, 6.77875],
			"rotation": {"angle": 45, "axis": "z", "origin": [-1.65625, 9, 6.40375]},
			"faces": {
				"north": {"uv": [7, 1, 10, 4], "texture": "#texture", "rotation": 90},
				"east": {"uv": [7, 1, 10, 4], "texture": "#texture"},
				"south": {"uv": [7, 1, 10, 4], "texture": "#texture"},
				"west": {"uv": [7, 1, 10, 4], "texture": "#texture"},
				"up": {"uv": [7, 1, 10, 4], "texture": "#texture"},
				"down": {"uv": [7, 1, 10, 4], "texture": "#texture"}
			}
		},
		{
			"name": "cube",
			"from": [-1.46875, 8.4375, 4.34125],
			"to": [-0.71875, 9.09375, 4.71625],
			"rotation": {"angle": 45, "axis": "z", "origin": [-1.46875, 9.09375, 4.34125]},
			"faces": {
				"north": {"uv": [7, 1, 10, 4], "texture": "#texture", "rotation": 90},
				"east": {"uv": [7, 1, 10, 4], "texture": "#texture"},
				"south": {"uv": [7, 1, 10, 4], "texture": "#texture"},
				"west": {"uv": [7, 1, 10, 4], "texture": "#texture"},
				"up": {"uv": [7, 1, 10, 4], "texture": "#texture"},
				"down": {"uv": [7, 1, 10, 4], "texture": "#texture"}
			}
		},
		{
			"name": "cube",
			"from": [5, 1.875, 4.375],
			"to": [8.75, 5.625, 6.25],
			"faces": {
				"north": {"uv": [1, 7, 4, 10], "texture": "#texture", "rotation": 90},
				"east": {"uv": [1, 7, 4, 10], "texture": "#texture"},
				"south": {"uv": [1, 7, 4, 10], "texture": "#texture"},
				"west": {"uv": [1, 7, 4, 10], "texture": "#texture"},
				"up": {"uv": [1, 7, 4, 10], "texture": "#texture"},
				"down": {"uv": [1, 7, 4, 10], "texture": "#texture"}
			}
		},
		{
			"name": "cube",
			"from": [5, 1.875, 10.75],
			"to": [8.75, 5.625, 12.625],
			"faces": {
				"north": {"uv": [1, 7, 4, 10], "texture": "#texture", "rotation": 90},
				"east": {"uv": [1, 7, 4, 10], "texture": "#texture"},
				"south": {"uv": [1, 7, 4, 10], "texture": "#texture"},
				"west": {"uv": [1, 7, 4, 10], "texture": "#texture"},
				"up": {"uv": [1, 7, 4, 10], "texture": "#texture"},
				"down": {"uv": [1, 7, 4, 10], "texture": "#texture"}
			}
		},
		{
			"name": "cube",
			"from": [5.375, 2.25, 4],
			"to": [8.375, 5.25, 13],
			"faces": {
				"north": {"uv": [1, 7, 4, 10], "texture": "#texture", "rotation": 90},
				"east": {"uv": [1, 7, 4, 10], "texture": "#texture"},
				"south": {"uv": [1, 7, 4, 10], "texture": "#texture"},
				"west": {"uv": [1, 7, 4, 10], "texture": "#texture"},
				"up": {"uv": [1, 7, 4, 10], "texture": "#texture"},
				"down": {"uv": [1, 7, 4, 10], "texture": "#texture"}
			}
		},
		{
			"name": "cube",
			"from": [5.375, 5.625, 4.375],
			"to": [8.375, 6.75, 7],
			"faces": {
				"north": {"uv": [1, 1, 4, 4], "texture": "#texture", "rotation": 90},
				"east": {"uv": [1, 1, 4, 4], "texture": "#texture"},
				"south": {"uv": [1, 1, 4, 4], "texture": "#texture"},
				"west": {"uv": [1, 1, 4, 4], "texture": "#texture"},
				"up": {"uv": [1, 1, 4, 4], "texture": "#texture"},
				"down": {"uv": [1, 1, 4, 4], "texture": "#texture"}
			}
		},
		{
			"name": "cube",
			"from": [5.375, 5.625, 10],
			"to": [8.375, 6.75, 12.625],
			"faces": {
				"north": {"uv": [1, 1, 4, 4], "texture": "#texture", "rotation": 90},
				"east": {"uv": [1, 1, 4, 4], "texture": "#texture"},
				"south": {"uv": [1, 1, 4, 4], "texture": "#texture"},
				"west": {"uv": [1, 1, 4, 4], "texture": "#texture"},
				"up": {"uv": [1, 1, 4, 4], "texture": "#texture"},
				"down": {"uv": [1, 1, 4, 4], "texture": "#texture"}
			}
		},
		{
			"name": "cube",
			"from": [5.375, 6.1875, 11.3125],
			"to": [8.375, 8.0625, 13.1875],
			"rotation": {"angle": 45, "axis": "x", "origin": [5.375, 8.0625, 11.3125]},
			"faces": {
				"north": {"uv": [1, 1, 4, 4], "texture": "#texture", "rotation": 90},
				"east": {"uv": [1, 1, 4, 4], "texture": "#texture"},
				"south": {"uv": [1, 1, 4, 4], "texture": "#texture"},
				"west": {"uv": [1, 1, 4, 4], "texture": "#texture"},
				"up": {"uv": [1, 1, 4, 4], "texture": "#texture"},
				"down": {"uv": [1, 1, 4, 4], "texture": "#texture"}
			}
		},
		{
			"name": "cube",
			"from": [5.375, 6.1875, 5.6875],
			"to": [8.375, 8.0625, 7.5625],
			"rotation": {"angle": 45, "axis": "x", "origin": [5.375, 8.0625, 5.6875]},
			"faces": {
				"north": {"uv": [1, 1, 4, 4], "texture": "#texture", "rotation": 90},
				"east": {"uv": [1, 1, 4, 4], "texture": "#texture"},
				"south": {"uv": [1, 1, 4, 4], "texture": "#texture"},
				"west": {"uv": [1, 1, 4, 4], "texture": "#texture"},
				"up": {"uv": [1, 1, 4, 4], "texture": "#texture"},
				"down": {"uv": [1, 1, 4, 4], "texture": "#texture"}
			}
		},
		{
			"name": "cube",
			"from": [5.5625, -1.5, 10.9375],
			"to": [6.3125, 2.4375, 12.4375],
			"rotation": {"angle": -22.5, "axis": "z", "origin": [5.5625, 2.4375, 10.9375]},
			"faces": {
				"north": {"uv": [1, 7, 4, 10], "texture": "#texture", "rotation": 90},
				"east": {"uv": [1, 7, 4, 10], "texture": "#texture"},
				"south": {"uv": [1, 7, 4, 10], "texture": "#texture"},
				"west": {"uv": [1, 7, 4, 10], "texture": "#texture"},
				"up": {"uv": [1, 7, 4, 10], "texture": "#texture"},
				"down": {"uv": [1, 7, 4, 10], "texture": "#texture"}
			}
		},
		{
			"name": "cube",
			"from": [5.5625, -1.5, 4.5625],
			"to": [6.3125, 2.4375, 6.0625],
			"rotation": {"angle": -22.5, "axis": "z", "origin": [5.5625, 2.4375, 4.5625]},
			"faces": {
				"north": {"uv": [1, 7, 4, 10], "texture": "#texture", "rotation": 90},
				"east": {"uv": [1, 7, 4, 10], "texture": "#texture"},
				"south": {"uv": [1, 7, 4, 10], "texture": "#texture"},
				"west": {"uv": [1, 7, 4, 10], "texture": "#texture"},
				"up": {"uv": [1, 7, 4, 10], "texture": "#texture"},
				"down": {"uv": [1, 7, 4, 10], "texture": "#texture"}
			}
		},
		{
			"name": "cube",
			"from": [4.4375, -2.25, 10.8438],
			"to": [5.1875, -0.75, 12.5313],
			"rotation": {"angle": -45, "axis": "z", "origin": [4.4375, -0.75, 10.8438]},
			"faces": {
				"north": {"uv": [1, 1, 4, 4], "texture": "#texture", "rotation": 90},
				"east": {"uv": [1, 1, 4, 4], "texture": "#texture"},
				"south": {"uv": [1, 1, 4, 4], "texture": "#texture"},
				"west": {"uv": [1, 1, 4, 4], "texture": "#texture"},
				"up": {"uv": [1, 1, 4, 4], "texture": "#texture"},
				"down": {"uv": [1, 1, 4, 4], "texture": "#texture"}
			}
		},
		{
			"name": "cube",
			"from": [4.4375, -2.25, 4.46875],
			"to": [5.1875, -0.75, 6.15625],
			"rotation": {"angle": -45, "axis": "z", "origin": [4.4375, -0.75, 4.46875]},
			"faces": {
				"north": {"uv": [1, 1, 4, 4], "texture": "#texture", "rotation": 90},
				"east": {"uv": [1, 1, 4, 4], "texture": "#texture"},
				"south": {"uv": [1, 1, 4, 4], "texture": "#texture"},
				"west": {"uv": [1, 1, 4, 4], "texture": "#texture"},
				"up": {"uv": [1, 1, 4, 4], "texture": "#texture"},
				"down": {"uv": [1, 1, 4, 4], "texture": "#texture"}
			}
		},
		{
			"name": "cube",
			"from": [8.375, 1.125, 6.25],
			"to": [13.0625, 4.6875, 10.75],
			"rotation": {"angle": -22.5, "axis": "z", "origin": [8.375, 4.6875, 6.25]},
			"faces": {
				"north": {"uv": [1, 7, 4, 10], "texture": "#texture", "rotation": 90},
				"east": {"uv": [1, 7, 4, 10], "texture": "#texture"},
				"south": {"uv": [1, 7, 4, 10], "texture": "#texture"},
				"west": {"uv": [1, 7, 4, 10], "texture": "#texture"},
				"up": {"uv": [1, 7, 4, 10], "texture": "#texture"},
				"down": {"uv": [1, 7, 4, 10], "texture": "#texture"}
			}
		},
		{
			"name": "cube",
			"from": [11.3125, -0.375, 6.4375],
			"to": [15.5, 2.8125, 10.5625],
			"faces": {
				"north": {"uv": [1.125, 1, 4.125, 4], "texture": "#texture", "rotation": 90},
				"east": {"uv": [1.125, 1, 4.125, 4], "texture": "#texture"},
				"south": {"uv": [1.125, 1, 4.125, 4], "texture": "#texture"},
				"west": {"uv": [1.125, 1, 4.125, 4], "texture": "#texture"},
				"up": {"uv": [1.125, 1, 4.125, 4], "texture": "#texture"},
				"down": {"uv": [1.125, 1, 4.125, 4], "texture": "#texture"}
			}
		},
		{
			"name": "cube",
			"from": [12.875, -0.1875, 7.75],
			"to": [17.1875, 2.625, 11.5],
			"rotation": {"angle": 45, "axis": "y", "origin": [12.875, -0.1875, 7.75]},
			"faces": {
				"north": {"uv": [1, 7, 4, 10], "texture": "#texture", "rotation": 90},
				"east": {"uv": [1, 7, 4, 10], "texture": "#texture"},
				"south": {"uv": [1, 7, 4, 10], "texture": "#texture"},
				"west": {"uv": [1, 7, 4, 10], "texture": "#texture"},
				"up": {"uv": [1, 7, 4, 10], "texture": "#texture"},
				"down": {"uv": [1, 7, 4, 10], "texture": "#texture"}
			}
		},
		{
			"name": "cube",
			"from": [17, 0, 2.5],
			"to": [20.1875, 2.4375, 6.4375],
			"rotation": {"angle": -22.5, "axis": "y", "origin": [17, 0, 2.5]},
			"faces": {
				"north": {"uv": [1.125, 1, 4.125, 4], "texture": "#texture", "rotation": 90},
				"east": {"uv": [1.125, 1, 4.125, 4], "texture": "#texture"},
				"south": {"uv": [1.125, 1, 4.125, 4], "texture": "#texture"},
				"west": {"uv": [1.125, 1, 4.125, 4], "texture": "#texture"},
				"up": {"uv": [1.125, 1, 4.125, 4], "texture": "#texture"},
				"down": {"uv": [1.125, 1, 4.125, 4], "texture": "#texture"}
			}
		},
		{
			"name": "cube",
			"from": [17, 0.1875, -0.6875],
			"to": [19.8125, 2.25, 3.8125],
			"faces": {
				"north": {"uv": [1, 7, 4, 10], "texture": "#texture", "rotation": 90},
				"east": {"uv": [1, 7, 4, 10], "texture": "#texture"},
				"south": {"uv": [1, 7, 4, 10], "texture": "#texture"},
				"west": {"uv": [1, 7, 4, 10], "texture": "#texture"},
				"up": {"uv": [1, 7, 4, 10], "texture": "#texture"},
				"down": {"uv": [1, 7, 4, 10], "texture": "#texture"}
			}
		},
		{
			"name": "cube",
			"from": [17.375, 2.625, -2.28125],
			"to": [19.4375, 4.3125, 1.65625],
			"rotation": {"angle": 45, "axis": "x", "origin": [17.375, 4.3125, -2.28125]},
			"faces": {
				"north": {"uv": [1.125, 1, 4.125, 4], "texture": "#texture", "rotation": 90},
				"east": {"uv": [1.125, 1, 4.125, 4], "texture": "#texture"},
				"south": {"uv": [1.125, 1, 4.125, 4], "texture": "#texture"},
				"west": {"uv": [1.125, 1, 4.125, 4], "texture": "#texture"},
				"up": {"uv": [1.125, 1, 4.125, 4], "texture": "#texture"},
				"down": {"uv": [1.125, 1, 4.125, 4], "texture": "#texture"}
			}
		},
		{
			"name": "cube",
			"from": [17.75, 2.8125, -4.53125],
			"to": [19.0625, 5.8125, -3.21875],
			"rotation": {"angle": -22.5, "axis": "x", "origin": [17.75, 5.8125, -4.53125]},
			"faces": {
				"north": {"uv": [1, 7, 4, 10], "texture": "#texture", "rotation": 90},
				"east": {"uv": [1, 7, 4, 10], "texture": "#texture"},
				"south": {"uv": [1, 7, 4, 10], "texture": "#texture"},
				"west": {"uv": [1, 7, 4, 10], "texture": "#texture"},
				"up": {"uv": [1, 7, 4, 10], "texture": "#texture"},
				"down": {"uv": [1, 7, 4, 10], "texture": "#texture"}
			}
		},
		{
			"name": "cube",
			"from": [17.9375, 5.8125, -4.4375],
			"to": [18.875, 9.1875, -3.5],
			"faces": {
				"north": {"uv": [1, 1, 4, 4], "texture": "#texture", "rotation": 90},
				"east": {"uv": [1, 1, 4, 4], "texture": "#texture"},
				"south": {"uv": [1, 1, 4, 4], "texture": "#texture"},
				"west": {"uv": [1, 1, 4, 4], "texture": "#texture"},
				"up": {"uv": [1, 1, 4, 4], "texture": "#texture"},
				"down": {"uv": [1, 1, 4, 4], "texture": "#texture"}
			}
		},
		{
			"name": "cube",
			"from": [4.25, 5.25, 8.45],
			"to": [4.34375, 15.75, 27.95],
			"faces": {
				"east": {"uv": [0.25, 0.5, 15.75, 6.25], "texture": "#wing2"},
				"west": {"uv": [0.25, 0.5, 15.75, 6.25], "texture": "#wing2"}
			}
		},
		{
			"name": "cube",
			"from": [11.5625, 5.25, -9.3125],
			"to": [11.6563, 15.75, 10.1875],
			"rotation": {"angle": -22.5, "axis": "y", "origin": [11.5625, 5.25, -9.3125]},
			"faces": {
				"east": {"uv": [0.25, 0.5, 15.75, 6.25], "texture": "#wing3"},
				"west": {"uv": [0.25, 0.5, 15.75, 6.25], "texture": "#wing3"}
			}
		},
		{
			"name": "cube",
			"from": [4.25, 5.25, -11],
			"to": [4.34375, 15.75, 8.5],
			"faces": {
				"east": {"uv": [0.25, 0.5, 15.75, 6.25], "texture": "#wing2"},
				"west": {"uv": [0.25, 0.5, 15.75, 6.25], "texture": "#wing2"}
			}
		},
		{
			"name": "cube",
			"from": [4.25, 5.25, 8.5],
			"to": [4.34375, 15.75, 28],
			"rotation": {"angle": 22.5, "axis": "y", "origin": [4.25, 5.25, 8.5]},
			"faces": {
				"east": {"uv": [0.25, 0.5, 15.75, 6.25], "texture": "#wing3"},
				"west": {"uv": [0.25, 0.5, 15.75, 6.25], "texture": "#wing3"}
			}
		},
		{
			"name": "cube",
			"from": [4.25, 5.25, 8.5],
			"to": [4.34375, 15.75, 28],
			"rotation": {"angle": -22.5, "axis": "y", "origin": [4.25, 5.25, 8.5]},
			"faces": {
				"east": {"uv": [0.25, 0.5, 15.75, 6.25], "texture": "#wing1"},
				"west": {"uv": [0.25, 0.5, 15.75, 6.25], "texture": "#wing1"}
			}
		},
		{
			"name": "cube",
			"from": [-3.16875, 5.25, -9.5875],
			"to": [-3.075, 15.75, 9.9125],
			"rotation": {"angle": 22.5, "axis": "y", "origin": [-3.16875, 5.25, -9.5875]},
			"faces": {
				"east": {"uv": [0.25, 0.5, 15.75, 6.25], "texture": "#wing1"},
				"west": {"uv": [0.25, 0.5, 15.75, 6.25], "texture": "#wing1"}
			}
		},
		{
			"name": "cube",
			"from": [-1.7575, 13.875, 7.75],
			"to": [-0.2575, 14.25, 9.25],
			"faces": {
				"north": {"uv": [13.25, 6, 14.25, 6.5], "texture": "#texture"},
				"east": {"uv": [1.5, 13.5, 8.5, 15.5], "texture": "#texture"},
				"south": {"uv": [13.75, 3.75, 14.75, 4.25], "texture": "#texture"},
				"west": {"uv": [1.5, 13.5, 8.5, 15.5], "texture": "#texture"},
				"up": {"uv": [14, 8.25, 15, 9.25], "texture": "#texture"},
				"down": {"uv": [13.75, 3.25, 14.75, 4.25], "texture": "#texture"}
			}
		},
		{
			"name": "cube",
			"from": [17, 0.9375, -0.59375],
			"to": [19.8125, 2.0625, 0.53125],
			"rotation": {"angle": 45, "axis": "x", "origin": [17, 2.0625, -0.59375]},
			"faces": {
				"north": {"uv": [1, 7, 4, 10], "texture": "#texture", "rotation": 90},
				"east": {"uv": [1, 7, 4, 10], "texture": "#texture"},
				"south": {"uv": [1, 7, 4, 10], "texture": "#texture"},
				"west": {"uv": [1, 7, 4, 10], "texture": "#texture"},
				"up": {"uv": [1, 7, 4, 10], "texture": "#texture"},
				"down": {"uv": [1, 7, 4, 10], "texture": "#texture"}
			}
		},
		{
			"name": "cube",
			"from": [17.75, 5.7675, -4.12625],
			"to": [19.0625, 6.5175, -3.37625],
			"rotation": {"angle": 22.5, "axis": "x", "origin": [17.75, 6.5175, -4.12625]},
			"faces": {
				"north": {"uv": [1, 7, 4, 10], "texture": "#texture", "rotation": 90},
				"east": {"uv": [1, 7, 4, 10], "texture": "#texture"},
				"south": {"uv": [1, 7, 4, 10], "texture": "#texture"},
				"west": {"uv": [1, 7, 4, 10], "texture": "#texture"},
				"up": {"uv": [1, 7, 4, 10], "texture": "#texture"},
				"down": {"uv": [1, 7, 4, 10], "texture": "#texture"}
			}
		},
		{
			"name": "cube",
			"from": [17.9375, 9, -3.9875],
			"to": [18.875, 9.5625, -3.425],
			"rotation": {"angle": 45, "axis": "x", "origin": [17.9375, 9.5625, -3.9875]},
			"faces": {
				"north": {"uv": [1, 1, 4, 4], "texture": "#texture", "rotation": 90},
				"east": {"uv": [1, 1, 4, 4], "texture": "#texture"},
				"south": {"uv": [1, 1, 4, 4], "texture": "#texture"},
				"west": {"uv": [1, 1, 4, 4], "texture": "#texture"},
				"up": {"uv": [1, 1, 4, 4], "texture": "#texture"},
				"down": {"uv": [1, 1, 4, 4], "texture": "#texture"}
			}
		},
		{
			"name": "cube",
			"from": [14.375, 6.28125, -4.0625],
			"to": [17.375, 10.7813, -3.96875],
			"rotation": {"angle": 45, "axis": "z", "origin": [14.375, 10.7813, -4.0625]},
			"faces": {
				"north": {"uv": [0.25, 7.75, 15.75, 13.5], "texture": "#wing"},
				"south": {"uv": [0.25, 7.75, 15.75, 13.5], "texture": "#wing"}
			}
		},
		{
			"name": "cube",
			"from": [20.375, 8.25, -4.0625],
			"to": [23.375, 12.75, -3.96875],
			"rotation": {"angle": -45, "axis": "z", "origin": [20.375, 12.75, -4.0625]},
			"faces": {
				"north": {"uv": [0.25, 7.75, 15.75, 13.5], "texture": "#wing"},
				"south": {"uv": [0.25, 7.75, 15.75, 13.5], "texture": "#wing"}
			}
		},
		{
			"name": "cube",
			"from": [17, 7.875, -5.375],
			"to": [20, 12.375, -5.28125],
			"rotation": {"angle": -22.5, "axis": "x", "origin": [17, 12.375, -5.375]},
			"faces": {
				"north": {"uv": [0.25, 7.75, 15.75, 13.5], "texture": "#wing"},
				"south": {"uv": [0.25, 7.75, 15.75, 13.5], "texture": "#wing"}
			}
		},
		{
			"name": "cube",
			"from": [-1, 13.875, 10],
			"to": [1.25, 15.375, 10.75],
			"faces": {
				"east": {"uv": [7, 7, 10, 10], "texture": "#texture"},
				"south": {"uv": [7, 7, 10, 10], "texture": "#texture"},
				"west": {"uv": [7, 7, 10, 10], "texture": "#texture"},
				"up": {"uv": [7, 7, 10, 10], "texture": "#texture"},
				"down": {"uv": [7, 7, 10, 10], "texture": "#texture"}
			}
		},
		{
			"name": "cube",
			"from": [-1, 13.875, 6.25],
			"to": [1.25, 15.375, 7],
			"faces": {
				"north": {"uv": [7, 7, 10, 10], "texture": "#texture"},
				"east": {"uv": [7, 7, 10, 10], "texture": "#texture"},
				"west": {"uv": [7, 7, 10, 10], "texture": "#texture"},
				"up": {"uv": [7, 7, 10, 10], "texture": "#texture"},
				"down": {"uv": [7, 7, 10, 10], "texture": "#texture"}
			}
		},
		{
			"name": "cube",
			"from": [-0.625, 15.375, 6.625],
			"to": [0.875, 15.75, 10.375],
			"faces": {
				"north": {"uv": [7, 7, 10, 10], "texture": "#texture"},
				"east": {"uv": [7, 7, 10, 10], "texture": "#texture"},
				"south": {"uv": [7, 7, 10, 10], "texture": "#texture"},
				"west": {"uv": [7, 7, 10, 10], "texture": "#texture"},
				"up": {"uv": [7, 7, 10, 10], "texture": "#texture"}
			}
		},
		{
			"name": "cube",
			"from": [-1.375, 14.25, 6.625],
			"to": [-1, 15, 10.375],
			"faces": {
				"north": {"uv": [7, 7, 10, 10], "texture": "#texture"},
				"south": {"uv": [7, 7, 10, 10], "texture": "#texture"},
				"west": {"uv": [7, 7, 10, 10], "texture": "#texture"},
				"up": {"uv": [7, 7, 10, 10], "texture": "#texture"},
				"down": {"uv": [7, 7, 10, 10], "texture": "#texture"}
			}
		},
		{
			"name": "cube",
			"from": [-0.625, 13.5, 6.625],
			"to": [0.875, 13.875, 10.375],
			"faces": {
				"north": {"uv": [7, 7, 10, 10], "texture": "#texture"},
				"east": {"uv": [7, 7, 10, 10], "texture": "#texture"},
				"south": {"uv": [7, 7, 10, 10], "texture": "#texture"},
				"west": {"uv": [7, 7, 10, 10], "texture": "#texture"},
				"down": {"uv": [7, 7, 10, 10], "texture": "#texture"}
			}
		},
		{
			"name": "cube",
			"from": [1.25, 14.25, 6.625],
			"to": [1.625, 15, 10.375],
			"faces": {
				"north": {"uv": [7, 7, 10, 10], "texture": "#texture"},
				"east": {"uv": [7, 7, 10, 10], "texture": "#texture"},
				"south": {"uv": [7, 7, 10, 10], "texture": "#texture"},
				"up": {"uv": [7, 7, 10, 10], "texture": "#texture"},
				"down": {"uv": [7, 7, 10, 10], "texture": "#texture"}
			}
		}
	],
	"display": {
		"head": {"rotation": [0, -90, 0], "translation": [1.5, -17.5, 8], "scale": [2.5, 2.5, 2.5]},
		"gui": {"scale": [0, 0, 0]},
		"thirdperson_righthand": {"rotation": [70, -90, 0], "translation": [-5.5, -9.5, 6.5], "scale": [1.6, 1.6, 1.6]},
		"thirdperson_lefthand": {"rotation": [70, 90, 0], "translation": [-6.5, -9.5, 6.5], "scale": [1.6, 1.6, 1.6]},
		"firstperson_righthand": {"scale": [0, 0, 0]},
		"firstperson_lefthand": {"scale": [0, 0, 0]}
	}
}