{
	"credit": "Made with Blockbench",
	"textures": {
		"texture": "pokemon/turtwig/turtwig_base",
		"details": "pokemon/turtwig/details",
		"particle": "pokemon/turtwig/leaf"
	},
	"elements": [
		{
			"name": "head",
			"from": [3.5, 2, 6.5],
			"to": [6.5, 6, 9.5],
			"faces": {
				"north": {"uv": [2.5, 2, 4.5, 4.5], "texture": "#texture"},
				"east": {"uv": [2.5, 1.5, 4.5, 4], "texture": "#texture"},
				"south": {"uv": [1.5, 1.5, 4, 4], "texture": "#texture"},
				"west": {"uv": [2, 2, 4.5, 4], "texture": "#texture"},
				"up": {"uv": [6.75, 6.5, 9.75, 9], "texture": "#texture"},
				"down": {"uv": [2, 1, 4, 3.5], "texture": "#texture"}
			}
		},
		{
			"name": "head",
			"from": [2.5, 2, 6.5],
			"to": [7.5, 5, 9.5],
			"faces": {
				"north": {"uv": [2.5, 2, 4.5, 4.5], "texture": "#texture"},
				"east": {"uv": [2.5, 1.5, 4.5, 4], "texture": "#texture"},
				"south": {"uv": [1.5, 1.5, 4, 4], "texture": "#texture"},
				"west": {"uv": [2, 2, 4.5, 4], "texture": "#texture"},
				"up": {"uv": [1, 1, 4, 3.5], "texture": "#texture"},
				"down": {"uv": [2, 1, 4, 3.5], "texture": "#texture"}
			}
		},
		{
			"name": "head",
			"from": [3.5, 2, 5.5],
			"to": [6.5, 5, 10.5],
			"faces": {
				"north": {"uv": [2.5, 2, 4.5, 4.5], "texture": "#texture"},
				"east": {"uv": [2.5, 1.5, 4.5, 4], "texture": "#texture"},
				"south": {"uv": [1.5, 1.5, 4, 4], "texture": "#texture"},
				"west": {"uv": [2, 2, 4.5, 4], "texture": "#texture"},
				"up": {"uv": [1, 1, 4, 3.5], "texture": "#texture"},
				"down": {"uv": [2, 1, 4, 3.5], "texture": "#texture"}
			}
		},
		{
			"name": "head",
			"from": [3.5, 4, 5.5],
			"to": [6.5, 5, 6.92],
			"rotation": {"angle": -45, "axis": "x", "origin": [3.5, 5, 5.5]},
			"faces": {
				"north": {"uv": [2.5, 2, 4.5, 4.5], "texture": "#texture"},
				"east": {"uv": [2.5, 1.5, 4.5, 4], "texture": "#texture"},
				"south": {"uv": [1.5, 1.5, 4, 4], "texture": "#texture"},
				"west": {"uv": [2, 2, 4.5, 4], "texture": "#texture"},
				"up": {"uv": [1, 1, 4, 3.5], "texture": "#texture"},
				"down": {"uv": [2, 1, 4, 3.5], "texture": "#texture"}
			}
		},
		{
			"name": "head",
			"from": [3.5, 5, 9.5],
			"to": [6.5, 6, 10.92],
			"rotation": {"angle": 45, "axis": "x", "origin": [3.5, 6, 9.5]},
			"faces": {
				"north": {"uv": [2.5, 2, 4.5, 4.5], "texture": "#texture"},
				"east": {"uv": [2.5, 1.5, 4.5, 4], "texture": "#texture"},
				"south": {"uv": [1.5, 1.5, 4, 4], "texture": "#texture"},
				"west": {"uv": [2, 2, 4.5, 4], "texture": "#texture"},
				"up": {"uv": [1, 1, 4, 3.5], "texture": "#texture"},
				"down": {"uv": [2, 1, 4, 3.5], "texture": "#texture"}
			}
		},
		{
			"name": "head",
			"from": [6.5, 5, 6.5],
			"to": [7.92, 6, 9.5],
			"rotation": {"angle": -45, "axis": "z", "origin": [6.5, 6, 6.5]},
			"faces": {
				"north": {"uv": [2.5, 2, 4.5, 4.5], "texture": "#texture"},
				"east": {"uv": [2.5, 1.5, 4.5, 4], "texture": "#texture"},
				"south": {"uv": [1.5, 1.5, 4, 4], "texture": "#texture"},
				"west": {"uv": [2, 2, 4.5, 4], "texture": "#texture"},
				"up": {"uv": [1, 1, 4, 3.5], "texture": "#texture"},
				"down": {"uv": [2, 1, 4, 3.5], "texture": "#texture"}
			}
		},
		{
			"name": "head",
			"from": [2.5, 2, 6.5],
			"to": [3.92, 5, 7.5],
			"rotation": {"angle": 45, "axis": "y", "origin": [2.5, 2, 6.5]},
			"faces": {
				"north": {"uv": [2.5, 2, 4.5, 4.5], "texture": "#texture"},
				"east": {"uv": [2.5, 1.5, 4.5, 4], "texture": "#texture"},
				"south": {"uv": [1.5, 1.5, 4, 4], "texture": "#texture"},
				"west": {"uv": [2, 2, 4.5, 4], "texture": "#texture"},
				"up": {"uv": [1, 1, 4, 3.5], "texture": "#texture"},
				"down": {"uv": [2, 1, 4, 3.5], "texture": "#texture"}
			}
		},
		{
			"name": "head",
			"from": [6.5, 2, 5.5],
			"to": [7.92, 5, 6.5],
			"rotation": {"angle": -45, "axis": "y", "origin": [6.5, 2, 5.5]},
			"faces": {
				"north": {"uv": [2.5, 2, 4.5, 4.5], "texture": "#texture"},
				"east": {"uv": [2.5, 1.5, 4.5, 4], "texture": "#texture"},
				"south": {"uv": [1.5, 1.5, 4, 4], "texture": "#texture"},
				"west": {"uv": [2, 2, 4.5, 4], "texture": "#texture"},
				"up": {"uv": [1, 1, 4, 3.5], "texture": "#texture"},
				"down": {"uv": [2, 1, 4, 3.5], "texture": "#texture"}
			}
		},
		{
			"name": "head",
			"from": [3.2075, 2, 8.7925],
			"to": [4.6275, 5, 9.7925],
			"rotation": {"angle": -45, "axis": "y", "origin": [3.2075, 2, 8.7925]},
			"faces": {
				"north": {"uv": [2.5, 2, 4.5, 4.5], "texture": "#texture"},
				"east": {"uv": [2.5, 1.5, 4.5, 4], "texture": "#texture"},
				"south": {"uv": [1.5, 1.5, 4, 4], "texture": "#texture"},
				"west": {"uv": [2, 2, 4.5, 4], "texture": "#texture"},
				"up": {"uv": [1, 1, 4, 3.5], "texture": "#texture"},
				"down": {"uv": [2, 1, 4, 3.5], "texture": "#texture"}
			}
		},
		{
			"name": "head",
			"from": [5.7925, 2, 9.7925],
			"to": [7.2125, 5, 10.7925],
			"rotation": {"angle": 45, "axis": "y", "origin": [5.7925, 2, 9.7925]},
			"faces": {
				"north": {"uv": [2.5, 2, 4.5, 4.5], "texture": "#texture"},
				"east": {"uv": [2.5, 1.5, 4.5, 4], "texture": "#texture"},
				"south": {"uv": [1.5, 1.5, 4, 4], "texture": "#texture"},
				"west": {"uv": [2, 2, 4.5, 4], "texture": "#texture"},
				"up": {"uv": [1, 1, 4, 3.5], "texture": "#texture"},
				"down": {"uv": [2, 1, 4, 3.5], "texture": "#texture"}
			}
		},
		{
			"name": "head",
			"from": [2.125, 3.9375, 6.5],
			"to": [3.625, 5.4375, 9.5],
			"rotation": {"angle": 22.5, "axis": "z", "origin": [2.125, 5.4375, 6.5]},
			"faces": {
				"north": {"uv": [2.25, 1.75, 4.25, 4.25], "texture": "#texture"},
				"east": {"uv": [7.25, 6.5, 9.25, 9], "texture": "#texture"},
				"south": {"uv": [1.5, 1.5, 4, 4], "texture": "#texture"},
				"west": {"uv": [7, 7.25, 9.5, 9.25], "texture": "#texture"},
				"up": {"uv": [1, 1.25, 4, 3.75], "texture": "#texture"},
				"down": {"uv": [2, 1, 4, 3.5], "texture": "#texture"}
			}
		},
		{
			"name": "head",
			"from": [2.1125, 3.9375, 6.5],
			"to": [3.6125, 5.4375, 9.5],
			"rotation": {"angle": -22.5, "axis": "z", "origin": [2.1125, 5.4375, 6.5]},
			"faces": {
				"north": {"uv": [2.5, 2, 4.5, 4.5], "texture": "#texture"},
				"east": {"uv": [2.5, 1.5, 4.5, 4], "texture": "#texture"},
				"south": {"uv": [1.5, 1.5, 4, 4], "texture": "#texture"},
				"west": {"uv": [2, 2, 4.5, 4], "texture": "#texture"},
				"up": {"uv": [1, 1, 4, 3.5], "texture": "#texture"},
				"down": {"uv": [2, 1, 4, 3.5], "texture": "#texture"}
			}
		},
		{
			"name": "head",
			"from": [1.54, 2.0525, 6.5],
			"to": [3.04, 4.0525, 9.5],
			"faces": {
				"north": {"uv": [2.5, 2, 4.5, 4.5], "texture": "#texture"},
				"east": {"uv": [2.5, 1.5, 4.5, 4], "texture": "#texture"},
				"south": {"uv": [1.5, 1.5, 4, 4], "texture": "#texture"},
				"west": {"uv": [2, 2, 4.5, 4], "texture": "#texture"},
				"up": {"uv": [1, 1, 4, 3.5], "texture": "#texture"},
				"down": {"uv": [2, 1, 4, 3.5], "texture": "#texture"}
			}
		},
		{
			"name": "head",
			"from": [2, 1, 6.5],
			"to": [4, 2.5, 9.5],
			"faces": {
				"north": {"uv": [7.5, 2, 9.5, 4.5], "texture": "#texture"},
				"east": {"uv": [7.5, 1.5, 9.5, 4], "texture": "#texture"},
				"south": {"uv": [7.5, 1.5, 10, 4], "texture": "#texture"},
				"west": {"uv": [6.5, 2, 9, 4], "texture": "#texture"},
				"up": {"uv": [6.5, 1.5, 9.5, 4], "texture": "#texture"},
				"down": {"uv": [7, 1.5, 9, 4], "texture": "#texture"}
			}
		},
		{
			"name": "head",
			"from": [2, 0.71, 8.7925],
			"to": [6.5, 1.71, 10.2125],
			"rotation": {"angle": -45, "axis": "x", "origin": [2, 1.71, 8.7925]},
			"faces": {
				"north": {"uv": [7.5, 2, 9.5, 4.5], "texture": "#texture"},
				"east": {"uv": [7.5, 1.5, 9.5, 4], "texture": "#texture"},
				"south": {"uv": [7.5, 1.5, 10, 4], "texture": "#texture"},
				"west": {"uv": [6.5, 2, 9, 4], "texture": "#texture"},
				"up": {"uv": [6.5, 1.5, 9.5, 4], "texture": "#texture"},
				"down": {"uv": [7, 1.5, 9, 4], "texture": "#texture"}
			}
		},
		{
			"name": "head",
			"from": [2, 1.7075, 6.2075],
			"to": [6.5, 2.7075, 7.6275],
			"rotation": {"angle": 45, "axis": "x", "origin": [2, 2.7075, 6.2075]},
			"faces": {
				"north": {"uv": [7.5, 2, 9.5, 4.5], "texture": "#texture"},
				"east": {"uv": [7.5, 1.5, 9.5, 4], "texture": "#texture"},
				"south": {"uv": [7.5, 1.5, 10, 4], "texture": "#texture"},
				"west": {"uv": [6.5, 2, 9, 4], "texture": "#texture"},
				"up": {"uv": [6.5, 1.5, 9.5, 4], "texture": "#texture"},
				"down": {"uv": [7, 1.5, 9, 4], "texture": "#texture"}
			}
		},
		{
			"name": "head",
			"from": [2, 2, 5.5],
			"to": [3.5, 2.75, 10.5],
			"faces": {
				"north": {"uv": [7.5, 2, 9.5, 4.5], "texture": "#texture"},
				"east": {"uv": [7.5, 1.5, 9.5, 4], "texture": "#texture"},
				"south": {"uv": [7.5, 1.5, 10, 4], "texture": "#texture"},
				"west": {"uv": [6.5, 2, 9, 4], "texture": "#texture"},
				"up": {"uv": [6.5, 1.5, 9.5, 4], "texture": "#texture"},
				"down": {"uv": [7, 1.5, 9, 4], "texture": "#texture"}
			}
		},
		{
			"name": "head",
			"from": [3.5, 2, 5],
			"to": [5.25, 3.5, 11],
			"faces": {
				"north": {"uv": [7.5, 2, 9.5, 4.5], "texture": "#texture"},
				"east": {"uv": [7.5, 1.5, 9.5, 4], "texture": "#texture"},
				"south": {"uv": [7.5, 1.5, 10, 4], "texture": "#texture"},
				"west": {"uv": [6.5, 2, 9, 4], "texture": "#texture"},
				"up": {"uv": [6.5, 1.5, 9.5, 4], "texture": "#texture"},
				"down": {"uv": [7, 1.5, 9, 4], "texture": "#texture"}
			}
		},
		{
			"name": "head",
			"from": [3.5, 1.9375, 5.1875],
			"to": [5.25, 2.4375, 6.6875],
			"rotation": {"angle": 22.5, "axis": "x", "origin": [3.5, 2.4375, 5.1875]},
			"faces": {
				"north": {"uv": [7.5, 2, 9.5, 4.5], "texture": "#texture"},
				"east": {"uv": [7.5, 1.5, 9.5, 4], "texture": "#texture"},
				"south": {"uv": [7.5, 1.5, 10, 4], "texture": "#texture"},
				"west": {"uv": [6.5, 2, 9, 4], "texture": "#texture"},
				"up": {"uv": [6.5, 1.5, 9.5, 4], "texture": "#texture"},
				"down": {"uv": [7, 1.5, 9, 4], "texture": "#texture"}
			}
		},
		{
			"name": "head",
			"from": [3.5, 1.385, 9.425],
			"to": [5.25, 1.885, 10.925],
			"rotation": {"angle": -22.5, "axis": "x", "origin": [3.5, 1.885, 9.425]},
			"faces": {
				"north": {"uv": [7.5, 2, 9.5, 4.5], "texture": "#texture"},
				"east": {"uv": [7.5, 1.5, 9.5, 4], "texture": "#texture"},
				"south": {"uv": [7.5, 1.5, 10, 4], "texture": "#texture"},
				"west": {"uv": [6.5, 2, 9, 4], "texture": "#texture"},
				"up": {"uv": [6.5, 1.5, 9.5, 4], "texture": "#texture"},
				"down": {"uv": [7, 1.5, 9, 4], "texture": "#texture"}
			}
		},
		{
			"name": "head",
			"from": [4, 1, 6.5],
			"to": [6.5, 2.5, 7.25],
			"faces": {
				"north": {"uv": [7.5, 2, 9.5, 4.5], "texture": "#texture"},
				"east": {"uv": [7.5, 1.5, 9.5, 4], "texture": "#texture"},
				"south": {"uv": [7.5, 1.5, 10, 4], "texture": "#texture"},
				"west": {"uv": [6.5, 2, 9, 4], "texture": "#texture"},
				"up": {"uv": [6.5, 1.5, 9.5, 4], "texture": "#texture"},
				"down": {"uv": [7, 1.5, 9, 4], "texture": "#texture"}
			}
		},
		{
			"name": "head",
			"from": [4, 1, 8.75],
			"to": [6.5, 2.5, 9.5],
			"faces": {
				"north": {"uv": [7.5, 2, 9.5, 4.5], "texture": "#texture"},
				"east": {"uv": [7.5, 1.5, 9.5, 4], "texture": "#texture"},
				"south": {"uv": [7.5, 1.5, 10, 4], "texture": "#texture"},
				"west": {"uv": [6.5, 2, 9, 4], "texture": "#texture"},
				"up": {"uv": [6.5, 1.5, 9.5, 4], "texture": "#texture"},
				"down": {"uv": [7, 1.5, 9, 4], "texture": "#texture"}
			}
		},
		{
			"name": "head",
			"from": [4, 1, 7.25],
			"to": [6.5, 1.75, 8.75],
			"faces": {
				"north": {"uv": [2, 1, 4, 3.5], "texture": "#texture"},
				"east": {"uv": [1.25, 1, 3.25, 3.5], "texture": "#texture"},
				"south": {"uv": [1, 1, 3.5, 3.5], "texture": "#texture"},
				"west": {"uv": [1.75, 1.75, 4.25, 3.75], "texture": "#texture"},
				"up": {"uv": [1.75, 2, 4.75, 4.5], "texture": "#texture"},
				"down": {"uv": [2, 1.75, 4, 4.25], "texture": "#texture"}
			}
		},
		{
			"name": "head",
			"from": [6.5, 5.251, 6.5],
			"to": [7.5, 6.001, 9.5],
			"rotation": {"angle": -45, "axis": "z", "origin": [6.5, 6.001, 6.5]},
			"faces": {
				"north": {"uv": [9.5, 9.5, 12, 12.75], "texture": "#details"},
				"east": {"uv": [9.5, 10.25, 12.5, 12.5], "texture": "#details"},
				"south": {"uv": [11.5, 9.25, 13.25, 12.5], "texture": "#details"},
				"west": {"uv": [9.5, 9.25, 12.5, 12], "texture": "#details"},
				"up": {"uv": [0.75, 0.25, 9.5, 7.5], "rotation": 270, "texture": "#details"},
				"down": {"uv": [9.5, 9.5, 12.25, 11.5], "texture": "#details"}
			}
		},
		{
			"name": "head",
			"from": [2.5925, 4.885, 6.5],
			"to": [3.5925, 5.635, 9.5],
			"rotation": {"angle": 22.5, "axis": "z", "origin": [2.5925, 5.635, 6.5]},
			"faces": {
				"north": {"uv": [9.5, 9.5, 12, 12.75], "texture": "#details"},
				"east": {"uv": [9.5, 10.25, 12.5, 12.5], "texture": "#details"},
				"south": {"uv": [11.5, 9.25, 13.25, 12.5], "texture": "#details"},
				"west": {"uv": [9.5, 9.25, 12.5, 12], "texture": "#details"},
				"up": {"uv": [0.75, 0.25, 9.5, 7.5], "rotation": 90, "texture": "#details"},
				"down": {"uv": [9.5, 9.5, 12.25, 11.5], "texture": "#details"}
			}
		},
		{
			"name": "head",
			"from": [3.5, 5.251, 9.5],
			"to": [6.5, 6.001, 10.5],
			"rotation": {"angle": 45, "axis": "x", "origin": [3.5, 6.001, 9.5]},
			"faces": {
				"north": {"uv": [9.5, 9.5, 12, 12.75], "texture": "#details"},
				"east": {"uv": [9.5, 10.25, 12.5, 12.5], "texture": "#details"},
				"south": {"uv": [11.5, 9.25, 13.25, 12.5], "texture": "#details"},
				"west": {"uv": [9.5, 9.25, 12.5, 12], "texture": "#details"},
				"up": {"uv": [0.75, 0.25, 9.5, 7.5], "texture": "#details"},
				"down": {"uv": [9.5, 9.5, 12.25, 11.5], "texture": "#details"}
			}
		},
		{
			"name": "head",
			"from": [3.5, 4.551, 5.8],
			"to": [6.5, 5.301, 6.8],
			"rotation": {"angle": -45, "axis": "x", "origin": [3.5, 5.301, 5.8]},
			"faces": {
				"north": {"uv": [9.5, 9.5, 12, 12.75], "texture": "#details"},
				"east": {"uv": [9.5, 10.25, 12.5, 12.5], "texture": "#details"},
				"south": {"uv": [11.5, 9.25, 13.25, 12.5], "texture": "#details"},
				"west": {"uv": [9.5, 9.25, 12.5, 12], "texture": "#details"},
				"up": {"uv": [0.75, 0.25, 9.5, 7.5], "rotation": 180, "texture": "#details"},
				"down": {"uv": [9.5, 9.5, 12.25, 11.5], "texture": "#details"}
			}
		},
		{
			"name": "head",
			"from": [4.75, 6, 7.75],
			"to": [5.25, 8.25, 8.25],
			"faces": {
				"north": {"uv": [7.25, 6.75, 9.25, 9.25], "texture": "#texture"},
				"east": {"uv": [7.75, 6.5, 9.75, 9], "texture": "#texture"},
				"south": {"uv": [7, 6.75, 9.5, 9.25], "texture": "#texture"},
				"west": {"uv": [6.25, 7.5, 8.75, 9.5], "texture": "#texture"},
				"up": {"uv": [6.75, 6.5, 9.75, 9], "texture": "#texture"},
				"down": {"uv": [7.5, 6.25, 9.5, 8.75], "texture": "#texture"}
			}
		},
		{
			"name": "head",
			"from": [1.54, 2, 6.6875],
			"to": [3.04, 2.5, 8.1875],
			"rotation": {"angle": 22.5, "axis": "x", "origin": [1.54, 2.5, 6.6875]},
			"faces": {
				"north": {"uv": [2.5, 2, 4.5, 4.5], "texture": "#texture"},
				"east": {"uv": [2.5, 1.5, 4.5, 4], "texture": "#texture"},
				"south": {"uv": [1.5, 1.5, 4, 4], "texture": "#texture"},
				"west": {"uv": [2, 2, 4.5, 4], "texture": "#texture"},
				"up": {"uv": [1, 1, 4, 3.5], "texture": "#texture"},
				"down": {"uv": [2, 1, 4, 3.5], "texture": "#texture"}
			}
		},
		{
			"name": "head",
			"from": [1.54, 1.4375, 7.9175],
			"to": [3.04, 1.9375, 9.4175],
			"rotation": {"angle": -22.5, "axis": "x", "origin": [1.54, 1.9375, 7.9175]},
			"faces": {
				"north": {"uv": [2.5, 2, 4.5, 4.5], "texture": "#texture"},
				"east": {"uv": [2.5, 1.5, 4.5, 4], "texture": "#texture"},
				"south": {"uv": [1.5, 1.5, 4, 4], "texture": "#texture"},
				"west": {"uv": [2, 2, 4.5, 4], "texture": "#texture"},
				"up": {"uv": [1, 1, 4, 3.5], "texture": "#texture"},
				"down": {"uv": [2, 1, 4, 3.5], "texture": "#texture"}
			}
		},
		{
			"name": "head",
			"from": [1.54, 1.5, 8],
			"to": [3.04, 2, 8.5],
			"rotation": {"angle": 45, "axis": "x", "origin": [1.54, 2, 8]},
			"faces": {
				"north": {"uv": [2.5, 2, 4.5, 4.5], "texture": "#texture"},
				"east": {"uv": [2.5, 1.5, 4.5, 4], "texture": "#texture"},
				"south": {"uv": [1.5, 1.5, 4, 4], "texture": "#texture"},
				"west": {"uv": [2, 2, 4.5, 4], "texture": "#texture"},
				"up": {"uv": [1, 1, 4, 3.5], "texture": "#texture"},
				"down": {"uv": [2, 1, 4, 3.5], "texture": "#texture"}
			}
		},
		{
			"name": "head",
			"from": [1.54, 1.75, 7.5],
			"to": [3.04, 2.25, 8.5],
			"faces": {
				"north": {"uv": [2.5, 2, 4.5, 4.5], "texture": "#texture"},
				"east": {"uv": [2.5, 1.5, 4.5, 4], "texture": "#texture"},
				"south": {"uv": [1.5, 1.5, 4, 4], "texture": "#texture"},
				"west": {"uv": [2, 2, 4.5, 4], "texture": "#texture"},
				"up": {"uv": [1, 1, 4, 3.5], "texture": "#texture"},
				"down": {"uv": [2, 1, 4, 3.5], "texture": "#texture"}
			}
		},
		{
			"name": "head",
			"from": [5, 5.6875, 7.375],
			"to": [5.0625, 7.6875, 11.375],
			"rotation": {"angle": -45, "axis": "x", "origin": [5, 7.6875, 7.375]},
			"faces": {
				"north": {"uv": [11.5, 8.25, 13.75, 9.25], "texture": "#particle"},
				"east": {"uv": [15.75, 0.25, 0.25, 7], "texture": "#particle"},
				"south": {"uv": [9.75, 8.25, 12, 9], "texture": "#particle"},
				"west": {"uv": [0.25, 0.25, 15.75, 7], "texture": "#particle"},
				"up": {"uv": [11, 7.75, 13, 9], "texture": "#particle"},
				"down": {"uv": [12.5, 7.75, 15, 9.25], "texture": "#particle"}
			}
		},
		{
			"name": "head",
			"from": [5, 8.5, 5.75],
			"to": [5.0625, 10.5, 9.75],
			"rotation": {"angle": 45, "axis": "x", "origin": [5, 10.5, 5.75]},
			"faces": {
				"north": {"uv": [11.5, 8.25, 13.75, 9.25], "texture": "#particle"},
				"east": {"uv": [0.25, 0.25, 15.75, 7], "texture": "#particle"},
				"south": {"uv": [9.75, 8.25, 12, 9], "texture": "#particle"},
				"west": {"uv": [15.75, 0.25, 0.25, 7], "texture": "#particle"},
				"up": {"uv": [11, 7.75, 13, 9], "texture": "#particle"},
				"down": {"uv": [12.5, 7.75, 15, 9.25], "texture": "#particle"}
			}
		},
		{
			"name": "head",
			"from": [4.0625, 5, 7.75],
			"to": [5.0625, 6, 8.25],
			"rotation": {"angle": 45, "axis": "z", "origin": [4.0625, 6, 7.75]},
			"faces": {
				"north": {"uv": [7.25, 6.75, 9.25, 9.25], "texture": "#texture"},
				"east": {"uv": [7.75, 6.5, 9.75, 9], "texture": "#texture"},
				"south": {"uv": [7, 6.75, 9.5, 9.25], "texture": "#texture"},
				"west": {"uv": [6.25, 7.5, 8.75, 9.5], "texture": "#texture"},
				"up": {"uv": [6.75, 6.5, 9.75, 9], "texture": "#texture"},
				"down": {"uv": [7.5, 6.25, 9.5, 8.75], "texture": "#texture"}
			}
		},
		{
			"name": "head",
			"from": [5.25, 5.75, 7.75],
			"to": [6.25, 6.75, 8.25],
			"rotation": {"angle": -45, "axis": "z", "origin": [5.25, 6.75, 7.75]},
			"faces": {
				"north": {"uv": [7.25, 6.75, 9.25, 9.25], "texture": "#texture"},
				"east": {"uv": [7.75, 6.5, 9.75, 9], "texture": "#texture"},
				"south": {"uv": [7, 6.75, 9.5, 9.25], "texture": "#texture"},
				"west": {"uv": [6.25, 7.5, 8.75, 9.5], "texture": "#texture"},
				"up": {"uv": [6.75, 6.5, 9.75, 9], "texture": "#texture"},
				"down": {"uv": [7.5, 6.25, 9.5, 8.75], "texture": "#texture"}
			}
		},
		{
			"name": "head",
			"from": [4.75, 5.6875, 7.75],
			"to": [5.25, 6.6875, 8.75],
			"rotation": {"angle": 45, "axis": "x", "origin": [4.75, 6.6875, 7.75]},
			"faces": {
				"north": {"uv": [7.25, 6.75, 9.25, 9.25], "texture": "#texture"},
				"east": {"uv": [7.75, 6.5, 9.75, 9], "texture": "#texture"},
				"south": {"uv": [7, 6.75, 9.5, 9.25], "texture": "#texture"},
				"west": {"uv": [6.25, 7.5, 8.75, 9.5], "texture": "#texture"},
				"up": {"uv": [6.75, 6.5, 9.75, 9], "texture": "#texture"},
				"down": {"uv": [7.5, 6.25, 9.5, 8.75], "texture": "#texture"}
			}
		},
		{
			"name": "head",
			"from": [4.75, 5, 7.4375],
			"to": [5.25, 6, 8.4375],
			"rotation": {"angle": -45, "axis": "x", "origin": [4.75, 6, 7.4375]},
			"faces": {
				"north": {"uv": [7.25, 6.75, 9.25, 9.25], "texture": "#texture"},
				"east": {"uv": [7.75, 6.5, 9.75, 9], "texture": "#texture"},
				"south": {"uv": [7, 6.75, 9.5, 9.25], "texture": "#texture"},
				"west": {"uv": [6.25, 7.5, 8.75, 9.5], "texture": "#texture"},
				"up": {"uv": [6.75, 6.5, 9.75, 9], "texture": "#texture"},
				"down": {"uv": [7.5, 6.25, 9.5, 8.75], "texture": "#texture"}
			}
		},
		{
			"name": "head",
			"from": [2.5625, 2.75, 9.5625],
			"to": [3.5625, 4.5, 10.5625],
			"rotation": {"angle": 45, "axis": "y", "origin": [2.5625, 2.75, 9.5625]},
			"faces": {
				"north": {"uv": [12.25, 7, 13.25, 8.5], "texture": "#particle"},
				"east": {"uv": [12.5, 7.25, 13.25, 8.75], "texture": "#particle"},
				"south": {"uv": [12, 7.25, 13, 8.75], "texture": "#particle"},
				"west": {"uv": [5.75, 7.25, 0.25, 15.75], "texture": "#particle"},
				"up": {"uv": [11.5, 7.5, 12.5, 8.25], "texture": "#particle"},
				"down": {"uv": [10, 7.75, 11, 8.5], "texture": "#particle"}
			}
		},
		{
			"name": "head",
			"from": [3.1875, 2.75, 5.75],
			"to": [4.1875, 4.5, 6.75],
			"rotation": {"angle": -45, "axis": "y", "origin": [3.1875, 2.75, 5.75]},
			"faces": {
				"north": {"uv": [12.25, 7, 13.25, 8.5], "texture": "#particle"},
				"east": {"uv": [12.5, 7.25, 13.25, 8.75], "texture": "#particle"},
				"south": {"uv": [12, 7.25, 13, 8.75], "texture": "#particle"},
				"west": {"uv": [0.25, 7.25, 5.75, 15.75], "texture": "#particle"},
				"up": {"uv": [11.5, 7.5, 12.5, 8.25], "texture": "#particle"},
				"down": {"uv": [10, 7.75, 11, 8.5], "texture": "#particle"}
			}
		},
		{
			"name": "head",
			"from": [1.5, 2.6875, 8.25],
			"to": [2.5, 3.25, 8.4375],
			"faces": {
				"north": {"uv": [12.25, 8.5, 13.25, 10], "texture": "#details"},
				"east": {"uv": [13, 10.5, 13.75, 12], "texture": "#details"},
				"south": {"uv": [12.5, 9.25, 13.5, 10.75], "texture": "#details"},
				"west": {"uv": [4.75, 8.5, 6.75, 14.75], "texture": "#details"},
				"up": {"uv": [11.25, 9, 12.25, 9.75], "texture": "#details"},
				"down": {"uv": [10.75, 10, 11.75, 10.75], "texture": "#details"}
			}
		},
		{
			"name": "head",
			"from": [1.5, 2.6875, 7.5],
			"to": [2.5, 3.25, 7.6875],
			"faces": {
				"north": {"uv": [12.25, 8.5, 13.25, 10], "texture": "#details"},
				"east": {"uv": [13, 10.5, 13.75, 12], "texture": "#details"},
				"south": {"uv": [12.5, 9.25, 13.5, 10.75], "texture": "#details"},
				"west": {"uv": [0.75, 8.5, 2.75, 14.75], "texture": "#details"},
				"up": {"uv": [11.25, 9, 12.25, 9.75], "texture": "#details"},
				"down": {"uv": [10.75, 10, 11.75, 10.75], "texture": "#details"}
			}
		},
		{
			"name": "body",
			"from": [6.5, 0, 5.75],
			"to": [11, 2.25, 10.25],
			"faces": {
				"north": {"uv": [2.5, 2, 4.5, 4.5], "texture": "#texture"},
				"east": {"uv": [2.5, 1.5, 4.5, 4], "texture": "#texture"},
				"south": {"uv": [1.5, 1.5, 4, 4], "texture": "#texture"},
				"west": {"uv": [2, 2, 4.5, 4], "texture": "#texture"},
				"up": {"uv": [1, 1, 4, 3.5], "texture": "#texture"},
				"down": {"uv": [2, 1, 4, 3.5], "texture": "#texture"}
			}
		},
		{
			"name": "body",
			"from": [5.75, 0, 6.5],
			"to": [11.75, 2.25, 9.5],
			"faces": {
				"north": {"uv": [2.5, 2, 4.5, 4.5], "texture": "#texture"},
				"east": {"uv": [2.5, 1.5, 4.5, 4], "texture": "#texture"},
				"south": {"uv": [1.5, 1.5, 4, 4], "texture": "#texture"},
				"west": {"uv": [2, 2, 4.5, 4], "texture": "#texture"},
				"up": {"uv": [1, 1, 4, 3.5], "texture": "#texture"},
				"down": {"uv": [2, 1, 4, 3.5], "texture": "#texture"}
			}
		},
		{
			"name": "body",
			"from": [6.5, 1.125, 10.25],
			"to": [11, 2.25, 10.625],
			"faces": {
				"north": {"uv": [1.75, 7.75, 3.75, 10.25], "texture": "#texture"},
				"east": {"uv": [1.75, 6.75, 3.75, 9.25], "texture": "#texture"},
				"south": {"uv": [1.75, 7, 4.25, 9.5], "texture": "#texture"},
				"west": {"uv": [1.5, 6.25, 4, 8.25], "texture": "#texture"},
				"up": {"uv": [1.25, 7, 4.25, 9.5], "texture": "#texture"},
				"down": {"uv": [2, 6.25, 4, 8.75], "texture": "#texture"}
			}
		},
		{
			"name": "body",
			"from": [6.5, -0.75, 6.5],
			"to": [11, -0.375, 9.5],
			"faces": {
				"north": {"uv": [2.5, 2, 4.5, 4.5], "texture": "#texture"},
				"east": {"uv": [2.5, 1.5, 4.5, 4], "texture": "#texture"},
				"south": {"uv": [1.5, 1.5, 4, 4], "texture": "#texture"},
				"west": {"uv": [2, 2, 4.5, 4], "texture": "#texture"},
				"up": {"uv": [1, 1, 4, 3.5], "texture": "#texture"},
				"down": {"uv": [2, 1, 4, 3.5], "texture": "#texture"}
			}
		},
		{
			"name": "body",
			"from": [6.5, 1.125, 5.375],
			"to": [11, 2.25, 5.75],
			"faces": {
				"north": {"uv": [1.75, 7.75, 3.75, 10.25], "texture": "#texture"},
				"east": {"uv": [1.75, 6.75, 3.75, 9.25], "texture": "#texture"},
				"south": {"uv": [1.75, 7, 4.25, 9.5], "texture": "#texture"},
				"west": {"uv": [1.5, 6.25, 4, 8.25], "texture": "#texture"},
				"up": {"uv": [1.25, 7, 4.25, 9.5], "texture": "#texture"},
				"down": {"uv": [2, 6.25, 4, 8.75], "texture": "#texture"}
			}
		},
		{
			"name": "body",
			"from": [11.75, 1.125, 6.5],
			"to": [12.125, 2.25, 9.5],
			"faces": {
				"north": {"uv": [1.75, 7.75, 3.75, 10.25], "texture": "#texture"},
				"east": {"uv": [1.75, 6.75, 3.75, 9.25], "texture": "#texture"},
				"south": {"uv": [1.75, 7, 4.25, 9.5], "texture": "#texture"},
				"west": {"uv": [1.5, 6.25, 4, 8.25], "texture": "#texture"},
				"up": {"uv": [1.25, 7, 4.25, 9.5], "texture": "#texture"},
				"down": {"uv": [2, 6.25, 4, 8.75], "texture": "#texture"}
			}
		},
		{
			"name": "body",
			"from": [5.375, 1.125, 6.5],
			"to": [5.75, 2.25, 9.5],
			"faces": {
				"north": {"uv": [1.75, 7.75, 3.75, 10.25], "texture": "#texture"},
				"east": {"uv": [1.75, 6.75, 3.75, 9.25], "texture": "#texture"},
				"south": {"uv": [1.75, 7, 4.25, 9.5], "texture": "#texture"},
				"west": {"uv": [1.5, 6.25, 4, 8.25], "texture": "#texture"},
				"up": {"uv": [1.25, 7, 4.25, 9.5], "texture": "#texture"},
				"down": {"uv": [2, 6.25, 4, 8.75], "texture": "#texture"}
			}
		},
		{
			"name": "body",
			"from": [5.75, 0, 6.5],
			"to": [6.815, 1.125, 7.4375],
			"rotation": {"angle": 45, "axis": "y", "origin": [5.75, 0, 6.5]},
			"faces": {
				"north": {"uv": [2.5, 2, 4.5, 4.5], "texture": "#texture"},
				"east": {"uv": [2.5, 1.5, 4.5, 4], "texture": "#texture"},
				"south": {"uv": [1.5, 1.5, 4, 4], "texture": "#texture"},
				"west": {"uv": [2, 2, 4.5, 4], "texture": "#texture"},
				"up": {"uv": [1, 1, 4, 3.5], "texture": "#texture"},
				"down": {"uv": [2, 1, 4, 3.5], "texture": "#texture"}
			}
		},
		{
			"name": "body",
			"from": [11, 0, 5.75],
			"to": [12.065, 1.125, 6.6875],
			"rotation": {"angle": -45, "axis": "y", "origin": [11, 0, 5.75]},
			"faces": {
				"north": {"uv": [2.5, 2, 4.5, 4.5], "texture": "#texture"},
				"east": {"uv": [2.5, 1.5, 4.5, 4], "texture": "#texture"},
				"south": {"uv": [1.5, 1.5, 4, 4], "texture": "#texture"},
				"west": {"uv": [2, 2, 4.5, 4], "texture": "#texture"},
				"up": {"uv": [1, 1, 4, 3.5], "texture": "#texture"},
				"down": {"uv": [2, 1, 4, 3.5], "texture": "#texture"}
			}
		},
		{
			"name": "body",
			"from": [6.41, 0, 8.84],
			"to": [7.475, 1.125, 9.7775],
			"rotation": {"angle": -45, "axis": "y", "origin": [6.41, 0, 8.84]},
			"faces": {
				"north": {"uv": [2.5, 2, 4.5, 4.5], "texture": "#texture"},
				"east": {"uv": [2.5, 1.5, 4.5, 4], "texture": "#texture"},
				"south": {"uv": [1.5, 1.5, 4, 4], "texture": "#texture"},
				"west": {"uv": [2, 2, 4.5, 4], "texture": "#texture"},
				"up": {"uv": [1, 1, 4, 3.5], "texture": "#texture"},
				"down": {"uv": [2, 1, 4, 3.5], "texture": "#texture"}
			}
		},
		{
			"name": "body",
			"from": [10.34, 0, 9.59],
			"to": [11.405, 1.125, 10.5275],
			"rotation": {"angle": 45, "axis": "y", "origin": [10.34, 0, 9.59]},
			"faces": {
				"north": {"uv": [2.5, 2, 4.5, 4.5], "texture": "#texture"},
				"east": {"uv": [2.5, 1.5, 4.5, 4], "texture": "#texture"},
				"south": {"uv": [1.5, 1.5, 4, 4], "texture": "#texture"},
				"west": {"uv": [2, 2, 4.5, 4], "texture": "#texture"},
				"up": {"uv": [1, 1, 4, 3.5], "texture": "#texture"},
				"down": {"uv": [2, 1, 4, 3.5], "texture": "#texture"}
			}
		},
		{
			"name": "body",
			"from": [5.375, 1.125, 6.5],
			"to": [6.965, 2.25, 7.25],
			"rotation": {"angle": 45, "axis": "y", "origin": [5.375, 1.125, 6.5]},
			"faces": {
				"north": {"uv": [1.75, 7.75, 3.75, 10.25], "texture": "#texture"},
				"east": {"uv": [1.75, 6.75, 3.75, 9.25], "texture": "#texture"},
				"south": {"uv": [1.75, 7, 4.25, 9.5], "texture": "#texture"},
				"west": {"uv": [1.5, 6.25, 4, 8.25], "texture": "#texture"},
				"up": {"uv": [1.25, 7, 4.25, 9.5], "texture": "#texture"},
				"down": {"uv": [2, 6.25, 4, 8.75], "texture": "#texture"}
			}
		},
		{
			"name": "body",
			"from": [11, 1.125, 5.375],
			"to": [12.59, 2.25, 6.125],
			"rotation": {"angle": -45, "axis": "y", "origin": [11, 1.125, 5.375]},
			"faces": {
				"north": {"uv": [1.75, 7.75, 3.75, 10.25], "texture": "#texture"},
				"east": {"uv": [1.75, 6.75, 3.75, 9.25], "texture": "#texture"},
				"south": {"uv": [1.75, 7, 4.25, 9.5], "texture": "#texture"},
				"west": {"uv": [1.5, 6.25, 4, 8.25], "texture": "#texture"},
				"up": {"uv": [1.25, 7, 4.25, 9.5], "texture": "#texture"},
				"down": {"uv": [2, 6.25, 4, 8.75], "texture": "#texture"}
			}
		},
		{
			"name": "body",
			"from": [5.89813, 1.125, 8.97687],
			"to": [7.48813, 2.25, 9.72687],
			"rotation": {"angle": -45, "axis": "y", "origin": [5.89813, 1.125, 8.97687]},
			"faces": {
				"north": {"uv": [1.75, 7.75, 3.75, 10.25], "texture": "#texture"},
				"east": {"uv": [1.75, 6.75, 3.75, 9.25], "texture": "#texture"},
				"south": {"uv": [1.75, 7, 4.25, 9.5], "texture": "#texture"},
				"west": {"uv": [1.5, 6.25, 4, 8.25], "texture": "#texture"},
				"up": {"uv": [1.25, 7, 4.25, 9.5], "texture": "#texture"},
				"down": {"uv": [2, 6.25, 4, 8.75], "texture": "#texture"}
			}
		},
		{
			"name": "body",
			"from": [10.4694, 1.125, 10.0944],
			"to": [12.0594, 2.25, 10.8444],
			"rotation": {"angle": 45, "axis": "y", "origin": [10.4694, 1.125, 10.0944]},
			"faces": {
				"north": {"uv": [1.75, 7.75, 3.75, 10.25], "texture": "#texture"},
				"east": {"uv": [1.75, 6.75, 3.75, 9.25], "texture": "#texture"},
				"south": {"uv": [1.75, 7, 4.25, 9.5], "texture": "#texture"},
				"west": {"uv": [1.5, 6.25, 4, 8.25], "texture": "#texture"},
				"up": {"uv": [1.25, 7, 4.25, 9.5], "texture": "#texture"},
				"down": {"uv": [2, 6.25, 4, 8.75], "texture": "#texture"}
			}
		},
		{
			"name": "body",
			"from": [6.2825, -0.22312, 6.5],
			"to": [7.3325, 0.52688, 9.5],
			"rotation": {"angle": -45, "axis": "z", "origin": [6.2825, 0.52688, 6.5]},
			"faces": {
				"north": {"uv": [2.5, 2, 4.5, 4.5], "texture": "#texture"},
				"east": {"uv": [2.5, 1.5, 4.5, 4], "texture": "#texture"},
				"south": {"uv": [1.5, 1.5, 4, 4], "texture": "#texture"},
				"west": {"uv": [2, 2, 4.5, 4], "texture": "#texture"},
				"up": {"uv": [1, 1, 4, 3.5], "texture": "#texture"},
				"down": {"uv": [2, 1, 4, 3.5], "texture": "#texture"}
			}
		},
		{
			"name": "body",
			"from": [10.4769, -0.96937, 6.5],
			"to": [11.5269, -0.21937, 9.5],
			"rotation": {"angle": 45, "axis": "z", "origin": [10.4769, -0.21937, 6.5]},
			"faces": {
				"north": {"uv": [2.5, 2, 4.5, 4.5], "texture": "#texture"},
				"east": {"uv": [2.5, 1.5, 4.5, 4], "texture": "#texture"},
				"south": {"uv": [1.5, 1.5, 4, 4], "texture": "#texture"},
				"west": {"uv": [2, 2, 4.5, 4], "texture": "#texture"},
				"up": {"uv": [1, 1, 4, 3.5], "texture": "#texture"},
				"down": {"uv": [2, 1, 4, 3.5], "texture": "#texture"}
			}
		},
		{
			"name": "body",
			"from": [6.5, -0.21937, 6.2825],
			"to": [11, 0.53063, 7.3475],
			"rotation": {"angle": 45, "axis": "x", "origin": [6.5, 0.53063, 6.2825]},
			"faces": {
				"north": {"uv": [2.5, 2, 4.5, 4.5], "texture": "#texture"},
				"east": {"uv": [2.5, 1.5, 4.5, 4], "texture": "#texture"},
				"south": {"uv": [1.5, 1.5, 4, 4], "texture": "#texture"},
				"west": {"uv": [2, 2, 4.5, 4], "texture": "#texture"},
				"up": {"uv": [1, 1, 4, 3.5], "texture": "#texture"},
				"down": {"uv": [2, 1, 4, 3.5], "texture": "#texture"}
			}
		},
		{
			"name": "body",
			"from": [6.5, -0.96937, 8.9675],
			"to": [11, -0.21937, 10.0325],
			"rotation": {"angle": -45, "axis": "x", "origin": [6.5, -0.21937, 8.9675]},
			"faces": {
				"north": {"uv": [2.5, 2, 4.5, 4.5], "texture": "#texture"},
				"east": {"uv": [2.5, 1.5, 4.5, 4], "texture": "#texture"},
				"south": {"uv": [1.5, 1.5, 4, 4], "texture": "#texture"},
				"west": {"uv": [2, 2, 4.5, 4], "texture": "#texture"},
				"up": {"uv": [1, 1, 4, 3.5], "texture": "#texture"},
				"down": {"uv": [2, 1, 4, 3.5], "texture": "#texture"}
			}
		},
		{
			"name": "body",
			"from": [6.5, -2.25, 5.75],
			"to": [8, 0.375, 7.25],
			"rotation": {"angle": 22.5, "axis": "x", "origin": [6.5, 0.375, 5.75]},
			"faces": {
				"north": {"uv": [2.5, 2, 4.5, 4.5], "texture": "#texture"},
				"east": {"uv": [2.5, 1.5, 4.5, 4], "texture": "#texture"},
				"south": {"uv": [1.5, 1.5, 4, 4], "texture": "#texture"},
				"west": {"uv": [2, 2, 4.5, 4], "texture": "#texture"},
				"up": {"uv": [1, 1, 4, 3.5], "texture": "#texture"},
				"down": {"uv": [6.75, 1.75, 8.75, 4.25], "texture": "#texture"}
			}
		},
		{
			"name": "body",
			"from": [6.5, -2.8125, 8.84375],
			"to": [8, -0.1875, 10.3438],
			"rotation": {"angle": -22.5, "axis": "x", "origin": [6.5, -0.1875, 8.84375]},
			"faces": {
				"north": {"uv": [2.5, 2, 4.5, 4.5], "texture": "#texture"},
				"east": {"uv": [2.5, 1.5, 4.5, 4], "texture": "#texture"},
				"south": {"uv": [1.5, 1.5, 4, 4], "texture": "#texture"},
				"west": {"uv": [2, 2, 4.5, 4], "texture": "#texture"},
				"up": {"uv": [1, 1, 4, 3.5], "texture": "#texture"},
				"down": {"uv": [6.75, 1.75, 8.75, 4.25], "texture": "#texture"}
			}
		},
		{
			"name": "body",
			"from": [6.5, 2.25, 5.75],
			"to": [11, 3, 10.25],
			"faces": {
				"north": {"uv": [7.25, 7, 9.25, 9.5], "texture": "#texture"},
				"east": {"uv": [6.5, 6.25, 8.5, 8.75], "texture": "#texture"},
				"south": {"uv": [6.75, 7, 9.25, 9.5], "texture": "#texture"},
				"west": {"uv": [6.5, 6.75, 9, 8.75], "texture": "#texture"},
				"up": {"uv": [6.5, 6.75, 9.5, 9.25], "texture": "#texture"},
				"down": {"uv": [7, 7, 9, 9.5], "texture": "#texture"}
			}
		},
		{
			"name": "body",
			"from": [5.75, 2.25, 6.5],
			"to": [11.75, 3, 9.5],
			"faces": {
				"north": {"uv": [7.25, 7, 9.25, 9.5], "texture": "#texture"},
				"east": {"uv": [6.5, 6.25, 8.5, 8.75], "texture": "#texture"},
				"south": {"uv": [6.75, 7, 9.25, 9.5], "texture": "#texture"},
				"west": {"uv": [6.5, 6.75, 9, 8.75], "texture": "#texture"},
				"up": {"uv": [6.5, 6.75, 9.5, 9.25], "texture": "#texture"},
				"down": {"uv": [7, 7, 9, 9.5], "texture": "#texture"}
			}
		},
		{
			"name": "body",
			"from": [6.5, 3.375, 6.5],
			"to": [11, 3.75, 9.5],
			"faces": {
				"north": {"uv": [7.25, 7, 9.25, 9.5], "texture": "#texture"},
				"east": {"uv": [6.5, 6.25, 8.5, 8.75], "texture": "#texture"},
				"south": {"uv": [6.75, 7, 9.25, 9.5], "texture": "#texture"},
				"west": {"uv": [6.5, 6.75, 9, 8.75], "texture": "#texture"},
				"up": {"uv": [6.5, 6.75, 9.5, 9.25], "texture": "#texture"},
				"down": {"uv": [7, 7, 9, 9.5], "texture": "#texture"}
			}
		},
		{
			"name": "body",
			"from": [5.75, 2.4375, 6.5],
			"to": [6.815, 3, 9.5],
			"rotation": {"angle": 45, "axis": "z", "origin": [5.75, 3, 6.5]},
			"faces": {
				"north": {"uv": [7.25, 7, 9.25, 9.5], "texture": "#texture"},
				"east": {"uv": [6.5, 6.25, 8.5, 8.75], "texture": "#texture"},
				"south": {"uv": [6.75, 7, 9.25, 9.5], "texture": "#texture"},
				"west": {"uv": [6.5, 6.75, 9, 8.75], "texture": "#texture"},
				"up": {"uv": [6.5, 6.75, 9.5, 9.25], "texture": "#texture"},
				"down": {"uv": [7, 7, 9, 9.5], "texture": "#texture"}
			}
		},
		{
			"name": "body",
			"from": [11, 3.1875, 6.5],
			"to": [12.065, 3.75, 9.5],
			"rotation": {"angle": -45, "axis": "z", "origin": [11, 3.75, 6.5]},
			"faces": {
				"north": {"uv": [7.25, 7, 9.25, 9.5], "texture": "#texture"},
				"east": {"uv": [6.5, 6.25, 8.5, 8.75], "texture": "#texture"},
				"south": {"uv": [6.75, 7, 9.25, 9.5], "texture": "#texture"},
				"west": {"uv": [6.5, 6.75, 9, 8.75], "texture": "#texture"},
				"up": {"uv": [6.5, 6.75, 9.5, 9.25], "texture": "#texture"},
				"down": {"uv": [7, 7, 9, 9.5], "texture": "#texture"}
			}
		},
		{
			"name": "body",
			"from": [6.5, 2.4375, 5.75],
			"to": [11, 3, 6.815],
			"rotation": {"angle": -45, "axis": "x", "origin": [6.5, 3, 5.75]},
			"faces": {
				"north": {"uv": [7.25, 7, 9.25, 9.5], "texture": "#texture"},
				"east": {"uv": [6.5, 6.25, 8.5, 8.75], "texture": "#texture"},
				"south": {"uv": [6.75, 7, 9.25, 9.5], "texture": "#texture"},
				"west": {"uv": [6.5, 6.75, 9, 8.75], "texture": "#texture"},
				"up": {"uv": [6.5, 6.75, 9.5, 9.25], "texture": "#texture"},
				"down": {"uv": [7, 7, 9, 9.5], "texture": "#texture"}
			}
		},
		{
			"name": "body",
			"from": [6.5, 3.1875, 9.5],
			"to": [11, 3.75, 10.565],
			"rotation": {"angle": 45, "axis": "x", "origin": [6.5, 3.75, 9.5]},
			"faces": {
				"north": {"uv": [7.25, 7, 9.25, 9.5], "texture": "#texture"},
				"east": {"uv": [6.5, 6.25, 8.5, 8.75], "texture": "#texture"},
				"south": {"uv": [6.75, 7, 9.25, 9.5], "texture": "#texture"},
				"west": {"uv": [6.5, 6.75, 9, 8.75], "texture": "#texture"},
				"up": {"uv": [6.5, 6.75, 9.5, 9.25], "texture": "#texture"},
				"down": {"uv": [7, 7, 9, 9.5], "texture": "#texture"}
			}
		},
		{
			"name": "body",
			"from": [5.75, 2.25, 6.5],
			"to": [6.815, 3, 7.25],
			"rotation": {"angle": 45, "axis": "y", "origin": [5.75, 2.25, 6.5]},
			"faces": {
				"north": {"uv": [7.25, 7, 9.25, 9.5], "texture": "#texture"},
				"east": {"uv": [6.5, 6.25, 8.5, 8.75], "texture": "#texture"},
				"south": {"uv": [6.75, 7, 9.25, 9.5], "texture": "#texture"},
				"west": {"uv": [6.5, 6.75, 9, 8.75], "texture": "#texture"},
				"up": {"uv": [6.5, 6.75, 9.5, 9.25], "texture": "#texture"},
				"down": {"uv": [7, 7, 9, 9.5], "texture": "#texture"}
			}
		},
		{
			"name": "body",
			"from": [11, 2.25, 5.75],
			"to": [12.065, 3, 6.5],
			"rotation": {"angle": -45, "axis": "y", "origin": [11, 2.25, 5.75]},
			"faces": {
				"north": {"uv": [7.25, 7, 9.25, 9.5], "texture": "#texture"},
				"east": {"uv": [6.5, 6.25, 8.5, 8.75], "texture": "#texture"},
				"south": {"uv": [6.75, 7, 9.25, 9.5], "texture": "#texture"},
				"west": {"uv": [6.5, 6.75, 9, 8.75], "texture": "#texture"},
				"up": {"uv": [6.5, 6.75, 9.5, 9.25], "texture": "#texture"},
				"down": {"uv": [7, 7, 9, 9.5], "texture": "#texture"}
			}
		},
		{
			"name": "body",
			"from": [6.28063, 2.25, 8.96937],
			"to": [7.34563, 3, 9.71937],
			"rotation": {"angle": -45, "axis": "y", "origin": [6.28063, 2.25, 8.96937]},
			"faces": {
				"north": {"uv": [7.25, 7, 9.25, 9.5], "texture": "#texture"},
				"east": {"uv": [6.5, 6.25, 8.5, 8.75], "texture": "#texture"},
				"south": {"uv": [6.75, 7, 9.25, 9.5], "texture": "#texture"},
				"west": {"uv": [6.5, 6.75, 9, 8.75], "texture": "#texture"},
				"up": {"uv": [6.5, 6.75, 9.5, 9.25], "texture": "#texture"},
				"down": {"uv": [7, 7, 9, 9.5], "texture": "#texture"}
			}
		},
		{
			"name": "body",
			"from": [10.4694, 2.25, 9.71937],
			"to": [11.5344, 3, 10.4694],
			"rotation": {"angle": 45, "axis": "y", "origin": [10.4694, 2.25, 9.71937]},
			"faces": {
				"north": {"uv": [7.25, 7, 9.25, 9.5], "texture": "#texture"},
				"east": {"uv": [6.5, 6.25, 8.5, 8.75], "texture": "#texture"},
				"south": {"uv": [6.75, 7, 9.25, 9.5], "texture": "#texture"},
				"west": {"uv": [6.5, 6.75, 9, 8.75], "texture": "#texture"},
				"up": {"uv": [6.5, 6.75, 9.5, 9.25], "texture": "#texture"},
				"down": {"uv": [7, 7, 9, 9.5], "texture": "#texture"}
			}
		},
		{
			"name": "body",
			"from": [8.1875, 2.25, 5.375],
			"to": [9.5, 3, 10.625],
			"faces": {
				"north": {"uv": [1.75, 7.75, 3.75, 10.25], "texture": "#texture"},
				"east": {"uv": [1.75, 6.75, 3.75, 9.25], "texture": "#texture"},
				"south": {"uv": [1.75, 7, 4.25, 9.5], "texture": "#texture"},
				"west": {"uv": [1.5, 6.25, 4, 8.25], "texture": "#texture"},
				"up": {"uv": [1.25, 7, 4.25, 9.5], "texture": "#texture"},
				"down": {"uv": [2, 6.25, 4, 8.75], "texture": "#texture"}
			}
		},
		{
			"name": "body",
			"from": [8.1875, 3.75, 6.5],
			"to": [9.5, 4.125, 9.5],
			"faces": {
				"north": {"uv": [1.75, 7.75, 3.75, 10.25], "texture": "#texture"},
				"east": {"uv": [1.75, 6.75, 3.75, 9.25], "texture": "#texture"},
				"south": {"uv": [1.75, 7, 4.25, 9.5], "texture": "#texture"},
				"west": {"uv": [1.5, 6.25, 4, 8.25], "texture": "#texture"},
				"up": {"uv": [1.25, 7, 4.25, 9.5], "texture": "#texture"},
				"down": {"uv": [2, 6.25, 4, 8.75], "texture": "#texture"}
			}
		},
		{
			"name": "body",
			"from": [8.1875, 2.625, 5.375],
			"to": [9.5, 3, 6.965],
			"rotation": {"angle": -45, "axis": "x", "origin": [8.1875, 3, 5.375]},
			"faces": {
				"north": {"uv": [1.75, 7.75, 3.75, 10.25], "texture": "#texture"},
				"east": {"uv": [1.75, 6.75, 3.75, 9.25], "texture": "#texture"},
				"south": {"uv": [1.75, 7, 4.25, 9.5], "texture": "#texture"},
				"west": {"uv": [1.5, 6.25, 4, 8.25], "texture": "#texture"},
				"up": {"uv": [1.25, 7, 4.25, 9.5], "texture": "#texture"},
				"down": {"uv": [2, 6.25, 4, 8.75], "texture": "#texture"}
			}
		},
		{
			"name": "body",
			"from": [8.1875, 3.75, 9.5],
			"to": [9.5, 4.125, 11.09],
			"rotation": {"angle": 45, "axis": "x", "origin": [8.1875, 4.125, 9.5]},
			"faces": {
				"north": {"uv": [1.75, 7.75, 3.75, 10.25], "texture": "#texture"},
				"east": {"uv": [1.75, 6.75, 3.75, 9.25], "texture": "#texture"},
				"south": {"uv": [1.75, 7, 4.25, 9.5], "texture": "#texture"},
				"west": {"uv": [1.5, 6.25, 4, 8.25], "texture": "#texture"},
				"up": {"uv": [1.25, 7, 4.25, 9.5], "texture": "#texture"},
				"down": {"uv": [2, 6.25, 4, 8.75], "texture": "#texture"}
			}
		},
		{
			"name": "body",
			"from": [11.1875, 0, 7.25],
			"to": [12.6875, 0.9375, 8.75],
			"rotation": {"angle": 22.5, "axis": "z", "origin": [11.1875, 0.9375, 7.25]},
			"faces": {
				"north": {"uv": [2.5, 2, 4.5, 4.5], "texture": "#texture"},
				"east": {"uv": [2.5, 1.5, 4.5, 4], "texture": "#texture"},
				"south": {"uv": [1.5, 1.5, 4, 4], "texture": "#texture"},
				"west": {"uv": [2, 2, 4.5, 4], "texture": "#texture"},
				"up": {"uv": [1, 1, 4, 3.5], "texture": "#texture"},
				"down": {"uv": [2, 1, 4, 3.5], "texture": "#texture"}
			}
		},
		{
			"name": "body",
			"from": [12.125, 0.375, 7.625],
			"to": [13.625, 0.9375, 8.375],
			"rotation": {"angle": 45, "axis": "z", "origin": [12.125, 0.9375, 7.625]},
			"faces": {
				"north": {"uv": [2.5, 2, 4.5, 4.5], "texture": "#texture"},
				"east": {"uv": [2.5, 1.5, 4.5, 4], "texture": "#texture"},
				"south": {"uv": [1.5, 1.5, 4, 4], "texture": "#texture"},
				"west": {"uv": [2, 2, 4.5, 4], "texture": "#texture"},
				"up": {"uv": [1, 1, 4, 3.5], "texture": "#texture"},
				"down": {"uv": [2, 1, 4, 3.5], "texture": "#texture"}
			}
		},
		{
			"name": "body",
			"from": [6.5, -2.35125, 10.22],
			"to": [8, -1.03875, 10.7825],
			"rotation": {"angle": -22.5, "axis": "x", "origin": [6.5, -1.03875, 10.22]},
			"faces": {
				"north": {"uv": [10.75, 8, 12.75, 9.25], "texture": "#particle"},
				"east": {"uv": [10.25, 8.25, 13, 9.25], "texture": "#particle"},
				"south": {"uv": [6.25, 10, 15.5, 13], "texture": "#particle"},
				"west": {"uv": [9.25, 7.75, 11.5, 8.5], "texture": "#particle"},
				"up": {"uv": [12.25, 7.25, 14.25, 9], "texture": "#particle"},
				"down": {"uv": [11.25, 7.25, 13, 8.75], "texture": "#particle"}
			}
		},
		{
			"name": "body",
			"from": [6.5, -2.71875, 9.32938],
			"to": [8, -1.40625, 9.89188],
			"rotation": {"angle": -22.5, "axis": "x", "origin": [6.5, -1.40625, 9.32938]},
			"faces": {
				"north": {"uv": [6.25, 10, 15.5, 13], "texture": "#particle"},
				"east": {"uv": [10.25, 8.25, 13, 9.25], "texture": "#particle"},
				"south": {"uv": [6.25, 10, 15.5, 13], "texture": "#particle"},
				"west": {"uv": [9.25, 7.75, 11.5, 8.5], "texture": "#particle"},
				"up": {"uv": [12.25, 7.25, 14.25, 9], "texture": "#particle"},
				"down": {"uv": [11.25, 7.25, 13, 8.75], "texture": "#particle"}
			}
		},
		{
			"name": "body",
			"from": [6.5, -2.14875, 5.23438],
			"to": [8, -0.83625, 5.79688],
			"rotation": {"angle": 22.5, "axis": "x", "origin": [6.5, -0.83625, 5.23438]},
			"faces": {
				"north": {"uv": [6.25, 10, 15.5, 13], "texture": "#particle"},
				"east": {"uv": [10.25, 8.25, 13, 9.25], "texture": "#particle"},
				"south": {"uv": [6.25, 10, 15.5, 13], "texture": "#particle"},
				"west": {"uv": [9.25, 7.75, 11.5, 8.5], "texture": "#particle"},
				"up": {"uv": [12.25, 7.25, 14.25, 9], "texture": "#particle"},
				"down": {"uv": [11.25, 7.25, 13, 8.75], "texture": "#particle"}
			}
		},
		{
			"name": "body",
			"from": [6.5, -2.49937, 6.125],
			"to": [8, -1.18687, 6.6875],
			"rotation": {"angle": 22.5, "axis": "x", "origin": [6.5, -1.18687, 6.125]},
			"faces": {
				"north": {"uv": [6.25, 10, 15.5, 13], "texture": "#particle"},
				"east": {"uv": [10.25, 8.25, 13, 9.25], "texture": "#particle"},
				"south": {"uv": [6.25, 10, 15.5, 13], "texture": "#particle"},
				"west": {"uv": [9.25, 7.75, 11.5, 8.5], "texture": "#particle"},
				"up": {"uv": [12.25, 7.25, 14.25, 9], "texture": "#particle"},
				"down": {"uv": [11.25, 7.25, 13, 8.75], "texture": "#particle"}
			}
		},
		{
			"name": "body",
			"from": [6.4925, -2.15625, 5.23438],
			"to": [7.055, -0.84375, 6.73438],
			"rotation": {"angle": 22.5, "axis": "x", "origin": [6.4925, -0.84375, 5.23438]},
			"faces": {
				"north": {"uv": [10.75, 8, 12.75, 9.25], "texture": "#particle"},
				"east": {"uv": [6.25, 10, 15.5, 13], "texture": "#particle"},
				"south": {"uv": [12.5, 7.25, 14.5, 9.5], "texture": "#particle"},
				"west": {"uv": [6.25, 10, 15.5, 13], "texture": "#particle"},
				"up": {"uv": [12.25, 7.25, 14.25, 9], "texture": "#particle"},
				"down": {"uv": [11.25, 7.25, 13, 8.75], "texture": "#particle"}
			}
		},
		{
			"name": "body",
			"from": [6.4925, -2.71875, 9.35938],
			"to": [7.055, -1.40625, 10.8594],
			"rotation": {"angle": -22.5, "axis": "x", "origin": [6.4925, -1.40625, 9.35938]},
			"faces": {
				"north": {"uv": [10.75, 8, 12.75, 9.25], "texture": "#particle"},
				"east": {"uv": [6.25, 10, 15.5, 13], "texture": "#particle"},
				"south": {"uv": [12.5, 7.25, 14.5, 9.5], "texture": "#particle"},
				"west": {"uv": [6.25, 10, 15.5, 13], "texture": "#particle"},
				"up": {"uv": [12.25, 7.25, 14.25, 9], "texture": "#particle"},
				"down": {"uv": [11.25, 7.25, 13, 8.75], "texture": "#particle"}
			}
		},
		{
			"name": "body",
			"from": [7.445, -2.15625, 5.23438],
			"to": [8.0075, -0.84375, 6.73438],
			"rotation": {"angle": 22.5, "axis": "x", "origin": [7.445, -0.84375, 5.23438]},
			"faces": {
				"north": {"uv": [10.75, 8, 12.75, 9.25], "texture": "#particle"},
				"east": {"uv": [6.25, 10, 15.5, 13], "texture": "#particle"},
				"south": {"uv": [12.5, 7.25, 14.5, 9.5], "texture": "#particle"},
				"west": {"uv": [6.25, 10, 15.5, 13], "texture": "#particle"},
				"up": {"uv": [12.25, 7.25, 14.25, 9], "texture": "#particle"},
				"down": {"uv": [11.25, 7.25, 13, 8.75], "texture": "#particle"}
			}
		},
		{
			"name": "body",
			"from": [7.445, -2.71875, 9.35938],
			"to": [8.0075, -1.40625, 10.8594],
			"rotation": {"angle": -22.5, "axis": "x", "origin": [7.445, -1.40625, 9.35938]},
			"faces": {
				"north": {"uv": [10.75, 8, 12.75, 9.25], "texture": "#particle"},
				"east": {"uv": [6.25, 10, 15.5, 13], "texture": "#particle"},
				"south": {"uv": [12.5, 7.25, 14.5, 9.5], "texture": "#particle"},
				"west": {"uv": [6.25, 10, 15.5, 13], "texture": "#particle"},
				"up": {"uv": [12.25, 7.25, 14.25, 9], "texture": "#particle"},
				"down": {"uv": [11.25, 7.25, 13, 8.75], "texture": "#particle"}
			}
		},
		{
			"name": "body",
			"from": [9.5, -2.25, 5.75],
			"to": [11, 0.375, 7.25],
			"rotation": {"angle": 22.5, "axis": "x", "origin": [9.5, 0.375, 5.75]},
			"faces": {
				"north": {"uv": [2.5, 2, 4.5, 4.5], "texture": "#texture"},
				"east": {"uv": [2.5, 1.5, 4.5, 4], "texture": "#texture"},
				"south": {"uv": [1.5, 1.5, 4, 4], "texture": "#texture"},
				"west": {"uv": [2, 2, 4.5, 4], "texture": "#texture"},
				"up": {"uv": [1, 1, 4, 3.5], "texture": "#texture"},
				"down": {"uv": [6.75, 1.75, 8.75, 4.25], "texture": "#texture"}
			}
		},
		{
			"name": "body",
			"from": [9.5, -2.8125, 8.84375],
			"to": [11, -0.1875, 10.3438],
			"rotation": {"angle": -22.5, "axis": "x", "origin": [9.5, -0.1875, 8.84375]},
			"faces": {
				"north": {"uv": [2.5, 2, 4.5, 4.5], "texture": "#texture"},
				"east": {"uv": [2.5, 1.5, 4.5, 4], "texture": "#texture"},
				"south": {"uv": [1.5, 1.5, 4, 4], "texture": "#texture"},
				"west": {"uv": [2, 2, 4.5, 4], "texture": "#texture"},
				"up": {"uv": [1, 1, 4, 3.5], "texture": "#texture"},
				"down": {"uv": [6.75, 1.75, 8.75, 4.25], "texture": "#texture"}
			}
		},
		{
			"name": "body",
			"from": [9.5, -2.35125, 10.22],
			"to": [11, -1.03875, 10.7825],
			"rotation": {"angle": -22.5, "axis": "x", "origin": [9.5, -1.03875, 10.22]},
			"faces": {
				"north": {"uv": [10.75, 8, 12.75, 9.25], "texture": "#particle"},
				"east": {"uv": [10.25, 8.25, 13, 9.25], "texture": "#particle"},
				"south": {"uv": [6.25, 10, 15.5, 13], "texture": "#particle"},
				"west": {"uv": [9.25, 7.75, 11.5, 8.5], "texture": "#particle"},
				"up": {"uv": [12.25, 7.25, 14.25, 9], "texture": "#particle"},
				"down": {"uv": [11.25, 7.25, 13, 8.75], "texture": "#particle"}
			}
		},
		{
			"name": "body",
			"from": [9.5, -2.71875, 9.32938],
			"to": [11, -1.40625, 9.89188],
			"rotation": {"angle": -22.5, "axis": "x", "origin": [9.5, -1.40625, 9.32938]},
			"faces": {
				"north": {"uv": [6.25, 10, 15.5, 13], "texture": "#particle"},
				"east": {"uv": [10.25, 8.25, 13, 9.25], "texture": "#particle"},
				"south": {"uv": [6.25, 10, 15.5, 13], "texture": "#particle"},
				"west": {"uv": [9.25, 7.75, 11.5, 8.5], "texture": "#particle"},
				"up": {"uv": [12.25, 7.25, 14.25, 9], "texture": "#particle"},
				"down": {"uv": [11.25, 7.25, 13, 8.75], "texture": "#particle"}
			}
		},
		{
			"name": "body",
			"from": [9.5, -2.14875, 5.23438],
			"to": [11, -0.83625, 5.79688],
			"rotation": {"angle": 22.5, "axis": "x", "origin": [9.5, -0.83625, 5.23438]},
			"faces": {
				"north": {"uv": [6.25, 10, 15.5, 13], "texture": "#particle"},
				"east": {"uv": [10.25, 8.25, 13, 9.25], "texture": "#particle"},
				"south": {"uv": [6.25, 10, 15.5, 13], "texture": "#particle"},
				"west": {"uv": [9.25, 7.75, 11.5, 8.5], "texture": "#particle"},
				"up": {"uv": [12.25, 7.25, 14.25, 9], "texture": "#particle"},
				"down": {"uv": [11.25, 7.25, 13, 8.75], "texture": "#particle"}
			}
		},
		{
			"name": "body",
			"from": [9.5, -2.49937, 6.125],
			"to": [11, -1.18687, 6.6875],
			"rotation": {"angle": 22.5, "axis": "x", "origin": [9.5, -1.18687, 6.125]},
			"faces": {
				"north": {"uv": [6.25, 10, 15.5, 13], "texture": "#particle"},
				"east": {"uv": [10.25, 8.25, 13, 9.25], "texture": "#particle"},
				"south": {"uv": [6.25, 10, 15.5, 13], "texture": "#particle"},
				"west": {"uv": [9.25, 7.75, 11.5, 8.5], "texture": "#particle"},
				"up": {"uv": [12.25, 7.25, 14.25, 9], "texture": "#particle"},
				"down": {"uv": [11.25, 7.25, 13, 8.75], "texture": "#particle"}
			}
		},
		{
			"name": "body",
			"from": [9.4925, -2.15625, 5.23438],
			"to": [10.055, -0.84375, 6.73438],
			"rotation": {"angle": 22.5, "axis": "x", "origin": [9.4925, -0.84375, 5.23438]},
			"faces": {
				"north": {"uv": [10.75, 8, 12.75, 9.25], "texture": "#particle"},
				"east": {"uv": [6.25, 10, 15.5, 13], "texture": "#particle"},
				"south": {"uv": [12.5, 7.25, 14.5, 9.5], "texture": "#particle"},
				"west": {"uv": [6.25, 10, 15.5, 13], "texture": "#particle"},
				"up": {"uv": [12.25, 7.25, 14.25, 9], "texture": "#particle"},
				"down": {"uv": [11.25, 7.25, 13, 8.75], "texture": "#particle"}
			}
		},
		{
			"name": "body",
			"from": [9.4925, -2.71875, 9.35938],
			"to": [10.055, -1.40625, 10.8594],
			"rotation": {"angle": -22.5, "axis": "x", "origin": [9.4925, -1.40625, 9.35938]},
			"faces": {
				"north": {"uv": [10.75, 8, 12.75, 9.25], "texture": "#particle"},
				"east": {"uv": [6.25, 10, 15.5, 13], "texture": "#particle"},
				"south": {"uv": [12.5, 7.25, 14.5, 9.5], "texture": "#particle"},
				"west": {"uv": [6.25, 10, 15.5, 13], "texture": "#particle"},
				"up": {"uv": [12.25, 7.25, 14.25, 9], "texture": "#particle"},
				"down": {"uv": [11.25, 7.25, 13, 8.75], "texture": "#particle"}
			}
		},
		{
			"name": "body",
			"from": [10.445, -2.15625, 5.23438],
			"to": [11.0075, -0.84375, 6.73438],
			"rotation": {"angle": 22.5, "axis": "x", "origin": [10.445, -0.84375, 5.23438]},
			"faces": {
				"north": {"uv": [10.75, 8, 12.75, 9.25], "texture": "#particle"},
				"east": {"uv": [6.25, 10, 15.5, 13], "texture": "#particle"},
				"south": {"uv": [12.5, 7.25, 14.5, 9.5], "texture": "#particle"},
				"west": {"uv": [6.25, 10, 15.5, 13], "texture": "#particle"},
				"up": {"uv": [12.25, 7.25, 14.25, 9], "texture": "#particle"},
				"down": {"uv": [11.25, 7.25, 13, 8.75], "texture": "#particle"}
			}
		},
		{
			"name": "body",
			"from": [10.445, -2.71875, 9.35938],
			"to": [11.0075, -1.40625, 10.8594],
			"rotation": {"angle": -22.5, "axis": "x", "origin": [10.445, -1.40625, 9.35938]},
			"faces": {
				"north": {"uv": [10.75, 8, 12.75, 9.25], "texture": "#particle"},
				"east": {"uv": [6.25, 10, 15.5, 13], "texture": "#particle"},
				"south": {"uv": [12.5, 7.25, 14.5, 9.5], "texture": "#particle"},
				"west": {"uv": [6.25, 10, 15.5, 13], "texture": "#particle"},
				"up": {"uv": [12.25, 7.25, 14.25, 9], "texture": "#particle"},
				"down": {"uv": [11.25, 7.25, 13, 8.75], "texture": "#particle"}
			}
		}
	],
	"display": {
		"thirdperson_righthand": {
			"rotation": [68, -90, 0],
			"translation": [-6, 1.25, 14],
			"scale": [2.25, 2.5, 2.25]
		},
		"thirdperson_lefthand": {
			"rotation": [68, 90, 0],
			"translation": [-6, 1.25, 14],
			"scale": [2.25, 2.5, 2.25]
		},
		"firstperson_righthand": {
			"scale": [0, 0, 0]
		},
		"firstperson_lefthand": {
			"scale": [0, 0, 0]
		},
		"ground": {
			"scale": [0, 0, 0]
		},
		"gui": {
			"rotation": [30, 45, 0],
			"translation": [0, 5, 0],
			"scale": [0, 0, 0]
		},
		"head": {
			"rotation": [0, -90, 0],
			"translation": [0, -2.25, -1],
			"scale": [3.5, 4, 3.5]
		},
		"fixed": {
			"scale": [0, 0, 0]
		}
	}
}