{
	"credit": "Designed by Madston",
	"textures": {
		"texture": "pokemon/chimchar/chimchar_base",
		"eye": "pokemon/chimchar/eye",
		"fire_layer_1": "pokemon/monferno/fire_cc",
		"ear_back": "pokemon/chimchar/ear_back",
		"particle": "pokemon/chimchar/ear"
	},
	"elements": [
		{
			"from": [6.5, 8.25, 6.5],
			"to": [7.5, 9.375, 9.5],
			"faces": {
				"north": {"uv": [6.5, 1, 8.5, 3], "texture": "#texture"},
				"east": {"uv": [7, 1, 9.5, 3], "texture": "#texture"},
				"south": {"uv": [7, 1.5, 9.5, 3.5], "texture": "#texture"},
				"west": {"uv": [7, 1.5, 10, 3.5], "texture": "#texture"},
				"up": {"uv": [6.5, 1.5, 9, 4], "texture": "#texture"},
				"down": {"uv": [6.5, 0.5, 9, 3], "texture": "#texture"}
			}
		},
		{
			"from": [5.5, 9.25, 6.5],
			"to": [7.5, 12.25, 9.5],
			"faces": {
				"north": {"uv": [6.5, 1, 8.5, 3], "texture": "#texture"},
				"east": {"uv": [7, 1, 9.5, 3], "texture": "#texture"},
				"south": {"uv": [7, 1.5, 9.5, 3.5], "texture": "#texture"},
				"west": {"uv": [7, 1.5, 10, 3.5], "texture": "#texture"},
				"up": {"uv": [6.5, 1.5, 9, 4], "texture": "#texture"},
				"down": {"uv": [6.5, 0.5, 9, 3], "texture": "#texture"}
			}
		},
		{
			"from": [6.5, 9.25, 5.5],
			"to": [7.5, 12.25, 10.5],
			"faces": {
				"north": {"uv": [6.5, 1, 8.5, 3], "texture": "#texture"},
				"east": {"uv": [7, 1, 9.5, 3], "texture": "#texture"},
				"south": {"uv": [7, 1.5, 9.5, 3.5], "texture": "#texture"},
				"west": {"uv": [7, 1.5, 10, 3.5], "texture": "#texture"},
				"up": {"uv": [6.5, 1.5, 9, 4], "texture": "#texture"},
				"down": {"uv": [6.5, 0.5, 9, 3], "texture": "#texture"}
			}
		},
		{
			"from": [7.5, 9.25, 5.5],
			"to": [9, 12.25, 10.5],
			"faces": {
				"north": {"uv": [1.5, 1, 3.5, 3], "texture": "#texture"},
				"east": {"uv": [0.5, 0.5, 3, 2.5], "texture": "#texture"},
				"south": {"uv": [1.5, 1.5, 4, 3.5], "texture": "#texture"},
				"west": {"uv": [1.5, 1, 4.5, 3], "texture": "#texture"},
				"up": {"uv": [1.5, 1, 4, 3.5], "texture": "#texture"},
				"down": {"uv": [1.5, 1.5, 4, 4], "texture": "#texture"}
			}
		},
		{
			"from": [7.5, 8.25, 6.5],
			"to": [9, 13.25, 9.5],
			"faces": {
				"north": {"uv": [1.5, 1, 3.5, 3], "texture": "#texture"},
				"east": {"uv": [0.5, 0.5, 3, 2.5], "texture": "#texture"},
				"south": {"uv": [1.5, 1.5, 4, 3.5], "texture": "#texture"},
				"west": {"uv": [1.5, 1, 4.5, 3], "texture": "#texture"},
				"up": {"uv": [1.5, 1, 4, 3.5], "texture": "#texture"},
				"down": {"uv": [1.5, 1.5, 4, 4], "texture": "#texture"}
			}
		},
		{
			"from": [9.5, 9.25, 6.5],
			"to": [10, 12.25, 9.5],
			"faces": {
				"north": {"uv": [1.5, 1, 3.5, 3], "texture": "#texture"},
				"east": {"uv": [0.5, 0.5, 3, 2.5], "texture": "#texture"},
				"south": {"uv": [1.5, 1.5, 4, 3.5], "texture": "#texture"},
				"west": {"uv": [1.5, 1, 4.5, 3], "texture": "#texture"},
				"up": {"uv": [1.5, 1, 4, 3.5], "texture": "#texture"},
				"down": {"uv": [1.5, 1.5, 4, 4], "texture": "#texture"}
			}
		},
		{
			"from": [6.5, 12.75, 6.5],
			"to": [7.5, 13.25, 9.5],
			"faces": {
				"north": {"uv": [1.5, 1, 3.5, 3], "texture": "#texture"},
				"east": {"uv": [0.5, 0.5, 3, 2.5], "texture": "#texture"},
				"south": {"uv": [1.5, 1.5, 4, 3.5], "texture": "#texture"},
				"west": {"uv": [1.5, 1, 4.5, 3], "texture": "#texture"},
				"up": {"uv": [1.5, 1, 4, 3.5], "texture": "#texture"},
				"down": {"uv": [1.5, 1.5, 4, 4], "texture": "#texture"}
			}
		},
		{
			"from": [5.5, 11.25, 6.5],
			"to": [6.92, 12.25, 9.5],
			"rotation": {"angle": 45, "axis": "z", "origin": [5.5, 12.25, 6.5]},
			"faces": {
				"north": {"uv": [6.5, 1, 8.5, 3], "texture": "#texture"},
				"east": {"uv": [7, 1, 9.5, 3], "texture": "#texture"},
				"south": {"uv": [7, 1.5, 9.5, 3.5], "texture": "#texture"},
				"west": {"uv": [7, 1.5, 10, 3.5], "texture": "#texture"},
				"up": {"uv": [6.5, 1.5, 9, 4], "texture": "#texture"},
				"down": {"uv": [6.5, 0.5, 9, 3], "texture": "#texture"}
			}
		},
		{
			"from": [5.5, 9.25, 6.5],
			"to": [6.92, 12.25, 7.5],
			"rotation": {"angle": 45, "axis": "y", "origin": [5.5, 9.25, 6.5]},
			"faces": {
				"north": {"uv": [6.5, 1, 8.5, 3], "texture": "#texture"},
				"east": {"uv": [7, 1, 9.5, 3], "texture": "#texture"},
				"south": {"uv": [7, 1.5, 9.5, 3.5], "texture": "#texture"},
				"west": {"uv": [7, 1.5, 10, 3.5], "texture": "#texture"},
				"up": {"uv": [6.5, 1.5, 9, 4], "texture": "#texture"},
				"down": {"uv": [6.5, 0.5, 9, 3], "texture": "#texture"}
			}
		},
		{
			"from": [5.5, 9.25, 9.5],
			"to": [6.5, 12.25, 10.92],
			"rotation": {"angle": 45, "axis": "y", "origin": [5.5, 9.25, 9.5]},
			"faces": {
				"north": {"uv": [6.5, 1, 8.5, 3], "texture": "#texture"},
				"east": {"uv": [7, 1, 9.5, 3], "texture": "#texture"},
				"south": {"uv": [7, 1.5, 9.5, 3.5], "texture": "#texture"},
				"west": {"uv": [7, 1.5, 10, 3.5], "texture": "#texture"},
				"up": {"uv": [6.5, 1.5, 9, 4], "texture": "#texture"},
				"down": {"uv": [6.5, 0.5, 9, 3], "texture": "#texture"}
			}
		},
		{
			"from": [6.2075, 8.46, 7],
			"to": [6.9575, 9.46, 9],
			"rotation": {"angle": -22.5, "axis": "z", "origin": [6.2075, 9.46, 7]},
			"faces": {
				"north": {"uv": [6.5, 1, 8.5, 3], "texture": "#texture"},
				"east": {"uv": [7, 1, 9.5, 3], "texture": "#texture"},
				"south": {"uv": [7, 1.5, 9.5, 3.5], "texture": "#texture"},
				"west": {"uv": [7, 1.5, 10, 3.5], "texture": "#texture"},
				"up": {"uv": [6.5, 1.5, 9, 4], "texture": "#texture"},
				"down": {"uv": [6.5, 0.5, 9, 3], "texture": "#texture"}
			}
		},
		{
			"from": [5, 9.75, 7],
			"to": [6.25, 10.25, 9],
			"faces": {
				"north": {"uv": [6.5, 1, 8.5, 3], "texture": "#texture"},
				"east": {"uv": [7, 1, 9.5, 3], "texture": "#texture"},
				"south": {"uv": [7, 1.5, 9.5, 3.5], "texture": "#texture"},
				"west": {"uv": [7, 1.5, 10, 3.5], "texture": "#texture"},
				"up": {"uv": [6.5, 1.5, 9, 4], "texture": "#texture"},
				"down": {"uv": [6.5, 0.5, 9, 3], "texture": "#texture"}
			}
		},
		{
			"from": [5, 9.75, 7],
			"to": [6, 10.25, 9],
			"rotation": {"angle": 45, "axis": "z", "origin": [5, 10.25, 7]},
			"faces": {
				"north": {"uv": [6.5, 1, 8.5, 3], "texture": "#texture"},
				"east": {"uv": [7, 1, 9.5, 3], "texture": "#texture"},
				"south": {"uv": [7, 1.5, 9.5, 3.5], "texture": "#texture"},
				"west": {"uv": [7, 1.5, 10, 3.5], "texture": "#texture"},
				"up": {"uv": [6.5, 1.5, 9, 4], "texture": "#texture"},
				"down": {"uv": [6.5, 0.5, 9, 3], "texture": "#texture"}
			}
		},
		{
			"from": [5, 9.75, 7],
			"to": [6, 10.25, 7.5],
			"rotation": {"angle": 45, "axis": "y", "origin": [5, 9.75, 7]},
			"faces": {
				"north": {"uv": [6.5, 1, 8.5, 3], "texture": "#texture"},
				"east": {"uv": [7, 1, 9.5, 3], "texture": "#texture"},
				"south": {"uv": [7, 1.5, 9.5, 3.5], "texture": "#texture"},
				"west": {"uv": [7, 1.5, 10, 3.5], "texture": "#texture"},
				"up": {"uv": [6.5, 1.5, 9, 4], "texture": "#texture"},
				"down": {"uv": [6.5, 0.5, 9, 3], "texture": "#texture"}
			}
		},
		{
			"from": [5, 9.75, 9],
			"to": [5.5, 10.25, 10],
			"rotation": {"angle": 45, "axis": "y", "origin": [5, 9.75, 9]},
			"faces": {
				"north": {"uv": [6.5, 1, 8.5, 3], "texture": "#texture"},
				"east": {"uv": [7, 1, 9.5, 3], "texture": "#texture"},
				"south": {"uv": [7, 1.5, 9.5, 3.5], "texture": "#texture"},
				"west": {"uv": [7, 1.5, 10, 3.5], "texture": "#texture"},
				"up": {"uv": [6.5, 1.5, 9, 4], "texture": "#texture"},
				"down": {"uv": [6.5, 0.5, 9, 3], "texture": "#texture"}
			}
		},
		{
			"from": [5.495, 10.75, 6.5],
			"to": [6.495, 12.25, 7.25],
			"faces": {
				"north": {"uv": [11.625, 3.75, 13.375, 6], "texture": "#eye"},
				"east": {"uv": [0.25, 0, 6, 16], "texture": "#eye"},
				"south": {"uv": [10.875, 1.625, 12.625, 3.625], "texture": "#eye"},
				"west": {"uv": [6, 0, 0.25, 16], "texture": "#eye"},
				"up": {"uv": [11.75, 3.25, 13.25, 5], "texture": "#eye"},
				"down": {"uv": [11.375, 1.375, 12.875, 2.875], "texture": "#eye"}
			}
		},
		{
			"from": [5.495, 10.75, 9.5],
			"to": [6.495, 12.25, 10],
			"rotation": {"angle": 45, "axis": "y", "origin": [5.495, 10.75, 9.5]},
			"faces": {
				"north": {"uv": [11.625, 3.75, 13.375, 6], "texture": "#eye"},
				"east": {"uv": [6, 0, 10, 16], "texture": "#eye"},
				"south": {"uv": [10.875, 1.625, 12.625, 3.625], "texture": "#eye"},
				"west": {"uv": [6, 0, 10, 16], "texture": "#eye"},
				"up": {"uv": [11.75, 3.25, 13.25, 5], "texture": "#eye"},
				"down": {"uv": [11.375, 1.375, 12.875, 2.875], "texture": "#eye"}
			}
		},
		{
			"from": [5.495, 10.75, 8.75],
			"to": [6.495, 12.25, 9.5],
			"faces": {
				"north": {"uv": [11.625, 3.75, 13.375, 6], "texture": "#eye"},
				"east": {"uv": [6, 0, 0.25, 16], "texture": "#eye"},
				"south": {"uv": [10.875, 1.625, 12.625, 3.625], "texture": "#eye"},
				"west": {"uv": [0.25, 0, 6, 16], "texture": "#eye"},
				"up": {"uv": [11.75, 3.25, 13.25, 5], "texture": "#eye"},
				"down": {"uv": [11.375, 1.375, 12.875, 2.875], "texture": "#eye"}
			}
		},
		{
			"from": [5.8475, 10.75, 6.15],
			"to": [6.8475, 12.25, 6.65],
			"rotation": {"angle": -45, "axis": "y", "origin": [5.8475, 10.75, 6.15]},
			"faces": {
				"north": {"uv": [11.625, 3.75, 13.375, 6], "texture": "#eye"},
				"east": {"uv": [6, 0, 10, 16], "texture": "#eye"},
				"south": {"uv": [10.875, 1.625, 12.625, 3.625], "texture": "#eye"},
				"west": {"uv": [10, 0, 6, 16], "texture": "#eye"},
				"up": {"uv": [11.75, 3.25, 13.25, 5], "texture": "#eye"},
				"down": {"uv": [11.375, 1.375, 12.875, 2.875], "texture": "#eye"}
			}
		},
		{
			"from": [7.5, 6.59, 5.5],
			"to": [9, 12.25, 6.92],
			"rotation": {"angle": -45, "axis": "x", "origin": [7.5, 12.25, 5.5]},
			"faces": {
				"north": {"uv": [1.5, 1, 3.5, 3], "texture": "#texture"},
				"east": {"uv": [0.5, 0.5, 3, 2.5], "texture": "#texture"},
				"south": {"uv": [1.5, 1.5, 4, 3.5], "texture": "#texture"},
				"west": {"uv": [1.5, 1, 4.5, 3], "texture": "#texture"},
				"up": {"uv": [1.5, 1, 4, 3.5], "texture": "#texture"},
				"down": {"uv": [1.5, 1.5, 4, 4], "texture": "#texture"}
			}
		},
		{
			"from": [7.5, 7.59, 9.5],
			"to": [9, 13.25, 10.92],
			"rotation": {"angle": 45, "axis": "x", "origin": [7.5, 13.25, 9.5]},
			"faces": {
				"north": {"uv": [1.5, 1, 3.5, 3], "texture": "#texture"},
				"east": {"uv": [0.5, 0.5, 3, 2.5], "texture": "#texture"},
				"south": {"uv": [1.5, 1.5, 4, 3.5], "texture": "#texture"},
				"west": {"uv": [1.5, 1, 4.5, 3], "texture": "#texture"},
				"up": {"uv": [1.5, 1, 4, 3.5], "texture": "#texture"},
				"down": {"uv": [1.5, 1.5, 4, 4], "texture": "#texture"}
			}
		},
		{
			"from": [5.75, 11.505, 7.25],
			"to": [6.82, 12.505, 8.75],
			"rotation": {"angle": 45, "axis": "z", "origin": [5.75, 12.505, 7.25]},
			"faces": {
				"north": {"uv": [11.25, 10, 12.5, 11.5], "texture": "#particle"},
				"east": {"uv": [10.5, 10.75, 13, 12], "texture": "#particle"},
				"south": {"uv": [11.5, 10.25, 13.5, 11.75], "texture": "#particle"},
				"west": {"uv": [11.25, 10.75, 14.25, 12.25], "texture": "#particle"},
				"up": {"uv": [10.5, 1, 15.5, 10.5], "texture": "#particle"},
				"down": {"uv": [10.5, 1, 15.5, 10.5], "texture": "#particle"}
			}
		},
		{
			"from": [5.995, 11.755, 6.5],
			"to": [6.715, 12.755, 7.5],
			"rotation": {"angle": 45, "axis": "z", "origin": [5.995, 12.755, 6.5]},
			"faces": {
				"north": {"uv": [11.25, 10, 12.5, 11.5], "texture": "#particle"},
				"east": {"uv": [10.5, 10.75, 13, 12], "texture": "#particle"},
				"south": {"uv": [11.5, 10.25, 13.5, 11.75], "texture": "#particle"},
				"west": {"uv": [11.25, 10.75, 14.25, 12.25], "texture": "#particle"},
				"up": {"uv": [10.5, 1, 15.5, 10.5], "texture": "#particle"},
				"down": {"uv": [10.5, 1, 15.5, 10.5], "texture": "#particle"}
			}
		},
		{
			"from": [5.995, 11.755, 8.5],
			"to": [6.715, 12.755, 9.5],
			"rotation": {"angle": 45, "axis": "z", "origin": [5.995, 12.755, 8.5]},
			"faces": {
				"north": {"uv": [11.25, 10, 12.5, 11.5], "texture": "#particle"},
				"east": {"uv": [10.5, 10.75, 13, 12], "texture": "#particle"},
				"south": {"uv": [11.5, 10.25, 13.5, 11.75], "texture": "#particle"},
				"west": {"uv": [11.25, 10.75, 14.25, 12.25], "texture": "#particle"},
				"up": {"uv": [10.5, 1, 15.5, 10.5], "texture": "#particle"},
				"down": {"uv": [10.5, 1, 15.5, 10.5], "texture": "#particle"}
			}
		},
		{
			"from": [5.495, 12, 7.25],
			"to": [6.495, 12.25, 7.3125],
			"faces": {
				"north": {"uv": [11.75, 7.75, 13.5, 10], "texture": "#texture"},
				"east": {"uv": [11.5, 0.5, 14.5, 5], "texture": "#texture"},
				"south": {"uv": [11.25, 6.75, 13, 8.75], "texture": "#texture"},
				"west": {"uv": [14.5, 0.5, 11.5, 5], "texture": "#texture"},
				"up": {"uv": [13.5, 7.5, 15, 9.25], "texture": "#texture"},
				"down": {"uv": [12.75, 7.5, 14.25, 9], "texture": "#texture"}
			}
		},
		{
			"from": [5.495, 12, 8.625],
			"to": [6.495, 12.25, 8.6875],
			"faces": {
				"north": {"uv": [11.75, 7.75, 13.5, 10], "texture": "#texture"},
				"east": {"uv": [11.5, 0.5, 14.5, 5], "texture": "#texture"},
				"south": {"uv": [11.25, 6.75, 13, 8.75], "texture": "#texture"},
				"west": {"uv": [11.5, 0.5, 14.5, 5], "texture": "#texture"},
				"up": {"uv": [13.5, 7.5, 15, 9.25], "texture": "#texture"},
				"down": {"uv": [12.75, 7.5, 14.25, 9], "texture": "#texture"}
			}
		},
		{
			"from": [5.245, 10.25, 7.375],
			"to": [5.995, 10.5, 7.5],
			"rotation": {"angle": -45, "axis": "z", "origin": [5.245, 10.5, 7.375]},
			"faces": {
				"north": {"uv": [11.75, 7.75, 13.5, 10], "texture": "#texture"},
				"east": {"uv": [11.5, 0.5, 14.5, 5], "texture": "#texture"},
				"south": {"uv": [11.25, 6.75, 13, 8.75], "texture": "#texture"},
				"west": {"uv": [14.5, 0.5, 11.5, 5], "texture": "#texture"},
				"up": {"uv": [13.5, 7.5, 15, 9.25], "texture": "#texture"},
				"down": {"uv": [12.75, 7.5, 14.25, 9], "texture": "#texture"}
			}
		},
		{
			"from": [5.245, 10.25, 8.5],
			"to": [5.995, 10.5, 8.625],
			"rotation": {"angle": -45, "axis": "z", "origin": [5.245, 10.5, 8.5]},
			"faces": {
				"north": {"uv": [11.75, 7.75, 13.5, 10], "texture": "#texture"},
				"east": {"uv": [11.5, 0.5, 14.5, 5], "texture": "#texture"},
				"south": {"uv": [11.25, 6.75, 13, 8.75], "texture": "#texture"},
				"west": {"uv": [11.5, 0.5, 14.5, 5], "texture": "#texture"},
				"up": {"uv": [13.5, 7.5, 15, 9.25], "texture": "#texture"},
				"down": {"uv": [12.75, 7.5, 14.25, 9], "texture": "#texture"}
			}
		},
		{
			"from": [7.25, 13, 7.5],
			"to": [8.5, 13.75, 8.75],
			"rotation": {"angle": -22.5, "axis": "z", "origin": [7.25, 13.75, 7.5]},
			"faces": {
				"north": {"uv": [1.5, 1, 3.5, 3], "texture": "#texture"},
				"east": {"uv": [0.5, 0.5, 3, 2.5], "texture": "#texture"},
				"south": {"uv": [1.5, 1.5, 4, 3.5], "texture": "#texture"},
				"west": {"uv": [1.5, 1, 4.5, 3], "texture": "#texture"},
				"up": {"uv": [1.5, 1, 4, 3.5], "texture": "#texture"},
				"down": {"uv": [1.5, 1.5, 4, 4], "texture": "#texture"}
			}
		},
		{
			"from": [7.25, 13, 7.5],
			"to": [8.875, 13.75, 8.75],
			"rotation": {"angle": 22.5, "axis": "z", "origin": [7.25, 13.75, 7.5]},
			"faces": {
				"north": {"uv": [1.5, 1, 3.5, 3], "texture": "#texture"},
				"east": {"uv": [0.5, 0.5, 3, 2.5], "texture": "#texture"},
				"south": {"uv": [1.5, 1.5, 4, 3.5], "texture": "#texture"},
				"west": {"uv": [1.5, 1, 4.5, 3], "texture": "#texture"},
				"up": {"uv": [1.5, 1, 4, 3.5], "texture": "#texture"},
				"down": {"uv": [1.5, 1.5, 4, 4], "texture": "#texture"}
			}
		},
		{
			"from": [8.625, 13.875, 7.75],
			"to": [9.125, 15.125, 8.5],
			"rotation": {"angle": -22.5, "axis": "z", "origin": [8.625, 15.125, 7.75]},
			"faces": {
				"north": {"uv": [1.5, 1, 3.5, 3], "texture": "#texture"},
				"east": {"uv": [0.5, 0.5, 3, 2.5], "texture": "#texture"},
				"south": {"uv": [1.5, 1.5, 4, 3.5], "texture": "#texture"},
				"west": {"uv": [1.5, 1, 4.5, 3], "texture": "#texture"},
				"up": {"uv": [1.5, 1, 4, 3.5], "texture": "#texture"},
				"down": {"uv": [1.5, 1.5, 4, 4], "texture": "#texture"}
			}
		},
		{
			"from": [7, 9.75, 10.25],
			"to": [7.0625, 13.25, 12.25],
			"rotation": {"angle": 45, "axis": "y", "origin": [7, 9.75, 10.25]},
			"faces": {
				"north": {"uv": [7.75, 0.75, 9.75, 2], "texture": "#particle"},
				"east": {"uv": [0.5, 0.5, 10, 15.5], "texture": "#ear_back"},
				"south": {"uv": [9, 1.75, 10.75, 2.75], "texture": "#particle"},
				"west": {"uv": [10, 0.5, 0.5, 15.5], "texture": "#particle"},
				"up": {"uv": [8.75, 1.25, 11, 2.75], "texture": "#particle"},
				"down": {"uv": [9.25, 0.75, 12, 2.5], "texture": "#particle"}
			}
		},
		{
			"from": [8.375, 9.75, 4.1875],
			"to": [8.4375, 13.25, 6.1875],
			"rotation": {"angle": -45, "axis": "y", "origin": [8.375, 9.75, 4.1875]},
			"faces": {
				"north": {"uv": [7.75, 0.75, 9.75, 2], "texture": "#particle"},
				"east": {"uv": [10, 0.5, 0.5, 15.5], "texture": "#ear_back"},
				"south": {"uv": [9, 1.75, 10.75, 2.75], "texture": "#particle"},
				"west": {"uv": [0.5, 0.5, 10, 15.5], "texture": "#particle"},
				"up": {"uv": [8.75, 1.25, 11, 2.75], "texture": "#particle"},
				"down": {"uv": [9.25, 0.75, 12, 2.5], "texture": "#particle"}
			}
		},
		{
			"from": [9, 12.5, 6.5],
			"to": [10.42, 13.25, 9.5],
			"rotation": {"angle": -45, "axis": "z", "origin": [9, 13.25, 6.5]},
			"faces": {
				"north": {"uv": [1.5, 1, 3.5, 3], "texture": "#texture"},
				"east": {"uv": [0.5, 0.5, 3, 2.5], "texture": "#texture"},
				"south": {"uv": [1.5, 1.5, 4, 3.5], "texture": "#texture"},
				"west": {"uv": [1.5, 1, 4.5, 3], "texture": "#texture"},
				"up": {"uv": [1.5, 1, 4, 3.5], "texture": "#texture"},
				"down": {"uv": [1.5, 1.5, 4, 4], "texture": "#texture"}
			}
		},
		{
			"from": [9.2925, 8.5375, 6.5],
			"to": [10.2925, 9.9575, 9.5],
			"rotation": {"angle": -45, "axis": "z", "origin": [9.2925, 9.9575, 6.5]},
			"faces": {
				"north": {"uv": [1.5, 1, 3.5, 3], "texture": "#texture"},
				"east": {"uv": [0.5, 0.5, 3, 2.5], "texture": "#texture"},
				"south": {"uv": [1.5, 1.5, 4, 3.5], "texture": "#texture"},
				"west": {"uv": [1.5, 1, 4.5, 3], "texture": "#texture"},
				"up": {"uv": [1.5, 1, 4, 3.5], "texture": "#texture"},
				"down": {"uv": [1.5, 1.5, 4, 4], "texture": "#texture"}
			}
		},
		{
			"from": [9, 9.25, 5.5],
			"to": [10.42, 12.25, 6.5],
			"rotation": {"angle": -45, "axis": "y", "origin": [9, 9.25, 5.5]},
			"faces": {
				"north": {"uv": [1.5, 1, 3.5, 3], "texture": "#texture"},
				"east": {"uv": [0.5, 0.5, 3, 2.5], "texture": "#texture"},
				"south": {"uv": [1.5, 1.5, 4, 3.5], "texture": "#texture"},
				"west": {"uv": [1.5, 1, 4.5, 3], "texture": "#texture"},
				"up": {"uv": [1.5, 1, 4, 3.5], "texture": "#texture"},
				"down": {"uv": [1.5, 1.5, 4, 4], "texture": "#texture"}
			}
		},
		{
			"from": [9.2925, 9.25, 8.7925],
			"to": [10.2925, 12.25, 10.2125],
			"rotation": {"angle": -45, "axis": "y", "origin": [9.2925, 9.25, 8.7925]},
			"faces": {
				"north": {"uv": [1.5, 1, 3.5, 3], "texture": "#texture"},
				"east": {"uv": [0.5, 0.5, 3, 2.5], "texture": "#texture"},
				"south": {"uv": [1.5, 1.5, 4, 3.5], "texture": "#texture"},
				"west": {"uv": [1.5, 1, 4.5, 3], "texture": "#texture"},
				"up": {"uv": [1.5, 1, 4, 3.5], "texture": "#texture"},
				"down": {"uv": [1.5, 1.5, 4, 4], "texture": "#texture"}
			}
		},
		{
			"from": [5.125, 8.25, 7],
			"to": [7.125, 9.25, 9],
			"rotation": {"angle": 45, "axis": "z", "origin": [5.125, 9.25, 7]},
			"faces": {
				"north": {"uv": [6.5, 1, 8.5, 3], "texture": "#texture"},
				"east": {"uv": [7, 1, 9.5, 3], "texture": "#texture"},
				"south": {"uv": [7, 1.5, 9.5, 3.5], "texture": "#texture"},
				"west": {"uv": [7, 1.5, 10, 3.5], "texture": "#texture"},
				"up": {"uv": [6.5, 1.5, 9, 4], "texture": "#texture"},
				"down": {"uv": [6.5, 0.5, 9, 3], "texture": "#texture"}
			}
		},
		{
			"from": [6.5, 7.835, 5.5],
			"to": [7.5, 9.25, 6.915],
			"rotation": {"angle": -45, "axis": "x", "origin": [6.5, 9.25, 5.5]},
			"faces": {
				"north": {"uv": [6.5, 1, 8.5, 3], "texture": "#texture"},
				"east": {"uv": [7, 1, 9.5, 3], "texture": "#texture"},
				"south": {"uv": [7, 1.5, 9.5, 3.5], "texture": "#texture"},
				"west": {"uv": [7, 1.5, 10, 3.5], "texture": "#texture"},
				"up": {"uv": [6.5, 1.5, 9, 4], "texture": "#texture"},
				"down": {"uv": [6.5, 0.5, 9, 3], "texture": "#texture"}
			}
		},
		{
			"from": [6.5, 11.25, 5.5],
			"to": [7.5, 12.25, 6.92],
			"rotation": {"angle": -45, "axis": "x", "origin": [6.5, 12.25, 5.5]},
			"faces": {
				"north": {"uv": [1.5, 1, 3.5, 3], "texture": "#texture"},
				"east": {"uv": [0.5, 0.5, 3, 2.5], "texture": "#texture"},
				"south": {"uv": [1.5, 1.5, 4, 3.5], "texture": "#texture"},
				"west": {"uv": [1.5, 1, 4.5, 3], "texture": "#texture"},
				"up": {"uv": [1.5, 1, 4, 3.5], "texture": "#texture"},
				"down": {"uv": [1.5, 1.5, 4, 4], "texture": "#texture"}
			}
		},
		{
			"from": [6.5, 12.25, 9.5],
			"to": [7.5, 13.25, 10.92],
			"rotation": {"angle": 45, "axis": "x", "origin": [6.5, 13.25, 9.5]},
			"faces": {
				"north": {"uv": [1.5, 1, 3.5, 3], "texture": "#texture"},
				"east": {"uv": [0.5, 0.5, 3, 2.5], "texture": "#texture"},
				"south": {"uv": [1.5, 1.5, 4, 3.5], "texture": "#texture"},
				"west": {"uv": [1.5, 1, 4.5, 3], "texture": "#texture"},
				"up": {"uv": [1.5, 1, 4, 3.5], "texture": "#texture"},
				"down": {"uv": [1.5, 1.5, 4, 4], "texture": "#texture"}
			}
		},
		{
			"from": [7.25, 8, 7.5],
			"to": [8.25, 8.5, 8.5],
			"faces": {
				"north": {"uv": [1.5, 1, 3.5, 3], "texture": "#texture"},
				"east": {"uv": [0.5, 0.5, 3, 2.5], "texture": "#texture"},
				"south": {"uv": [1.5, 1.5, 4, 3.5], "texture": "#texture"},
				"west": {"uv": [1.5, 1, 4.5, 3], "texture": "#texture"},
				"up": {"uv": [1.5, 1, 4, 3.5], "texture": "#texture"},
				"down": {"uv": [1.5, 1.5, 4, 4], "texture": "#texture"}
			}
		},
		{
			"from": [7.25, 3.75, 6.25],
			"to": [8.25, 7.5, 9.75],
			"faces": {
				"north": {"uv": [1.5, 1, 3.5, 3], "texture": "#texture"},
				"east": {"uv": [0.5, 0.5, 3, 2.5], "texture": "#texture"},
				"south": {"uv": [1.5, 1.5, 4, 3.5], "texture": "#texture"},
				"west": {"uv": [1.5, 1, 4.5, 3], "texture": "#texture"},
				"up": {"uv": [1.5, 1, 4, 3.5], "texture": "#texture"},
				"down": {"uv": [1.5, 1.5, 4, 4], "texture": "#texture"}
			}
		},
		{
			"from": [7.25, 2.75, 7.25],
			"to": [8.25, 8, 8.75],
			"faces": {
				"north": {"uv": [1.5, 1, 3.5, 3], "texture": "#texture"},
				"east": {"uv": [0.5, 0.5, 3, 2.5], "texture": "#texture"},
				"south": {"uv": [1.5, 1.5, 4, 3.5], "texture": "#texture"},
				"west": {"uv": [1.5, 1, 4.5, 3], "texture": "#texture"},
				"up": {"uv": [1.5, 1, 4, 3.5], "texture": "#texture"},
				"down": {"uv": [1.5, 1.5, 4, 4], "texture": "#texture"}
			}
		},
		{
			"from": [8.5, 3.75, 7.25],
			"to": [9.25, 7, 8.75],
			"faces": {
				"north": {"uv": [1.5, 1, 3.5, 3], "texture": "#texture"},
				"east": {"uv": [0.5, 0.5, 3, 2.5], "texture": "#texture"},
				"south": {"uv": [1.5, 1.5, 4, 3.5], "texture": "#texture"},
				"west": {"uv": [1.5, 1, 4.5, 3], "texture": "#texture"},
				"up": {"uv": [1.5, 1, 4, 3.5], "texture": "#texture"},
				"down": {"uv": [1.5, 1.5, 4, 4], "texture": "#texture"}
			}
		},
		{
			"from": [7.25, 6.75, 6.25],
			"to": [8.25, 7.5, 7.5],
			"rotation": {"angle": -22.5, "axis": "x", "origin": [7.25, 7.5, 6.25]},
			"faces": {
				"north": {"uv": [1.5, 1, 3.5, 3], "texture": "#texture"},
				"east": {"uv": [0.5, 0.5, 3, 2.5], "texture": "#texture"},
				"south": {"uv": [1.5, 1.5, 4, 3.5], "texture": "#texture"},
				"west": {"uv": [1.5, 1, 4.5, 3], "texture": "#texture"},
				"up": {"uv": [1.5, 1, 4, 3.5], "texture": "#texture"},
				"down": {"uv": [1.5, 1.5, 4, 4], "texture": "#texture"}
			}
		},
		{
			"from": [7.25, 7.24, 8.595],
			"to": [8.25, 7.99, 9.845],
			"rotation": {"angle": 22.5, "axis": "x", "origin": [7.25, 7.99, 8.595]},
			"faces": {
				"north": {"uv": [1.5, 1, 3.5, 3], "texture": "#texture"},
				"east": {"uv": [0.5, 0.5, 3, 2.5], "texture": "#texture"},
				"south": {"uv": [1.5, 1.5, 4, 3.5], "texture": "#texture"},
				"west": {"uv": [1.5, 1, 4.5, 3], "texture": "#texture"},
				"up": {"uv": [1.5, 1, 4, 3.5], "texture": "#texture"},
				"down": {"uv": [1.5, 1.5, 4, 4], "texture": "#texture"}
			}
		},
		{
			"from": [7.25, 4.375, 4.125],
			"to": [8.25, 5.375, 7.125],
			"rotation": {"angle": -45, "axis": "x", "origin": [7.25, 5.375, 4.125]},
			"faces": {
				"north": {"uv": [1.5, 1, 3.5, 3], "texture": "#texture"},
				"east": {"uv": [0.5, 0.5, 3, 2.5], "texture": "#texture"},
				"south": {"uv": [1.5, 1.5, 4, 3.5], "texture": "#texture"},
				"west": {"uv": [1.5, 1, 4.5, 3], "texture": "#texture"},
				"up": {"uv": [1.5, 1, 4, 3.5], "texture": "#texture"},
				"down": {"uv": [1.5, 1.5, 4, 4], "texture": "#texture"}
			}
		},
		{
			"from": [5.25, 3.85, 3.9],
			"to": [6, 4.85, 5.15],
			"faces": {
				"north": {"uv": [6.5, 1, 8.5, 3], "texture": "#texture"},
				"east": {"uv": [7, 1, 9.5, 3], "texture": "#texture"},
				"south": {"uv": [7, 1.5, 9.5, 3.5], "texture": "#texture"},
				"west": {"uv": [7, 1.5, 10, 3.5], "texture": "#texture"},
				"up": {"uv": [6.5, 1.5, 9, 4], "texture": "#texture"},
				"down": {"uv": [6.5, 0.5, 9, 3], "texture": "#texture"}
			}
		},
		{
			"from": [5.5, 3.75, 4.1875],
			"to": [8.25, 4.5, 4.9375],
			"rotation": {"angle": 22.5, "axis": "z", "origin": [5.5, 4.5, 4.1875]},
			"faces": {
				"north": {"uv": [1.5, 1, 3.5, 3], "texture": "#texture"},
				"east": {"uv": [0.5, 0.5, 3, 2.5], "texture": "#texture"},
				"south": {"uv": [1.5, 1.5, 4, 3.5], "texture": "#texture"},
				"west": {"uv": [1.5, 1, 4.5, 3], "texture": "#texture"},
				"up": {"uv": [1.5, 1, 4, 3.5], "texture": "#texture"},
				"down": {"uv": [1.5, 1.5, 4, 4], "texture": "#texture"}
			}
		},
		{
			"from": [4.75, 4.35, 3.9],
			"to": [5, 5.1, 4.15],
			"rotation": {"angle": 45, "axis": "z", "origin": [4.75, 5.1, 3.9]},
			"faces": {
				"north": {"uv": [6.5, 1, 8.5, 3], "texture": "#texture"},
				"east": {"uv": [7, 1, 9.5, 3], "texture": "#texture"},
				"south": {"uv": [7, 1.5, 9.5, 3.5], "texture": "#texture"},
				"west": {"uv": [7, 1.5, 10, 3.5], "texture": "#texture"},
				"up": {"uv": [6.5, 1.5, 9, 4], "texture": "#texture"},
				"down": {"uv": [6.5, 0.5, 9, 3], "texture": "#texture"}
			}
		},
		{
			"from": [5.4375, 3.85, 4.775],
			"to": [5.9375, 4.35, 5.775],
			"rotation": {"angle": -45, "axis": "y", "origin": [5.4375, 3.85, 4.775]},
			"faces": {
				"north": {"uv": [6.5, 1, 8.5, 3], "texture": "#texture"},
				"east": {"uv": [7, 1, 9.5, 3], "texture": "#texture"},
				"south": {"uv": [7, 1.5, 9.5, 3.5], "texture": "#texture"},
				"west": {"uv": [7, 1.5, 10, 3.5], "texture": "#texture"},
				"up": {"uv": [6.5, 1.5, 9, 4], "texture": "#texture"},
				"down": {"uv": [6.5, 0.5, 9, 3], "texture": "#texture"}
			}
		},
		{
			"from": [4.75, 4.35, 4.9],
			"to": [5, 5.1, 5.15],
			"rotation": {"angle": 45, "axis": "z", "origin": [4.75, 5.1, 4.9]},
			"faces": {
				"north": {"uv": [6.5, 1, 8.5, 3], "texture": "#texture"},
				"east": {"uv": [7, 1, 9.5, 3], "texture": "#texture"},
				"south": {"uv": [7, 1.5, 9.5, 3.5], "texture": "#texture"},
				"west": {"uv": [7, 1.5, 10, 3.5], "texture": "#texture"},
				"up": {"uv": [6.5, 1.5, 9, 4], "texture": "#texture"},
				"down": {"uv": [6.5, 0.5, 9, 3], "texture": "#texture"}
			}
		},
		{
			"from": [4.75, 4.35, 4.2125],
			"to": [5, 5.1, 4.4625],
			"rotation": {"angle": 45, "axis": "z", "origin": [4.75, 5.1, 4.2125]},
			"faces": {
				"north": {"uv": [6.5, 1, 8.5, 3], "texture": "#texture"},
				"east": {"uv": [7, 1, 9.5, 3], "texture": "#texture"},
				"south": {"uv": [7, 1.5, 9.5, 3.5], "texture": "#texture"},
				"west": {"uv": [7, 1.5, 10, 3.5], "texture": "#texture"},
				"up": {"uv": [6.5, 1.5, 9, 4], "texture": "#texture"},
				"down": {"uv": [6.5, 0.5, 9, 3], "texture": "#texture"}
			}
		},
		{
			"from": [4.75, 4.35, 4.5875],
			"to": [5, 5.1, 4.8375],
			"rotation": {"angle": 45, "axis": "z", "origin": [4.75, 5.1, 4.5875]},
			"faces": {
				"north": {"uv": [6.5, 1, 8.5, 3], "texture": "#texture"},
				"east": {"uv": [7, 1, 9.5, 3], "texture": "#texture"},
				"south": {"uv": [7, 1.5, 9.5, 3.5], "texture": "#texture"},
				"west": {"uv": [7, 1.5, 10, 3.5], "texture": "#texture"},
				"up": {"uv": [6.5, 1.5, 9, 4], "texture": "#texture"},
				"down": {"uv": [6.5, 0.5, 9, 3], "texture": "#texture"}
			}
		},
		{
			"from": [4.4575, 4.83, 4.9],
			"to": [4.9575, 5.08, 5.15],
			"rotation": {"angle": 22.5, "axis": "z", "origin": [4.4575, 5.08, 4.9]},
			"faces": {
				"north": {"uv": [6.5, 1, 8.5, 3], "texture": "#texture"},
				"east": {"uv": [7, 1, 9.5, 3], "texture": "#texture"},
				"south": {"uv": [7, 1.5, 9.5, 3.5], "texture": "#texture"},
				"west": {"uv": [7, 1.5, 10, 3.5], "texture": "#texture"},
				"up": {"uv": [6.5, 1.5, 9, 4], "texture": "#texture"},
				"down": {"uv": [6.5, 0.5, 9, 3], "texture": "#texture"}
			}
		},
		{
			"from": [4.4575, 4.58, 4.9],
			"to": [4.7075, 5.08, 5.15],
			"rotation": {"angle": -45, "axis": "z", "origin": [4.4575, 5.08, 4.9]},
			"faces": {
				"north": {"uv": [6.5, 1, 8.5, 3], "texture": "#texture"},
				"east": {"uv": [7, 1, 9.5, 3], "texture": "#texture"},
				"south": {"uv": [7, 1.5, 9.5, 3.5], "texture": "#texture"},
				"west": {"uv": [7, 1.5, 10, 3.5], "texture": "#texture"},
				"up": {"uv": [6.5, 1.5, 9, 4], "texture": "#texture"},
				"down": {"uv": [6.5, 0.5, 9, 3], "texture": "#texture"}
			}
		},
		{
			"from": [4.4575, 4.83, 4.59],
			"to": [4.9575, 5.08, 4.84],
			"rotation": {"angle": 22.5, "axis": "z", "origin": [4.4575, 5.08, 4.59]},
			"faces": {
				"north": {"uv": [6.5, 1, 8.5, 3], "texture": "#texture"},
				"east": {"uv": [7, 1, 9.5, 3], "texture": "#texture"},
				"south": {"uv": [7, 1.5, 9.5, 3.5], "texture": "#texture"},
				"west": {"uv": [7, 1.5, 10, 3.5], "texture": "#texture"},
				"up": {"uv": [6.5, 1.5, 9, 4], "texture": "#texture"},
				"down": {"uv": [6.5, 0.5, 9, 3], "texture": "#texture"}
			}
		},
		{
			"from": [4.4575, 4.58, 4.59],
			"to": [4.7075, 5.08, 4.84],
			"rotation": {"angle": -45, "axis": "z", "origin": [4.4575, 5.08, 4.59]},
			"faces": {
				"north": {"uv": [6.5, 1, 8.5, 3], "texture": "#texture"},
				"east": {"uv": [7, 1, 9.5, 3], "texture": "#texture"},
				"south": {"uv": [7, 1.5, 9.5, 3.5], "texture": "#texture"},
				"west": {"uv": [7, 1.5, 10, 3.5], "texture": "#texture"},
				"up": {"uv": [6.5, 1.5, 9, 4], "texture": "#texture"},
				"down": {"uv": [6.5, 0.5, 9, 3], "texture": "#texture"}
			}
		},
		{
			"from": [4.4575, 4.83, 4.215],
			"to": [4.9575, 5.08, 4.465],
			"rotation": {"angle": 22.5, "axis": "z", "origin": [4.4575, 5.08, 4.215]},
			"faces": {
				"north": {"uv": [6.5, 1, 8.5, 3], "texture": "#texture"},
				"east": {"uv": [7, 1, 9.5, 3], "texture": "#texture"},
				"south": {"uv": [7, 1.5, 9.5, 3.5], "texture": "#texture"},
				"west": {"uv": [7, 1.5, 10, 3.5], "texture": "#texture"},
				"up": {"uv": [6.5, 1.5, 9, 4], "texture": "#texture"},
				"down": {"uv": [6.5, 0.5, 9, 3], "texture": "#texture"}
			}
		},
		{
			"from": [4.4575, 4.58, 4.215],
			"to": [4.7075, 5.08, 4.465],
			"rotation": {"angle": -45, "axis": "z", "origin": [4.4575, 5.08, 4.215]},
			"faces": {
				"north": {"uv": [6.5, 1, 8.5, 3], "texture": "#texture"},
				"east": {"uv": [7, 1, 9.5, 3], "texture": "#texture"},
				"south": {"uv": [7, 1.5, 9.5, 3.5], "texture": "#texture"},
				"west": {"uv": [7, 1.5, 10, 3.5], "texture": "#texture"},
				"up": {"uv": [6.5, 1.5, 9, 4], "texture": "#texture"},
				"down": {"uv": [6.5, 0.5, 9, 3], "texture": "#texture"}
			}
		},
		{
			"from": [4.4575, 4.83, 3.9],
			"to": [4.9575, 5.08, 4.15],
			"rotation": {"angle": 22.5, "axis": "z", "origin": [4.4575, 5.08, 3.9]},
			"faces": {
				"north": {"uv": [6.5, 1, 8.5, 3], "texture": "#texture"},
				"east": {"uv": [7, 1, 9.5, 3], "texture": "#texture"},
				"south": {"uv": [7, 1.5, 9.5, 3.5], "texture": "#texture"},
				"west": {"uv": [7, 1.5, 10, 3.5], "texture": "#texture"},
				"up": {"uv": [6.5, 1.5, 9, 4], "texture": "#texture"},
				"down": {"uv": [6.5, 0.5, 9, 3], "texture": "#texture"}
			}
		},
		{
			"from": [4.4575, 4.58, 3.9],
			"to": [4.7075, 5.08, 4.15],
			"rotation": {"angle": -45, "axis": "z", "origin": [4.4575, 5.08, 3.9]},
			"faces": {
				"north": {"uv": [6.5, 1, 8.5, 3], "texture": "#texture"},
				"east": {"uv": [7, 1, 9.5, 3], "texture": "#texture"},
				"south": {"uv": [7, 1.5, 9.5, 3.5], "texture": "#texture"},
				"west": {"uv": [7, 1.5, 10, 3.5], "texture": "#texture"},
				"up": {"uv": [6.5, 1.5, 9, 4], "texture": "#texture"},
				"down": {"uv": [6.5, 0.5, 9, 3], "texture": "#texture"}
			}
		},
		{
			"from": [7.25, 6.5, 9.75],
			"to": [8.25, 7.5, 12.75],
			"rotation": {"angle": 45, "axis": "x", "origin": [7.25, 7.5, 9.75]},
			"faces": {
				"north": {"uv": [1.5, 1, 3.5, 3], "texture": "#texture"},
				"east": {"uv": [0.5, 0.5, 3, 2.5], "texture": "#texture"},
				"south": {"uv": [1.5, 1.5, 4, 3.5], "texture": "#texture"},
				"west": {"uv": [1.5, 1, 4.5, 3], "texture": "#texture"},
				"up": {"uv": [1.5, 1, 4, 3.5], "texture": "#texture"},
				"down": {"uv": [1.5, 1.5, 4, 4], "texture": "#texture"}
			}
		},
		{
			"from": [5.25, 3.85, 10.9],
			"to": [6, 4.85, 12.15],
			"faces": {
				"north": {"uv": [6.5, 1, 8.5, 3], "texture": "#texture"},
				"east": {"uv": [7, 1, 9.5, 3], "texture": "#texture"},
				"south": {"uv": [7, 1.5, 9.5, 3.5], "texture": "#texture"},
				"west": {"uv": [7, 1.5, 10, 3.5], "texture": "#texture"},
				"up": {"uv": [6.5, 1.5, 9, 4], "texture": "#texture"},
				"down": {"uv": [6.5, 0.5, 9, 3], "texture": "#texture"}
			}
		},
		{
			"from": [5.5, 3.75, 11.125],
			"to": [8.25, 4.5, 11.875],
			"rotation": {"angle": 22.5, "axis": "z", "origin": [5.5, 4.5, 11.125]},
			"faces": {
				"north": {"uv": [1.5, 1, 3.5, 3], "texture": "#texture"},
				"east": {"uv": [0.5, 0.5, 3, 2.5], "texture": "#texture"},
				"south": {"uv": [1.5, 1.5, 4, 3.5], "texture": "#texture"},
				"west": {"uv": [1.5, 1, 4.5, 3], "texture": "#texture"},
				"up": {"uv": [1.5, 1, 4, 3.5], "texture": "#texture"},
				"down": {"uv": [1.5, 1.5, 4, 4], "texture": "#texture"}
			}
		},
		{
			"from": [4.75, 4.35, 10.9],
			"to": [5, 5.1, 11.15],
			"rotation": {"angle": 45, "axis": "z", "origin": [4.75, 5.1, 10.9]},
			"faces": {
				"north": {"uv": [6.5, 1, 8.5, 3], "texture": "#texture"},
				"east": {"uv": [7, 1, 9.5, 3], "texture": "#texture"},
				"south": {"uv": [7, 1.5, 9.5, 3.5], "texture": "#texture"},
				"west": {"uv": [7, 1.5, 10, 3.5], "texture": "#texture"},
				"up": {"uv": [6.5, 1.5, 9, 4], "texture": "#texture"},
				"down": {"uv": [6.5, 0.5, 9, 3], "texture": "#texture"}
			}
		},
		{
			"from": [4.6875, 3.85, 10.5825],
			"to": [5.1875, 4.35, 11.5825],
			"rotation": {"angle": 45, "axis": "y", "origin": [4.6875, 3.85, 10.5825]},
			"faces": {
				"north": {"uv": [6.5, 1, 8.5, 3], "texture": "#texture"},
				"east": {"uv": [7, 1, 9.5, 3], "texture": "#texture"},
				"south": {"uv": [7, 1.5, 9.5, 3.5], "texture": "#texture"},
				"west": {"uv": [7, 1.5, 10, 3.5], "texture": "#texture"},
				"up": {"uv": [6.5, 1.5, 9, 4], "texture": "#texture"},
				"down": {"uv": [6.5, 0.5, 9, 3], "texture": "#texture"}
			}
		},
		{
			"from": [4.75, 4.35, 11.9],
			"to": [5, 5.1, 12.15],
			"rotation": {"angle": 45, "axis": "z", "origin": [4.75, 5.1, 11.9]},
			"faces": {
				"north": {"uv": [6.5, 1, 8.5, 3], "texture": "#texture"},
				"east": {"uv": [7, 1, 9.5, 3], "texture": "#texture"},
				"south": {"uv": [7, 1.5, 9.5, 3.5], "texture": "#texture"},
				"west": {"uv": [7, 1.5, 10, 3.5], "texture": "#texture"},
				"up": {"uv": [6.5, 1.5, 9, 4], "texture": "#texture"},
				"down": {"uv": [6.5, 0.5, 9, 3], "texture": "#texture"}
			}
		},
		{
			"from": [4.75, 4.35, 11.2125],
			"to": [5, 5.1, 11.4625],
			"rotation": {"angle": 45, "axis": "z", "origin": [4.75, 5.1, 11.2125]},
			"faces": {
				"north": {"uv": [6.5, 1, 8.5, 3], "texture": "#texture"},
				"east": {"uv": [7, 1, 9.5, 3], "texture": "#texture"},
				"south": {"uv": [7, 1.5, 9.5, 3.5], "texture": "#texture"},
				"west": {"uv": [7, 1.5, 10, 3.5], "texture": "#texture"},
				"up": {"uv": [6.5, 1.5, 9, 4], "texture": "#texture"},
				"down": {"uv": [6.5, 0.5, 9, 3], "texture": "#texture"}
			}
		},
		{
			"from": [4.75, 4.35, 11.5875],
			"to": [5, 5.1, 11.8375],
			"rotation": {"angle": 45, "axis": "z", "origin": [4.75, 5.1, 11.5875]},
			"faces": {
				"north": {"uv": [6.5, 1, 8.5, 3], "texture": "#texture"},
				"east": {"uv": [7, 1, 9.5, 3], "texture": "#texture"},
				"south": {"uv": [7, 1.5, 9.5, 3.5], "texture": "#texture"},
				"west": {"uv": [7, 1.5, 10, 3.5], "texture": "#texture"},
				"up": {"uv": [6.5, 1.5, 9, 4], "texture": "#texture"},
				"down": {"uv": [6.5, 0.5, 9, 3], "texture": "#texture"}
			}
		},
		{
			"from": [4.4575, 4.83, 11.9],
			"to": [4.9575, 5.08, 12.15],
			"rotation": {"angle": 22.5, "axis": "z", "origin": [4.4575, 5.08, 11.9]},
			"faces": {
				"north": {"uv": [6.5, 1, 8.5, 3], "texture": "#texture"},
				"east": {"uv": [7, 1, 9.5, 3], "texture": "#texture"},
				"south": {"uv": [7, 1.5, 9.5, 3.5], "texture": "#texture"},
				"west": {"uv": [7, 1.5, 10, 3.5], "texture": "#texture"},
				"up": {"uv": [6.5, 1.5, 9, 4], "texture": "#texture"},
				"down": {"uv": [6.5, 0.5, 9, 3], "texture": "#texture"}
			}
		},
		{
			"from": [4.4575, 4.58, 11.9],
			"to": [4.7075, 5.08, 12.15],
			"rotation": {"angle": -45, "axis": "z", "origin": [4.4575, 5.08, 11.9]},
			"faces": {
				"north": {"uv": [6.5, 1, 8.5, 3], "texture": "#texture"},
				"east": {"uv": [7, 1, 9.5, 3], "texture": "#texture"},
				"south": {"uv": [7, 1.5, 9.5, 3.5], "texture": "#texture"},
				"west": {"uv": [7, 1.5, 10, 3.5], "texture": "#texture"},
				"up": {"uv": [6.5, 1.5, 9, 4], "texture": "#texture"},
				"down": {"uv": [6.5, 0.5, 9, 3], "texture": "#texture"}
			}
		},
		{
			"from": [4.4575, 4.83, 11.59],
			"to": [4.9575, 5.08, 11.84],
			"rotation": {"angle": 22.5, "axis": "z", "origin": [4.4575, 5.08, 11.59]},
			"faces": {
				"north": {"uv": [6.5, 1, 8.5, 3], "texture": "#texture"},
				"east": {"uv": [7, 1, 9.5, 3], "texture": "#texture"},
				"south": {"uv": [7, 1.5, 9.5, 3.5], "texture": "#texture"},
				"west": {"uv": [7, 1.5, 10, 3.5], "texture": "#texture"},
				"up": {"uv": [6.5, 1.5, 9, 4], "texture": "#texture"},
				"down": {"uv": [6.5, 0.5, 9, 3], "texture": "#texture"}
			}
		},
		{
			"from": [4.4575, 4.58, 11.59],
			"to": [4.7075, 5.08, 11.84],
			"rotation": {"angle": -45, "axis": "z", "origin": [4.4575, 5.08, 11.59]},
			"faces": {
				"north": {"uv": [6.5, 1, 8.5, 3], "texture": "#texture"},
				"east": {"uv": [7, 1, 9.5, 3], "texture": "#texture"},
				"south": {"uv": [7, 1.5, 9.5, 3.5], "texture": "#texture"},
				"west": {"uv": [7, 1.5, 10, 3.5], "texture": "#texture"},
				"up": {"uv": [6.5, 1.5, 9, 4], "texture": "#texture"},
				"down": {"uv": [6.5, 0.5, 9, 3], "texture": "#texture"}
			}
		},
		{
			"from": [4.4575, 4.83, 11.215],
			"to": [4.9575, 5.08, 11.465],
			"rotation": {"angle": 22.5, "axis": "z", "origin": [4.4575, 5.08, 11.215]},
			"faces": {
				"north": {"uv": [6.5, 1, 8.5, 3], "texture": "#texture"},
				"east": {"uv": [7, 1, 9.5, 3], "texture": "#texture"},
				"south": {"uv": [7, 1.5, 9.5, 3.5], "texture": "#texture"},
				"west": {"uv": [7, 1.5, 10, 3.5], "texture": "#texture"},
				"up": {"uv": [6.5, 1.5, 9, 4], "texture": "#texture"},
				"down": {"uv": [6.5, 0.5, 9, 3], "texture": "#texture"}
			}
		},
		{
			"from": [4.4575, 4.58, 11.215],
			"to": [4.7075, 5.08, 11.465],
			"rotation": {"angle": -45, "axis": "z", "origin": [4.4575, 5.08, 11.215]},
			"faces": {
				"north": {"uv": [6.5, 1, 8.5, 3], "texture": "#texture"},
				"east": {"uv": [7, 1, 9.5, 3], "texture": "#texture"},
				"south": {"uv": [7, 1.5, 9.5, 3.5], "texture": "#texture"},
				"west": {"uv": [7, 1.5, 10, 3.5], "texture": "#texture"},
				"up": {"uv": [6.5, 1.5, 9, 4], "texture": "#texture"},
				"down": {"uv": [6.5, 0.5, 9, 3], "texture": "#texture"}
			}
		},
		{
			"from": [4.4575, 4.83, 10.9],
			"to": [4.9575, 5.08, 11.15],
			"rotation": {"angle": 22.5, "axis": "z", "origin": [4.4575, 5.08, 10.9]},
			"faces": {
				"north": {"uv": [6.5, 1, 8.5, 3], "texture": "#texture"},
				"east": {"uv": [7, 1, 9.5, 3], "texture": "#texture"},
				"south": {"uv": [7, 1.5, 9.5, 3.5], "texture": "#texture"},
				"west": {"uv": [7, 1.5, 10, 3.5], "texture": "#texture"},
				"up": {"uv": [6.5, 1.5, 9, 4], "texture": "#texture"},
				"down": {"uv": [6.5, 0.5, 9, 3], "texture": "#texture"}
			}
		},
		{
			"from": [4.4575, 4.58, 10.9],
			"to": [4.7075, 5.08, 11.15],
			"rotation": {"angle": -45, "axis": "z", "origin": [4.4575, 5.08, 10.9]},
			"faces": {
				"north": {"uv": [6.5, 1, 8.5, 3], "texture": "#texture"},
				"east": {"uv": [7, 1, 9.5, 3], "texture": "#texture"},
				"south": {"uv": [7, 1.5, 9.5, 3.5], "texture": "#texture"},
				"west": {"uv": [7, 1.5, 10, 3.5], "texture": "#texture"},
				"up": {"uv": [6.5, 1.5, 9, 4], "texture": "#texture"},
				"down": {"uv": [6.5, 0.5, 9, 3], "texture": "#texture"}
			}
		},
		{
			"from": [7.25, 2.33, 6.25],
			"to": [8.25, 3.75, 7.25],
			"rotation": {"angle": -45, "axis": "x", "origin": [7.25, 3.75, 6.25]},
			"faces": {
				"north": {"uv": [1.5, 1, 3.5, 3], "texture": "#texture"},
				"east": {"uv": [0.5, 0.5, 3, 2.5], "texture": "#texture"},
				"south": {"uv": [1.5, 1.5, 4, 3.5], "texture": "#texture"},
				"west": {"uv": [1.5, 1, 4.5, 3], "texture": "#texture"},
				"up": {"uv": [1.5, 1, 4, 3.5], "texture": "#texture"},
				"down": {"uv": [1.5, 1.5, 4, 4], "texture": "#texture"}
			}
		},
		{
			"from": [7.25, 3.0175, 9],
			"to": [8.25, 4.4375, 10],
			"rotation": {"angle": 45, "axis": "x", "origin": [7.25, 4.4375, 9]},
			"faces": {
				"north": {"uv": [1.5, 1, 3.5, 3], "texture": "#texture"},
				"east": {"uv": [0.5, 0.5, 3, 2.5], "texture": "#texture"},
				"south": {"uv": [1.5, 1.5, 4, 3.5], "texture": "#texture"},
				"west": {"uv": [1.5, 1, 4.5, 3], "texture": "#texture"},
				"up": {"uv": [1.5, 1, 4, 3.5], "texture": "#texture"},
				"down": {"uv": [1.5, 1.5, 4, 4], "texture": "#texture"}
			}
		},
		{
			"from": [6.25, 3.04, 7.25],
			"to": [7.25, 3.75, 8.75],
			"rotation": {"angle": 45, "axis": "z", "origin": [6.25, 3.75, 7.25]},
			"faces": {
				"north": {"uv": [6.5, 1.25, 8.5, 3.25], "texture": "#texture"},
				"east": {"uv": [6.25, 1.75, 8.75, 3.75], "texture": "#texture"},
				"south": {"uv": [7.25, 1.5, 9.75, 3.5], "texture": "#texture"},
				"west": {"uv": [7, 1.75, 10, 3.75], "texture": "#texture"},
				"up": {"uv": [6.75, 1, 9.25, 3.5], "texture": "#texture"},
				"down": {"uv": [6.75, 1.5, 9.25, 4], "texture": "#texture"}
			}
		},
		{
			"from": [8.5425, 3.0375, 7.25],
			"to": [9.5425, 4.4575, 8.75],
			"rotation": {"angle": -45, "axis": "z", "origin": [8.5425, 4.4575, 7.25]},
			"faces": {
				"north": {"uv": [1.5, 1, 3.5, 3], "texture": "#texture"},
				"east": {"uv": [0.5, 0.5, 3, 2.5], "texture": "#texture"},
				"south": {"uv": [1.5, 1.5, 4, 3.5], "texture": "#texture"},
				"west": {"uv": [1.5, 1, 4.5, 3], "texture": "#texture"},
				"up": {"uv": [1.5, 1, 4, 3.5], "texture": "#texture"},
				"down": {"uv": [1.5, 1.5, 4, 4], "texture": "#texture"}
			}
		},
		{
			"from": [6.25, 6.25, 7.25],
			"to": [7.67, 7, 8.75],
			"rotation": {"angle": 45, "axis": "z", "origin": [6.25, 7, 7.25]},
			"faces": {
				"north": {"uv": [1.5, 1, 3.5, 3], "texture": "#texture"},
				"east": {"uv": [0.5, 0.5, 3, 2.5], "texture": "#texture"},
				"south": {"uv": [1.5, 1.5, 4, 3.5], "texture": "#texture"},
				"west": {"uv": [1.5, 1, 4.5, 3], "texture": "#texture"},
				"up": {"uv": [1.5, 1, 4, 3.5], "texture": "#texture"},
				"down": {"uv": [1.5, 1.5, 4, 4], "texture": "#texture"}
			}
		},
		{
			"from": [8.25, 7.25, 7.25],
			"to": [9.67, 8, 8.75],
			"rotation": {"angle": -45, "axis": "z", "origin": [8.25, 8, 7.25]},
			"faces": {
				"north": {"uv": [1.5, 1, 3.5, 3], "texture": "#texture"},
				"east": {"uv": [0.5, 0.5, 3, 2.5], "texture": "#texture"},
				"south": {"uv": [1.5, 1.5, 4, 3.5], "texture": "#texture"},
				"west": {"uv": [1.5, 1, 4.5, 3], "texture": "#texture"},
				"up": {"uv": [1.5, 1, 4, 3.5], "texture": "#texture"},
				"down": {"uv": [1.5, 1.5, 4, 4], "texture": "#texture"}
			}
		},
		{
			"from": [6.25, 3.75, 7.25],
			"to": [7, 7, 8.75],
			"faces": {
				"north": {"uv": [8, 1.75, 10, 3.75], "texture": "#texture"},
				"east": {"uv": [6.5, 1, 9, 3], "texture": "#texture"},
				"south": {"uv": [6.5, 1.5, 9, 3.5], "texture": "#texture"},
				"west": {"uv": [6, 1.75, 9, 3.75], "texture": "#texture"},
				"up": {"uv": [6.75, 1.5, 9.25, 4], "texture": "#texture"},
				"down": {"uv": [6.75, 1.5, 9.25, 4], "texture": "#texture"}
			}
		},
		{
			"from": [6.25, 3.75, 7.25],
			"to": [6.96, 7, 8],
			"rotation": {"angle": 45, "axis": "y", "origin": [6.25, 3.75, 7.25]},
			"faces": {
				"north": {"uv": [8, 1.75, 10, 3.75], "texture": "#texture"},
				"east": {"uv": [6.5, 1, 9, 3], "texture": "#texture"},
				"south": {"uv": [6.5, 1.5, 9, 3.5], "texture": "#texture"},
				"west": {"uv": [6, 1.75, 9, 3.75], "texture": "#texture"},
				"up": {"uv": [6.75, 1.5, 9.25, 4], "texture": "#texture"},
				"down": {"uv": [6.75, 1.5, 9.25, 4], "texture": "#texture"}
			}
		},
		{
			"from": [6.75, 3.75, 6.75],
			"to": [7.46, 7, 7.5],
			"rotation": {"angle": 45, "axis": "y", "origin": [6.75, 3.75, 6.75]},
			"faces": {
				"north": {"uv": [2.75, 1.75, 4.75, 3.75], "texture": "#texture"},
				"east": {"uv": [1.25, 1.25, 3.75, 3.25], "texture": "#texture"},
				"south": {"uv": [1.25, 1.25, 3.75, 3.25], "texture": "#texture"},
				"west": {"uv": [0.5, 2, 3.5, 4], "texture": "#texture"},
				"up": {"uv": [2, 1.5, 4.5, 4], "texture": "#texture"},
				"down": {"uv": [1.75, 1.25, 4.25, 3.75], "texture": "#texture"}
			}
		},
		{
			"from": [6.25, 3.75, 8.75],
			"to": [7, 7, 9.46],
			"rotation": {"angle": 45, "axis": "y", "origin": [6.25, 3.75, 8.75]},
			"faces": {
				"north": {"uv": [8, 1.75, 10, 3.75], "texture": "#texture"},
				"east": {"uv": [6.5, 1, 9, 3], "texture": "#texture"},
				"south": {"uv": [6.5, 1.5, 9, 3.5], "texture": "#texture"},
				"west": {"uv": [6, 1.75, 9, 3.75], "texture": "#texture"},
				"up": {"uv": [6.75, 1.5, 9.25, 4], "texture": "#texture"},
				"down": {"uv": [6.75, 1.5, 9.25, 4], "texture": "#texture"}
			}
		},
		{
			"from": [6.75, 3.75, 9.25],
			"to": [7.5, 7, 9.96],
			"rotation": {"angle": 45, "axis": "y", "origin": [6.75, 3.75, 9.25]},
			"faces": {
				"north": {"uv": [1.75, 1.5, 3.75, 3.5], "texture": "#texture"},
				"east": {"uv": [1.5, 1.25, 4, 3.25], "texture": "#texture"},
				"south": {"uv": [1.25, 1.25, 3.75, 3.25], "texture": "#texture"},
				"west": {"uv": [1.75, 1.5, 4.25, 3.5], "texture": "#texture"},
				"up": {"uv": [1, 1, 3.5, 3.5], "texture": "#texture"},
				"down": {"uv": [1.75, 0.75, 4.25, 3.25], "texture": "#texture"}
			}
		},
		{
			"from": [6.75, 2.54, 7.25],
			"to": [7.75, 3.25, 8.75],
			"rotation": {"angle": 45, "axis": "z", "origin": [6.75, 3.25, 7.25]},
			"faces": {
				"north": {"uv": [2.25, 1.5, 4.25, 3.5], "texture": "#texture"},
				"east": {"uv": [1.5, 1.5, 4, 3.5], "texture": "#texture"},
				"south": {"uv": [1.5, 1.25, 4, 3.25], "texture": "#texture"},
				"west": {"uv": [1.5, 1.5, 4.5, 3.5], "texture": "#texture"},
				"up": {"uv": [1.75, 1.5, 4.25, 4], "texture": "#texture"},
				"down": {"uv": [1, 1, 3.5, 3.5], "texture": "#texture"}
			}
		},
		{
			"from": [6.245, 6, 7.5],
			"to": [7.245, 7, 8.5],
			"rotation": {"angle": 45, "axis": "z", "origin": [6.245, 7, 7.5]},
			"faces": {
				"north": {"uv": [11, 6.5, 13.25, 8.5], "texture": "#texture"},
				"east": {"uv": [11.5, 7.5, 14, 9.75], "texture": "#texture", "rotation": 90},
				"south": {"uv": [11.75, 7, 13.25, 9], "texture": "#texture"},
				"west": {"uv": [11.5, 6.75, 14, 8.75], "texture": "#texture"},
				"up": {"uv": [0.5, 6, 10, 15.5], "texture": "#texture", "rotation": 90},
				"down": {"uv": [12.25, 6.5, 14, 9], "texture": "#texture"}
			}
		},
		{
			"from": [8.25, 3.75, 6.25],
			"to": [9.67, 7, 7.25],
			"rotation": {"angle": -45, "axis": "y", "origin": [8.25, 3.75, 6.25]},
			"faces": {
				"north": {"uv": [2.75, 1.75, 4.75, 3.75], "texture": "#texture"},
				"east": {"uv": [1.25, 1.25, 3.75, 3.25], "texture": "#texture"},
				"south": {"uv": [1.25, 1.25, 3.75, 3.25], "texture": "#texture"},
				"west": {"uv": [0.5, 2, 3.5, 4], "texture": "#texture"},
				"up": {"uv": [2, 1.5, 4.5, 4], "texture": "#texture"},
				"down": {"uv": [1.75, 1.25, 4.25, 3.75], "texture": "#texture"}
			}
		},
		{
			"from": [8.5425, 3.75, 8.0425],
			"to": [9.5425, 7, 9.4625],
			"rotation": {"angle": -45, "axis": "y", "origin": [8.5425, 3.75, 8.0425]},
			"faces": {
				"north": {"uv": [2.75, 1.75, 4.75, 3.75], "texture": "#texture"},
				"east": {"uv": [1.25, 1.25, 3.75, 3.25], "texture": "#texture"},
				"south": {"uv": [1.25, 1.25, 3.75, 3.25], "texture": "#texture"},
				"west": {"uv": [0.5, 2, 3.5, 4], "texture": "#texture"},
				"up": {"uv": [2, 1.5, 4.5, 4], "texture": "#texture"},
				"down": {"uv": [1.75, 1.25, 4.25, 3.75], "texture": "#texture"}
			}
		},
		{
			"from": [6.875, -0.375, 8.75],
			"to": [8.5, 0.125, 9.875],
			"faces": {
				"north": {"uv": [6.5, 1, 8.5, 3], "texture": "#texture"},
				"east": {"uv": [7, 1, 9.5, 3], "texture": "#texture"},
				"south": {"uv": [7, 1.5, 9.5, 3.5], "texture": "#texture"},
				"west": {"uv": [7, 1.5, 10, 3.5], "texture": "#texture"},
				"up": {"uv": [6.5, 1.5, 9, 4], "texture": "#texture"},
				"down": {"uv": [6.5, 0.5, 9, 3], "texture": "#texture"}
			}
		},
		{
			"from": [6.875, 2.375, 8.75],
			"to": [8.375, 3.875, 9.875],
			"rotation": {"angle": 22.5, "axis": "z", "origin": [6.875, 3.875, 8.75]},
			"faces": {
				"north": {"uv": [1.5, 1, 3.5, 3], "texture": "#texture"},
				"east": {"uv": [0.5, 0.5, 3, 2.5], "texture": "#texture"},
				"south": {"uv": [1.5, 1.5, 4, 3.5], "texture": "#texture"},
				"west": {"uv": [1.5, 1, 4.5, 3], "texture": "#texture"},
				"up": {"uv": [1.5, 1, 4, 3.5], "texture": "#texture"},
				"down": {"uv": [1.5, 1.5, 4, 4], "texture": "#texture"}
			}
		},
		{
			"from": [8.75, 3.25, 7.75],
			"to": [10, 4.25, 8.25],
			"rotation": {"angle": -22.5, "axis": "z", "origin": [8.75, 4.25, 7.75]},
			"faces": {
				"north": {"uv": [1.5, 1, 3.5, 3], "texture": "#texture"},
				"east": {"uv": [0.5, 0.5, 3, 2.5], "texture": "#texture"},
				"south": {"uv": [1.5, 1.5, 4, 3.5], "texture": "#texture"},
				"west": {"uv": [1.5, 1, 4.5, 3], "texture": "#texture"},
				"up": {"uv": [1.5, 1, 4, 3.5], "texture": "#texture"},
				"down": {"uv": [1.5, 1.5, 4, 4], "texture": "#texture"}
			}
		},
		{
			"from": [10.25, 4.25, 7.8125],
			"to": [15.875, 14.875, 7.875],
			"rotation": {"angle": -22.5, "axis": "z", "origin": [10.25, 14.875, 7.8125]},
			"faces": {
				"north": {"uv": [0, 0, 6.125, 16], "texture": "#fire_layer_1"},
				"east": {"uv": [9.625, 5.75, 11.375, 7.75], "texture": "#fire_layer_1"},
				"south": {"uv": [0, 16, 6.125, 0], "texture": "#fire_layer_1", "rotation": 180},
				"west": {"uv": [8.875, 3.875, 11.5, 7.375], "texture": "#fire_layer_1"},
				"up": {"uv": [9.5, 4.75, 11.75, 7.75], "texture": "#fire_layer_1"},
				"down": {"uv": [8.75, 5.125, 11.75, 8.125], "texture": "#fire_layer_1"}
			}
		},
		{
			"from": [8.8125, 2.5625, 7.75],
			"to": [10.0625, 3.5625, 8.25],
			"rotation": {"angle": 45, "axis": "z", "origin": [8.8125, 3.5625, 7.75]},
			"faces": {
				"north": {"uv": [1.5, 1, 3.5, 3], "texture": "#texture"},
				"east": {"uv": [0.5, 0.5, 3, 2.5], "texture": "#texture"},
				"south": {"uv": [1.5, 1.5, 4, 3.5], "texture": "#texture"},
				"west": {"uv": [1.5, 1, 4.5, 3], "texture": "#texture"},
				"up": {"uv": [1.5, 1, 4, 3.5], "texture": "#texture"},
				"down": {"uv": [1.5, 1.5, 4, 4], "texture": "#texture"}
			}
		},
		{
			"from": [6.5, 8.835, 9.5],
			"to": [7.5, 10.25, 10.915],
			"rotation": {"angle": 45, "axis": "x", "origin": [6.5, 10.25, 9.5]},
			"faces": {
				"north": {"uv": [6.5, 1, 8.5, 3], "texture": "#texture"},
				"east": {"uv": [7, 1, 9.5, 3], "texture": "#texture"},
				"south": {"uv": [7, 1.5, 9.5, 3.5], "texture": "#texture"},
				"west": {"uv": [7, 1.5, 10, 3.5], "texture": "#texture"},
				"up": {"uv": [6.5, 1.5, 9, 4], "texture": "#texture"},
				"down": {"uv": [6.5, 0.5, 9, 3], "texture": "#texture"}
			}
		},
		{
			"from": [5.125, 9.25, 7],
			"to": [6.375, 9.75, 9],
			"faces": {
				"north": {"uv": [6.5, 1, 8.5, 3], "texture": "#texture"},
				"east": {"uv": [7, 1, 9.5, 3], "texture": "#texture"},
				"south": {"uv": [7, 1.5, 9.5, 3.5], "texture": "#texture"},
				"west": {"uv": [7, 1.5, 10, 3.5], "texture": "#texture"},
				"up": {"uv": [6.5, 1.5, 9, 4], "texture": "#texture"},
				"down": {"uv": [6.5, 0.5, 9, 3], "texture": "#texture"}
			}
		},
		{
			"from": [5.125, 9.25, 7],
			"to": [5.83, 9.75, 7.705],
			"rotation": {"angle": 45, "axis": "y", "origin": [5.125, 9.25, 7]},
			"faces": {
				"north": {"uv": [6.5, 1, 8.5, 3], "texture": "#texture"},
				"east": {"uv": [7, 1, 9.5, 3], "texture": "#texture"},
				"south": {"uv": [7, 1.5, 9.5, 3.5], "texture": "#texture"},
				"west": {"uv": [7, 1.5, 10, 3.5], "texture": "#texture"},
				"up": {"uv": [6.5, 1.5, 9, 4], "texture": "#texture"},
				"down": {"uv": [6.5, 0.5, 9, 3], "texture": "#texture"}
			}
		},
		{
			"from": [5.125, 9.25, 9],
			"to": [5.83, 9.75, 9.705],
			"rotation": {"angle": 45, "axis": "y", "origin": [5.125, 9.25, 9]},
			"faces": {
				"north": {"uv": [6.5, 1, 8.5, 3], "texture": "#texture"},
				"east": {"uv": [7, 1, 9.5, 3], "texture": "#texture"},
				"south": {"uv": [7, 1.5, 9.5, 3.5], "texture": "#texture"},
				"west": {"uv": [7, 1.5, 10, 3.5], "texture": "#texture"},
				"up": {"uv": [6.5, 1.5, 9, 4], "texture": "#texture"},
				"down": {"uv": [6.5, 0.5, 9, 3], "texture": "#texture"}
			}
		},
		{
			"from": [7.375, 1.5, 8.875],
			"to": [8.5, 3.375, 9.75],
			"rotation": {"angle": -22.5, "axis": "z", "origin": [7.375, 3.375, 8.875]},
			"faces": {
				"north": {"uv": [1.5, 1, 3.5, 3], "texture": "#texture"},
				"east": {"uv": [0.5, 0.5, 3, 2.5], "texture": "#texture"},
				"south": {"uv": [1.5, 1.5, 4, 3.5], "texture": "#texture"},
				"west": {"uv": [1.5, 1, 4.5, 3], "texture": "#texture"},
				"up": {"uv": [1.5, 1, 4, 3.5], "texture": "#texture"},
				"down": {"uv": [1.5, 1.5, 4, 4], "texture": "#texture"}
			}
		},
		{
			"from": [6.625, -0.5, 8.875],
			"to": [7.75, 1.625, 9.75],
			"rotation": {"angle": 22.5, "axis": "z", "origin": [6.625, 1.625, 8.875]},
			"faces": {
				"north": {"uv": [1.5, 1, 3.5, 3], "texture": "#texture"},
				"east": {"uv": [0.5, 0.5, 3, 2.5], "texture": "#texture"},
				"south": {"uv": [1.5, 1.5, 4, 3.5], "texture": "#texture"},
				"west": {"uv": [1.5, 1, 4.5, 3], "texture": "#texture"},
				"up": {"uv": [1.5, 1, 4, 3.5], "texture": "#texture"},
				"down": {"uv": [1.5, 1.5, 4, 4], "texture": "#texture"}
			}
		},
		{
			"from": [6, -0.375, 9.75],
			"to": [7, 0.125, 10.25],
			"rotation": {"angle": 22.5, "axis": "y", "origin": [6, -0.375, 9.75]},
			"faces": {
				"north": {"uv": [6.5, 1, 8.5, 3], "texture": "#texture"},
				"east": {"uv": [7, 1, 9.5, 3], "texture": "#texture"},
				"south": {"uv": [7, 1.5, 9.5, 3.5], "texture": "#texture"},
				"west": {"uv": [7, 1.5, 10, 3.5], "texture": "#texture"},
				"up": {"uv": [6.5, 1.5, 9, 4], "texture": "#texture"},
				"down": {"uv": [6.5, 0.5, 9, 3], "texture": "#texture"}
			}
		},
		{
			"from": [6, -0.375, 9],
			"to": [7, 0.125, 9.5],
			"faces": {
				"north": {"uv": [6.5, 1, 8.5, 3], "texture": "#texture"},
				"east": {"uv": [7, 1, 9.5, 3], "texture": "#texture"},
				"south": {"uv": [7, 1.5, 9.5, 3.5], "texture": "#texture"},
				"west": {"uv": [7, 1.5, 10, 3.5], "texture": "#texture"},
				"up": {"uv": [6.5, 1.5, 9, 4], "texture": "#texture"},
				"down": {"uv": [6.5, 0.5, 9, 3], "texture": "#texture"}
			}
		},
		{
			"from": [6.25, -0.375, 8.375],
			"to": [7.25, 0.125, 8.875],
			"rotation": {"angle": -22.5, "axis": "y", "origin": [6.25, -0.375, 8.375]},
			"faces": {
				"north": {"uv": [6.5, 1, 8.5, 3], "texture": "#texture"},
				"east": {"uv": [7, 1, 9.5, 3], "texture": "#texture"},
				"south": {"uv": [7, 1.5, 9.5, 3.5], "texture": "#texture"},
				"west": {"uv": [7, 1.5, 10, 3.5], "texture": "#texture"},
				"up": {"uv": [6.5, 1.5, 9, 4], "texture": "#texture"},
				"down": {"uv": [6.5, 0.5, 9, 3], "texture": "#texture"}
			}
		},
		{
			"from": [6.875, -0.375, 6],
			"to": [8.5, 0.125, 7.125],
			"faces": {
				"north": {"uv": [6.5, 1, 8.5, 3], "texture": "#texture"},
				"east": {"uv": [7, 1, 9.5, 3], "texture": "#texture"},
				"south": {"uv": [7, 1.5, 9.5, 3.5], "texture": "#texture"},
				"west": {"uv": [7, 1.5, 10, 3.5], "texture": "#texture"},
				"up": {"uv": [6.5, 1.5, 9, 4], "texture": "#texture"},
				"down": {"uv": [6.5, 0.5, 9, 3], "texture": "#texture"}
			}
		},
		{
			"from": [6.875, 2.375, 6],
			"to": [8.375, 3.875, 7.125],
			"rotation": {"angle": 22.5, "axis": "z", "origin": [6.875, 3.875, 6]},
			"faces": {
				"north": {"uv": [1.5, 1, 3.5, 3], "texture": "#texture"},
				"east": {"uv": [0.5, 0.5, 3, 2.5], "texture": "#texture"},
				"south": {"uv": [1.5, 1.5, 4, 3.5], "texture": "#texture"},
				"west": {"uv": [1.5, 1, 4.5, 3], "texture": "#texture"},
				"up": {"uv": [1.5, 1, 4, 3.5], "texture": "#texture"},
				"down": {"uv": [1.5, 1.5, 4, 4], "texture": "#texture"}
			}
		},
		{
			"from": [7.375, 1.5, 6.125],
			"to": [8.5, 3.375, 7],
			"rotation": {"angle": -22.5, "axis": "z", "origin": [7.375, 3.375, 6.125]},
			"faces": {
				"north": {"uv": [1.5, 1, 3.5, 3], "texture": "#texture"},
				"east": {"uv": [0.5, 0.5, 3, 2.5], "texture": "#texture"},
				"south": {"uv": [1.5, 1.5, 4, 3.5], "texture": "#texture"},
				"west": {"uv": [1.5, 1, 4.5, 3], "texture": "#texture"},
				"up": {"uv": [1.5, 1, 4, 3.5], "texture": "#texture"},
				"down": {"uv": [1.5, 1.5, 4, 4], "texture": "#texture"}
			}
		},
		{
			"from": [6.625, -0.5, 6.125],
			"to": [7.75, 1.625, 7],
			"rotation": {"angle": 22.5, "axis": "z", "origin": [6.625, 1.625, 6.125]},
			"faces": {
				"north": {"uv": [1.5, 1, 3.5, 3], "texture": "#texture"},
				"east": {"uv": [0.5, 0.5, 3, 2.5], "texture": "#texture"},
				"south": {"uv": [1.5, 1.5, 4, 3.5], "texture": "#texture"},
				"west": {"uv": [1.5, 1, 4.5, 3], "texture": "#texture"},
				"up": {"uv": [1.5, 1, 4, 3.5], "texture": "#texture"},
				"down": {"uv": [1.5, 1.5, 4, 4], "texture": "#texture"}
			}
		},
		{
			"from": [6, -0.375, 7],
			"to": [7, 0.125, 7.5],
			"rotation": {"angle": 22.5, "axis": "y", "origin": [6, -0.375, 7]},
			"faces": {
				"north": {"uv": [6.5, 1, 8.5, 3], "texture": "#texture"},
				"east": {"uv": [7, 1, 9.5, 3], "texture": "#texture"},
				"south": {"uv": [7, 1.5, 9.5, 3.5], "texture": "#texture"},
				"west": {"uv": [7, 1.5, 10, 3.5], "texture": "#texture"},
				"up": {"uv": [6.5, 1.5, 9, 4], "texture": "#texture"},
				"down": {"uv": [6.5, 0.5, 9, 3], "texture": "#texture"}
			}
		},
		{
			"from": [6, -0.375, 6.25],
			"to": [7, 0.125, 6.75],
			"faces": {
				"north": {"uv": [6.5, 1, 8.5, 3], "texture": "#texture"},
				"east": {"uv": [7, 1, 9.5, 3], "texture": "#texture"},
				"south": {"uv": [7, 1.5, 9.5, 3.5], "texture": "#texture"},
				"west": {"uv": [7, 1.5, 10, 3.5], "texture": "#texture"},
				"up": {"uv": [6.5, 1.5, 9, 4], "texture": "#texture"},
				"down": {"uv": [6.5, 0.5, 9, 3], "texture": "#texture"}
			}
		},
		{
			"from": [6.25, -0.375, 5.625],
			"to": [7.25, 0.125, 6.125],
			"rotation": {"angle": -22.5, "axis": "y", "origin": [6.25, -0.375, 5.625]},
			"faces": {
				"north": {"uv": [6.5, 1, 8.5, 3], "texture": "#texture"},
				"east": {"uv": [7, 1, 9.5, 3], "texture": "#texture"},
				"south": {"uv": [7, 1.5, 9.5, 3.5], "texture": "#texture"},
				"west": {"uv": [7, 1.5, 10, 3.5], "texture": "#texture"},
				"up": {"uv": [6.5, 1.5, 9, 4], "texture": "#texture"},
				"down": {"uv": [6.5, 0.5, 9, 3], "texture": "#texture"}
			}
		}
	],
	"display": {
		"thirdperson_righthand": {
			"rotation": [68, -90, 0],
			"translation": [-6, -4.75, 4.25],
			"scale": [1.8, 1.8, 1.8]
		},
		"thirdperson_lefthand": {
			"rotation": [68, 90, 0],
			"translation": [-6, -4.75, 4.25],
			"scale": [1.8, 1.8, 1.8]
		},
		"gui": {
			"scale": [0, 0, 0]
		},
		"head": {
			"rotation": [0, -90, 0],
			"translation": [0, -19.5, 0.25],
			"scale": [3, 3, 3]
		},
		"firstperson_righthand": {
			"scale": [0, 0, 0]
		},
		"firstperson_lefthand": {
			"scale": [0, 0, 0]
		}
	}
}