{
	"credit": "Made with Blockbench",
	"textures": {
		"texture": "pokemon/monferno/monferno_base",
		"ear_front": "pokemon/monferno/ear_front",
		"ear_back": "pokemon/monferno/ear_back",
		"neck": "pokemon/monferno/neck",
		"fire_cc": "pokemon/monferno/fire_cc",
		"swirl": "pokemon/monferno/swirl",
		"particle": "pokemon/monferno/head"
	},
	"elements": [
		{
			"from": [6, 8.5, 6],
			"to": [10, 16.5, 10],
			"faces": {
				"north": {"uv": [1.5, 2, 3.5, 4], "texture": "#texture"},
				"east": {"uv": [1.5, 1, 4, 4], "texture": "#texture"},
				"south": {"uv": [1.5, 1, 3.5, 3], "texture": "#texture"},
				"west": {"uv": [1.5, 1, 4, 3], "texture": "#texture"},
				"up": {"uv": [1.5, 1.5, 4, 4], "texture": "#texture"},
				"down": {"uv": [3, 1.5, 5, 4], "texture": "#texture"}
			}
		},
		{
			"from": [4, 10.5, 6],
			"to": [12, 14.5, 10],
			"faces": {
				"north": {"uv": [1.5, 2, 3.5, 4], "texture": "#texture"},
				"east": {"uv": [1.5, 1, 4, 4], "texture": "#texture"},
				"south": {"uv": [1.5, 1, 3.5, 3], "texture": "#texture"},
				"west": {"uv": [1.5, 1, 4, 3], "texture": "#texture"},
				"up": {"uv": [1.5, 1.5, 4, 4], "texture": "#texture"},
				"down": {"uv": [3, 1.5, 5, 4], "texture": "#texture"}
			}
		},
		{
			"from": [6, 10.5, 4],
			"to": [10, 14.5, 12],
			"faces": {
				"north": {"uv": [1.5, 2, 3.5, 4], "texture": "#texture"},
				"east": {"uv": [1.5, 1, 4, 4], "texture": "#texture"},
				"south": {"uv": [1.5, 1, 3.5, 3], "texture": "#texture"},
				"west": {"uv": [1.5, 1, 4, 3], "texture": "#texture"},
				"up": {"uv": [1.5, 1.5, 4, 4], "texture": "#texture"},
				"down": {"uv": [3, 1.5, 5, 4], "texture": "#texture"}
			}
		},
		{
			"from": [6, 6.01, 4],
			"to": [10, 14.5, 6.84],
			"rotation": {"angle": -45, "axis": "x", "origin": [6, 14.5, 4]},
			"faces": {
				"north": {"uv": [1.5, 2, 3.5, 4], "texture": "#texture"},
				"east": {"uv": [1.5, 1, 4, 4], "texture": "#texture"},
				"south": {"uv": [1.5, 1, 3.5, 3], "texture": "#texture"},
				"west": {"uv": [1.5, 1, 4, 3], "texture": "#texture"},
				"up": {"uv": [1.5, 1.5, 4, 4], "texture": "#texture"},
				"down": {"uv": [3, 1.5, 5, 4], "texture": "#texture"}
			}
		},
		{
			"from": [6, 8.01, 10],
			"to": [10, 16.5, 12.84],
			"rotation": {"angle": 45, "axis": "x", "origin": [6, 16.5, 10]},
			"faces": {
				"north": {"uv": [1.5, 2, 3.5, 4], "texture": "#texture"},
				"east": {"uv": [1.5, 1, 4, 4], "texture": "#texture"},
				"south": {"uv": [1.5, 1, 3.5, 3], "texture": "#texture"},
				"west": {"uv": [1.5, 1, 4, 3], "texture": "#texture"},
				"up": {"uv": [1.5, 1.5, 4, 4], "texture": "#texture"},
				"down": {"uv": [3, 1.5, 5, 4], "texture": "#texture"}
			}
		},
		{
			"from": [4, 6.01, 6],
			"to": [6.84, 14.5, 10],
			"rotation": {"angle": 45, "axis": "z", "origin": [4, 14.5, 6]},
			"faces": {
				"north": {"uv": [1.5, 2, 3.5, 4], "texture": "#texture"},
				"east": {"uv": [1.5, 1, 4, 4], "texture": "#texture"},
				"south": {"uv": [1.5, 1, 3.5, 3], "texture": "#texture"},
				"west": {"uv": [1.5, 1, 4, 3], "texture": "#texture"},
				"up": {"uv": [1.5, 1.5, 4, 4], "texture": "#texture"},
				"down": {"uv": [3, 1.5, 5, 4], "texture": "#texture"}
			}
		},
		{
			"from": [10, 8.01, 6],
			"to": [12.84, 16.5, 10],
			"rotation": {"angle": -45, "axis": "z", "origin": [10, 16.5, 6]},
			"faces": {
				"north": {"uv": [1.5, 2, 3.5, 4], "texture": "#texture"},
				"east": {"uv": [1.5, 1, 4, 4], "texture": "#texture"},
				"south": {"uv": [1.5, 1, 3.5, 3], "texture": "#texture"},
				"west": {"uv": [1.5, 1, 4, 3], "texture": "#texture"},
				"up": {"uv": [1.5, 1.5, 4, 4], "texture": "#texture"},
				"down": {"uv": [3, 1.5, 5, 4], "texture": "#texture"}
			}
		},
		{
			"from": [4, 10.5, 6],
			"to": [6.84, 14.5, 14.49],
			"rotation": {"angle": 45, "axis": "y", "origin": [4, 10.5, 6]},
			"faces": {
				"north": {"uv": [1.5, 2, 3.5, 4], "texture": "#texture"},
				"east": {"uv": [1.5, 1, 4, 4], "texture": "#texture"},
				"south": {"uv": [1.5, 1, 3.5, 3], "texture": "#texture"},
				"west": {"uv": [1.5, 1, 4, 3], "texture": "#texture"},
				"up": {"uv": [1.5, 1.5, 4, 4], "texture": "#texture"},
				"down": {"uv": [3, 1.5, 5, 4], "texture": "#texture"}
			}
		},
		{
			"from": [10, 10.5, 4],
			"to": [12.84, 14.5, 12.49],
			"rotation": {"angle": -45, "axis": "y", "origin": [10, 10.5, 4]},
			"faces": {
				"north": {"uv": [1.5, 2, 3.5, 4], "texture": "#texture"},
				"east": {"uv": [1.5, 1, 4, 4], "texture": "#texture"},
				"south": {"uv": [1.5, 1, 3.5, 3], "texture": "#texture"},
				"west": {"uv": [1.5, 1, 4, 3], "texture": "#texture"},
				"up": {"uv": [1.5, 1.5, 4, 4], "texture": "#texture"},
				"down": {"uv": [3, 1.5, 5, 4], "texture": "#texture"}
			}
		},
		{
			"from": [6, 13.5, 7],
			"to": [9.5, 16.5, 9],
			"rotation": {"angle": 22.5, "axis": "z", "origin": [6, 16.5, 7]},
			"faces": {
				"north": {"uv": [1.5, 2, 3.5, 4], "texture": "#texture"},
				"east": {"uv": [1.5, 1, 4, 4], "texture": "#texture"},
				"south": {"uv": [1.5, 1, 3.5, 3], "texture": "#texture"},
				"west": {"uv": [1.5, 1, 4, 3], "texture": "#texture"},
				"up": {"uv": [1.5, 1.5, 4, 4], "texture": "#texture"},
				"down": {"uv": [3, 1.5, 5, 4], "texture": "#texture"}
			}
		},
		{
			"from": [8.5, 16, 7.5],
			"to": [11, 17.5, 8.5],
			"rotation": {"angle": 45, "axis": "z", "origin": [8.5, 17.5, 7.5]},
			"faces": {
				"north": {"uv": [1.5, 2, 3.5, 4], "texture": "#texture"},
				"east": {"uv": [1.5, 1, 4, 4], "texture": "#texture"},
				"south": {"uv": [1.5, 1, 3.5, 3], "texture": "#texture"},
				"west": {"uv": [1.5, 1, 4, 3], "texture": "#texture"},
				"up": {"uv": [1.5, 1.5, 4, 4], "texture": "#texture"},
				"down": {"uv": [3, 1.5, 5, 4], "texture": "#texture"}
			}
		},
		{
			"name": "ear",
			"from": [5.5, 10.5, 11.4817],
			"to": [5.5625, 15.5, 14.9817],
			"rotation": {"angle": 45, "axis": "y", "origin": [5.5, 10.5, 11.4817]},
			"faces": {
				"north": {"uv": [0.5, 0.5, 2, 2], "rotation": 90, "texture": "#ear_front"},
				"east": {"uv": [13, 0.5, 1, 15.25], "texture": "#ear_back"},
				"south": {"uv": [0.5, 0.5, 2, 2], "texture": "#ear_front"},
				"west": {"uv": [1, 0.5, 13, 15.25], "texture": "#ear_front"},
				"up": {"uv": [0.5, 0.5, 2, 2], "texture": "#ear_front"},
				"down": {"uv": [0.5, 0.5, 2, 2], "texture": "#ear_front"}
			}
		},
		{
			"name": "ear",
			"from": [8.01, 10.5, 2],
			"to": [8.0725, 15.5, 5.5],
			"rotation": {"angle": -45, "axis": "y", "origin": [8.01, 10.5, 2]},
			"faces": {
				"north": {"uv": [0.5, 0.5, 2, 2], "texture": "#ear_front"},
				"east": {"uv": [1, 0.5, 13, 15.25], "texture": "#ear_back"},
				"south": {"uv": [0.5, 0.5, 2, 2], "texture": "#ear_front"},
				"west": {"uv": [13, 0.5, 1, 15.25], "texture": "#ear_front"},
				"up": {"uv": [0.5, 0.5, 2, 2], "texture": "#ear_front"},
				"down": {"uv": [0.5, 0.5, 2, 2], "texture": "#ear_front"}
			}
		},
		{
			"from": [3, 9.75, 5.5],
			"to": [6, 11.75, 10.5],
			"faces": {
				"north": {"uv": [2, 7.25, 4, 9.25], "texture": "#texture"},
				"east": {"uv": [1.75, 6.75, 3.75, 9], "texture": "#texture"},
				"south": {"uv": [0.75, 6.75, 3.5, 8.75], "texture": "#texture"},
				"west": {"uv": [1.25, 7, 3.75, 9.5], "texture": "#texture"},
				"up": {"uv": [1.75, 7.25, 4.25, 9.5], "texture": "#texture"},
				"down": {"uv": [1.75, 7.25, 4.5, 9.25], "texture": "#texture"}
			}
		},
		{
			"from": [3, 10.75, 5.5],
			"to": [4.75, 11.75, 10.5],
			"rotation": {"angle": 22.5, "axis": "z", "origin": [3, 11.75, 5.5]},
			"faces": {
				"north": {"uv": [2, 7.25, 4, 9.25], "texture": "#texture"},
				"east": {"uv": [1.75, 6.75, 3.75, 9], "texture": "#texture"},
				"south": {"uv": [0.75, 6.75, 3.5, 8.75], "texture": "#texture"},
				"west": {"uv": [1.25, 7, 3.75, 9.5], "texture": "#texture"},
				"up": {"uv": [1.75, 7.25, 4.25, 9.5], "texture": "#texture"},
				"down": {"uv": [1.75, 7.25, 4.5, 9.25], "texture": "#texture"}
			}
		},
		{
			"from": [3.5625, 9.625, 5.5],
			"to": [6.875, 11.125, 10.5],
			"rotation": {"angle": -22.5, "axis": "z", "origin": [3.5625, 11.125, 5.5]},
			"faces": {
				"north": {"uv": [2, 7.25, 4, 9.25], "texture": "#texture"},
				"east": {"uv": [1.75, 6.75, 3.75, 9], "texture": "#texture"},
				"south": {"uv": [0.75, 6.75, 3.5, 8.75], "texture": "#texture"},
				"west": {"uv": [1.25, 7, 3.75, 9.5], "texture": "#texture"},
				"up": {"uv": [1.75, 7.25, 4.25, 9.5], "texture": "#texture"},
				"down": {"uv": [1.75, 7.25, 4.5, 9.25], "texture": "#texture"}
			}
		},
		{
			"from": [6.0625, 8.4375, 5.5],
			"to": [7.3125, 9.9375, 10.5],
			"faces": {
				"north": {"uv": [2, 7.25, 4, 9.25], "texture": "#texture"},
				"east": {"uv": [1.75, 6.75, 3.75, 9], "texture": "#texture"},
				"south": {"uv": [0.75, 6.75, 3.5, 8.75], "texture": "#texture"},
				"west": {"uv": [1.25, 7, 3.75, 9.5], "texture": "#texture"},
				"up": {"uv": [1.75, 7.25, 4.25, 9.5], "texture": "#texture"},
				"down": {"uv": [1.75, 7.25, 4.5, 9.25], "texture": "#texture"}
			}
		},
		{
			"from": [3.5, 11.0293, 6.75],
			"to": [3.75, 12.0293, 7],
			"rotation": {"angle": 22.5, "axis": "z", "origin": [3.5, 12.0293, 6.75]},
			"faces": {
				"north": {"uv": [4.75, 11.5, 6.25, 12.75], "texture": "#particle"},
				"east": {"uv": [5, 12.5, 6.5, 14], "texture": "#particle"},
				"south": {"uv": [4.75, 12.25, 6.25, 13], "texture": "#particle"},
				"west": {"uv": [5, 12.25, 6.5, 13.5], "texture": "#particle"},
				"up": {"uv": [5.25, 11.75, 6.5, 13], "texture": "#particle"},
				"down": {"uv": [5.5, 12.5, 7, 13.5], "texture": "#particle"}
			}
		},
		{
			"from": [3.5, 11, 9],
			"to": [3.75, 12, 9.25],
			"rotation": {"angle": 22.5, "axis": "z", "origin": [3.5, 12, 9]},
			"faces": {
				"north": {"uv": [4.75, 11.5, 6.25, 12.75], "texture": "#particle"},
				"east": {"uv": [5, 12.5, 6.5, 14], "texture": "#particle"},
				"south": {"uv": [4.75, 12.25, 6.25, 13], "texture": "#particle"},
				"west": {"uv": [5, 12.25, 6.5, 13.5], "texture": "#particle"},
				"up": {"uv": [5.25, 11.75, 6.5, 13], "texture": "#particle"},
				"down": {"uv": [5.5, 12.5, 7, 13.5], "texture": "#particle"}
			}
		},
		{
			"from": [3.99, 11.5, 6.5],
			"to": [4.99, 13.5, 9.5],
			"faces": {
				"north": {"uv": [13, 7.5, 15.25, 9.5], "texture": "#texture"},
				"east": {"uv": [12, 7, 14.75, 9.25], "texture": "#texture"},
				"south": {"uv": [11.75, 7.25, 14.5, 9.75], "texture": "#texture"},
				"west": {"uv": [12.25, 7, 15.25, 9.5], "texture": "#texture"},
				"up": {"uv": [12.5, 7.5, 14.75, 9], "texture": "#texture"},
				"down": {"uv": [12.5, 7.5, 15, 9.5], "texture": "#texture"}
			}
		},
		{
			"from": [3.95, 13.25, 6],
			"to": [4.95, 14.75, 10],
			"faces": {
				"north": {"uv": [7.25, 2, 9.5, 4], "texture": "#texture"},
				"east": {"uv": [7, 1, 9.75, 3.25], "texture": "#texture"},
				"south": {"uv": [6.5, 1.25, 9.25, 3.75], "texture": "#texture"},
				"west": {"uv": [6.75, 0.75, 9.75, 3.25], "texture": "#texture"},
				"up": {"uv": [8.25, 2.25, 10.5, 3.75], "texture": "#texture"},
				"down": {"uv": [7, 2.25, 9.5, 4.25], "texture": "#texture"}
			}
		},
		{
			"from": [3.95, 12, 6],
			"to": [5.37, 14.75, 7.75],
			"rotation": {"angle": 45, "axis": "y", "origin": [3.95, 12, 6]},
			"faces": {
				"north": {"uv": [8, 1.5, 10.25, 3.5], "texture": "#texture"},
				"east": {"uv": [7, 1, 9.75, 3.25], "texture": "#texture"},
				"south": {"uv": [6.5, 1.25, 9.25, 3.75], "texture": "#texture"},
				"west": {"uv": [0.5, 1.75, 3.5, 4.25], "texture": "#texture"},
				"up": {"uv": [8.25, 2.25, 10.5, 3.75], "texture": "#texture"},
				"down": {"uv": [7, 2.25, 9.5, 4.25], "texture": "#texture"}
			}
		},
		{
			"from": [3.95, 12, 10],
			"to": [6.2, 14.75, 11.42],
			"rotation": {"angle": 45, "axis": "y", "origin": [3.95, 12, 10]},
			"faces": {
				"north": {"uv": [7.25, 2, 9.5, 4], "texture": "#texture"},
				"east": {"uv": [7, 1, 9.75, 3.25], "texture": "#texture"},
				"south": {"uv": [6.5, 1.25, 9.25, 3.75], "texture": "#texture"},
				"west": {"uv": [6.75, 0.75, 9.75, 3.25], "texture": "#texture"},
				"up": {"uv": [8.25, 2.25, 10.5, 3.75], "texture": "#texture"},
				"down": {"uv": [7, 2.25, 9.5, 4.25], "texture": "#texture"}
			}
		},
		{
			"from": [5.71, 12, 4.25],
			"to": [6.71, 14.75, 6],
			"rotation": {"angle": -45, "axis": "y", "origin": [5.71, 12, 4.25]},
			"faces": {
				"north": {"uv": [13, 8, 14, 10.75], "texture": "#particle"},
				"east": {"uv": [10.75, 6.25, 12.5, 9], "texture": "#particle"},
				"south": {"uv": [11.75, 5.75, 12.75, 8.5], "texture": "#particle"},
				"west": {"uv": [0.25, 0.25, 10.75, 6.75], "rotation": 90, "texture": "#particle"},
				"up": {"uv": [13, 9.25, 14, 11], "texture": "#particle"},
				"down": {"uv": [12, 7, 13, 8.75], "texture": "#particle"}
			}
		},
		{
			"from": [4.5225, 12, 10.5625],
			"to": [5.5225, 14.75, 12.3125],
			"rotation": {"angle": 45, "axis": "y", "origin": [4.5225, 12, 10.5625]},
			"faces": {
				"north": {"uv": [13, 8, 14, 10.75], "texture": "#particle"},
				"east": {"uv": [10.75, 6.25, 12.5, 9], "texture": "#particle"},
				"south": {"uv": [11.75, 5.75, 12.75, 8.5], "texture": "#particle"},
				"west": {"uv": [0.25, 0.25, 10.75, 6.75], "rotation": 270, "texture": "#particle"},
				"up": {"uv": [13, 9.25, 14, 11], "texture": "#particle"},
				"down": {"uv": [12, 7, 13, 8.75], "texture": "#particle"}
			}
		},
		{
			"from": [3.98, 12.5, 7],
			"to": [4.98, 13.5, 9],
			"faces": {
				"north": {"uv": [13, 8, 14, 10.75], "texture": "#particle"},
				"east": {"uv": [10.75, 6.25, 12.5, 9], "texture": "#particle"},
				"south": {"uv": [11.75, 5.75, 12.75, 8.5], "texture": "#particle"},
				"west": {"uv": [0.25, 0.25, 10.75, 6.75], "texture": "#particle"},
				"up": {"uv": [13, 9.25, 14, 11], "texture": "#particle"},
				"down": {"uv": [12, 7, 13, 8.75], "texture": "#particle"}
			}
		},
		{
			"name": "eye",
			"from": [4.995, 12.25, 4.945],
			"to": [5.995, 14, 6.445],
			"rotation": {"angle": -45, "axis": "y", "origin": [4.995, 12.25, 4.945]},
			"faces": {
				"north": {"uv": [11.25, 6.25, 14, 9], "texture": "#particle"},
				"east": {"uv": [3.25, 7, 9.5, 15.5], "texture": "#particle"},
				"south": {"uv": [10.5, 6.5, 13.25, 9.25], "texture": "#particle"},
				"west": {"uv": [9.5, 7, 3.25, 15.5], "texture": "#particle"},
				"up": {"uv": [11.25, 6.75, 13.25, 9.75], "texture": "#particle"},
				"down": {"uv": [10.25, 7.75, 12, 10.5], "texture": "#particle"}
			}
		},
		{
			"from": [3.95, 12, 6],
			"to": [4.95, 13.25, 6.5],
			"faces": {
				"north": {"uv": [7.25, 2, 9.5, 4], "texture": "#texture"},
				"east": {"uv": [7, 1, 9.75, 3.25], "texture": "#texture"},
				"south": {"uv": [6.5, 1.25, 9.25, 3.75], "texture": "#texture"},
				"west": {"uv": [6.75, 0.75, 9.75, 3.25], "texture": "#texture"},
				"up": {"uv": [8.25, 2.25, 10.5, 3.75], "texture": "#texture"},
				"down": {"uv": [7, 2.25, 9.5, 4.25], "texture": "#texture"}
			}
		},
		{
			"from": [3.95, 12, 9.5],
			"to": [4.95, 13.25, 10],
			"faces": {
				"north": {"uv": [7.25, 2, 9.5, 4], "texture": "#texture"},
				"east": {"uv": [7, 1, 9.75, 3.25], "texture": "#texture"},
				"south": {"uv": [6.5, 1.25, 9.25, 3.75], "texture": "#texture"},
				"west": {"uv": [6.75, 0.75, 9.75, 3.25], "texture": "#texture"},
				"up": {"uv": [8.25, 2.25, 10.5, 3.75], "texture": "#texture"},
				"down": {"uv": [7, 2.25, 9.5, 4.25], "texture": "#texture"}
			}
		},
		{
			"name": "eye*",
			"from": [3.94, 12.25, 6],
			"to": [4.94, 14, 6.5],
			"faces": {
				"north": {"uv": [11.25, 6.25, 14, 9], "texture": "#particle"},
				"east": {"uv": [1.25, 7, 3.25, 15.5], "texture": "#particle"},
				"south": {"uv": [10.5, 6.5, 13.25, 9.25], "texture": "#particle"},
				"west": {"uv": [3.25, 7, 1, 15.5], "texture": "#particle"},
				"up": {"uv": [11.25, 6.75, 13.25, 9.75], "texture": "#particle"},
				"down": {"uv": [10.25, 7.75, 12, 10.5], "texture": "#particle"}
			}
		},
		{
			"name": "eye*",
			"from": [3.94, 12.25, 9.5],
			"to": [4.94, 14, 10],
			"faces": {
				"north": {"uv": [11.25, 6.25, 14, 9], "texture": "#particle"},
				"east": {"uv": [3.25, 7, 1.25, 15.5], "texture": "#particle"},
				"south": {"uv": [10.5, 6.5, 13.25, 9.25], "texture": "#particle"},
				"west": {"uv": [1, 7, 3.25, 15.5], "texture": "#particle"},
				"up": {"uv": [11.25, 6.75, 13.25, 9.75], "texture": "#particle"},
				"down": {"uv": [10.25, 7.75, 12, 10.5], "texture": "#particle"}
			}
		},
		{
			"name": "eye*",
			"from": [3.94, 12.25, 10],
			"to": [4.94, 14, 11.5],
			"rotation": {"angle": 45, "axis": "y", "origin": [3.94, 12.25, 10]},
			"faces": {
				"north": {"uv": [11.25, 6.25, 14, 9], "texture": "#particle"},
				"east": {"uv": [9.5, 7, 3.25, 15.5], "texture": "#particle"},
				"south": {"uv": [10.5, 6.5, 13.25, 9.25], "texture": "#particle"},
				"west": {"uv": [3.25, 7, 9.5, 15.5], "texture": "#particle"},
				"up": {"uv": [11.25, 6.75, 13.25, 9.75], "texture": "#particle"},
				"down": {"uv": [10.25, 7.75, 12, 10.5], "texture": "#particle"}
			}
		},
		{
			"from": [7, 6.25, 5],
			"to": [9, 8, 11],
			"faces": {
				"north": {"uv": [1.5, 2, 3.5, 4], "texture": "#texture"},
				"east": {"uv": [1.5, 1, 4, 4], "texture": "#texture"},
				"south": {"uv": [1.5, 1, 3.5, 3], "texture": "#texture"},
				"west": {"uv": [1.5, 1, 4, 3], "texture": "#texture"},
				"up": {"uv": [1.5, 1.5, 4, 4], "texture": "#texture"},
				"down": {"uv": [3, 1.5, 5, 4], "texture": "#texture"}
			}
		},
		{
			"from": [7, 6.5, 11],
			"to": [9, 8, 15.25],
			"rotation": {"angle": 22.5, "axis": "x", "origin": [7, 8, 11]},
			"faces": {
				"north": {"uv": [1.5, 2, 3.5, 4], "texture": "#texture"},
				"east": {"uv": [1.5, 1, 4, 4], "texture": "#texture"},
				"south": {"uv": [1.5, 1, 3.5, 3], "texture": "#texture"},
				"west": {"uv": [1.5, 1, 4, 3], "texture": "#texture"},
				"up": {"uv": [1.5, 1.5, 4, 4], "texture": "#texture"},
				"down": {"uv": [3, 1.5, 5, 4], "texture": "#texture"}
			}
		},
		{
			"from": [7, 4.5625, 16.5625],
			"to": [9, 10.8125, 18.5625],
			"rotation": {"angle": 22.5, "axis": "x", "origin": [7, 10.8125, 16.5625]},
			"faces": {
				"north": {"uv": [1.5, 2, 3.5, 4], "texture": "#texture"},
				"east": {"uv": [1.5, 1, 4, 4], "texture": "#texture"},
				"south": {"uv": [1.5, 1, 3.5, 3], "texture": "#texture"},
				"west": {"uv": [1.5, 1, 4, 3], "texture": "#texture"},
				"up": {"uv": [1.5, 1.5, 4, 4], "texture": "#texture"},
				"down": {"uv": [3, 1.5, 5, 4], "texture": "#texture"}
			}
		},
		{
			"from": [7, 4.625, 0.625],
			"to": [9, 6.125, 5.4375],
			"rotation": {"angle": -22.5, "axis": "x", "origin": [7, 6.125, 0.625]},
			"faces": {
				"north": {"uv": [1.5, 2, 3.5, 4], "texture": "#texture"},
				"east": {"uv": [1.5, 1, 4, 4], "texture": "#texture"},
				"south": {"uv": [1.5, 1, 3.5, 3], "texture": "#texture"},
				"west": {"uv": [1.5, 1, 4, 3], "texture": "#texture"},
				"up": {"uv": [1.5, 1.5, 4, 4], "texture": "#texture"},
				"down": {"uv": [3, 1.5, 5, 4], "texture": "#texture"}
			}
		},
		{
			"from": [7, -1.5, -0.75],
			"to": [9, 4.75, 1.25],
			"rotation": {"angle": -45, "axis": "x", "origin": [7, 4.75, -0.75]},
			"faces": {
				"north": {"uv": [1.5, 2, 3.5, 4], "texture": "#texture"},
				"east": {"uv": [1.5, 1, 4, 4], "texture": "#texture"},
				"south": {"uv": [1.5, 1, 3.5, 3], "texture": "#texture"},
				"west": {"uv": [1.5, 1, 4, 3], "texture": "#texture"},
				"up": {"uv": [1.5, 1.5, 4, 4], "texture": "#texture"},
				"down": {"uv": [3, 1.5, 5, 4], "texture": "#texture"}
			}
		},
		{
			"from": [7, -0.5, 2.25],
			"to": [9, 0.75, 5.25],
			"rotation": {"angle": -22.5, "axis": "x", "origin": [7, 0.75, 2.25]},
			"faces": {
				"north": {"uv": [1.5, 2, 3.5, 4], "texture": "#texture"},
				"east": {"uv": [1.5, 1, 4, 4], "texture": "#texture"},
				"south": {"uv": [1.5, 1, 3.5, 3], "texture": "#texture"},
				"west": {"uv": [1.5, 1, 4, 3], "texture": "#texture"},
				"up": {"uv": [1.5, 1.5, 4, 4], "texture": "#texture"},
				"down": {"uv": [3, 1.5, 5, 4], "texture": "#texture"}
			}
		},
		{
			"from": [6.9375, 5.0625, 1.8125],
			"to": [9.0625, 6.6875, 2.5625],
			"rotation": {"angle": -22.5, "axis": "x", "origin": [6.9375, 6.6875, 1.8125]},
			"faces": {
				"north": {"uv": [13.25, 2, 15.25, 4], "texture": "#texture"},
				"east": {"uv": [11.75, 0.75, 14.25, 3.75], "texture": "#texture"},
				"south": {"uv": [12.5, 1.5, 14.5, 3.5], "texture": "#texture"},
				"west": {"uv": [11.75, 1.25, 14.25, 3.25], "texture": "#texture"},
				"up": {"uv": [11.75, 1.75, 14.25, 4.25], "texture": "#texture"},
				"down": {"uv": [12, 1.25, 14, 3.75], "texture": "#texture"}
			}
		},
		{
			"from": [6.9375, 5.5625, 13.25],
			"to": [9.0625, 7.1875, 14],
			"rotation": {"angle": 22.5, "axis": "x", "origin": [6.9375, 7.1875, 13.25]},
			"faces": {
				"north": {"uv": [13.25, 2, 15.25, 4], "texture": "#texture"},
				"east": {"uv": [11.75, 0.75, 14.25, 3.75], "texture": "#texture"},
				"south": {"uv": [12.5, 1.5, 14.5, 3.5], "texture": "#texture"},
				"west": {"uv": [11.75, 1.25, 14.25, 3.25], "texture": "#texture"},
				"up": {"uv": [11.75, 1.75, 14.25, 4.25], "texture": "#texture"},
				"down": {"uv": [12, 1.25, 14, 3.75], "texture": "#texture"}
			}
		},
		{
			"from": [7, 4.75, 6],
			"to": [9, 6.25, 10],
			"faces": {
				"north": {"uv": [1.5, 2, 3.5, 4], "texture": "#texture"},
				"east": {"uv": [1.5, 1, 4, 4], "texture": "#texture"},
				"south": {"uv": [1.5, 1, 3.5, 3], "texture": "#texture"},
				"west": {"uv": [1.5, 1, 4, 3], "texture": "#texture"},
				"up": {"uv": [1.5, 1.5, 4, 4], "texture": "#texture"},
				"down": {"uv": [3, 1.5, 5, 4], "texture": "#texture"}
			}
		},
		{
			"from": [7, -1, 5.5],
			"to": [9, 4.75, 10.5],
			"faces": {
				"north": {"uv": [1.5, 2, 3.5, 4], "texture": "#texture"},
				"east": {"uv": [1.5, 1, 4, 4], "texture": "#texture"},
				"south": {"uv": [1.5, 1, 3.5, 3], "texture": "#texture"},
				"west": {"uv": [1.5, 1, 4, 3], "texture": "#texture"},
				"up": {"uv": [1.5, 1.5, 4, 4], "texture": "#texture"},
				"down": {"uv": [3, 1.5, 5, 4], "texture": "#texture"}
			}
		},
		{
			"from": [7, 4.5625, 6.4375],
			"to": [9, 7.0625, 7.9375],
			"rotation": {"angle": 22.5, "axis": "x", "origin": [7, 7.0625, 6.4375]},
			"faces": {
				"north": {"uv": [1.5, 2, 3.5, 4], "texture": "#texture"},
				"east": {"uv": [1.5, 1, 4, 4], "texture": "#texture"},
				"south": {"uv": [1.5, 1, 3.5, 3], "texture": "#texture"},
				"west": {"uv": [1.5, 1, 4, 3], "texture": "#texture"},
				"up": {"uv": [1.5, 1.5, 4, 4], "texture": "#texture"},
				"down": {"uv": [3, 1.5, 5, 4], "texture": "#texture"}
			}
		},
		{
			"from": [7, 4, 8.1875],
			"to": [9, 6.5, 9.6875],
			"rotation": {"angle": -22.5, "axis": "x", "origin": [7, 6.5, 8.1875]},
			"faces": {
				"north": {"uv": [1.5, 2, 3.5, 4], "texture": "#texture"},
				"east": {"uv": [1.5, 1, 4, 4], "texture": "#texture"},
				"south": {"uv": [1.5, 1, 3.5, 3], "texture": "#texture"},
				"west": {"uv": [1.5, 1, 4, 3], "texture": "#texture"},
				"up": {"uv": [1.5, 1.5, 4, 4], "texture": "#texture"},
				"down": {"uv": [3, 1.5, 5, 4], "texture": "#texture"}
			}
		},
		{
			"from": [7, -1.25, 10.5],
			"to": [9, 0.75, 14.75],
			"rotation": {"angle": 22.5, "axis": "x", "origin": [7, 0.75, 10.5]},
			"faces": {
				"north": {"uv": [1.5, 2, 3.5, 4], "texture": "#texture"},
				"east": {"uv": [1.5, 1, 4, 4], "texture": "#texture"},
				"south": {"uv": [1.5, 1, 3.5, 3], "texture": "#texture"},
				"west": {"uv": [1.5, 1, 4, 3], "texture": "#texture"},
				"up": {"uv": [1.5, 1.5, 4, 4], "texture": "#texture"},
				"down": {"uv": [3, 1.5, 5, 4], "texture": "#texture"}
			}
		},
		{
			"from": [7, -4.75, 12.5],
			"to": [9, -0.25, 14.5],
			"rotation": {"angle": 22.5, "axis": "x", "origin": [7, -0.25, 12.5]},
			"faces": {
				"north": {"uv": [1.5, 2, 3.5, 4], "texture": "#texture"},
				"east": {"uv": [1.5, 1, 4, 4], "texture": "#texture"},
				"south": {"uv": [1.5, 1, 3.5, 3], "texture": "#texture"},
				"west": {"uv": [1.5, 1, 4, 3], "texture": "#texture"},
				"up": {"uv": [1.5, 1.5, 4, 4], "texture": "#texture"},
				"down": {"uv": [3, 1.5, 5, 4], "texture": "#texture"}
			}
		},
		{
			"from": [6.75, -5.75, 10.75],
			"to": [9.25, -4.25, 14.5],
			"faces": {
				"north": {"uv": [2.75, 7, 4.75, 9], "texture": "#texture"},
				"east": {"uv": [1.25, 7.25, 3.75, 10.25], "texture": "#texture"},
				"south": {"uv": [2.25, 7.5, 4.25, 9.5], "texture": "#texture"},
				"west": {"uv": [1.25, 8.75, 3.75, 10.75], "texture": "#texture"},
				"up": {"uv": [1.5, 7.5, 4, 10], "texture": "#texture"},
				"down": {"uv": [1.5, 6.5, 3.5, 9], "texture": "#texture"}
			}
		},
		{
			"from": [7, -6.25, 0],
			"to": [9, -4.25, 7.75],
			"rotation": {"angle": -45, "axis": "x", "origin": [7, -4.25, 0]},
			"faces": {
				"north": {"uv": [1.5, 2, 3.5, 4], "texture": "#texture"},
				"east": {"uv": [1.5, 1, 4, 4], "texture": "#texture"},
				"south": {"uv": [1.5, 1, 3.5, 3], "texture": "#texture"},
				"west": {"uv": [1.5, 1, 4, 3], "texture": "#texture"},
				"up": {"uv": [1.5, 1.5, 4, 4], "texture": "#texture"},
				"down": {"uv": [3, 1.5, 5, 4], "texture": "#texture"}
			}
		},
		{
			"from": [6.75, -5.75, -1.25],
			"to": [9.25, -4.25, 2.5],
			"faces": {
				"north": {"uv": [2.75, 7, 4.75, 9], "texture": "#texture"},
				"east": {"uv": [1.25, 7.25, 3.75, 10.25], "texture": "#texture"},
				"south": {"uv": [2.25, 7.5, 4.25, 9.5], "texture": "#texture"},
				"west": {"uv": [1.25, 8.75, 3.75, 10.75], "texture": "#texture"},
				"up": {"uv": [1.5, 7.5, 4, 10], "texture": "#texture"},
				"down": {"uv": [1.5, 6.5, 3.5, 9], "texture": "#texture"}
			}
		},
		{
			"from": [6, 0.25, 6.5],
			"to": [8, 5, 9.5],
			"faces": {
				"north": {"uv": [2, 6.5, 4, 8.5], "texture": "#texture"},
				"east": {"uv": [1, 6.25, 3.5, 9.25], "texture": "#texture"},
				"south": {"uv": [2, 7.25, 4, 9.25], "texture": "#texture"},
				"west": {"uv": [2, 6.75, 4.5, 8.75], "texture": "#texture"},
				"up": {"uv": [2, 6.75, 4.5, 9.25], "texture": "#texture"},
				"down": {"uv": [1.5, 6, 3.5, 8.5], "texture": "#texture"}
			}
		},
		{
			"from": [7.145, 4.75, 6.5],
			"to": [9.145, 7.75, 9.5],
			"rotation": {"angle": -22.5, "axis": "z", "origin": [7.145, 7.75, 6.5]},
			"faces": {
				"north": {"uv": [2, 6.5, 4, 8.5], "texture": "#texture"},
				"east": {"uv": [1, 6.25, 3.5, 9.25], "texture": "#texture"},
				"south": {"uv": [2, 7.25, 4, 9.25], "texture": "#texture"},
				"west": {"uv": [2, 6.75, 4.5, 8.75], "texture": "#texture"},
				"up": {"uv": [2, 6.75, 4.5, 9.25], "texture": "#texture"},
				"down": {"uv": [1.5, 6, 3.5, 8.5], "texture": "#texture"}
			}
		},
		{
			"from": [6, -1.5, 6.5],
			"to": [7.25, 0.25, 9.5],
			"rotation": {"angle": 22.5, "axis": "z", "origin": [6, 0.25, 6.5]},
			"faces": {
				"north": {"uv": [2, 6.5, 4, 8.5], "texture": "#texture"},
				"east": {"uv": [1, 6.25, 3.5, 9.25], "texture": "#texture"},
				"south": {"uv": [2, 7.25, 4, 9.25], "texture": "#texture"},
				"west": {"uv": [2, 6.75, 4.5, 8.75], "texture": "#texture"},
				"up": {"uv": [2, 6.75, 4.5, 9.25], "texture": "#texture"},
				"down": {"uv": [1.5, 6, 3.5, 8.5], "texture": "#texture"}
			}
		},
		{
			"from": [6.6875, -1.375, 6.5],
			"to": [8.4375, -0.125, 9.5],
			"faces": {
				"north": {"uv": [2, 6.5, 4, 8.5], "texture": "#texture"},
				"east": {"uv": [1, 6.25, 3.5, 9.25], "texture": "#texture"},
				"south": {"uv": [2, 7.25, 4, 9.25], "texture": "#texture"},
				"west": {"uv": [2, 6.75, 4.5, 8.75], "texture": "#texture"},
				"up": {"uv": [2, 6.75, 4.5, 9.25], "texture": "#texture"},
				"down": {"uv": [1.5, 6, 3.5, 8.5], "texture": "#texture"}
			}
		},
		{
			"from": [8, 0.25, 6.5],
			"to": [10, 5, 9.5],
			"faces": {
				"north": {"uv": [1.5, 2, 3.5, 4], "texture": "#texture"},
				"east": {"uv": [1.5, 1, 4, 4], "texture": "#texture"},
				"south": {"uv": [1.5, 1, 3.5, 3], "texture": "#texture"},
				"west": {"uv": [1.5, 1, 4, 3], "texture": "#texture"},
				"up": {"uv": [1.5, 1.5, 4, 4], "texture": "#texture"},
				"down": {"uv": [3, 1.5, 5, 4], "texture": "#texture"}
			}
		},
		{
			"from": [7, -1, 9],
			"to": [9, 2.25, 10.5],
			"rotation": {"angle": -22.5, "axis": "x", "origin": [7, 2.25, 9]},
			"faces": {
				"north": {"uv": [1.5, 2, 3.5, 4], "texture": "#texture"},
				"east": {"uv": [1.5, 1, 4, 4], "texture": "#texture"},
				"south": {"uv": [1.5, 1, 3.5, 3], "texture": "#texture"},
				"west": {"uv": [1.5, 1, 4, 3], "texture": "#texture"},
				"up": {"uv": [1.5, 1.5, 4, 4], "texture": "#texture"},
				"down": {"uv": [3, 1.5, 5, 4], "texture": "#texture"}
			}
		},
		{
			"from": [7, -0.25, 5.5],
			"to": [9, 3, 7],
			"rotation": {"angle": 22.5, "axis": "x", "origin": [7, 3, 5.5]},
			"faces": {
				"north": {"uv": [1.5, 2, 3.5, 4], "texture": "#texture"},
				"east": {"uv": [1.5, 1, 4, 4], "texture": "#texture"},
				"south": {"uv": [1.5, 1, 3.5, 3], "texture": "#texture"},
				"west": {"uv": [1.5, 1, 4, 3], "texture": "#texture"},
				"up": {"uv": [1.5, 1.5, 4, 4], "texture": "#texture"},
				"down": {"uv": [3, 1.5, 5, 4], "texture": "#texture"}
			}
		},
		{
			"from": [7.5625, 4.1875, 6.5],
			"to": [9.0625, 6.9375, 9.5],
			"rotation": {"angle": 22.5, "axis": "z", "origin": [7.5625, 6.9375, 6.5]},
			"faces": {
				"north": {"uv": [1.5, 2, 3.5, 4], "texture": "#texture"},
				"east": {"uv": [1.5, 1, 4, 4], "texture": "#texture"},
				"south": {"uv": [1.5, 1, 3.5, 3], "texture": "#texture"},
				"west": {"uv": [1.5, 1, 4, 3], "texture": "#texture"},
				"up": {"uv": [1.5, 1.5, 4, 4], "texture": "#texture"},
				"down": {"uv": [3, 1.5, 5, 4], "texture": "#texture"}
			}
		},
		{
			"from": [8.875, -0.9375, 6.5],
			"to": [10.125, 0.8125, 9.5],
			"rotation": {"angle": -22.5, "axis": "z", "origin": [8.875, 0.8125, 6.5]},
			"faces": {
				"north": {"uv": [1.5, 2, 3.5, 4], "texture": "#texture"},
				"east": {"uv": [1.5, 1, 4, 4], "texture": "#texture"},
				"south": {"uv": [1.5, 1, 3.5, 3], "texture": "#texture"},
				"west": {"uv": [1.5, 1, 4, 3], "texture": "#texture"},
				"up": {"uv": [1.5, 1.5, 4, 4], "texture": "#texture"},
				"down": {"uv": [3, 1.5, 5, 4], "texture": "#texture"}
			}
		},
		{
			"from": [8.4375, -1.375, 6.5],
			"to": [9.375, -0.375, 9.5],
			"faces": {
				"north": {"uv": [1.5, 2, 3.5, 4], "texture": "#texture"},
				"east": {"uv": [1.5, 1, 4, 4], "texture": "#texture"},
				"south": {"uv": [1.5, 1, 3.5, 3], "texture": "#texture"},
				"west": {"uv": [1.5, 1, 4, 3], "texture": "#texture"},
				"up": {"uv": [1.5, 1.5, 4, 4], "texture": "#texture"},
				"down": {"uv": [3, 1.5, 5, 4], "texture": "#texture"}
			}
		},
		{
			"from": [9.5, -0.5, 7.5],
			"to": [14.1875, 0.75, 8.5],
			"rotation": {"angle": -22.5, "axis": "z", "origin": [9.5, 0.75, 7.5]},
			"faces": {
				"north": {"uv": [1.5, 2, 3.5, 4], "texture": "#texture"},
				"east": {"uv": [1.5, 1, 4, 4], "texture": "#texture"},
				"south": {"uv": [1.5, 1, 3.5, 3], "texture": "#texture"},
				"west": {"uv": [1.5, 1, 4, 3], "texture": "#texture"},
				"up": {"uv": [1.5, 1.5, 4, 4], "texture": "#texture"},
				"down": {"uv": [3, 1.5, 5, 4], "texture": "#texture"}
			}
		},
		{
			"from": [12.4375, -2.5625, 7.5],
			"to": [16.9375, -1.3125, 8.5],
			"rotation": {"angle": 45, "axis": "z", "origin": [12.4375, -1.3125, 7.5]},
			"faces": {
				"north": {"uv": [1.5, 2, 3.5, 4], "texture": "#texture"},
				"east": {"uv": [1.5, 1, 4, 4], "texture": "#texture"},
				"south": {"uv": [1.5, 1, 3.5, 3], "texture": "#texture"},
				"west": {"uv": [1.5, 1, 4, 3], "texture": "#texture"},
				"up": {"uv": [1.5, 1.5, 4, 4], "texture": "#texture"},
				"down": {"uv": [3, 1.5, 5, 4], "texture": "#texture"}
			}
		},
		{
			"from": [15, 1, 7.5],
			"to": [16.5, 8.25, 8.5],
			"faces": {
				"north": {"uv": [1.5, 2, 3.5, 4], "texture": "#texture"},
				"east": {"uv": [1.5, 1, 4, 4], "texture": "#texture"},
				"south": {"uv": [1.5, 1, 3.5, 3], "texture": "#texture"},
				"west": {"uv": [1.5, 1, 4, 3], "texture": "#texture"},
				"up": {"uv": [1.5, 1.5, 4, 4], "texture": "#texture"},
				"down": {"uv": [3, 1.5, 5, 4], "texture": "#texture"}
			}
		},
		{
			"from": [10.25, 6.75, 8],
			"to": [18, 31, 8.0625],
			"faces": {
				"north": {"uv": [0, 0, 6.125, 16], "texture": "#fire_cc"},
				"east": {"uv": [11.125, 1.625, 13.625, 4.625], "texture": "#fire_cc"},
				"south": {"uv": [6.125, 0, 0, 16], "texture": "#fire_cc"},
				"west": {"uv": [10.125, 4.375, 12.625, 6.375], "texture": "#fire_cc"},
				"up": {"uv": [8.875, 3.875, 11.375, 6.375], "texture": "#fire_cc"},
				"down": {"uv": [11.375, 4.875, 13.375, 7.375], "texture": "#fire_cc"}
			}
		},
		{
			"from": [6.75, -0.25, 1.5],
			"to": [7.25, 0.5, 3],
			"faces": {
				"north": {"uv": [2, 6.5, 4, 8.5], "texture": "#texture"},
				"east": {"uv": [1, 6.25, 3.5, 9.25], "texture": "#texture"},
				"south": {"uv": [2, 7.25, 4, 9.25], "texture": "#texture"},
				"west": {"uv": [2, 6.75, 4.5, 8.75], "texture": "#texture"},
				"up": {"uv": [2, 6.75, 4.5, 9.25], "texture": "#texture"},
				"down": {"uv": [1.5, 6, 3.5, 8.5], "texture": "#texture"}
			}
		},
		{
			"from": [7.4, -0.25, 1.5],
			"to": [7.9, 0.5, 3],
			"faces": {
				"north": {"uv": [2, 6.5, 4, 8.5], "texture": "#texture"},
				"east": {"uv": [1, 6.25, 3.5, 9.25], "texture": "#texture"},
				"south": {"uv": [2, 7.25, 4, 9.25], "texture": "#texture"},
				"west": {"uv": [2, 6.75, 4.5, 8.75], "texture": "#texture"},
				"up": {"uv": [2, 6.75, 4.5, 9.25], "texture": "#texture"},
				"down": {"uv": [1.5, 6, 3.5, 8.5], "texture": "#texture"}
			}
		},
		{
			"from": [8.1, -0.25, 1.5],
			"to": [8.6, 0.5, 3],
			"faces": {
				"north": {"uv": [2, 6.5, 4, 8.5], "texture": "#texture"},
				"east": {"uv": [1, 6.25, 3.5, 9.25], "texture": "#texture"},
				"south": {"uv": [2, 7.25, 4, 9.25], "texture": "#texture"},
				"west": {"uv": [2, 6.75, 4.5, 8.75], "texture": "#texture"},
				"up": {"uv": [2, 6.75, 4.5, 9.25], "texture": "#texture"},
				"down": {"uv": [1.5, 6, 3.5, 8.5], "texture": "#texture"}
			}
		},
		{
			"from": [8.75, -0.25, 1.5],
			"to": [9.25, 0.5, 3],
			"faces": {
				"north": {"uv": [2, 6.5, 4, 8.5], "texture": "#texture"},
				"east": {"uv": [1, 6.25, 3.5, 9.25], "texture": "#texture"},
				"south": {"uv": [2, 7.25, 4, 9.25], "texture": "#texture"},
				"west": {"uv": [2, 6.75, 4.5, 8.75], "texture": "#texture"},
				"up": {"uv": [2, 6.75, 4.5, 9.25], "texture": "#texture"},
				"down": {"uv": [1.5, 6, 3.5, 8.5], "texture": "#texture"}
			}
		},
		{
			"from": [9.25, 0.5, 2],
			"to": [9.75, 1.25, 3.5],
			"rotation": {"angle": -22.5, "axis": "y", "origin": [9.25, 0.5, 2]},
			"faces": {
				"north": {"uv": [2, 6.5, 4, 8.5], "texture": "#texture"},
				"east": {"uv": [1, 6.25, 3.5, 9.25], "texture": "#texture"},
				"south": {"uv": [2, 7.25, 4, 9.25], "texture": "#texture"},
				"west": {"uv": [2, 6.75, 4.5, 8.75], "texture": "#texture"},
				"up": {"uv": [2, 6.75, 4.5, 9.25], "texture": "#texture"},
				"down": {"uv": [1.5, 6, 3.5, 8.5], "texture": "#texture"}
			}
		},
		{
			"from": [6.75, 9.75, 16.75],
			"to": [8.25, 11.5, 17.25],
			"rotation": {"angle": 22.5, "axis": "x", "origin": [6.75, 11.5, 16.75]},
			"faces": {
				"north": {"uv": [2, 6.5, 4, 8.5], "texture": "#texture"},
				"east": {"uv": [1, 6.25, 3.5, 9.25], "texture": "#texture"},
				"south": {"uv": [2, 7.25, 4, 9.25], "texture": "#texture"},
				"west": {"uv": [2, 6.75, 4.5, 8.75], "texture": "#texture"},
				"up": {"uv": [2, 6.75, 4.5, 9.25], "texture": "#texture"},
				"down": {"uv": [1.5, 6, 3.5, 8.5], "texture": "#texture"}
			}
		},
		{
			"from": [6.75, 9.5, 17.25],
			"to": [8.25, 11.25, 17.75],
			"rotation": {"angle": 22.5, "axis": "x", "origin": [6.75, 11.25, 17.25]},
			"faces": {
				"north": {"uv": [2, 6.5, 4, 8.5], "texture": "#texture"},
				"east": {"uv": [1, 6.25, 3.5, 9.25], "texture": "#texture"},
				"south": {"uv": [2, 7.25, 4, 9.25], "texture": "#texture"},
				"west": {"uv": [2, 6.75, 4.5, 8.75], "texture": "#texture"},
				"up": {"uv": [2, 6.75, 4.5, 9.25], "texture": "#texture"},
				"down": {"uv": [1.5, 6, 3.5, 8.5], "texture": "#texture"}
			}
		},
		{
			"from": [6.75, 9.25, 17.75],
			"to": [8.25, 11, 18.25],
			"rotation": {"angle": 22.5, "axis": "x", "origin": [6.75, 11, 17.75]},
			"faces": {
				"north": {"uv": [2, 6.5, 4, 8.5], "texture": "#texture"},
				"east": {"uv": [1, 6.25, 3.5, 9.25], "texture": "#texture"},
				"south": {"uv": [2, 7.25, 4, 9.25], "texture": "#texture"},
				"west": {"uv": [2, 6.75, 4.5, 8.75], "texture": "#texture"},
				"up": {"uv": [2, 6.75, 4.5, 9.25], "texture": "#texture"},
				"down": {"uv": [1.5, 6, 3.5, 8.5], "texture": "#texture"}
			}
		},
		{
			"from": [6.75, 9, 18.25],
			"to": [8.25, 10.75, 18.75],
			"rotation": {"angle": 22.5, "axis": "x", "origin": [6.75, 10.75, 18.25]},
			"faces": {
				"north": {"uv": [2, 6.5, 4, 8.5], "texture": "#texture"},
				"east": {"uv": [1, 6.25, 3.5, 9.25], "texture": "#texture"},
				"south": {"uv": [2, 7.25, 4, 9.25], "texture": "#texture"},
				"west": {"uv": [2, 6.75, 4.5, 8.75], "texture": "#texture"},
				"up": {"uv": [2, 6.75, 4.5, 9.25], "texture": "#texture"},
				"down": {"uv": [1.5, 6, 3.5, 8.5], "texture": "#texture"}
			}
		},
		{
			"from": [7.25, 10.5, 15.5],
			"to": [8, 11.25, 17.25],
			"rotation": {"angle": 45, "axis": "x", "origin": [7.25, 11.25, 15.5]},
			"faces": {
				"north": {"uv": [2, 6.5, 4, 8.5], "texture": "#texture"},
				"east": {"uv": [1, 6.25, 3.5, 9.25], "texture": "#texture"},
				"south": {"uv": [2, 7.25, 4, 9.25], "texture": "#texture"},
				"west": {"uv": [2, 6.75, 4.5, 8.75], "texture": "#texture"},
				"up": {"uv": [2, 6.75, 4.5, 9.25], "texture": "#texture"},
				"down": {"uv": [1.5, 6, 3.5, 8.5], "texture": "#texture"}
			}
		},
		{
			"from": [6, 1, 6.25],
			"to": [8, 4.5, 9.75],
			"faces": {
				"north": {"uv": [2, 6.5, 4, 8.5], "texture": "#texture"},
				"east": {"uv": [1, 6.25, 3.5, 9.25], "texture": "#texture"},
				"south": {"uv": [2, 7.25, 4, 9.25], "texture": "#texture"},
				"west": {"uv": [2, 6.75, 4.5, 8.75], "texture": "#texture"},
				"up": {"uv": [2, 6.75, 4.5, 9.25], "texture": "#texture"},
				"down": {"uv": [1.5, 6, 3.5, 8.5], "texture": "#texture"}
			}
		},
		{
			"from": [6, 1.25, 6],
			"to": [8, 4.25, 10],
			"faces": {
				"north": {"uv": [2, 6.5, 4, 8.5], "texture": "#texture"},
				"east": {"uv": [1, 6.25, 3.5, 9.25], "texture": "#texture"},
				"south": {"uv": [2, 7.25, 4, 9.25], "texture": "#texture"},
				"west": {"uv": [2, 6.75, 4.5, 8.75], "texture": "#texture"},
				"up": {"uv": [2, 6.75, 4.5, 9.25], "texture": "#texture"},
				"down": {"uv": [1.5, 6, 3.5, 8.5], "texture": "#texture"}
			}
		},
		{
			"from": [6, 3.5, 6],
			"to": [8, 4.25, 7],
			"rotation": {"angle": -45, "axis": "x", "origin": [6, 4.25, 6]},
			"faces": {
				"north": {"uv": [2, 6.5, 4, 8.5], "texture": "#texture"},
				"east": {"uv": [1, 6.25, 3.5, 9.25], "texture": "#texture"},
				"south": {"uv": [2, 7.25, 4, 9.25], "texture": "#texture"},
				"west": {"uv": [2, 6.75, 4.5, 8.75], "texture": "#texture"},
				"up": {"uv": [2, 6.75, 4.5, 9.25], "texture": "#texture"},
				"down": {"uv": [1.5, 6, 3.5, 8.5], "texture": "#texture"}
			}
		},
		{
			"from": [6, 4.25, 9.25],
			"to": [8, 5, 10.3],
			"rotation": {"angle": 45, "axis": "x", "origin": [6, 5, 9.25]},
			"faces": {
				"north": {"uv": [2, 6.5, 4, 8.5], "texture": "#texture"},
				"east": {"uv": [1, 6.25, 3.5, 9.25], "texture": "#texture"},
				"south": {"uv": [2, 7.25, 4, 9.25], "texture": "#texture"},
				"west": {"uv": [2, 6.75, 4.5, 8.75], "texture": "#texture"},
				"up": {"uv": [2, 6.75, 4.5, 9.25], "texture": "#texture"},
				"down": {"uv": [1.5, 6, 3.5, 8.5], "texture": "#texture"}
			}
		},
		{
			"from": [6, 0.25, 6],
			"to": [8, 1.25, 6.75],
			"rotation": {"angle": -45, "axis": "x", "origin": [6, 1.25, 6]},
			"faces": {
				"north": {"uv": [2, 6.5, 4, 8.5], "texture": "#texture"},
				"east": {"uv": [1, 6.25, 3.5, 9.25], "texture": "#texture"},
				"south": {"uv": [2, 7.25, 4, 9.25], "texture": "#texture"},
				"west": {"uv": [2, 6.75, 4.5, 8.75], "texture": "#texture"},
				"up": {"uv": [2, 6.75, 4.5, 9.25], "texture": "#texture"},
				"down": {"uv": [1.5, 6, 3.5, 8.5], "texture": "#texture"}
			}
		},
		{
			"from": [6, 0.77, 9.4575],
			"to": [8, 1.77, 10.2075],
			"rotation": {"angle": 45, "axis": "x", "origin": [6, 1.77, 9.4575]},
			"faces": {
				"north": {"uv": [2, 6.5, 4, 8.5], "texture": "#texture"},
				"east": {"uv": [1, 6.25, 3.5, 9.25], "texture": "#texture"},
				"south": {"uv": [2, 7.25, 4, 9.25], "texture": "#texture"},
				"west": {"uv": [2, 6.75, 4.5, 8.75], "texture": "#texture"},
				"up": {"uv": [2, 6.75, 4.5, 9.25], "texture": "#texture"},
				"down": {"uv": [1.5, 6, 3.5, 8.5], "texture": "#texture"}
			}
		},
		{
			"from": [6.75, -5.75, -2.5],
			"to": [7.5, -4.5, -1.25],
			"faces": {
				"north": {"uv": [2, 6.5, 4, 8.5], "texture": "#texture"},
				"east": {"uv": [1, 6.25, 3.5, 9.25], "texture": "#texture"},
				"south": {"uv": [2, 7.25, 4, 9.25], "texture": "#texture"},
				"west": {"uv": [2, 6.75, 4.5, 8.75], "texture": "#texture"},
				"up": {"uv": [2, 6.75, 4.5, 9.25], "texture": "#texture"},
				"down": {"uv": [1.5, 6, 3.5, 8.5], "texture": "#texture"}
			}
		},
		{
			"from": [7.625, -5.75, -2.5],
			"to": [8.375, -4.5, -1.25],
			"faces": {
				"north": {"uv": [2, 6.5, 4, 8.5], "texture": "#texture"},
				"east": {"uv": [1, 6.25, 3.5, 9.25], "texture": "#texture"},
				"south": {"uv": [2, 7.25, 4, 9.25], "texture": "#texture"},
				"west": {"uv": [2, 6.75, 4.5, 8.75], "texture": "#texture"},
				"up": {"uv": [2, 6.75, 4.5, 9.25], "texture": "#texture"},
				"down": {"uv": [1.5, 6, 3.5, 8.5], "texture": "#texture"}
			}
		},
		{
			"from": [8.5, -5.75, -2.5],
			"to": [9.25, -4.5, -1.25],
			"faces": {
				"north": {"uv": [2, 6.5, 4, 8.5], "texture": "#texture"},
				"east": {"uv": [1, 6.25, 3.5, 9.25], "texture": "#texture"},
				"south": {"uv": [2, 7.25, 4, 9.25], "texture": "#texture"},
				"west": {"uv": [2, 6.75, 4.5, 8.75], "texture": "#texture"},
				"up": {"uv": [2, 6.75, 4.5, 9.25], "texture": "#texture"},
				"down": {"uv": [1.5, 6, 3.5, 8.5], "texture": "#texture"}
			}
		},
		{
			"from": [8.5, -5.75, 14.5],
			"to": [9.25, -4.5, 15.75],
			"faces": {
				"north": {"uv": [2, 6.5, 4, 8.5], "texture": "#texture"},
				"east": {"uv": [1, 6.25, 3.5, 9.25], "texture": "#texture"},
				"south": {"uv": [2, 7.25, 4, 9.25], "texture": "#texture"},
				"west": {"uv": [2, 6.75, 4.5, 8.75], "texture": "#texture"},
				"up": {"uv": [2, 6.75, 4.5, 9.25], "texture": "#texture"},
				"down": {"uv": [1.5, 6, 3.5, 8.5], "texture": "#texture"}
			}
		},
		{
			"from": [6.75, -5.75, 14.5],
			"to": [7.5, -4.5, 15.75],
			"faces": {
				"north": {"uv": [2, 6.5, 4, 8.5], "texture": "#texture"},
				"east": {"uv": [1, 6.25, 3.5, 9.25], "texture": "#texture"},
				"south": {"uv": [2, 7.25, 4, 9.25], "texture": "#texture"},
				"west": {"uv": [2, 6.75, 4.5, 8.75], "texture": "#texture"},
				"up": {"uv": [2, 6.75, 4.5, 9.25], "texture": "#texture"},
				"down": {"uv": [1.5, 6, 3.5, 8.5], "texture": "#texture"}
			}
		},
		{
			"from": [7.625, -5.75, 14.5],
			"to": [8.375, -4.5, 15.75],
			"faces": {
				"north": {"uv": [2, 6.5, 4, 8.5], "texture": "#texture"},
				"east": {"uv": [1, 6.25, 3.5, 9.25], "texture": "#texture"},
				"south": {"uv": [2, 7.25, 4, 9.25], "texture": "#texture"},
				"west": {"uv": [2, 6.75, 4.5, 8.75], "texture": "#texture"},
				"up": {"uv": [2, 6.75, 4.5, 9.25], "texture": "#texture"},
				"down": {"uv": [1.5, 6, 3.5, 8.5], "texture": "#texture"}
			}
		},
		{
			"from": [6.5, 8, 6],
			"to": [9.5, 8.5, 10],
			"faces": {
				"north": {"uv": [6.75, 7.25, 9.75, 7.75], "texture": "#texture"},
				"east": {"uv": [6.25, 7.75, 9.25, 8.25], "texture": "#texture"},
				"south": {"uv": [6.5, 7.5, 9.5, 8], "texture": "#texture"},
				"west": {"uv": [6.5, 7.5, 9.5, 8], "texture": "#texture"},
				"up": {"uv": [6.75, 6.5, 9.75, 9.5], "texture": "#texture"},
				"down": {"uv": [7, 6.75, 10, 9.75], "texture": "#texture"}
			}
		},
		{
			"from": [5, 7.70531, 6],
			"to": [6.75, 7.76781, 10],
			"rotation": {"angle": 22.5, "axis": "z", "origin": [5, 7.76781, 6]},
			"faces": {
				"north": {"uv": [10, 14, 11.75, 14.5], "texture": "#neck"},
				"east": {"uv": [8.25, 14.5, 11.25, 15], "texture": "#neck"},
				"south": {"uv": [11.25, 13.5, 13, 14], "texture": "#neck"},
				"west": {"uv": [8.25, 15, 11.25, 15.5], "texture": "#neck"},
				"up": {"uv": [0.25, 0.25, 5.75, 14], "rotation": 180, "texture": "#neck"},
				"down": {"uv": [0.25, 0.25, 5.75, 14], "rotation": 180, "texture": "#neck"}
			}
		},
		{
			"from": [9.5, 8.1875, 6],
			"to": [11.25, 8.25, 10],
			"rotation": {"angle": -22.5, "axis": "z", "origin": [9.5, 8.25, 6]},
			"faces": {
				"north": {"uv": [10, 14, 11.75, 14.5], "texture": "#neck"},
				"east": {"uv": [8.25, 14.5, 11.25, 15], "texture": "#neck"},
				"south": {"uv": [11.25, 13.5, 13, 14], "texture": "#neck"},
				"west": {"uv": [8.25, 15, 11.25, 15.5], "texture": "#neck"},
				"up": {"uv": [0.25, 0.25, 5.75, 14], "texture": "#neck"},
				"down": {"uv": [0.25, 0.25, 5.75, 14], "texture": "#neck"}
			}
		},
		{
			"from": [6.5, 7.6875, 4.25],
			"to": [9.5, 7.75, 6.25],
			"rotation": {"angle": -22.5, "axis": "x", "origin": [6.5, 7.75, 4.25]},
			"faces": {
				"north": {"uv": [10, 14, 11.75, 14.5], "texture": "#neck"},
				"east": {"uv": [8.25, 14.5, 11.25, 15], "texture": "#neck"},
				"south": {"uv": [11.25, 13.5, 13, 14], "texture": "#neck"},
				"west": {"uv": [8.25, 15, 11.25, 15.5], "texture": "#neck"},
				"up": {"uv": [0.25, 0.25, 5.75, 14], "rotation": 270, "texture": "#neck"},
				"down": {"uv": [0.25, 0.25, 5.75, 14], "rotation": 90, "texture": "#neck"}
			}
		},
		{
			"from": [6.5, 8.4375, 10],
			"to": [9.5, 8.5, 12],
			"rotation": {"angle": 22.5, "axis": "x", "origin": [6.5, 8.5, 10]},
			"faces": {
				"north": {"uv": [10, 14, 11.75, 14.5], "texture": "#neck"},
				"east": {"uv": [8.25, 14.5, 11.25, 15], "texture": "#neck"},
				"south": {"uv": [11.25, 13.5, 13, 14], "texture": "#neck"},
				"west": {"uv": [8.25, 15, 11.25, 15.5], "texture": "#neck"},
				"up": {"uv": [0.25, 0.25, 5.75, 14], "rotation": 90, "texture": "#neck"},
				"down": {"uv": [0.25, 0.25, 5.75, 14], "rotation": 270, "texture": "#neck"}
			}
		},
		{
			"from": [6, -4.5625, 10.75],
			"to": [7.25, -4.5, 13.25],
			"rotation": {"angle": 22.5, "axis": "z", "origin": [6, -4.5, 10.75]},
			"faces": {
				"north": {"uv": [10, 14, 11.75, 14.5], "texture": "#neck"},
				"east": {"uv": [8.25, 14.5, 11.25, 15], "texture": "#neck"},
				"south": {"uv": [11.25, 13.5, 13, 14], "texture": "#neck"},
				"west": {"uv": [8.25, 15, 11.25, 15.5], "texture": "#neck"},
				"up": {"uv": [6, 0.25, 11.5, 14], "rotation": 180, "texture": "#neck"},
				"down": {"uv": [6, 0.25, 11.5, 14], "rotation": 180, "texture": "#neck"}
			}
		},
		{
			"from": [8.75, -4.0625, 10.75],
			"to": [10, -4, 13.25],
			"rotation": {"angle": -22.5, "axis": "z", "origin": [8.75, -4, 10.75]},
			"faces": {
				"north": {"uv": [10, 14, 11.75, 14.5], "texture": "#neck"},
				"east": {"uv": [8.25, 14.5, 11.25, 15], "texture": "#neck"},
				"south": {"uv": [11.25, 13.5, 13, 14], "texture": "#neck"},
				"west": {"uv": [8.25, 15, 11.25, 15.5], "texture": "#neck"},
				"up": {"uv": [6, 0.25, 11.5, 14], "texture": "#neck"},
				"down": {"uv": [6, 0.25, 11.5, 14], "texture": "#neck"}
			}
		},
		{
			"from": [7, -4.51152, 9.75],
			"to": [9, -4.44902, 11.25],
			"rotation": {"angle": -22.5, "axis": "x", "origin": [7, -4.44902, 9.75]},
			"faces": {
				"north": {"uv": [10, 14, 11.75, 14.5], "texture": "#neck"},
				"east": {"uv": [8.25, 14.5, 11.25, 15], "texture": "#neck"},
				"south": {"uv": [11.25, 13.5, 13, 14], "texture": "#neck"},
				"west": {"uv": [8.25, 15, 11.25, 15.5], "texture": "#neck"},
				"up": {"uv": [6, 0.25, 11.5, 14], "rotation": 270, "texture": "#neck"},
				"down": {"uv": [6, 0.25, 11.5, 14], "rotation": 90, "texture": "#neck"}
			}
		},
		{
			"from": [6.75, -4.2125, 12.5],
			"to": [9.25, -4.15, 14.5],
			"faces": {
				"north": {"uv": [10, 14, 11.75, 14.5], "texture": "#neck"},
				"east": {"uv": [8.25, 14.5, 11.25, 15], "texture": "#neck"},
				"south": {"uv": [11.25, 13.5, 13, 14], "texture": "#neck"},
				"west": {"uv": [8.25, 15, 11.25, 15.5], "texture": "#neck"},
				"up": {"uv": [6, 0.25, 11.5, 14], "rotation": 90, "texture": "#neck"},
				"down": {"uv": [6, 0.25, 11.5, 14], "rotation": 270, "texture": "#neck"}
			}
		},
		{
			"from": [7, -4.5625, 2.25],
			"to": [9, -4.5, 3.75],
			"rotation": {"angle": 22.5, "axis": "x", "origin": [7, -4.5, 2.25]},
			"faces": {
				"north": {"uv": [10, 14, 11.75, 14.5], "texture": "#neck"},
				"east": {"uv": [8.25, 14.5, 11.25, 15], "texture": "#neck"},
				"south": {"uv": [11.25, 13.5, 13, 14], "texture": "#neck"},
				"west": {"uv": [8.25, 15, 11.25, 15.5], "texture": "#neck"},
				"up": {"uv": [6, 0.25, 11.5, 14], "rotation": 90, "texture": "#neck"},
				"down": {"uv": [6, 0.25, 11.5, 14], "rotation": 270, "texture": "#neck"}
			}
		},
		{
			"from": [6.75, -4.2125, -1.25],
			"to": [9.25, -4.15, 0.5],
			"faces": {
				"north": {"uv": [10, 14, 11.75, 14.5], "texture": "#neck"},
				"east": {"uv": [8.25, 14.5, 11.25, 15], "texture": "#neck"},
				"south": {"uv": [11.25, 13.5, 13, 14], "texture": "#neck"},
				"west": {"uv": [8.25, 15, 11.25, 15.5], "texture": "#neck"},
				"up": {"uv": [6, 0.25, 11.5, 14], "rotation": 270, "texture": "#neck"},
				"down": {"uv": [6, 0.25, 11.5, 14], "rotation": 90, "texture": "#neck"}
			}
		},
		{
			"from": [6, -4.625, 0.125],
			"to": [7.25, -4.5625, 2.875],
			"rotation": {"angle": 22.5, "axis": "z", "origin": [6, -4.5625, 0.125]},
			"faces": {
				"north": {"uv": [10, 14, 11.75, 14.5], "texture": "#neck"},
				"east": {"uv": [8.25, 14.5, 11.25, 15], "texture": "#neck"},
				"south": {"uv": [11.25, 13.5, 13, 14], "texture": "#neck"},
				"west": {"uv": [8.25, 15, 11.25, 15.5], "texture": "#neck"},
				"up": {"uv": [6, 0.25, 11.5, 14], "rotation": 180, "texture": "#neck"},
				"down": {"uv": [6, 0.25, 11.5, 14], "rotation": 180, "texture": "#neck"}
			}
		},
		{
			"from": [9, -4.125, 0.125],
			"to": [10.25, -4.0625, 2.875],
			"rotation": {"angle": -22.5, "axis": "z", "origin": [9, -4.0625, 0.125]},
			"faces": {
				"north": {"uv": [10, 14, 11.75, 14.5], "texture": "#neck"},
				"east": {"uv": [8.25, 14.5, 11.25, 15], "texture": "#neck"},
				"south": {"uv": [11.25, 13.5, 13, 14], "texture": "#neck"},
				"west": {"uv": [8.25, 15, 11.25, 15.5], "texture": "#neck"},
				"up": {"uv": [6, 0.25, 11.5, 14], "texture": "#neck"},
				"down": {"uv": [6, 0.25, 11.5, 14], "texture": "#neck"}
			}
		},
		{
			"from": [9.125, 0.3125, 7],
			"to": [10.125, 1.3125, 9],
			"faces": {
				"north": {"uv": [13, 7.5, 15.25, 9.5], "texture": "#texture"},
				"east": {"uv": [12, 7, 14.75, 9.25], "texture": "#texture"},
				"south": {"uv": [11.75, 7.25, 14.5, 9.75], "texture": "#texture"},
				"west": {"uv": [12.25, 7, 15.25, 9.5], "texture": "#texture"},
				"up": {"uv": [12.5, 7.5, 14.75, 9], "texture": "#texture"},
				"down": {"uv": [12.5, 7.5, 15, 9.5], "texture": "#texture"}
			}
		},
		{
			"from": [9.2, -0.8125, 7],
			"to": [10.2, 0.6875, 9],
			"rotation": {"angle": -22.5, "axis": "z", "origin": [9.2, 0.6875, 7]},
			"faces": {
				"north": {"uv": [13, 7.5, 15.25, 9.5], "texture": "#texture"},
				"east": {"uv": [12, 7, 14.75, 9.25], "texture": "#texture"},
				"south": {"uv": [11.75, 7.25, 14.5, 9.75], "texture": "#texture"},
				"west": {"uv": [12.25, 7, 15.25, 9.5], "texture": "#texture"},
				"up": {"uv": [12.5, 7.5, 14.75, 9], "texture": "#texture"},
				"down": {"uv": [12.5, 7.5, 15, 9.5], "texture": "#texture"}
			}
		},
		{
			"name": "swirl",
			"from": [7.005, 4.9275, 7],
			"to": [8.255, 7.4275, 9],
			"rotation": {"angle": -22.5, "axis": "z", "origin": [7.005, 7.4275, 7]},
			"faces": {
				"north": {"uv": [14, 6.75, 15.25, 9.25], "texture": "#swirl"},
				"east": {"uv": [2, 0.75, 12.25, 13.25], "texture": "#swirl"},
				"south": {"uv": [13.5, 4.75, 14.75, 7.25], "texture": "#swirl"},
				"west": {"uv": [2, 0.75, 12.25, 13.25], "texture": "#swirl"},
				"up": {"uv": [14, 7, 15.25, 9.5], "texture": "#swirl"},
				"down": {"uv": [13.75, 8.25, 15, 11], "texture": "#swirl"}
			}
		}
	],
	"display": {
		"thirdperson_righthand": {
			"rotation": [68, -90, 0],
			"translation": [-6, -3.75, 5.5],
			"scale": [1.2, 1.2, 1.2]
		},
		"thirdperson_lefthand": {
			"rotation": [68, 90, 0],
			"translation": [-6, -3.75, 5.5],
			"scale": [1.2, 1.2, 1.2]
		},
		"firstperson_righthand": {
			"scale": [0, 0, 0]
		},
		"firstperson_lefthand": {
			"scale": [0, 0, 0]
		},
		"ground": {
			"scale": [0, 0, 0]
		},
		"gui": {
			"rotation": [30, 45, 0],
			"translation": [0, 1, 0],
			"scale": [0, 0, 0]
		},
		"head": {
			"rotation": [0, -90, 0],
			"translation": [0, -17.25, 0],
			"scale": [2, 2, 2]
		},
		"fixed": {
			"scale": [0, 0, 0]
		}
	}
}