{
	"credit": "Made with Blockbench",
	"textures": {
		"texture": "pokemon/piplup/piplup_base",
		"head": "pokemon/piplup/head",
		"belly": "pokemon/piplup/belly",
		"particle": "pokemon/piplup/eye"
	},
	"elements": [
		{
			"name": "head_base",
			"from": [6, 6, 6],
			"to": [10, 14, 10],
			"faces": {
				"north": {"uv": [1.5, 1.5, 5, 4], "texture": "#texture"},
				"east": {"uv": [2, 2.5, 4.5, 4.5], "texture": "#texture"},
				"south": {"uv": [1.5, 1, 4, 3.5], "texture": "#texture"},
				"west": {"uv": [1, 1.5, 4, 4], "texture": "#texture"},
				"up": {"uv": [2, 1.5, 4.5, 3.5], "texture": "#texture"},
				"down": {"uv": [1.5, 1.5, 4.5, 3], "texture": "#texture"}
			}
		},
		{
			"name": "head_base",
			"from": [6, 8, 4],
			"to": [10, 12, 12],
			"faces": {
				"north": {"uv": [1.5, 1.5, 5, 4], "texture": "#texture"},
				"east": {"uv": [2, 2.5, 4.5, 4.5], "texture": "#texture"},
				"south": {"uv": [1.5, 1, 4, 3.5], "texture": "#texture"},
				"west": {"uv": [1, 1.5, 4, 4], "texture": "#texture"},
				"up": {"uv": [2, 1.5, 4.5, 3.5], "texture": "#texture"},
				"down": {"uv": [1.5, 1.5, 4.5, 3], "texture": "#texture"}
			}
		},
		{
			"name": "head_base",
			"from": [4, 8, 6],
			"to": [12, 11.25, 7.25],
			"faces": {
				"north": {"uv": [1.5, 1.5, 5, 4], "texture": "#texture"},
				"east": {"uv": [2, 2.5, 4.5, 4.5], "texture": "#texture"},
				"south": {"uv": [1.5, 1, 4, 3.5], "texture": "#texture"},
				"west": {"uv": [11.75, 1, 14.75, 3.5], "texture": "#texture"},
				"up": {"uv": [2, 1.5, 4.5, 3.5], "texture": "#texture"},
				"down": {"uv": [1.5, 1.5, 4.5, 3], "texture": "#texture"}
			}
		},
		{
			"name": "head_base",
			"from": [4, 10.5, 6],
			"to": [6.82, 12, 10],
			"rotation": {"angle": 45, "axis": "z", "origin": [4, 12, 6]},
			"faces": {
				"north": {"uv": [1.5, 1.5, 5, 4], "texture": "#texture"},
				"east": {"uv": [2, 2.5, 4.5, 4.5], "texture": "#texture"},
				"south": {"uv": [1.5, 1, 4, 3.5], "texture": "#texture"},
				"west": {"uv": [1, 1.5, 4, 4], "texture": "#texture"},
				"up": {"uv": [2, 1.5, 4.5, 3.5], "texture": "#texture"},
				"down": {"uv": [1.5, 1.5, 4.5, 3], "texture": "#texture"}
			}
		},
		{
			"name": "head_base",
			"from": [10, 12.5, 6],
			"to": [12.82, 14, 10],
			"rotation": {"angle": -45, "axis": "z", "origin": [10, 14, 6]},
			"faces": {
				"north": {"uv": [1.5, 1.5, 5, 4], "texture": "#texture"},
				"east": {"uv": [2, 2.5, 4.5, 4.5], "texture": "#texture"},
				"south": {"uv": [1.5, 1, 4, 3.5], "texture": "#texture"},
				"west": {"uv": [1, 1.5, 4, 4], "texture": "#texture"},
				"up": {"uv": [2, 1.5, 4.5, 3.5], "texture": "#texture"},
				"down": {"uv": [1.5, 1.5, 4.5, 3], "texture": "#texture"}
			}
		},
		{
			"name": "head_base",
			"from": [6, 10.5, 4],
			"to": [10, 12, 6.82],
			"rotation": {"angle": -45, "axis": "x", "origin": [6, 12, 4]},
			"faces": {
				"north": {"uv": [1.5, 1.5, 5, 4], "texture": "#texture"},
				"east": {"uv": [2, 2.5, 4.5, 4.5], "texture": "#texture"},
				"south": {"uv": [1.5, 1, 4, 3.5], "texture": "#texture"},
				"west": {"uv": [1, 1.5, 4, 4], "texture": "#texture"},
				"up": {"uv": [2, 1.5, 4.5, 3.5], "texture": "#texture"},
				"down": {"uv": [1.5, 1.5, 4.5, 3], "texture": "#texture"}
			}
		},
		{
			"name": "head_base",
			"from": [6, 12.5, 10],
			"to": [10, 14, 12.82],
			"rotation": {"angle": 45, "axis": "x", "origin": [6, 14, 10]},
			"faces": {
				"north": {"uv": [1.5, 1.5, 5, 4], "texture": "#texture"},
				"east": {"uv": [2, 2.5, 4.5, 4.5], "texture": "#texture"},
				"south": {"uv": [1.5, 1, 4, 3.5], "texture": "#texture"},
				"west": {"uv": [1, 1.5, 4, 4], "texture": "#texture"},
				"up": {"uv": [2, 1.5, 4.5, 3.5], "texture": "#texture"},
				"down": {"uv": [1.5, 1.5, 4.5, 3], "texture": "#texture"}
			}
		},
		{
			"name": "head_base",
			"from": [4, 8, 6],
			"to": [6.82, 12, 7.5],
			"rotation": {"angle": 45, "axis": "y", "origin": [4, 8, 6]},
			"faces": {
				"north": {"uv": [11.75, 1, 14.5, 3.5], "texture": "#texture"},
				"east": {"uv": [2, 2.5, 4.5, 4.5], "texture": "#texture"},
				"south": {"uv": [1.5, 1, 4, 3.5], "texture": "#texture"},
				"west": {"uv": [1.25, 1.25, 4.25, 3.75], "texture": "#texture"},
				"up": {"uv": [2, 1.5, 4.5, 3.5], "texture": "#texture"},
				"down": {"uv": [1.5, 1.5, 4.5, 3], "texture": "#texture"}
			}
		},
		{
			"name": "head_base",
			"from": [10, 8, 4],
			"to": [12.82, 12, 5.5],
			"rotation": {"angle": -45, "axis": "y", "origin": [10, 8, 4]},
			"faces": {
				"north": {"uv": [1.5, 1.5, 5, 4], "texture": "#texture"},
				"east": {"uv": [2, 2.5, 4.5, 4.5], "texture": "#texture"},
				"south": {"uv": [1.5, 1, 4, 3.5], "texture": "#texture"},
				"west": {"uv": [1, 1.5, 4, 4], "texture": "#texture"},
				"up": {"uv": [2, 1.5, 4.5, 3.5], "texture": "#texture"},
				"down": {"uv": [1.5, 1.5, 4.5, 3], "texture": "#texture"}
			}
		},
		{
			"name": "head_base",
			"from": [4, 8, 10],
			"to": [5.5, 12, 12.82],
			"rotation": {"angle": 45, "axis": "y", "origin": [4, 8, 10]},
			"faces": {
				"north": {"uv": [1.5, 1.5, 5, 4], "texture": "#texture"},
				"east": {"uv": [2, 2.5, 4.5, 4.5], "texture": "#texture"},
				"south": {"uv": [1.5, 1, 4, 3.5], "texture": "#texture"},
				"west": {"uv": [12.5, 1.25, 15.5, 3.75], "texture": "#texture"},
				"up": {"uv": [2, 1.5, 4.5, 3.5], "texture": "#texture"},
				"down": {"uv": [1.5, 1.5, 4.5, 3], "texture": "#texture"}
			}
		},
		{
			"name": "head_base",
			"from": [10.94, 8, 8.94],
			"to": [12.44, 12, 11.76],
			"rotation": {"angle": -45, "axis": "y", "origin": [10.94, 8, 8.94]},
			"faces": {
				"north": {"uv": [1.5, 1.5, 5, 4], "texture": "#texture"},
				"east": {"uv": [2, 2.5, 4.5, 4.5], "texture": "#texture"},
				"south": {"uv": [1.5, 1, 4, 3.5], "texture": "#texture"},
				"west": {"uv": [1, 1.5, 4, 4], "texture": "#texture"},
				"up": {"uv": [2, 1.5, 4.5, 3.5], "texture": "#texture"},
				"down": {"uv": [1.5, 1.5, 4.5, 3], "texture": "#texture"}
			}
		},
		{
			"name": "head_base",
			"from": [4, 5.18, 6],
			"to": [5.5, 8, 10],
			"rotation": {"angle": 45, "axis": "z", "origin": [4, 8, 6]},
			"faces": {
				"north": {"uv": [1.5, 1.5, 5, 4], "texture": "#texture"},
				"east": {"uv": [2, 2.5, 4.5, 4.5], "texture": "#texture"},
				"south": {"uv": [1.5, 1, 4, 3.5], "texture": "#texture"},
				"west": {"uv": [1, 1.5, 4, 4], "texture": "#texture"},
				"up": {"uv": [2, 1.5, 4.5, 3.5], "texture": "#texture"},
				"down": {"uv": [1.5, 1.5, 4.5, 3], "texture": "#texture"}
			}
		},
		{
			"name": "head_base",
			"from": [10.94, 6.24, 6],
			"to": [12.44, 9.06, 10],
			"rotation": {"angle": -45, "axis": "z", "origin": [10.94, 9.06, 6]},
			"faces": {
				"north": {"uv": [1.5, 1.5, 5, 4], "texture": "#texture"},
				"east": {"uv": [2, 2.5, 4.5, 4.5], "texture": "#texture"},
				"south": {"uv": [1.5, 1, 4, 3.5], "texture": "#texture"},
				"west": {"uv": [1, 1.5, 4, 4], "texture": "#texture"},
				"up": {"uv": [2, 1.5, 4.5, 3.5], "texture": "#texture"},
				"down": {"uv": [1.5, 1.5, 4.5, 3], "texture": "#texture"}
			}
		},
		{
			"name": "head_base",
			"from": [6, 5.18, 4],
			"to": [10, 8, 5.5],
			"rotation": {"angle": -45, "axis": "x", "origin": [6, 8, 4]},
			"faces": {
				"north": {"uv": [1.5, 1.5, 5, 4], "texture": "#texture"},
				"east": {"uv": [2, 2.5, 4.5, 4.5], "texture": "#texture"},
				"south": {"uv": [1.5, 1, 4, 3.5], "texture": "#texture"},
				"west": {"uv": [1, 1.5, 4, 4], "texture": "#texture"},
				"up": {"uv": [2, 1.5, 4.5, 3.5], "texture": "#texture"},
				"down": {"uv": [1.5, 1.5, 4.5, 3], "texture": "#texture"}
			}
		},
		{
			"name": "head_base",
			"from": [6, 6.24, 10.94],
			"to": [10, 9.06, 12.44],
			"rotation": {"angle": 45, "axis": "x", "origin": [6, 9.06, 10.94]},
			"faces": {
				"north": {"uv": [1.5, 1.5, 5, 4], "texture": "#texture"},
				"east": {"uv": [2, 2.5, 4.5, 4.5], "texture": "#texture"},
				"south": {"uv": [1.5, 1, 4, 3.5], "texture": "#texture"},
				"west": {"uv": [1, 1.5, 4, 4], "texture": "#texture"},
				"up": {"uv": [2, 1.5, 4.5, 3.5], "texture": "#texture"},
				"down": {"uv": [1.5, 1.5, 4.5, 3], "texture": "#texture"}
			}
		},
		{
			"name": "body_base*",
			"from": [5.5, -1, 5.5],
			"to": [10.5, 6, 10.5],
			"faces": {
				"north": {"uv": [7, 1.5, 10.5, 4], "texture": "#texture"},
				"east": {"uv": [7.5, 1.5, 10, 3.5], "texture": "#texture"},
				"south": {"uv": [7, 1, 9.5, 3.5], "texture": "#texture"},
				"west": {"uv": [6, 1.5, 9, 4], "texture": "#texture"},
				"up": {"uv": [6.5, 1.5, 9, 3.5], "texture": "#texture"},
				"down": {"uv": [6, 1.5, 9, 3], "texture": "#texture"}
			}
		},
		{
			"name": "body_base*",
			"from": [5.5, 0, 4.5],
			"to": [10.5, 5, 11.5],
			"faces": {
				"north": {"uv": [7, 1.5, 10.5, 4], "texture": "#texture"},
				"east": {"uv": [7.5, 1.5, 10, 3.5], "texture": "#texture"},
				"south": {"uv": [7, 1, 9.5, 3.5], "texture": "#texture"},
				"west": {"uv": [6, 1.5, 9, 4], "texture": "#texture"},
				"up": {"uv": [6.5, 1.5, 9, 3.5], "texture": "#texture"},
				"down": {"uv": [6, 1.5, 9, 3], "texture": "#texture"}
			}
		},
		{
			"name": "body_base*",
			"from": [4.5, 0, 5.5],
			"to": [11.5, 5, 10.5],
			"faces": {
				"north": {"uv": [7, 1.5, 10.5, 4], "texture": "#texture"},
				"east": {"uv": [7.5, 1.5, 10, 3.5], "texture": "#texture"},
				"south": {"uv": [7, 1, 9.5, 3.5], "texture": "#texture"},
				"west": {"uv": [6, 1.5, 9, 4], "texture": "#texture"},
				"up": {"uv": [6.5, 1.5, 9, 3.5], "texture": "#texture"},
				"down": {"uv": [6, 1.5, 9, 3], "texture": "#texture"}
			}
		},
		{
			"name": "body_base*",
			"from": [5.5, -3.48, 4.5],
			"to": [10.5, 5, 5.92],
			"rotation": {"angle": -45, "axis": "x", "origin": [5.5, 5, 4.5]},
			"faces": {
				"north": {"uv": [7, 1.5, 10.5, 4], "texture": "#texture"},
				"east": {"uv": [7.5, 1.5, 10, 3.5], "texture": "#texture"},
				"south": {"uv": [7, 1, 9.5, 3.5], "texture": "#texture"},
				"west": {"uv": [6, 1.5, 9, 4], "texture": "#texture"},
				"up": {"uv": [6.5, 1.5, 9, 3.5], "texture": "#texture"},
				"down": {"uv": [6, 1.5, 9, 3], "texture": "#texture"}
			}
		},
		{
			"name": "body_base*",
			"from": [5.5, -2.48, 10.5],
			"to": [10.5, 6, 11.92],
			"rotation": {"angle": 45, "axis": "x", "origin": [5.5, 6, 10.5]},
			"faces": {
				"north": {"uv": [7, 1.5, 10.5, 4], "texture": "#texture"},
				"east": {"uv": [7.5, 1.5, 10, 3.5], "texture": "#texture"},
				"south": {"uv": [7, 1, 9.5, 3.5], "texture": "#texture"},
				"west": {"uv": [6, 1.5, 9, 4], "texture": "#texture"},
				"up": {"uv": [6.5, 1.5, 9, 3.5], "texture": "#texture"},
				"down": {"uv": [6, 1.5, 9, 3], "texture": "#texture"}
			}
		},
		{
			"name": "body_base*",
			"from": [4.5, -3.48, 5.5],
			"to": [5.92, 5, 10.75],
			"rotation": {"angle": 45, "axis": "z", "origin": [4.5, 5, 5.5]},
			"faces": {
				"north": {"uv": [7, 1.5, 10.5, 4], "texture": "#texture"},
				"east": {"uv": [7.5, 1.5, 10, 3.5], "texture": "#texture"},
				"south": {"uv": [7, 1, 9.5, 3.5], "texture": "#texture"},
				"west": {"uv": [6, 1.5, 9, 4], "texture": "#texture"},
				"up": {"uv": [6.5, 1.5, 9, 3.5], "texture": "#texture"},
				"down": {"uv": [6, 1.5, 9, 3], "texture": "#texture"}
			}
		},
		{
			"name": "body_base*",
			"from": [10.5, -2.48, 5.5],
			"to": [11.92, 6, 10.5],
			"rotation": {"angle": -45, "axis": "z", "origin": [10.5, 6, 5.5]},
			"faces": {
				"north": {"uv": [7, 1.5, 10.5, 4], "texture": "#texture"},
				"east": {"uv": [7.5, 1.5, 10, 3.5], "texture": "#texture"},
				"south": {"uv": [7, 1, 9.5, 3.5], "texture": "#texture"},
				"west": {"uv": [6, 1.5, 9, 4], "texture": "#texture"},
				"up": {"uv": [6.5, 1.5, 9, 3.5], "texture": "#texture"},
				"down": {"uv": [6, 1.5, 9, 3], "texture": "#texture"}
			}
		},
		{
			"name": "body_base*",
			"from": [4.5, 0, 5.5],
			"to": [5.92, 5, 13.98],
			"rotation": {"angle": 45, "axis": "y", "origin": [4.5, 0, 5.5]},
			"faces": {
				"north": {"uv": [7, 1.5, 10.5, 4], "texture": "#texture"},
				"east": {"uv": [7.5, 1.5, 10, 3.5], "texture": "#texture"},
				"south": {"uv": [7, 1, 9.5, 3.5], "texture": "#texture"},
				"west": {"uv": [6, 1.5, 9, 4], "texture": "#texture"},
				"up": {"uv": [6.5, 1.5, 9, 3.5], "texture": "#texture"},
				"down": {"uv": [6, 1.5, 9, 3], "texture": "#texture"}
			}
		},
		{
			"name": "body_base*",
			"from": [10.5, 0, 4.5],
			"to": [11.92, 5, 12.98],
			"rotation": {"angle": -45, "axis": "y", "origin": [10.5, 0, 4.5]},
			"faces": {
				"north": {"uv": [7, 1.5, 10.5, 4], "texture": "#texture"},
				"east": {"uv": [7.5, 1.5, 10, 3.5], "texture": "#texture"},
				"south": {"uv": [7, 1, 9.5, 3.5], "texture": "#texture"},
				"west": {"uv": [6, 1.5, 9, 4], "texture": "#texture"},
				"up": {"uv": [6.5, 1.5, 9, 3.5], "texture": "#texture"},
				"down": {"uv": [6, 1.5, 9, 3], "texture": "#texture"}
			}
		},
		{
			"name": "head_base*",
			"from": [6, 5.5, 5],
			"to": [11, 7, 11],
			"faces": {
				"north": {"uv": [1.5, 1.5, 5, 4], "texture": "#texture"},
				"east": {"uv": [2, 2.5, 4.5, 4.5], "texture": "#texture"},
				"south": {"uv": [1.5, 1, 4, 3.5], "texture": "#texture"},
				"west": {"uv": [1, 1.5, 4, 4], "texture": "#texture"},
				"up": {"uv": [2, 1.5, 4.5, 3.5], "texture": "#texture"},
				"down": {"uv": [1.5, 1.5, 4.5, 3], "texture": "#texture"}
			}
		},
		{
			"name": "head_base*",
			"from": [11, 5, 5],
			"to": [14.5, 7, 11],
			"rotation": {"angle": -45, "axis": "z", "origin": [11, 7, 5]},
			"faces": {
				"north": {"uv": [1.5, 1.5, 5, 4], "texture": "#texture"},
				"east": {"uv": [2, 2.5, 4.5, 4.5], "texture": "#texture"},
				"south": {"uv": [1.5, 1, 4, 3.5], "texture": "#texture"},
				"west": {"uv": [1, 1.5, 4, 4], "texture": "#texture"},
				"up": {"uv": [2, 1.5, 4.5, 3.5], "texture": "#texture"},
				"down": {"uv": [1.5, 1.5, 4.5, 3], "texture": "#texture"}
			}
		},
		{
			"name": "head_base*",
			"from": [11.5625, -1.25, 6],
			"to": [13.5625, 3.75, 10],
			"rotation": {"angle": 22.5, "axis": "z", "origin": [11.5625, 3.75, 6]},
			"faces": {
				"north": {"uv": [1.5, 1.5, 5, 4], "texture": "#texture"},
				"east": {"uv": [2, 2.5, 4.5, 4.5], "texture": "#texture"},
				"south": {"uv": [1.5, 1, 4, 3.5], "texture": "#texture"},
				"west": {"uv": [1, 1.5, 4, 4], "texture": "#texture"},
				"up": {"uv": [2, 1.5, 4.5, 3.5], "texture": "#texture"},
				"down": {"uv": [1.5, 1.5, 4.5, 3], "texture": "#texture"}
			}
		},
		{
			"name": "flap",
			"from": [4, 4.5, 5.23],
			"to": [7.5, 5.5, 7.98],
			"rotation": {"angle": 45, "axis": "z", "origin": [4, 5.5, 5.23]},
			"faces": {
				"north": {"uv": [1.5, 1.5, 5, 4], "texture": "#texture"},
				"east": {"uv": [2, 2.5, 4.5, 4.5], "texture": "#texture"},
				"south": {"uv": [1.5, 1, 4, 3.5], "texture": "#texture"},
				"west": {"uv": [1, 1.5, 4, 4], "texture": "#texture"},
				"up": {"uv": [2, 1.5, 4.5, 3.5], "texture": "#texture"},
				"down": {"uv": [1.5, 1.5, 4.5, 3], "texture": "#texture"}
			}
		},
		{
			"name": "head_base*",
			"from": [6, 4.5, 4],
			"to": [11, 6, 5.5],
			"rotation": {"angle": -45, "axis": "x", "origin": [6, 6, 4]},
			"faces": {
				"north": {"uv": [1.5, 1.5, 5, 4], "texture": "#texture"},
				"east": {"uv": [2, 2.5, 4.5, 4.5], "texture": "#texture"},
				"south": {"uv": [1.5, 1, 4, 3.5], "texture": "#texture"},
				"west": {"uv": [1, 1.5, 4, 4], "texture": "#texture"},
				"up": {"uv": [2, 1.5, 4.5, 3.5], "texture": "#texture"},
				"down": {"uv": [1.5, 1.5, 4.5, 3], "texture": "#texture"}
			}
		},
		{
			"name": "head_base*",
			"from": [6, 5.5, 11],
			"to": [11, 7, 12.5],
			"rotation": {"angle": 45, "axis": "x", "origin": [6, 7, 11]},
			"faces": {
				"north": {"uv": [1.5, 1.5, 5, 4], "texture": "#texture"},
				"east": {"uv": [2, 2.5, 4.5, 4.5], "texture": "#texture"},
				"south": {"uv": [1.5, 1, 4, 3.5], "texture": "#texture"},
				"west": {"uv": [1, 1.5, 4, 4], "texture": "#texture"},
				"up": {"uv": [2, 1.5, 4.5, 3.5], "texture": "#texture"},
				"down": {"uv": [1.5, 1.5, 4.5, 3], "texture": "#texture"}
			}
		},
		{
			"name": "head_base*",
			"from": [15.75, 0.25, 7.5],
			"to": [16.75, 2.25, 8.5],
			"rotation": {"angle": -45, "axis": "z", "origin": [15.75, 2.25, 7.5]},
			"faces": {
				"north": {"uv": [1.5, 1.5, 5, 4], "texture": "#texture"},
				"east": {"uv": [2, 2.5, 4.5, 4.5], "texture": "#texture"},
				"south": {"uv": [1.5, 1, 4, 3.5], "texture": "#texture"},
				"west": {"uv": [1, 1.5, 4, 4], "texture": "#texture"},
				"up": {"uv": [2, 1.5, 4.5, 3.5], "texture": "#texture"},
				"down": {"uv": [1.5, 1.5, 4.5, 3], "texture": "#texture"}
			}
		},
		{
			"name": "head_base*",
			"from": [14.75, 1.25, 7.5],
			"to": [15.5, 2.75, 8.5],
			"rotation": {"angle": -45, "axis": "z", "origin": [14.75, 2.75, 7.5]},
			"faces": {
				"north": {"uv": [1.5, 1.5, 5, 4], "texture": "#texture"},
				"east": {"uv": [2, 2.5, 4.5, 4.5], "texture": "#texture"},
				"south": {"uv": [1.5, 1, 4, 3.5], "texture": "#texture"},
				"west": {"uv": [1, 1.5, 4, 4], "texture": "#texture"},
				"up": {"uv": [2, 1.5, 4.5, 3.5], "texture": "#texture"},
				"down": {"uv": [1.5, 1.5, 4.5, 3], "texture": "#texture"}
			}
		},
		{
			"name": "belly_pattern",
			"from": [4.49, 2.5, 5.5],
			"to": [5.49, 4, 7],
			"faces": {
				"north": {"uv": [2.5, 13, 3.5, 14.5], "texture": "#belly"},
				"east": {"uv": [0.5, 0.5, 13, 13], "texture": "#belly"},
				"south": {"uv": [13.5, 10.5, 14.5, 12], "texture": "#belly"},
				"west": {"uv": [0.5, 0.5, 13, 13], "texture": "#belly"},
				"up": {"uv": [13, 11, 14, 12.5], "texture": "#belly"},
				"down": {"uv": [14, 2, 15, 3.5], "texture": "#belly"}
			}
		},
		{
			"name": "belly_pattern*",
			"from": [4.49, 2.5, 9],
			"to": [5.49, 4, 10.5],
			"faces": {
				"north": {"uv": [2.5, 13, 3.5, 14.5], "texture": "#belly"},
				"east": {"uv": [0.5, 0.5, 13, 13], "texture": "#belly"},
				"south": {"uv": [13.5, 10.5, 14.5, 12], "texture": "#belly"},
				"west": {"uv": [0.5, 0.5, 13, 13], "texture": "#belly"},
				"up": {"uv": [13, 11, 14, 12.5], "texture": "#belly"},
				"down": {"uv": [14, 2, 15, 3.5], "texture": "#belly"}
			}
		},
		{
			"name": "body_base*",
			"from": [6.5, -1.75, 5.25],
			"to": [9.25, -0.25, 6.5],
			"rotation": {"angle": 22.5, "axis": "x", "origin": [6.5, -0.25, 5.25]},
			"faces": {
				"north": {"uv": [7, 1.5, 10.5, 4], "texture": "#texture"},
				"east": {"uv": [7.5, 1.5, 10, 3.5], "texture": "#texture"},
				"south": {"uv": [7, 1, 9.5, 3.5], "texture": "#texture"},
				"west": {"uv": [6, 1.5, 9, 4], "texture": "#texture"},
				"up": {"uv": [6.5, 1.5, 9, 3.5], "texture": "#texture"},
				"down": {"uv": [6, 1.5, 9, 3], "texture": "#texture"}
			}
		},
		{
			"name": "foot",
			"from": [5.5, -2.5, 4.5],
			"to": [9.5, -1.5, 6.25],
			"faces": {
				"north": {"uv": [1.5, 6.5, 5, 9], "texture": "#texture"},
				"east": {"uv": [2.5, 6.5, 5, 8.5], "texture": "#texture"},
				"south": {"uv": [0.5, 6.5, 3, 9], "texture": "#texture"},
				"west": {"uv": [1, 6, 4, 8.5], "texture": "#texture"},
				"up": {"uv": [1.5, 7, 4, 9], "texture": "#texture"},
				"down": {"uv": [1, 6.5, 4, 8], "texture": "#texture"}
			}
		},
		{
			"name": "foot",
			"from": [5, -2.5, 5],
			"to": [5.5, -1.5, 5.75],
			"faces": {
				"north": {"uv": [1.5, 6.5, 5, 9], "texture": "#texture"},
				"east": {"uv": [2.5, 6.5, 5, 8.5], "texture": "#texture"},
				"south": {"uv": [0.5, 6.5, 3, 9], "texture": "#texture"},
				"west": {"uv": [1, 6, 4, 8.5], "texture": "#texture"},
				"up": {"uv": [1.5, 7, 4, 9], "texture": "#texture"},
				"down": {"uv": [1, 6.5, 4, 8], "texture": "#texture"}
			}
		},
		{
			"name": "foot",
			"from": [5, -2.5, 5],
			"to": [5.7, -1.5, 5.5],
			"rotation": {"angle": 45, "axis": "y", "origin": [5, -2.5, 5]},
			"faces": {
				"north": {"uv": [1.5, 6.5, 5, 9], "texture": "#texture"},
				"east": {"uv": [2.5, 6.5, 5, 8.5], "texture": "#texture"},
				"south": {"uv": [0.5, 6.5, 3, 9], "texture": "#texture"},
				"west": {"uv": [1, 6, 4, 8.5], "texture": "#texture"},
				"up": {"uv": [1.5, 7, 4, 9], "texture": "#texture"},
				"down": {"uv": [1, 6.5, 4, 8], "texture": "#texture"}
			}
		},
		{
			"name": "foot",
			"from": [5, -2.5, 5.75],
			"to": [5.5, -1.5, 6.45],
			"rotation": {"angle": 45, "axis": "y", "origin": [5, -2.5, 5.75]},
			"faces": {
				"north": {"uv": [1.5, 6.5, 5, 9], "texture": "#texture"},
				"east": {"uv": [2.5, 6.5, 5, 8.5], "texture": "#texture"},
				"south": {"uv": [0.5, 6.5, 3, 9], "texture": "#texture"},
				"west": {"uv": [1, 6, 4, 8.5], "texture": "#texture"},
				"up": {"uv": [1.5, 7, 4, 9], "texture": "#texture"},
				"down": {"uv": [1, 6.5, 4, 8], "texture": "#texture"}
			}
		},
		{
			"name": "foot",
			"from": [9.5, -2.5, 4.75],
			"to": [9.75, -1.5, 6],
			"faces": {
				"north": {"uv": [1.5, 6.5, 5, 9], "texture": "#texture"},
				"east": {"uv": [2.5, 6.5, 5, 8.5], "texture": "#texture"},
				"south": {"uv": [0.5, 6.5, 3, 9], "texture": "#texture"},
				"west": {"uv": [1, 6, 4, 8.5], "texture": "#texture"},
				"up": {"uv": [1.5, 7, 4, 9], "texture": "#texture"},
				"down": {"uv": [1, 6.5, 4, 8], "texture": "#texture"}
			}
		},
		{
			"name": "foot",
			"from": [9.5, -2.5, 4.5],
			"to": [9.85, -1.5, 4.75],
			"rotation": {"angle": -45, "axis": "y", "origin": [9.5, -2.5, 4.5]},
			"faces": {
				"north": {"uv": [1.5, 6.5, 5, 9], "texture": "#texture"},
				"east": {"uv": [2.5, 6.5, 5, 8.5], "texture": "#texture"},
				"south": {"uv": [0.5, 6.5, 3, 9], "texture": "#texture"},
				"west": {"uv": [1, 6, 4, 8.5], "texture": "#texture"},
				"up": {"uv": [1.5, 7, 4, 9], "texture": "#texture"},
				"down": {"uv": [1, 6.5, 4, 8], "texture": "#texture"}
			}
		},
		{
			"name": "foot",
			"from": [9.5725, -2.5, 5.8325],
			"to": [9.8225, -1.5, 6.1825],
			"rotation": {"angle": -45, "axis": "y", "origin": [9.5725, -2.5, 5.8325]},
			"faces": {
				"north": {"uv": [1.5, 6.5, 5, 9], "texture": "#texture"},
				"east": {"uv": [2.5, 6.5, 5, 8.5], "texture": "#texture"},
				"south": {"uv": [0.5, 6.5, 3, 9], "texture": "#texture"},
				"west": {"uv": [1, 6, 4, 8.5], "texture": "#texture"},
				"up": {"uv": [1.5, 7, 4, 9], "texture": "#texture"},
				"down": {"uv": [1, 6.5, 4, 8], "texture": "#texture"}
			}
		},
		{
			"name": "foot",
			"from": [5, -1.5525, 5.6875],
			"to": [6.5, -1.49, 5.75],
			"faces": {
				"north": {"uv": [1.5, 6.5, 5, 9], "texture": "#texture"},
				"east": {"uv": [2.5, 6.5, 5, 8.5], "texture": "#texture"},
				"south": {"uv": [0.5, 6.5, 3, 9], "texture": "#texture"},
				"west": {"uv": [1, 6, 4, 8.5], "texture": "#texture"},
				"up": {"uv": [7, 7.5, 9.5, 9.5], "texture": "#texture"},
				"down": {"uv": [1, 6.5, 4, 8], "texture": "#texture"}
			}
		},
		{
			"name": "foot",
			"from": [5, -1.5525, 5],
			"to": [6.5, -1.49, 5.0625],
			"faces": {
				"north": {"uv": [1.5, 6.5, 5, 9], "texture": "#texture"},
				"east": {"uv": [2.5, 6.5, 5, 8.5], "texture": "#texture"},
				"south": {"uv": [0.5, 6.5, 3, 9], "texture": "#texture"},
				"west": {"uv": [1, 6, 4, 8.5], "texture": "#texture"},
				"up": {"uv": [7, 7.5, 9.5, 9.5], "texture": "#texture"},
				"down": {"uv": [1, 6.5, 4, 8], "texture": "#texture"}
			}
		},
		{
			"name": "foot*",
			"from": [5, -1.5525, 10],
			"to": [6.5, -1.49, 10.0625],
			"faces": {
				"north": {"uv": [1.5, 6.5, 5, 9], "texture": "#texture"},
				"east": {"uv": [2.5, 6.5, 5, 8.5], "texture": "#texture"},
				"south": {"uv": [0.5, 6.5, 3, 9], "texture": "#texture"},
				"west": {"uv": [1, 6, 4, 8.5], "texture": "#texture"},
				"up": {"uv": [7, 7.5, 9.5, 9.5], "texture": "#texture"},
				"down": {"uv": [1, 6.5, 4, 8], "texture": "#texture"}
			}
		},
		{
			"name": "foot*",
			"from": [5, -1.5525, 10.65],
			"to": [6.5, -1.49, 10.7125],
			"faces": {
				"north": {"uv": [1.5, 6.5, 5, 9], "texture": "#texture"},
				"east": {"uv": [2.5, 6.5, 5, 8.5], "texture": "#texture"},
				"south": {"uv": [0.5, 6.5, 3, 9], "texture": "#texture"},
				"west": {"uv": [1, 6, 4, 8.5], "texture": "#texture"},
				"up": {"uv": [7, 7.5, 9.5, 9.5], "texture": "#texture"},
				"down": {"uv": [1, 6.5, 4, 8], "texture": "#texture"}
			}
		},
		{
			"name": "beak",
			"from": [3, 9, 7.125],
			"to": [4, 10, 8.875],
			"faces": {
				"north": {"uv": [1.5, 6.5, 5, 9], "texture": "#texture"},
				"east": {"uv": [2.5, 6.5, 5, 8.5], "texture": "#texture"},
				"south": {"uv": [0.5, 6.5, 3, 9], "texture": "#texture"},
				"west": {"uv": [1, 6, 4, 8.5], "texture": "#texture"},
				"up": {"uv": [1.5, 7, 4, 9], "texture": "#texture"},
				"down": {"uv": [1, 6.5, 4, 8], "texture": "#texture"}
			}
		},
		{
			"name": "beak",
			"from": [3, 9.051, 7.125],
			"to": [4.5, 10.05103, 8.875],
			"rotation": {"angle": 22.5, "axis": "z", "origin": [3, 10.051, 7.125]},
			"faces": {
				"north": {"uv": [1.5, 6.5, 5, 9], "texture": "#texture"},
				"east": {"uv": [2.5, 6.5, 5, 8.5], "texture": "#texture"},
				"south": {"uv": [0.5, 6.5, 3, 9], "texture": "#texture"},
				"west": {"uv": [1, 6, 4, 8.5], "texture": "#texture"},
				"up": {"uv": [1.5, 7, 4, 9], "texture": "#texture"},
				"down": {"uv": [1, 6.5, 4, 8], "texture": "#texture"}
			}
		},
		{
			"name": "beak",
			"from": [3.25, 8.75, 7.375],
			"to": [4.5, 9, 8.625],
			"faces": {
				"north": {"uv": [1.5, 6.5, 5, 9], "texture": "#texture"},
				"east": {"uv": [2.5, 6.5, 5, 8.5], "texture": "#texture"},
				"south": {"uv": [0.5, 6.5, 3, 9], "texture": "#texture"},
				"west": {"uv": [1, 6, 4, 8.5], "texture": "#texture"},
				"up": {"uv": [1.5, 7, 4, 9], "texture": "#texture"},
				"down": {"uv": [1, 6.5, 4, 8], "texture": "#texture"}
			}
		},
		{
			"name": "head_base*",
			"from": [4, 8, 8.75],
			"to": [12, 11.25, 10],
			"faces": {
				"north": {"uv": [1.5, 1.5, 5, 4], "texture": "#texture"},
				"east": {"uv": [2, 2.5, 4.5, 4.5], "texture": "#texture"},
				"south": {"uv": [1.5, 1, 4, 3.5], "texture": "#texture"},
				"west": {"uv": [11.75, 1, 14.75, 3.5], "texture": "#texture"},
				"up": {"uv": [2, 1.5, 4.5, 3.5], "texture": "#texture"},
				"down": {"uv": [1.5, 1.5, 4.5, 3], "texture": "#texture"}
			}
		},
		{
			"name": "head_base*",
			"from": [4, 9, 7.25],
			"to": [12, 11.25, 8.75],
			"faces": {
				"north": {"uv": [1.5, 1.5, 5, 4], "texture": "#texture"},
				"east": {"uv": [2, 2.5, 4.5, 4.5], "texture": "#texture"},
				"south": {"uv": [1.5, 1, 4, 3.5], "texture": "#texture"},
				"west": {"uv": [7, 1.25, 10, 3.75], "texture": "#texture"},
				"up": {"uv": [2, 1.5, 4.5, 3.5], "texture": "#texture"},
				"down": {"uv": [1.5, 1.5, 4.5, 3], "texture": "#texture"}
			}
		},
		{
			"name": "beak",
			"from": [3.875, 10.25, 7.625],
			"to": [5.125, 10.75, 8.375],
			"faces": {
				"north": {"uv": [1.5, 6.5, 5, 9], "texture": "#texture"},
				"east": {"uv": [2.5, 6.5, 5, 8.5], "texture": "#texture"},
				"south": {"uv": [0.5, 6.5, 3, 9], "texture": "#texture"},
				"west": {"uv": [1, 6, 4, 8.5], "texture": "#texture"},
				"up": {"uv": [1.5, 7, 4, 9], "texture": "#texture"},
				"down": {"uv": [1, 6.5, 4, 8], "texture": "#texture"}
			}
		},
		{
			"name": "beak",
			"from": [3.875, 10.25, 8.375],
			"to": [5.125, 10.75, 9.075],
			"rotation": {"angle": 45, "axis": "x", "origin": [3.875, 10.75, 8.375]},
			"faces": {
				"north": {"uv": [1.5, 6.5, 5, 9], "texture": "#texture"},
				"east": {"uv": [2.5, 6.5, 5, 8.5], "texture": "#texture"},
				"south": {"uv": [0.5, 6.5, 3, 9], "texture": "#texture"},
				"west": {"uv": [1, 6, 4, 8.5], "texture": "#texture"},
				"up": {"uv": [1.5, 7, 4, 9], "texture": "#texture"},
				"down": {"uv": [1, 6.5, 4, 8], "texture": "#texture"}
			}
		},
		{
			"name": "beak",
			"from": [3.875, 9.75, 7.125],
			"to": [5.125, 10.25, 7.825],
			"rotation": {"angle": -45, "axis": "x", "origin": [3.875, 10.25, 7.125]},
			"faces": {
				"north": {"uv": [1.5, 6.5, 5, 9], "texture": "#texture"},
				"east": {"uv": [2.5, 6.5, 5, 8.5], "texture": "#texture"},
				"south": {"uv": [0.5, 6.5, 3, 9], "texture": "#texture"},
				"west": {"uv": [1, 6, 4, 8.5], "texture": "#texture"},
				"up": {"uv": [1.5, 7, 4, 9], "texture": "#texture"},
				"down": {"uv": [1, 6.5, 4, 8], "texture": "#texture"}
			}
		},
		{
			"name": "eye",
			"from": [5.245, 9.5, 4.75],
			"to": [6.245, 11.5, 6.25],
			"rotation": {"angle": -45, "axis": "y", "origin": [5.245, 9.5, 4.75]},
			"faces": {
				"north": {"uv": [12.25, 4, 13.25, 6.25], "texture": "#particle"},
				"east": {"uv": [0.5, 0.5, 10, 15.5], "texture": "#particle"},
				"south": {"uv": [12.25, 3.5, 13.25, 5.75], "texture": "#particle"},
				"west": {"uv": [10, 0.5, 0.5, 15.5], "texture": "#particle"},
				"up": {"uv": [11.25, 4.25, 12.25, 5.75], "texture": "#particle"},
				"down": {"uv": [11.5, 5, 12.5, 6.5], "texture": "#particle"}
			}
		},
		{
			"name": "eye*",
			"from": [4.245, 9.5, 10.25],
			"to": [5.245, 11.5, 11.75],
			"rotation": {"angle": 45, "axis": "y", "origin": [4.245, 9.5, 10.25]},
			"faces": {
				"north": {"uv": [12.25, 4, 13.25, 6.25], "texture": "#particle"},
				"east": {"uv": [10, 0.5, 0.5, 15.5], "texture": "#particle"},
				"south": {"uv": [12.25, 3.5, 13.25, 5.75], "texture": "#particle"},
				"west": {"uv": [0.5, 0.5, 10, 15.5], "texture": "#particle"},
				"up": {"uv": [11.25, 4.25, 12.25, 5.75], "texture": "#particle"},
				"down": {"uv": [11.5, 5, 12.5, 6.5], "texture": "#particle"}
			}
		},
		{
			"name": "head_base*",
			"from": [4, 11.25, 6],
			"to": [12, 12, 10],
			"faces": {
				"north": {"uv": [1.5, 1.5, 5, 4], "texture": "#texture"},
				"east": {"uv": [2, 2.5, 4.5, 4.5], "texture": "#texture"},
				"south": {"uv": [1.5, 1, 4, 3.5], "texture": "#texture"},
				"west": {"uv": [1.5, 1.5, 4.5, 4], "texture": "#texture"},
				"up": {"uv": [2, 1.5, 4.5, 3.5], "texture": "#texture"},
				"down": {"uv": [1.5, 1.5, 4.5, 3], "texture": "#texture"}
			}
		},
		{
			"name": "head",
			"from": [3.99, 11, 6.25],
			"to": [4.99, 12, 9.75],
			"faces": {
				"north": {"uv": [12, 6.25, 13, 8.5], "texture": "#head"},
				"east": {"uv": [0.5, 0, 10, 15.5], "rotation": 180, "texture": "#head"},
				"south": {"uv": [11.75, 6, 12.75, 8.25], "texture": "#head"},
				"west": {"uv": [0.5, 0, 10, 15.5], "rotation": 90, "texture": "#head"},
				"up": {"uv": [12.5, 5, 13.5, 6.5], "texture": "#head"},
				"down": {"uv": [11.75, 2.5, 12.75, 4], "texture": "#head"}
			}
		},
		{
			"name": "Element",
			"from": [5.99, 8, 11.94],
			"to": [7.49, 12, 12.0025],
			"faces": {
				"north": {"uv": [0.5, 0.5, 6.75, 13], "texture": "#belly"},
				"east": {"uv": [14.5, 2.75, 15.5, 6.75], "texture": "#belly"},
				"south": {"uv": [6.75, 0.5, 13, 13], "texture": "#belly"},
				"west": {"uv": [6.5, 4.75, 7.5, 8.75], "texture": "#belly"},
				"up": {"uv": [1.5, 13.25, 3, 14.25], "texture": "#belly"},
				"down": {"uv": [2, 13.25, 3.5, 14.25], "texture": "#belly"}
			}
		},
		{
			"name": "Element",
			"from": [5.99, 8, 3.995],
			"to": [7.49, 12, 4.0575],
			"faces": {
				"north": {"uv": [0.5, 0.5, 6.75, 13], "texture": "#belly"},
				"east": {"uv": [14.5, 2.75, 15.5, 6.75], "texture": "#belly"},
				"south": {"uv": [6.75, 0.5, 13, 13], "texture": "#belly"},
				"west": {"uv": [6.5, 5, 7.5, 9], "texture": "#belly"},
				"up": {"uv": [1.5, 13.25, 3, 14.25], "texture": "#belly"},
				"down": {"uv": [2, 13.25, 3.5, 14.25], "texture": "#belly"}
			}
		},
		{
			"name": "belly_pattern*",
			"from": [3.985, 11, 8.75],
			"to": [4.985, 12, 10],
			"faces": {
				"north": {"uv": [2.5, 13, 3.5, 14.5], "texture": "#belly"},
				"east": {"uv": [0.5, 0.5, 6.75, 6.75], "texture": "#belly"},
				"south": {"uv": [13.5, 10.5, 14.5, 12], "texture": "#belly"},
				"west": {"uv": [0.5, 0.5, 6.75, 6.75], "texture": "#belly"},
				"up": {"uv": [13, 11, 14, 12.5], "texture": "#belly"},
				"down": {"uv": [14, 2, 15, 3.5], "texture": "#belly"}
			}
		},
		{
			"name": "belly_pattern*",
			"from": [3.985, 11, 6],
			"to": [4.985, 12, 7.25],
			"faces": {
				"north": {"uv": [2.5, 13, 3.5, 14.5], "texture": "#belly"},
				"east": {"uv": [6.75, 0.5, 13, 6.75], "texture": "#belly"},
				"south": {"uv": [13.5, 10.5, 14.5, 12], "texture": "#belly"},
				"west": {"uv": [6.75, 0.5, 13, 6.75], "texture": "#belly"},
				"up": {"uv": [13, 11, 14, 12.5], "texture": "#belly"},
				"down": {"uv": [14, 2, 15, 3.5], "texture": "#belly"}
			}
		},
		{
			"name": "flap",
			"from": [4, 4.75, 5.23],
			"to": [4.75, 5.5, 7.98],
			"faces": {
				"north": {"uv": [1.5, 1.5, 5, 4], "texture": "#texture"},
				"east": {"uv": [2, 2.5, 4.5, 4.5], "texture": "#texture"},
				"south": {"uv": [1.5, 1, 4, 3.5], "texture": "#texture"},
				"west": {"uv": [1, 1.5, 4, 4], "texture": "#texture"},
				"up": {"uv": [2, 1.5, 4.5, 3.5], "texture": "#texture"},
				"down": {"uv": [1.5, 1.5, 4.5, 3], "texture": "#texture"}
			}
		},
		{
			"name": "flap",
			"from": [4, 4.5, 5.48],
			"to": [4.75, 4.75, 7.73],
			"faces": {
				"north": {"uv": [1.5, 1.5, 5, 4], "texture": "#texture"},
				"east": {"uv": [2, 2.5, 4.5, 4.5], "texture": "#texture"},
				"south": {"uv": [1.5, 1, 4, 3.5], "texture": "#texture"},
				"west": {"uv": [1, 1.5, 4, 4], "texture": "#texture"},
				"up": {"uv": [2, 1.5, 4.5, 3.5], "texture": "#texture"},
				"down": {"uv": [1.5, 1.5, 4.5, 3], "texture": "#texture"}
			}
		},
		{
			"name": "flap",
			"from": [4, 4.4, 5.23],
			"to": [4.75, 4.75, 5.48],
			"rotation": {"angle": -45, "axis": "x", "origin": [4, 4.75, 5.23]},
			"faces": {
				"north": {"uv": [1.5, 1.5, 5, 4], "texture": "#texture"},
				"east": {"uv": [2, 2.5, 4.5, 4.5], "texture": "#texture"},
				"south": {"uv": [1.5, 1, 4, 3.5], "texture": "#texture"},
				"west": {"uv": [1, 1.5, 4, 4], "texture": "#texture"},
				"up": {"uv": [2, 1.5, 4.5, 3.5], "texture": "#texture"},
				"down": {"uv": [1.5, 1.5, 4.5, 3], "texture": "#texture"}
			}
		},
		{
			"name": "flap",
			"from": [4, 4.5675, 7.7925],
			"to": [4.75, 4.9175, 8.0425],
			"rotation": {"angle": 45, "axis": "x", "origin": [4, 4.9175, 7.7925]},
			"faces": {
				"north": {"uv": [1.5, 1.5, 5, 4], "texture": "#texture"},
				"east": {"uv": [2, 2.5, 4.5, 4.5], "texture": "#texture"},
				"south": {"uv": [1.5, 1, 4, 3.5], "texture": "#texture"},
				"west": {"uv": [1, 1.5, 4, 4], "texture": "#texture"},
				"up": {"uv": [2, 1.5, 4.5, 3.5], "texture": "#texture"},
				"down": {"uv": [1.5, 1.5, 4.5, 3], "texture": "#texture"}
			}
		},
		{
			"name": "flap*",
			"from": [4, 4.5, 8.02],
			"to": [7.5, 5.5, 10.77],
			"rotation": {"angle": 45, "axis": "z", "origin": [4, 5.5, 8.02]},
			"faces": {
				"north": {"uv": [1.5, 1.5, 5, 4], "texture": "#texture"},
				"east": {"uv": [2, 2.5, 4.5, 4.5], "texture": "#texture"},
				"south": {"uv": [1.5, 1, 4, 3.5], "texture": "#texture"},
				"west": {"uv": [1, 1.5, 4, 4], "texture": "#texture"},
				"up": {"uv": [2, 1.5, 4.5, 3.5], "texture": "#texture"},
				"down": {"uv": [1.5, 1.5, 4.5, 3], "texture": "#texture"}
			}
		},
		{
			"name": "flap*",
			"from": [4, 4.75, 8.02],
			"to": [4.75, 5.5, 10.77],
			"faces": {
				"north": {"uv": [1.5, 1.5, 5, 4], "texture": "#texture"},
				"east": {"uv": [2, 2.5, 4.5, 4.5], "texture": "#texture"},
				"south": {"uv": [1.5, 1, 4, 3.5], "texture": "#texture"},
				"west": {"uv": [1, 1.5, 4, 4], "texture": "#texture"},
				"up": {"uv": [2, 1.5, 4.5, 3.5], "texture": "#texture"},
				"down": {"uv": [1.5, 1.5, 4.5, 3], "texture": "#texture"}
			}
		},
		{
			"name": "flap*",
			"from": [4, 4.5, 8.27],
			"to": [4.75, 4.75, 10.52],
			"faces": {
				"north": {"uv": [1.5, 1.5, 5, 4], "texture": "#texture"},
				"east": {"uv": [2, 2.5, 4.5, 4.5], "texture": "#texture"},
				"south": {"uv": [1.5, 1, 4, 3.5], "texture": "#texture"},
				"west": {"uv": [1, 1.5, 4, 4], "texture": "#texture"},
				"up": {"uv": [2, 1.5, 4.5, 3.5], "texture": "#texture"},
				"down": {"uv": [1.5, 1.5, 4.5, 3], "texture": "#texture"}
			}
		},
		{
			"name": "flap*",
			"from": [4, 4.4, 8.02],
			"to": [4.75, 4.75, 8.27],
			"rotation": {"angle": -45, "axis": "x", "origin": [4, 4.75, 8.02]},
			"faces": {
				"north": {"uv": [1.5, 1.5, 5, 4], "texture": "#texture"},
				"east": {"uv": [2, 2.5, 4.5, 4.5], "texture": "#texture"},
				"south": {"uv": [1.5, 1, 4, 3.5], "texture": "#texture"},
				"west": {"uv": [1, 1.5, 4, 4], "texture": "#texture"},
				"up": {"uv": [2, 1.5, 4.5, 3.5], "texture": "#texture"},
				"down": {"uv": [1.5, 1.5, 4.5, 3], "texture": "#texture"}
			}
		},
		{
			"name": "flap*",
			"from": [4, 4.5675, 10.5825],
			"to": [4.75, 4.9175, 10.8325],
			"rotation": {"angle": 45, "axis": "x", "origin": [4, 4.9175, 10.5825]},
			"faces": {
				"north": {"uv": [1.5, 1.5, 5, 4], "texture": "#texture"},
				"east": {"uv": [2, 2.5, 4.5, 4.5], "texture": "#texture"},
				"south": {"uv": [1.5, 1, 4, 3.5], "texture": "#texture"},
				"west": {"uv": [1, 1.5, 4, 4], "texture": "#texture"},
				"up": {"uv": [2, 1.5, 4.5, 3.5], "texture": "#texture"},
				"down": {"uv": [1.5, 1.5, 4.5, 3], "texture": "#texture"}
			}
		},
		{
			"name": "flap*",
			"from": [4.5, 5.25, 6.75],
			"to": [5.5, 6, 9.25],
			"rotation": {"angle": 45, "axis": "z", "origin": [4.5, 6, 6.75]},
			"faces": {
				"north": {"uv": [1.5, 1.5, 5, 4], "texture": "#texture"},
				"east": {"uv": [2, 2.5, 4.5, 4.5], "texture": "#texture"},
				"south": {"uv": [1.5, 1, 4, 3.5], "texture": "#texture"},
				"west": {"uv": [1, 1.5, 4, 4], "texture": "#texture"},
				"up": {"uv": [2, 1.5, 4.5, 3.5], "texture": "#texture"},
				"down": {"uv": [1.5, 1.5, 4.5, 3], "texture": "#texture"}
			}
		},
		{
			"name": "foot*",
			"from": [5.5, -2.5, 9.5],
			"to": [9.5, -1.5, 11.25],
			"faces": {
				"north": {"uv": [1.5, 6.5, 5, 9], "texture": "#texture"},
				"east": {"uv": [2.5, 6.5, 5, 8.5], "texture": "#texture"},
				"south": {"uv": [0.5, 6.5, 3, 9], "texture": "#texture"},
				"west": {"uv": [1, 6, 4, 8.5], "texture": "#texture"},
				"up": {"uv": [1.5, 7, 4, 9], "texture": "#texture"},
				"down": {"uv": [1, 6.5, 4, 8], "texture": "#texture"}
			}
		},
		{
			"name": "foot*",
			"from": [5, -2.5, 10],
			"to": [5.5, -1.5, 10.75],
			"faces": {
				"north": {"uv": [1.5, 6.5, 5, 9], "texture": "#texture"},
				"east": {"uv": [2.5, 6.5, 5, 8.5], "texture": "#texture"},
				"south": {"uv": [0.5, 6.5, 3, 9], "texture": "#texture"},
				"west": {"uv": [1, 6, 4, 8.5], "texture": "#texture"},
				"up": {"uv": [1.5, 7, 4, 9], "texture": "#texture"},
				"down": {"uv": [1, 6.5, 4, 8], "texture": "#texture"}
			}
		},
		{
			"name": "foot*",
			"from": [5, -2.5, 10],
			"to": [5.7, -1.5, 10.5],
			"rotation": {"angle": 45, "axis": "y", "origin": [5, -2.5, 10]},
			"faces": {
				"north": {"uv": [1.5, 6.5, 5, 9], "texture": "#texture"},
				"east": {"uv": [2.5, 6.5, 5, 8.5], "texture": "#texture"},
				"south": {"uv": [0.5, 6.5, 3, 9], "texture": "#texture"},
				"west": {"uv": [1, 6, 4, 8.5], "texture": "#texture"},
				"up": {"uv": [1.5, 7, 4, 9], "texture": "#texture"},
				"down": {"uv": [1, 6.5, 4, 8], "texture": "#texture"}
			}
		},
		{
			"name": "foot*",
			"from": [5, -2.5, 10.75],
			"to": [5.5, -1.5, 11.45],
			"rotation": {"angle": 45, "axis": "y", "origin": [5, -2.5, 10.75]},
			"faces": {
				"north": {"uv": [1.5, 6.5, 5, 9], "texture": "#texture"},
				"east": {"uv": [2.5, 6.5, 5, 8.5], "texture": "#texture"},
				"south": {"uv": [0.5, 6.5, 3, 9], "texture": "#texture"},
				"west": {"uv": [1, 6, 4, 8.5], "texture": "#texture"},
				"up": {"uv": [1.5, 7, 4, 9], "texture": "#texture"},
				"down": {"uv": [1, 6.5, 4, 8], "texture": "#texture"}
			}
		},
		{
			"name": "foot*",
			"from": [9.5, -2.5, 9.75],
			"to": [9.75, -1.5, 11],
			"faces": {
				"north": {"uv": [1.5, 6.5, 5, 9], "texture": "#texture"},
				"east": {"uv": [2.5, 6.5, 5, 8.5], "texture": "#texture"},
				"south": {"uv": [0.5, 6.5, 3, 9], "texture": "#texture"},
				"west": {"uv": [1, 6, 4, 8.5], "texture": "#texture"},
				"up": {"uv": [1.5, 7, 4, 9], "texture": "#texture"},
				"down": {"uv": [1, 6.5, 4, 8], "texture": "#texture"}
			}
		},
		{
			"name": "foot*",
			"from": [9.5, -2.5, 9.5],
			"to": [9.85, -1.5, 9.75],
			"rotation": {"angle": -45, "axis": "y", "origin": [9.5, -2.5, 9.5]},
			"faces": {
				"north": {"uv": [1.5, 6.5, 5, 9], "texture": "#texture"},
				"east": {"uv": [2.5, 6.5, 5, 8.5], "texture": "#texture"},
				"south": {"uv": [0.5, 6.5, 3, 9], "texture": "#texture"},
				"west": {"uv": [1, 6, 4, 8.5], "texture": "#texture"},
				"up": {"uv": [1.5, 7, 4, 9], "texture": "#texture"},
				"down": {"uv": [1, 6.5, 4, 8], "texture": "#texture"}
			}
		},
		{
			"name": "foot*",
			"from": [9.5725, -2.5, 10.8325],
			"to": [9.8225, -1.5, 11.1825],
			"rotation": {"angle": -45, "axis": "y", "origin": [9.5725, -2.5, 10.8325]},
			"faces": {
				"north": {"uv": [1.5, 6.5, 5, 9], "texture": "#texture"},
				"east": {"uv": [2.5, 6.5, 5, 8.5], "texture": "#texture"},
				"south": {"uv": [0.5, 6.5, 3, 9], "texture": "#texture"},
				"west": {"uv": [1, 6, 4, 8.5], "texture": "#texture"},
				"up": {"uv": [1.5, 7, 4, 9], "texture": "#texture"},
				"down": {"uv": [1, 6.5, 4, 8], "texture": "#texture"}
			}
		},
		{
			"name": "body_base*",
			"from": [6.5, -2.25, 9.375],
			"to": [9.25, -0.75, 10.625],
			"rotation": {"angle": -22.5, "axis": "x", "origin": [6.5, -0.75, 9.375]},
			"faces": {
				"north": {"uv": [7, 1.5, 10.5, 4], "texture": "#texture"},
				"east": {"uv": [7.5, 1.5, 10, 3.5], "texture": "#texture"},
				"south": {"uv": [7, 1, 9.5, 3.5], "texture": "#texture"},
				"west": {"uv": [6, 1.5, 9, 4], "texture": "#texture"},
				"up": {"uv": [6.5, 1.5, 9, 3.5], "texture": "#texture"},
				"down": {"uv": [6, 1.5, 9, 3], "texture": "#texture"}
			}
		},
		{
			"name": "head_base*",
			"from": [4, 8, 7.25],
			"to": [12, 9, 8.75],
			"faces": {
				"north": {"uv": [1.5, 1.5, 5, 4], "texture": "#texture"},
				"east": {"uv": [2, 2.5, 4.5, 4.5], "texture": "#texture"},
				"south": {"uv": [1.5, 1, 4, 3.5], "texture": "#texture"},
				"west": {"uv": [12, 1.75, 15, 4.25], "texture": "#texture"},
				"up": {"uv": [2, 1.5, 4.5, 3.5], "texture": "#texture"},
				"down": {"uv": [1.5, 1.5, 4.5, 3], "texture": "#texture"}
			}
		},
		{
			"name": "Element",
			"from": [3.99, 7.5, 6],
			"to": [4.49, 8, 10],
			"rotation": {"angle": 45, "axis": "z", "origin": [3.99, 8, 6]},
			"faces": {
				"north": {"uv": [13.5, 10, 14, 11], "texture": "#belly"},
				"east": {"uv": [0.5, 7, 13, 13], "texture": "#belly"},
				"south": {"uv": [2.5, 13.25, 3, 14.25], "texture": "#belly"},
				"west": {"uv": [0.5, 7, 13, 13], "texture": "#belly"},
				"up": {"uv": [13.75, 6, 14.5, 10.25], "texture": "#belly"},
				"down": {"uv": [14, 5, 14.75, 9.25], "texture": "#belly"}
			}
		},
		{
			"name": "body_base*",
			"from": [3.875, 4.5, 8.9688],
			"to": [6.875, 5.5, 15.06255],
			"rotation": {"angle": -22.5, "axis": "y", "origin": [6.875, 4.5, 15.0625]},
			"faces": {
				"north": {"uv": [7, 1, 9.5, 3.5], "texture": "#texture"},
				"east": {"uv": [6, 1.5, 9, 4], "texture": "#texture"},
				"south": {"uv": [7, 1.5, 10.5, 4], "texture": "#texture"},
				"west": {"uv": [7.5, 1.5, 10, 3.5], "texture": "#texture"},
				"up": {"uv": [6.5, 1.5, 9, 3.5], "rotation": 180, "texture": "#texture"},
				"down": {"uv": [6, 1.5, 9, 3], "rotation": 180, "texture": "#texture"}
			}
		},
		{
			"name": "body_base*",
			"from": [5.055, 4.5, 14.0625],
			"to": [6.875, 5.5, 15.0625],
			"rotation": {"angle": 22.5, "axis": "y", "origin": [6.875, 4.5, 15.0625]},
			"faces": {
				"north": {"uv": [7, 1, 9.5, 3.5], "texture": "#texture"},
				"east": {"uv": [6, 1.5, 9, 4], "texture": "#texture"},
				"south": {"uv": [7, 1.5, 10.5, 4], "texture": "#texture"},
				"west": {"uv": [7.5, 1.5, 10, 3.5], "texture": "#texture"},
				"up": {"uv": [6.5, 1.5, 9, 3.5], "rotation": 180, "texture": "#texture"},
				"down": {"uv": [6, 1.5, 9, 3], "rotation": 180, "texture": "#texture"}
			}
		},
		{
			"name": "body_base*",
			"from": [4.7537, 4.5, 12.9455],
			"to": [5.7537, 5.5, 14.7655],
			"rotation": {"angle": 22.5, "axis": "y", "origin": [6.875, 4.5, 15.0625]},
			"faces": {
				"north": {"uv": [7.5, 1.5, 10, 3.5], "texture": "#texture"},
				"east": {"uv": [7, 1, 9.5, 3.5], "texture": "#texture"},
				"south": {"uv": [6, 1.5, 9, 4], "texture": "#texture"},
				"west": {"uv": [7, 1.5, 10.5, 4], "texture": "#texture"},
				"up": {"uv": [6.5, 1.5, 9, 3.5], "rotation": 270, "texture": "#texture"},
				"down": {"uv": [6, 1.5, 9, 3], "rotation": 90, "texture": "#texture"}
			}
		},
		{
			"name": "body_base*",
			"from": [4.7537, 4.5, 14.5625],
			"to": [5.2537, 5.5, 15.0625],
			"rotation": {"angle": 22.5, "axis": "y", "origin": [6.875, 4.5, 15.0625]},
			"faces": {
				"north": {"uv": [7.5, 1.5, 10, 3.5], "texture": "#texture"},
				"east": {"uv": [7, 1, 9.5, 3.5], "texture": "#texture"},
				"south": {"uv": [6, 1.5, 9, 4], "texture": "#texture"},
				"west": {"uv": [7, 1.5, 10.5, 4], "texture": "#texture"},
				"up": {"uv": [6.5, 1.5, 9, 3.5], "rotation": 270, "texture": "#texture"},
				"down": {"uv": [6, 1.5, 9, 3], "rotation": 90, "texture": "#texture"}
			}
		},
		{
			"name": "body_base*",
			"from": [5.125, 4.5, 15.0625],
			"to": [5.625, 5.5, 15.5625],
			"rotation": {"angle": -22.5, "axis": "y", "origin": [6.875, 4.5, 15.0625]},
			"faces": {
				"north": {"uv": [7, 1, 9.5, 3.5], "texture": "#texture"},
				"east": {"uv": [6, 1.5, 9, 4], "texture": "#texture"},
				"south": {"uv": [7, 1.5, 10.5, 4], "texture": "#texture"},
				"west": {"uv": [7.5, 1.5, 10, 3.5], "texture": "#texture"},
				"up": {"uv": [6.5, 1.5, 9, 3.5], "rotation": 180, "texture": "#texture"},
				"down": {"uv": [6, 1.5, 9, 3], "rotation": 180, "texture": "#texture"}
			}
		},
		{
			"name": "body_base*",
			"from": [4.0625, 4.5, 3.1562],
			"to": [7.0625, 5.5, 9.24995],
			"rotation": {"angle": 45, "axis": "y", "origin": [4.0625, 4.5, 3.15625]},
			"faces": {
				"north": {"uv": [7, 1.5, 10.5, 4], "texture": "#texture"},
				"east": {"uv": [7.5, 1.5, 10, 3.5], "texture": "#texture"},
				"south": {"uv": [7, 1, 9.5, 3.5], "texture": "#texture"},
				"west": {"uv": [6, 1.5, 9, 4], "texture": "#texture"},
				"up": {"uv": [6.5, 1.5, 9, 3.5], "texture": "#texture"},
				"down": {"uv": [6, 1.5, 9, 3], "texture": "#texture"}
			}
		},
		{
			"name": "body_base*",
			"from": [4.0625, 4.5, 1.3362],
			"to": [5.0625, 5.5, 3.1562],
			"faces": {
				"north": {"uv": [7.5, 1.5, 10, 3.5], "texture": "#texture"},
				"east": {"uv": [7, 1, 9.5, 3.5], "texture": "#texture"},
				"south": {"uv": [6, 1.5, 9, 4], "texture": "#texture"},
				"west": {"uv": [7, 1.5, 10.5, 4], "texture": "#texture"},
				"up": {"uv": [6.5, 1.5, 9, 3.5], "rotation": 270, "texture": "#texture"},
				"down": {"uv": [6, 1.5, 9, 3], "rotation": 90, "texture": "#texture"}
			}
		},
		{
			"name": "body_base*",
			"from": [4.3595, 4.5, 1.0349],
			"to": [6.1795, 5.5, 2.0349],
			"faces": {
				"north": {"uv": [7, 1.5, 10.5, 4], "texture": "#texture"},
				"east": {"uv": [7.5, 1.5, 10, 3.5], "texture": "#texture"},
				"south": {"uv": [7, 1, 9.5, 3.5], "texture": "#texture"},
				"west": {"uv": [6, 1.5, 9, 4], "texture": "#texture"},
				"up": {"uv": [6.5, 1.5, 9, 3.5], "texture": "#texture"},
				"down": {"uv": [6, 1.5, 9, 3], "texture": "#texture"}
			}
		},
		{
			"name": "body_base*",
			"from": [4.0625, 4.5, 1.0349],
			"to": [4.5625, 5.5, 1.5349],
			"faces": {
				"north": {"uv": [7, 1.5, 10.5, 4], "texture": "#texture"},
				"east": {"uv": [7.5, 1.5, 10, 3.5], "texture": "#texture"},
				"south": {"uv": [7, 1, 9.5, 3.5], "texture": "#texture"},
				"west": {"uv": [6, 1.5, 9, 4], "texture": "#texture"},
				"up": {"uv": [6.5, 1.5, 9, 3.5], "texture": "#texture"},
				"down": {"uv": [6, 1.5, 9, 3], "texture": "#texture"}
			}
		},
		{
			"name": "body_base*",
			"from": [5.3125, 4.5, 2.6562],
			"to": [5.8125, 5.5, 3.1562],
			"rotation": {"angle": 45, "axis": "y", "origin": [4.0625, 4.5, 3.15625]},
			"faces": {
				"north": {"uv": [7, 1.5, 10.5, 4], "texture": "#texture"},
				"east": {"uv": [7.5, 1.5, 10, 3.5], "texture": "#texture"},
				"south": {"uv": [7, 1, 9.5, 3.5], "texture": "#texture"},
				"west": {"uv": [6, 1.5, 9, 4], "texture": "#texture"},
				"up": {"uv": [6.5, 1.5, 9, 3.5], "texture": "#texture"},
				"down": {"uv": [6, 1.5, 9, 3], "texture": "#texture"}
			}
		}
	],
	"display": {
		"thirdperson_righthand": {
			"rotation": [68, -90, 0],
			"translation": [-6, -4.5, 5],
			"scale": [1.3, 1.6, 1.3]
		},
		"thirdperson_lefthand": {
			"rotation": [68, 90, 0],
			"translation": [-6, -4.5, 5],
			"scale": [1.3, 1.6, 1.3]
		},
		"firstperson_righthand": {
			"scale": [0, 0, 0]
		},
		"firstperson_lefthand": {
			"scale": [0, 0, 0]
		},
		"ground": {
			"scale": [0, 0, 0]
		},
		"gui": {
			"rotation": [30, 45, 0],
			"translation": [0, 2, 0],
			"scale": [0, 0, 0]
		},
		"head": {
			"rotation": [0, -90, 0],
			"translation": [0, -18.5, 0],
			"scale": [2, 2.5, 2]
		},
		"fixed": {
			"scale": [0, 0, 0]
		}
	}
}