{
	"credit": "Made with Blockbench",
	"textures": {
		"texture": "pokemon/empoleon/empoleon_base",
		"details": "pokemon/empoleon/details",
		"details_2": "pokemon/empoleon/details_2",
		"details_3": "pokemon/empoleon/details_3",
		"head": "pokemon/empoleon/head",
		"particle": "pokemon/empoleon/head"
	},
	"elements": [
		{
			"name": "Element",
			"from": [6.5, 13.5, 6.5],
			"to": [9.5, 18.5, 9.5],
			"faces": {
				"north": {"uv": [1.5, 1.5, 4, 4], "texture": "#texture"},
				"east": {"uv": [2, 1, 4.5, 3.5], "texture": "#texture"},
				"south": {"uv": [1.5, 1, 4, 3.5], "texture": "#texture"},
				"west": {"uv": [1.5, 1.5, 4.5, 4], "texture": "#texture"},
				"up": {"uv": [1, 2, 4, 4.5], "texture": "#texture"},
				"down": {"uv": [1.5, 1, 3.5, 3], "texture": "#texture"}
			}
		},
		{
			"name": "Element",
			"from": [6.5, 12, 5.5],
			"to": [9.5, 17.5, 10.5],
			"faces": {
				"north": {"uv": [1.5, 1.5, 4, 4], "texture": "#texture"},
				"east": {"uv": [2, 1, 4.5, 3.5], "texture": "#texture"},
				"south": {"uv": [1.5, 1, 4, 3.5], "texture": "#texture"},
				"west": {"uv": [1.5, 1.5, 4.5, 4], "texture": "#texture"},
				"up": {"uv": [1, 2, 4, 4.5], "texture": "#texture"},
				"down": {"uv": [1.5, 1, 3.5, 3], "texture": "#texture"}
			}
		},
		{
			"name": "Element",
			"from": [5.5, 11.84, 6.5],
			"to": [6.91, 17.5, 9.5],
			"rotation": {"angle": 45, "axis": "z", "origin": [5.5, 17.5, 6.5]},
			"faces": {
				"north": {"uv": [1.5, 1.5, 4, 4], "texture": "#texture"},
				"east": {"uv": [2, 1, 4.5, 3.5], "texture": "#texture"},
				"south": {"uv": [1.5, 1, 4, 3.5], "texture": "#texture"},
				"west": {"uv": [1.5, 1.5, 4.5, 4], "texture": "#texture"},
				"up": {"uv": [1, 2, 4, 4.5], "texture": "#texture"},
				"down": {"uv": [1.5, 1, 3.5, 3], "texture": "#texture"}
			}
		},
		{
			"name": "Element",
			"from": [9.5, 12.84, 6.5],
			"to": [10.91, 18.5, 9.5],
			"rotation": {"angle": -45, "axis": "z", "origin": [9.5, 18.5, 6.5]},
			"faces": {
				"north": {"uv": [1.5, 1.5, 4, 4], "texture": "#texture"},
				"east": {"uv": [2, 1, 4.5, 3.5], "texture": "#texture"},
				"south": {"uv": [1.5, 1, 4, 3.5], "texture": "#texture"},
				"west": {"uv": [1.5, 1.5, 4.5, 4], "texture": "#texture"},
				"up": {"uv": [1, 2, 4, 4.5], "texture": "#texture"},
				"down": {"uv": [1.5, 1, 3.5, 3], "texture": "#texture"}
			}
		},
		{
			"name": "Element",
			"from": [6.5, 11.84, 5.5],
			"to": [9.5, 17.5, 6.91],
			"rotation": {"angle": -45, "axis": "x", "origin": [6.5, 17.5, 5.5]},
			"faces": {
				"north": {"uv": [1.5, 1.5, 4, 4], "texture": "#texture"},
				"east": {"uv": [2, 1, 4.5, 3.5], "texture": "#texture"},
				"south": {"uv": [1.5, 1, 4, 3.5], "texture": "#texture"},
				"west": {"uv": [1.5, 1.5, 4.5, 4], "texture": "#texture"},
				"up": {"uv": [1, 2, 4, 4.5], "texture": "#texture"},
				"down": {"uv": [1.5, 1, 3.5, 3], "texture": "#texture"}
			}
		},
		{
			"name": "Element",
			"from": [6.5, 12.84, 9.5],
			"to": [9.5, 18.5, 10.91],
			"rotation": {"angle": 45, "axis": "x", "origin": [6.5, 18.5, 9.5]},
			"faces": {
				"north": {"uv": [1.5, 1.5, 4, 4], "texture": "#texture"},
				"east": {"uv": [2, 1, 4.5, 3.5], "texture": "#texture"},
				"south": {"uv": [1.5, 1, 4, 3.5], "texture": "#texture"},
				"west": {"uv": [1.5, 1.5, 4.5, 4], "texture": "#texture"},
				"up": {"uv": [1, 2, 4, 4.5], "texture": "#texture"},
				"down": {"uv": [1.5, 1, 3.5, 3], "texture": "#texture"}
			}
		},
		{
			"name": "Element",
			"from": [5.5, 12.25, 6.5],
			"to": [6.91, 17.5, 12.16],
			"rotation": {"angle": 45, "axis": "y", "origin": [5.5, 12.25, 6.5]},
			"faces": {
				"north": {"uv": [1.5, 1.5, 4, 4], "texture": "#texture"},
				"east": {"uv": [2, 1, 4.5, 3.5], "texture": "#texture"},
				"south": {"uv": [1.5, 1, 4, 3.5], "texture": "#texture"},
				"west": {"uv": [1.5, 1.5, 4.5, 4], "texture": "#texture"},
				"up": {"uv": [1, 2, 4, 4.5], "texture": "#texture"},
				"down": {"uv": [1.5, 1, 3.5, 3], "texture": "#texture"}
			}
		},
		{
			"name": "Element",
			"from": [9.4397, 12.25, 5.5],
			"to": [10.84968, 17.5, 11.16],
			"rotation": {"angle": -45, "axis": "y", "origin": [9.43972, 12.25, 5.5]},
			"faces": {
				"north": {"uv": [1.5, 1.5, 4, 4], "texture": "#texture"},
				"east": {"uv": [2, 1, 4.5, 3.5], "texture": "#texture"},
				"south": {"uv": [1.5, 1, 4, 3.5], "texture": "#texture"},
				"west": {"uv": [1.5, 1.5, 4.5, 4], "texture": "#texture"},
				"up": {"uv": [1, 2, 4, 4.5], "texture": "#texture"},
				"down": {"uv": [1.5, 1, 3.5, 3], "texture": "#texture"}
			}
		},
		{
			"name": "Element",
			"from": [5.5, 12.25, 6.5],
			"to": [10.5, 17.5, 9.5],
			"faces": {
				"north": {"uv": [1.5, 1.5, 4, 4], "texture": "#texture"},
				"east": {"uv": [2, 1, 4.5, 3.5], "texture": "#texture"},
				"south": {"uv": [1.5, 1, 4, 3.5], "texture": "#texture"},
				"west": {"uv": [1.5, 1.5, 4.5, 4], "texture": "#texture"},
				"up": {"uv": [1, 2, 4, 4.5], "texture": "#texture"},
				"down": {"uv": [1.5, 1, 3.5, 3], "texture": "#texture"}
			}
		},
		{
			"name": "Element",
			"from": [5.5, 14.75, 7.5],
			"to": [6.75, 16, 8.5],
			"rotation": {"angle": -45, "axis": "z", "origin": [5.5, 16, 7.5]},
			"faces": {
				"north": {"uv": [1.5, 7.25, 3.5, 9], "texture": "#texture"},
				"east": {"uv": [1.75, 6.25, 3.75, 8], "texture": "#texture"},
				"south": {"uv": [2.5, 6.5, 4.5, 8.5], "texture": "#texture"},
				"west": {"uv": [1.75, 7, 3.75, 8.5], "texture": "#texture"},
				"up": {"uv": [2, 7, 4.5, 9.25], "texture": "#texture"},
				"down": {"uv": [2.25, 6.75, 4.5, 9], "texture": "#texture"}
			}
		},
		{
			"name": "Element",
			"from": [5.5, 15.25, 7.75],
			"to": [6.125, 16.5, 8.25],
			"rotation": {"angle": -22.5, "axis": "z", "origin": [5.5, 16.5, 7.75]},
			"faces": {
				"north": {"uv": [1.5, 7.25, 3.5, 9], "texture": "#texture"},
				"east": {"uv": [1.75, 6.25, 3.75, 8], "texture": "#texture"},
				"south": {"uv": [2.5, 6.5, 4.5, 8.5], "texture": "#texture"},
				"west": {"uv": [1.75, 7, 3.75, 8.5], "texture": "#texture"},
				"up": {"uv": [2, 7, 4.5, 9.25], "texture": "#texture"},
				"down": {"uv": [2.25, 6.75, 4.5, 9], "texture": "#texture"}
			}
		},
		{
			"name": "eye",
			"from": [5.485, 15.5, 7.875],
			"to": [6.485, 17, 9.5],
			"faces": {
				"north": {"uv": [8.5, 9.75, 10.5, 11.25], "texture": "#particle"},
				"east": {"uv": [11.25, 0.25, 0.5, 8.25], "texture": "#particle"},
				"south": {"uv": [8.75, 10, 10.75, 11.5], "texture": "#particle"},
				"west": {"uv": [0.5, 0.25, 11.25, 8.25], "texture": "#particle"},
				"up": {"uv": [9.75, 8.5, 11.75, 10.25], "texture": "#particle"},
				"down": {"uv": [10.5, 9, 12.25, 11.25], "texture": "#particle"}
			}
		},
		{
			"name": "eye*",
			"from": [5.485, 15.5, 9.4971],
			"to": [6.485, 17, 9.9971],
			"rotation": {"angle": 45, "axis": "y", "origin": [5.485, 15.5, 9.49711]},
			"faces": {
				"north": {"uv": [11.25, 11.5, 13.25, 13], "texture": "#particle"},
				"east": {"uv": [14, 0.25, 11.25, 8.25], "texture": "#particle"},
				"south": {"uv": [8.75, 8.5, 10.75, 10], "texture": "#particle"},
				"west": {"uv": [11.25, 0.25, 14, 8.25], "texture": "#particle"},
				"up": {"uv": [9.75, 9.25, 11.75, 11], "texture": "#particle"},
				"down": {"uv": [11.25, 10.5, 13, 12.75], "texture": "#particle"}
			}
		},
		{
			"name": "Element",
			"from": [6.57, 8.49, 5.5],
			"to": [9.07, 15.24, 10.5],
			"rotation": {"angle": -22.5, "axis": "z", "origin": [6.57, 15.24, 5.5]},
			"faces": {
				"north": {"uv": [1.5, 1.5, 4, 4], "texture": "#texture"},
				"east": {"uv": [2, 1, 4.5, 3.5], "texture": "#texture"},
				"south": {"uv": [1.5, 1, 4, 3.5], "texture": "#texture"},
				"west": {"uv": [1.5, 1.5, 4.5, 4], "texture": "#texture"},
				"up": {"uv": [1, 2, 4, 4.5], "texture": "#texture"},
				"down": {"uv": [1.5, 1, 3.5, 3], "texture": "#texture"}
			}
		},
		{
			"name": "Element",
			"from": [7.1475, 7.53, 5.5],
			"to": [9.6475, 14.28, 10.5],
			"rotation": {"angle": 22.5, "axis": "z", "origin": [7.1475, 14.28, 5.5]},
			"faces": {
				"north": {"uv": [1.5, 1.5, 4, 4], "texture": "#texture"},
				"east": {"uv": [2, 1, 4.5, 3.5], "texture": "#texture"},
				"south": {"uv": [1.5, 1, 4, 3.5], "texture": "#texture"},
				"west": {"uv": [1.5, 1.5, 4.5, 4], "texture": "#texture"},
				"up": {"uv": [1, 2, 4, 4.5], "texture": "#texture"},
				"down": {"uv": [1.5, 1, 3.5, 3], "texture": "#texture"}
			}
		},
		{
			"name": "Element",
			"from": [6.25, 8.5, 5.5],
			"to": [9.75, 14.75, 10.5],
			"faces": {
				"north": {"uv": [1.5, 1.5, 4, 4], "texture": "#texture"},
				"east": {"uv": [2, 1, 4.5, 3.5], "texture": "#texture"},
				"south": {"uv": [1.5, 1, 4, 3.5], "texture": "#texture"},
				"west": {"uv": [1.5, 1.5, 4.5, 4], "texture": "#texture"},
				"up": {"uv": [1, 2, 4, 4.5], "texture": "#texture"},
				"down": {"uv": [1.5, 1, 3.5, 3], "texture": "#texture"}
			}
		},
		{
			"name": "Element",
			"from": [6.25, 8.99, 5.5725],
			"to": [9.75, 15.24, 8.0725],
			"rotation": {"angle": 22.5, "axis": "x", "origin": [6.25, 15.24, 5.5725]},
			"faces": {
				"north": {"uv": [1.5, 1.5, 4, 4], "texture": "#texture"},
				"east": {"uv": [2, 1, 4.5, 3.5], "texture": "#texture"},
				"south": {"uv": [1.5, 1, 4, 3.5], "texture": "#texture"},
				"west": {"uv": [1.5, 1.5, 4.5, 4], "texture": "#texture"},
				"up": {"uv": [1, 2, 4, 4.5], "texture": "#texture"},
				"down": {"uv": [1.5, 1, 3.5, 3], "texture": "#texture"}
			}
		},
		{
			"name": "Element",
			"from": [6.25, 8.03, 8.1],
			"to": [9.75, 14.28, 10.6],
			"rotation": {"angle": -22.5, "axis": "x", "origin": [6.25, 14.28, 8.1]},
			"faces": {
				"north": {"uv": [1.5, 1.5, 4, 4], "texture": "#texture"},
				"east": {"uv": [2, 1, 4.5, 3.5], "texture": "#texture"},
				"south": {"uv": [1.5, 1, 4, 3.5], "texture": "#texture"},
				"west": {"uv": [1.5, 1.5, 4.5, 4], "texture": "#texture"},
				"up": {"uv": [1, 2, 4, 4.5], "texture": "#texture"},
				"down": {"uv": [1.5, 1, 3.5, 3], "texture": "#texture"}
			}
		},
		{
			"name": "base_bottom",
			"from": [6.25, 4.5, 3.1875],
			"to": [9.75, 9.5, 12.8125],
			"faces": {
				"north": {"uv": [1.5, 1.5, 4, 4], "texture": "#texture"},
				"east": {"uv": [2, 1, 4.5, 3.5], "texture": "#texture"},
				"south": {"uv": [1.5, 1, 4, 3.5], "texture": "#texture"},
				"west": {"uv": [1.5, 1.5, 4.5, 4], "texture": "#texture"},
				"up": {"uv": [1, 2, 4, 4.5], "texture": "#texture"},
				"down": {"uv": [1.5, 1, 3.5, 3], "texture": "#texture"}
			}
		},
		{
			"name": "base_bottom",
			"from": [4, 4.5, 5.5],
			"to": [12.0625, 9.5, 10.5],
			"faces": {
				"north": {"uv": [1.5, 1.5, 4, 4], "texture": "#texture"},
				"east": {"uv": [2, 1, 4.5, 3.5], "texture": "#texture"},
				"south": {"uv": [1.5, 1, 4, 3.5], "texture": "#texture"},
				"west": {"uv": [1.5, 1.5, 4.5, 4], "texture": "#texture"},
				"up": {"uv": [1, 2, 4, 4.5], "texture": "#texture"},
				"down": {"uv": [1.5, 1, 3.5, 3], "texture": "#texture"}
			}
		},
		{
			"name": "base_bottom",
			"from": [4.02, 4.5, 5.5056],
			"to": [7.27, 9.5, 8.0056],
			"rotation": {"angle": 45, "axis": "y", "origin": [4.02, 4.5, 5.5056]},
			"faces": {
				"north": {"uv": [1.5, 1.5, 4, 4], "texture": "#texture"},
				"east": {"uv": [2, 1, 4.5, 3.5], "texture": "#texture"},
				"south": {"uv": [1.5, 1, 4, 3.5], "texture": "#texture"},
				"west": {"uv": [1.5, 1.5, 4.5, 4], "texture": "#texture"},
				"up": {"uv": [1, 2, 4, 4.5], "texture": "#texture"},
				"down": {"uv": [1.5, 1, 3.5, 3], "texture": "#texture"}
			}
		},
		{
			"name": "base_bottom",
			"from": [9.75, 4.5, 3.1875],
			"to": [13, 9.5, 5.6875],
			"rotation": {"angle": -45, "axis": "y", "origin": [9.75, 4.5, 3.1875]},
			"faces": {
				"north": {"uv": [1.5, 1.5, 4, 4], "texture": "#texture"},
				"east": {"uv": [2, 1, 4.5, 3.5], "texture": "#texture"},
				"south": {"uv": [1.5, 1, 4, 3.5], "texture": "#texture"},
				"west": {"uv": [1.5, 1.5, 4.5, 4], "texture": "#texture"},
				"up": {"uv": [1, 2, 4, 4.5], "texture": "#texture"},
				"down": {"uv": [1.5, 1, 3.5, 3], "texture": "#texture"}
			}
		},
		{
			"name": "base_bottom",
			"from": [5.77, 4.5, 8.73],
			"to": [9.02, 9.5, 11.23],
			"rotation": {"angle": -45, "axis": "y", "origin": [5.77, 4.5, 8.73]},
			"faces": {
				"north": {"uv": [1.5, 1.5, 4, 4], "texture": "#texture"},
				"east": {"uv": [2, 1, 4.5, 3.5], "texture": "#texture"},
				"south": {"uv": [1.5, 1, 4, 3.5], "texture": "#texture"},
				"west": {"uv": [1.5, 1.5, 4.5, 4], "texture": "#texture"},
				"up": {"uv": [1, 2, 4, 4.5], "texture": "#texture"},
				"down": {"uv": [1.5, 1, 3.5, 3], "texture": "#texture"}
			}
		},
		{
			"name": "base_bottom",
			"from": [8, 4.5, 11],
			"to": [11.25, 9.5, 13.5],
			"rotation": {"angle": 45, "axis": "y", "origin": [8, 4.5, 11]},
			"faces": {
				"north": {"uv": [1.5, 1.5, 4, 4], "texture": "#texture"},
				"east": {"uv": [2, 1, 4.5, 3.5], "texture": "#texture"},
				"south": {"uv": [1.5, 1, 4, 3.5], "texture": "#texture"},
				"west": {"uv": [1.5, 1.5, 4.5, 4], "texture": "#texture"},
				"up": {"uv": [1, 2, 4, 4.5], "texture": "#texture"},
				"down": {"uv": [1.5, 1, 3.5, 3], "texture": "#texture"}
			}
		},
		{
			"name": "base_bottom*",
			"from": [6.25, 4.3125, 4.1875],
			"to": [9.75, 6.8125, 7.4375],
			"rotation": {"angle": 22.5, "axis": "x", "origin": [6.25, 6.8125, 4.1875]},
			"faces": {
				"north": {"uv": [1.5, 1.5, 4, 4], "texture": "#texture"},
				"east": {"uv": [2, 1, 4.5, 3.5], "texture": "#texture"},
				"south": {"uv": [1.5, 1, 4, 3.5], "texture": "#texture"},
				"west": {"uv": [1.5, 1.5, 4.5, 4], "texture": "#texture"},
				"up": {"uv": [1, 2, 4, 4.5], "texture": "#texture"},
				"down": {"uv": [1.5, 1, 3.5, 3], "texture": "#texture"}
			}
		},
		{
			"name": "base_bottom*",
			"from": [6.25, 3.0625, 8.8125],
			"to": [9.75, 5.5625, 12.0625],
			"rotation": {"angle": -22.5, "axis": "x", "origin": [6.25, 5.5625, 8.8125]},
			"faces": {
				"north": {"uv": [1.5, 1.5, 4, 4], "texture": "#texture"},
				"east": {"uv": [2, 1, 4.5, 3.5], "texture": "#texture"},
				"south": {"uv": [1.5, 1, 4, 3.5], "texture": "#texture"},
				"west": {"uv": [1.5, 1.5, 4.5, 4], "texture": "#texture"},
				"up": {"uv": [1, 2, 4, 4.5], "texture": "#texture"},
				"down": {"uv": [1.5, 1, 3.5, 3], "texture": "#texture"}
			}
		},
		{
			"name": "base_bottom*",
			"from": [6.25, 3.25, 6.25],
			"to": [9.75, 5.75, 9.75],
			"faces": {
				"north": {"uv": [1.5, 1.5, 4, 4], "texture": "#texture"},
				"east": {"uv": [2, 1, 4.5, 3.5], "texture": "#texture"},
				"south": {"uv": [1.5, 1, 4, 3.5], "texture": "#texture"},
				"west": {"uv": [1.5, 1.5, 4.5, 4], "texture": "#texture"},
				"up": {"uv": [1, 2, 4, 4.5], "texture": "#texture"},
				"down": {"uv": [1.5, 1, 3.5, 3], "texture": "#texture"}
			}
		},
		{
			"name": "base_bottom*",
			"from": [4.75, 4.3125, 5.5],
			"to": [7.1875, 6.3125, 10.5],
			"rotation": {"angle": -22.5, "axis": "z", "origin": [4.75, 6.3125, 5.5]},
			"faces": {
				"north": {"uv": [1.5, 1.5, 4, 4], "texture": "#texture"},
				"east": {"uv": [2, 1, 4.5, 3.5], "texture": "#texture"},
				"south": {"uv": [1.5, 1, 4, 3.5], "texture": "#texture"},
				"west": {"uv": [1.5, 1.5, 4.5, 4], "texture": "#texture"},
				"up": {"uv": [1, 2, 4, 4.5], "texture": "#texture"},
				"down": {"uv": [1.5, 1, 3.5, 3], "texture": "#texture"}
			}
		},
		{
			"name": "base_bottom*",
			"from": [8.9375, 3.375, 5.5],
			"to": [11.4375, 5.375, 10.5],
			"rotation": {"angle": 22.5, "axis": "z", "origin": [8.9375, 5.375, 5.5]},
			"faces": {
				"north": {"uv": [1.5, 1.5, 4, 4], "texture": "#texture"},
				"east": {"uv": [2, 1, 4.5, 3.5], "texture": "#texture"},
				"south": {"uv": [1.5, 1, 4, 3.5], "texture": "#texture"},
				"west": {"uv": [1.5, 1.5, 4.5, 4], "texture": "#texture"},
				"up": {"uv": [1, 2, 4, 4.5], "texture": "#texture"},
				"down": {"uv": [1.5, 1, 3.5, 3], "texture": "#texture"}
			}
		},
		{
			"name": "base_bottom*",
			"from": [6.25, 2, 4],
			"to": [9.75, 4.5, 6.5],
			"faces": {
				"north": {"uv": [1.5, 1.5, 4, 4], "texture": "#texture"},
				"east": {"uv": [2, 1, 4.5, 3.5], "texture": "#texture"},
				"south": {"uv": [1.5, 1, 4, 3.5], "texture": "#texture"},
				"west": {"uv": [1.5, 1.5, 4.5, 4], "texture": "#texture"},
				"up": {"uv": [1, 2, 4, 4.5], "texture": "#texture"},
				"down": {"uv": [1.5, 1, 3.5, 3], "texture": "#texture"}
			}
		},
		{
			"name": "base_bottom*",
			"from": [6.25, 2.25, 6.75],
			"to": [9.75, 4.5, 8],
			"rotation": {"angle": 45, "axis": "x", "origin": [6.25, 4.5, 6.75]},
			"faces": {
				"north": {"uv": [1.5, 1.5, 4, 4], "texture": "#texture"},
				"east": {"uv": [2, 1, 4.5, 3.5], "texture": "#texture"},
				"south": {"uv": [1.5, 1, 4, 3.5], "texture": "#texture"},
				"west": {"uv": [1.5, 1.5, 4.5, 4], "texture": "#texture"},
				"up": {"uv": [1, 2, 4, 4.5], "texture": "#texture"},
				"down": {"uv": [1.5, 1, 3.5, 3], "texture": "#texture"}
			}
		},
		{
			"name": "base_bottom*",
			"from": [6.25, 1.375, 8.25],
			"to": [9.75, 3.5, 9],
			"rotation": {"angle": -45, "axis": "x", "origin": [6.25, 3.5, 8.25]},
			"faces": {
				"north": {"uv": [1.5, 1.5, 4, 4], "texture": "#texture"},
				"east": {"uv": [2, 1, 4.5, 3.5], "texture": "#texture"},
				"south": {"uv": [1.5, 1, 4, 3.5], "texture": "#texture"},
				"west": {"uv": [1.5, 1.5, 4.5, 4], "texture": "#texture"},
				"up": {"uv": [1, 2, 4, 4.5], "texture": "#texture"},
				"down": {"uv": [1.5, 1, 3.5, 3], "texture": "#texture"}
			}
		},
		{
			"name": "base_bottom*",
			"from": [6.25, 2.5, 3.25],
			"to": [9.75, 4.75, 4.5],
			"rotation": {"angle": -22.5, "axis": "x", "origin": [6.25, 4.75, 3.25]},
			"faces": {
				"north": {"uv": [1.5, 1.5, 4, 4], "texture": "#texture"},
				"east": {"uv": [2, 1, 4.5, 3.5], "texture": "#texture"},
				"south": {"uv": [1.5, 1, 4, 3.5], "texture": "#texture"},
				"west": {"uv": [1.5, 1.5, 4.5, 4], "texture": "#texture"},
				"up": {"uv": [1, 2, 4, 4.5], "texture": "#texture"},
				"down": {"uv": [1.5, 1, 3.5, 3], "texture": "#texture"}
			}
		},
		{
			"name": "base_bottom*",
			"from": [6.25, 2.75, 11.5625],
			"to": [9.75, 5, 12.8125],
			"rotation": {"angle": 22.5, "axis": "x", "origin": [6.25, 5, 11.5625]},
			"faces": {
				"north": {"uv": [1.5, 1.5, 4, 4], "texture": "#texture"},
				"east": {"uv": [2, 1, 4.5, 3.5], "texture": "#texture"},
				"south": {"uv": [1.5, 1, 4, 3.5], "texture": "#texture"},
				"west": {"uv": [1.5, 1.5, 4.5, 4], "texture": "#texture"},
				"up": {"uv": [1, 2, 4, 4.5], "texture": "#texture"},
				"down": {"uv": [1.5, 1, 3.5, 3], "texture": "#texture"}
			}
		},
		{
			"name": "base_bottom*",
			"from": [6.75, -0.5, 4.5],
			"to": [9.25, 2, 6],
			"faces": {
				"north": {"uv": [1.5, 1.5, 4, 4], "texture": "#texture"},
				"east": {"uv": [2, 1, 4.5, 3.5], "texture": "#texture"},
				"south": {"uv": [1.5, 1, 4, 3.5], "texture": "#texture"},
				"west": {"uv": [1.5, 1.5, 4.5, 4], "texture": "#texture"},
				"up": {"uv": [1, 2, 4, 4.5], "texture": "#texture"},
				"down": {"uv": [1.5, 1, 3.5, 3], "texture": "#texture"}
			}
		},
		{
			"name": "base_bottom*",
			"from": [6.75, 0.5, 9.5],
			"to": [9.25, 2, 10],
			"rotation": {"angle": -22.5, "axis": "x", "origin": [6.75, 2, 9.5]},
			"faces": {
				"north": {"uv": [1.5, 1.5, 4, 4], "texture": "#texture"},
				"east": {"uv": [2, 1, 4.5, 3.5], "texture": "#texture"},
				"south": {"uv": [1.5, 1, 4, 3.5], "texture": "#texture"},
				"west": {"uv": [1.5, 1.5, 4.5, 4], "texture": "#texture"},
				"up": {"uv": [1, 2, 4, 4.5], "texture": "#texture"},
				"down": {"uv": [1.5, 1, 3.5, 3], "texture": "#texture"}
			}
		},
		{
			"name": "base_bottom*",
			"from": [6.75, 0.5, 4],
			"to": [9.25, 2, 4.5],
			"rotation": {"angle": -22.5, "axis": "x", "origin": [6.75, 2, 4]},
			"faces": {
				"north": {"uv": [1.5, 1.5, 4, 4], "texture": "#texture"},
				"east": {"uv": [2, 1, 4.5, 3.5], "texture": "#texture"},
				"south": {"uv": [1.5, 1, 4, 3.5], "texture": "#texture"},
				"west": {"uv": [1.5, 1.5, 4.5, 4], "texture": "#texture"},
				"up": {"uv": [1, 2, 4, 4.5], "texture": "#texture"},
				"down": {"uv": [1.5, 1, 3.5, 3], "texture": "#texture"}
			}
		},
		{
			"name": "base_bottom*",
			"from": [6.75, 0.71, 6.0425],
			"to": [9.25, 2.21, 6.5425],
			"rotation": {"angle": 22.5, "axis": "x", "origin": [6.75, 2.21, 6.0425]},
			"faces": {
				"north": {"uv": [1.5, 1.5, 4, 4], "texture": "#texture"},
				"east": {"uv": [2, 1, 4.5, 3.5], "texture": "#texture"},
				"south": {"uv": [1.5, 1, 4, 3.5], "texture": "#texture"},
				"west": {"uv": [1.5, 1.5, 4.5, 4], "texture": "#texture"},
				"up": {"uv": [1, 2, 4, 4.5], "texture": "#texture"},
				"down": {"uv": [1.5, 1, 3.5, 3], "texture": "#texture"}
			}
		},
		{
			"name": "base_bottom*",
			"from": [6.75, 0.8125, 11.3125],
			"to": [9.25, 2.3125, 12.0625],
			"rotation": {"angle": 22.5, "axis": "x", "origin": [6.75, 2.3125, 11.3125]},
			"faces": {
				"north": {"uv": [1.5, 1.5, 4, 4], "texture": "#texture"},
				"east": {"uv": [2, 1, 4.5, 3.5], "texture": "#texture"},
				"south": {"uv": [1.5, 1, 4, 3.5], "texture": "#texture"},
				"west": {"uv": [1.5, 1.5, 4.5, 4], "texture": "#texture"},
				"up": {"uv": [1, 2, 4, 4.5], "texture": "#texture"},
				"down": {"uv": [1.5, 1, 3.5, 3], "texture": "#texture"}
			}
		},
		{
			"name": "base_bottom*",
			"from": [6.25, 2, 9.5],
			"to": [9.75, 4.5, 12],
			"faces": {
				"north": {"uv": [1.5, 1.5, 4, 4], "texture": "#texture"},
				"east": {"uv": [2, 1, 4.5, 3.5], "texture": "#texture"},
				"south": {"uv": [1.5, 1, 4, 3.5], "texture": "#texture"},
				"west": {"uv": [1.5, 1.5, 4.5, 4], "texture": "#texture"},
				"up": {"uv": [1, 2, 4, 4.5], "texture": "#texture"},
				"down": {"uv": [1.5, 1, 3.5, 3], "texture": "#texture"}
			}
		},
		{
			"name": "Element",
			"from": [5.4, 15.5, 6],
			"to": [5.4625, 18.5, 10],
			"faces": {
				"north": {"uv": [5.75, 1.125, 7.875, 2.25], "texture": "#details"},
				"east": {"uv": [7, 8.375, 15.75, 15.25], "texture": "#details"},
				"south": {"uv": [6.375, 1.375, 7.875, 2.375], "texture": "#details"},
				"west": {"uv": [7, 8.375, 15.75, 15.25], "texture": "#details"},
				"up": {"uv": [6.625, 0.875, 8.125, 2.125], "texture": "#details"},
				"down": {"uv": [6.75, 1.125, 8.375, 2.875], "texture": "#details"}
			}
		},
		{
			"name": "Element",
			"from": [6.8375, 18.1875, 6],
			"to": [6.9, 21.9375, 10],
			"rotation": {"angle": -22.5, "axis": "z", "origin": [6.8375, 21.9375, 6]},
			"faces": {
				"north": {"uv": [5.75, 1.125, 7.875, 2.25], "texture": "#details"},
				"east": {"uv": [7, 0.125, 15.75, 8.5], "texture": "#details"},
				"south": {"uv": [6.375, 1.375, 7.875, 2.375], "texture": "#details"},
				"west": {"uv": [7, 0.125, 15.75, 8.5], "texture": "#details"},
				"up": {"uv": [6.625, 0.875, 8.125, 2.125], "texture": "#details"},
				"down": {"uv": [6.75, 1.125, 8.375, 2.875], "texture": "#details"}
			}
		},
		{
			"name": "Element",
			"from": [5.49, 15.5, 6.75],
			"to": [6.49, 17.5, 9.25],
			"faces": {
				"north": {"uv": [0.5, 1.25, 1.5, 2.75], "texture": "#head"},
				"east": {"uv": [2.5, 4.75, 14.25, 12.75], "texture": "#head"},
				"south": {"uv": [1.5, 11.5, 2.5, 13], "texture": "#head"},
				"west": {"uv": [2.5, 4.75, 14.25, 12.75], "texture": "#head"},
				"up": {"uv": [2.25, 9.5, 3.25, 11.5], "texture": "#head"},
				"down": {"uv": [1.5, 10.5, 2.5, 12.5], "texture": "#head"}
			}
		},
		{
			"name": "Element",
			"from": [5.49, 16.5, 6.75],
			"to": [6.49, 17.5, 9.25],
			"rotation": {"angle": 45, "axis": "z", "origin": [5.49, 17.5, 6.75]},
			"faces": {
				"north": {"uv": [1, 1, 2.5, 3], "texture": "#head"},
				"east": {"uv": [1, 1, 2.5, 3], "texture": "#head"},
				"south": {"uv": [1, 1, 2.5, 3], "texture": "#head"},
				"west": {"uv": [1, 1, 2.5, 3], "texture": "#head"},
				"up": {"uv": [2.5, 1.5, 14.25, 4.75], "rotation": 90, "texture": "#head"},
				"down": {"uv": [2.5, 1.5, 14.25, 4.75], "rotation": 270, "texture": "#head"}
			}
		},
		{
			"name": "Element",
			"from": [4.75, 11.25, 13.625],
			"to": [10.25, 18.625, 13.6875],
			"rotation": {"angle": 45, "axis": "x", "origin": [4.75, 18.625, 13.625]},
			"faces": {
				"north": {"uv": [14.5, 5.625, 1.125, 15.5], "texture": "#details_2"},
				"east": {"uv": [2.5, 4.5, 3.875, 6.375], "texture": "#details_2"},
				"south": {"uv": [1.125, 5.625, 14.5, 15.5], "texture": "#details_2"},
				"west": {"uv": [4.25, 4.875, 5.375, 7.125], "texture": "#details_2"},
				"up": {"uv": [4.25, 4.75, 5.75, 7.75], "rotation": 180, "texture": "#details_2"},
				"down": {"uv": [2, 5, 5, 7.5], "texture": "#details_2"}
			}
		},
		{
			"name": "Element",
			"from": [4.75, 11.25, 2.5],
			"to": [10.25, 18.625, 2.5625],
			"rotation": {"angle": -45, "axis": "x", "origin": [4.75, 18.625, 2.5]},
			"faces": {
				"north": {"uv": [14.5, 5.625, 1.125, 15.5], "texture": "#details_2"},
				"east": {"uv": [2.5, 4.5, 3.875, 6.375], "texture": "#details_2"},
				"south": {"uv": [1.125, 5.625, 14.5, 15.5], "texture": "#details_2"},
				"west": {"uv": [4.25, 4.875, 5.375, 7.125], "texture": "#details_2"},
				"up": {"uv": [4.25, 4.75, 5.75, 7.75], "rotation": 180, "texture": "#details_2"},
				"down": {"uv": [2, 5, 5, 7.5], "texture": "#details_2"}
			}
		},
		{
			"name": "Element",
			"from": [11.75, 4.25, 8],
			"to": [16.625, 9.75, 8.0625],
			"faces": {
				"north": {"uv": [15.25, 2, 10.75, 5.25], "texture": "#details_3"},
				"east": {"uv": [9.75, 8.5, 11.375, 9.375], "texture": "#details_3"},
				"south": {"uv": [10.75, 2, 15.25, 5.25], "texture": "#details_3"},
				"west": {"uv": [8.625, 8.375, 10.25, 9.375], "texture": "#details_3"},
				"up": {"uv": [7.625, 5.875, 9.25, 7.375], "texture": "#details_3"},
				"down": {"uv": [9, 7.625, 10.5, 9.625], "texture": "#details_3"}
			}
		},
		{
			"name": "Element",
			"from": [1.125, 4, 8],
			"to": [5.625, 14.625, 8.0625],
			"faces": {
				"north": {"uv": [0.375, 4.75, 15.625, 0.75], "rotation": 90, "texture": "#details_2"},
				"east": {"uv": [2.75, 5.125, 4.375, 6], "texture": "#details_2"},
				"south": {"uv": [0.375, 0.75, 15.625, 4.75], "rotation": 90, "texture": "#details_2"},
				"west": {"uv": [2.875, 7.625, 4.5, 8.625], "texture": "#details_2"},
				"up": {"uv": [1.875, 2.75, 3.5, 4.25], "texture": "#details_2"},
				"down": {"uv": [2.875, 5.25, 4.375, 7.25], "texture": "#details_2"}
			}
		},
		{
			"name": "Element",
			"from": [5.5, 9.25, 7.875],
			"to": [6.25, 13.5, 8.25],
			"rotation": {"angle": -22.5, "axis": "z", "origin": [5.5, 13.5, 7.875]},
			"faces": {
				"north": {"uv": [7.125, 1.875, 9.5, 3.75], "texture": "#texture"},
				"east": {"uv": [7, 1.5, 9.375, 3.75], "texture": "#texture"},
				"south": {"uv": [7, 0.625, 9.25, 3.125], "texture": "#texture"},
				"west": {"uv": [7.25, 2.125, 9.25, 3.875], "texture": "#texture"},
				"up": {"uv": [6.75, 1.625, 9, 3.75], "texture": "#texture"},
				"down": {"uv": [6.5, 1.625, 9, 4.5], "texture": "#texture"}
			}
		},
		{
			"name": "Element",
			"from": [5.375, 11.5, 7.875],
			"to": [6.125, 13.5, 8.25],
			"faces": {
				"north": {"uv": [7.125, 1.875, 9.5, 3.75], "texture": "#texture"},
				"east": {"uv": [7, 1.5, 9.375, 3.75], "texture": "#texture"},
				"south": {"uv": [7, 0.625, 9.25, 3.125], "texture": "#texture"},
				"west": {"uv": [7.25, 2.125, 9.25, 3.875], "texture": "#texture"},
				"up": {"uv": [6.75, 1.625, 9, 3.75], "texture": "#texture"},
				"down": {"uv": [6.5, 1.625, 9, 4.5], "texture": "#texture"}
			}
		},
		{
			"name": "Element",
			"from": [5.375, 12.375, 6.5],
			"to": [6.125, 14.375, 6.875],
			"rotation": {"angle": -45, "axis": "x", "origin": [5.375, 14.375, 6.5]},
			"faces": {
				"north": {"uv": [7.125, 1.875, 9.5, 3.75], "texture": "#texture"},
				"east": {"uv": [7, 1.5, 9.375, 3.75], "texture": "#texture"},
				"south": {"uv": [7, 0.625, 9.25, 3.125], "texture": "#texture"},
				"west": {"uv": [7.25, 2.125, 9.25, 3.875], "texture": "#texture"},
				"up": {"uv": [6.75, 1.625, 9, 3.75], "texture": "#texture"},
				"down": {"uv": [6.5, 1.625, 9, 4.5], "texture": "#texture"}
			}
		},
		{
			"name": "Element",
			"from": [5.375, 12.5, 9.25],
			"to": [6.125, 14.5, 9.625],
			"rotation": {"angle": 45, "axis": "x", "origin": [5.375, 14.5, 9.25]},
			"faces": {
				"north": {"uv": [7.125, 1.875, 9.5, 3.75], "texture": "#texture"},
				"east": {"uv": [7, 1.5, 9.375, 3.75], "texture": "#texture"},
				"south": {"uv": [7, 0.625, 9.25, 3.125], "texture": "#texture"},
				"west": {"uv": [7.25, 2.125, 9.25, 3.875], "texture": "#texture"},
				"up": {"uv": [6.75, 1.625, 9, 3.75], "texture": "#texture"},
				"down": {"uv": [6.5, 1.625, 9, 4.5], "texture": "#texture"}
			}
		},
		{
			"name": "Element",
			"from": [3.875, 9, 7.875],
			"to": [6.25, 9.625, 8.25],
			"faces": {
				"north": {"uv": [7.125, 1.875, 9.5, 3.75], "texture": "#texture"},
				"east": {"uv": [7, 1.5, 9.375, 3.75], "texture": "#texture"},
				"south": {"uv": [7, 0.625, 9.25, 3.125], "texture": "#texture"},
				"west": {"uv": [7.25, 2.125, 9.25, 3.875], "texture": "#texture"},
				"up": {"uv": [6.75, 1.625, 9, 3.75], "texture": "#texture"},
				"down": {"uv": [6.5, 1.625, 9, 4.5], "texture": "#texture"}
			}
		},
		{
			"name": "Element",
			"from": [11, 9.25, 8],
			"to": [16, 11.5, 8.0625],
			"rotation": {"angle": 22.5, "axis": "z", "origin": [11, 11.5, 8]},
			"faces": {
				"north": {"uv": [15.25, 0.5, 10.75, 2], "texture": "#details_3"},
				"east": {"uv": [9.75, 8.5, 11.375, 9.375], "texture": "#details_3"},
				"south": {"uv": [10.75, 0.5, 15.25, 2], "texture": "#details_3"},
				"west": {"uv": [8.625, 8.375, 10.25, 9.375], "texture": "#details_3"},
				"up": {"uv": [7.625, 5.875, 9.25, 7.375], "texture": "#details_3"},
				"down": {"uv": [9, 7.625, 10.5, 9.625], "texture": "#details_3"}
			}
		},
		{
			"name": "Element",
			"from": [10.0625, -3.5, 8],
			"to": [12.1875, 3.75, 8.0625],
			"rotation": {"angle": 45, "axis": "z", "origin": [10.0625, 3.75, 8]},
			"faces": {
				"north": {"uv": [15.25, 2, 10.75, 0.5], "rotation": 270, "texture": "#details_3"},
				"east": {"uv": [9.75, 8.5, 11.375, 9.375], "texture": "#details_3"},
				"south": {"uv": [10.75, 2, 15.25, 0.5], "rotation": 90, "texture": "#details_3"},
				"west": {"uv": [8.625, 8.375, 10.25, 9.375], "texture": "#details_3"},
				"up": {"uv": [7.625, 5.875, 9.25, 7.375], "texture": "#details_3"},
				"down": {"uv": [9, 7.625, 10.5, 9.625], "texture": "#details_3"}
			}
		},
		{
			"name": "belly_top",
			"from": [5.66, 9.1, 8],
			"to": [6.66, 13.55, 11.625],
			"rotation": {"angle": -22.5, "axis": "z", "origin": [5.66, 13.55, 8]},
			"faces": {
				"north": {"uv": [8.25, 2.25, 9.25, 7.5], "texture": "#details_3"},
				"east": {"uv": [10.5, 0.125, 0.125, 8], "texture": "#details_3"},
				"south": {"uv": [7.25, 2.5, 8.25, 7.75], "texture": "#details_3"},
				"west": {"uv": [0.125, 0.125, 10.5, 8], "texture": "#details_3"},
				"up": {"uv": [10, 7.25, 11, 9.5], "texture": "#details_3"},
				"down": {"uv": [11.25, 10.5, 13.25, 13.25], "texture": "#details_3"}
			}
		},
		{
			"name": "Element",
			"from": [9.25, 9, 9],
			"to": [11.25, 12.5, 10.25],
			"rotation": {"angle": 22.5, "axis": "z", "origin": [9.25, 12.5, 9]},
			"faces": {
				"north": {"uv": [1.5, 7.25, 3.5, 9], "texture": "#texture"},
				"east": {"uv": [1.75, 6.25, 3.75, 8], "texture": "#texture"},
				"south": {"uv": [2.5, 6.5, 4.5, 8.5], "texture": "#texture"},
				"west": {"uv": [1.75, 7, 3.75, 8.5], "texture": "#texture"},
				"up": {"uv": [2, 7, 4.5, 9.25], "texture": "#texture"},
				"down": {"uv": [2.25, 6.75, 4.5, 9], "texture": "#texture"}
			}
		},
		{
			"name": "Element",
			"from": [9.4375, 9.375, 9.25],
			"to": [11.4375, 12.375, 10],
			"rotation": {"angle": 22.5, "axis": "z", "origin": [9.4375, 12.375, 9.25]},
			"faces": {
				"north": {"uv": [1.5, 7.25, 3.5, 9], "texture": "#texture"},
				"east": {"uv": [1.75, 6.25, 3.75, 8], "texture": "#texture"},
				"south": {"uv": [2.5, 6.5, 4.5, 8.5], "texture": "#texture"},
				"west": {"uv": [1.75, 7, 3.75, 8.5], "texture": "#texture"},
				"up": {"uv": [2, 7, 4.5, 9.25], "texture": "#texture"},
				"down": {"uv": [2.25, 6.75, 4.5, 9], "texture": "#texture"}
			}
		},
		{
			"name": "Element",
			"from": [9.25, 9, 5.75],
			"to": [11.25, 12.5, 7],
			"rotation": {"angle": 22.5, "axis": "z", "origin": [9.25, 12.5, 5.75]},
			"faces": {
				"north": {"uv": [1.5, 7.25, 3.5, 9], "texture": "#texture"},
				"east": {"uv": [1.75, 6.25, 3.75, 8], "texture": "#texture"},
				"south": {"uv": [2.5, 6.5, 4.5, 8.5], "texture": "#texture"},
				"west": {"uv": [1.75, 7, 3.75, 8.5], "texture": "#texture"},
				"up": {"uv": [2, 7, 4.5, 9.25], "texture": "#texture"},
				"down": {"uv": [2.25, 6.75, 4.5, 9], "texture": "#texture"}
			}
		},
		{
			"name": "Element",
			"from": [9.4375, 9.375, 6],
			"to": [11.4375, 12.375, 6.75],
			"rotation": {"angle": 22.5, "axis": "z", "origin": [9.4375, 12.375, 6]},
			"faces": {
				"north": {"uv": [1.5, 7.25, 3.5, 9], "texture": "#texture"},
				"east": {"uv": [1.75, 6.25, 3.75, 8], "texture": "#texture"},
				"south": {"uv": [2.5, 6.5, 4.5, 8.5], "texture": "#texture"},
				"west": {"uv": [1.75, 7, 3.75, 8.5], "texture": "#texture"},
				"up": {"uv": [2, 7, 4.5, 9.25], "texture": "#texture"},
				"down": {"uv": [2.25, 6.75, 4.5, 9], "texture": "#texture"}
			}
		},
		{
			"name": "Element",
			"from": [3.98, 5.75, 8],
			"to": [4.98, 9.5, 10.5],
			"faces": {
				"north": {"uv": [8.25, 2.25, 9.25, 7.5], "texture": "#details_3"},
				"east": {"uv": [6.625, 7.375, 0.125, 15.875], "texture": "#details_3"},
				"south": {"uv": [7.25, 2.5, 8.25, 7.75], "texture": "#details_3"},
				"west": {"uv": [0.125, 7.375, 6.625, 15.875], "texture": "#details_3"},
				"up": {"uv": [10, 7.25, 11, 9.5], "texture": "#details_3"},
				"down": {"uv": [11.25, 10.5, 13.25, 13.25], "texture": "#details_3"}
			}
		},
		{
			"name": "Element",
			"from": [3.98, 5.75, 5.5],
			"to": [4.98, 9.5, 8.125],
			"faces": {
				"north": {"uv": [8.25, 2.25, 9.25, 7.5], "texture": "#details_3"},
				"east": {"uv": [0.125, 7.375, 6.625, 15.875], "texture": "#details_3"},
				"south": {"uv": [7.25, 2.5, 8.25, 7.75], "texture": "#details_3"},
				"west": {"uv": [6.625, 7.375, 0.125, 15.875], "texture": "#details_3"},
				"up": {"uv": [10, 7.25, 11, 9.5], "texture": "#details_3"},
				"down": {"uv": [11.25, 10.5, 13.25, 13.25], "texture": "#details_3"}
			}
		},
		{
			"name": "belly_top",
			"from": [5.6675, 9.15, 4.625],
			"to": [6.6675, 13.6, 7.875],
			"rotation": {"angle": -22.5, "axis": "z", "origin": [5.6675, 13.6, 4.625]},
			"faces": {
				"north": {"uv": [8.25, 2.25, 9.25, 7.5], "texture": "#details_3"},
				"east": {"uv": [0.125, 0.125, 10.5, 8], "texture": "#details_3"},
				"south": {"uv": [7.25, 2.5, 8.25, 7.75], "texture": "#details_3"},
				"west": {"uv": [10.5, 0.125, 0.125, 8], "texture": "#details_3"},
				"up": {"uv": [10, 7.25, 11, 9.5], "texture": "#details_3"},
				"down": {"uv": [11.25, 10.5, 13.25, 13.25], "texture": "#details_3"}
			}
		},
		{
			"name": "Element",
			"from": [3.99, 5.75, 10.49],
			"to": [4.99, 9.5, 12.99],
			"rotation": {"angle": 45, "axis": "y", "origin": [3.99, 5.75, 10.49]},
			"faces": {
				"north": {"uv": [8.25, 2.25, 9.25, 7.5], "texture": "#details_3"},
				"east": {"uv": [10.375, 7.375, 6.625, 15.875], "texture": "#details_3"},
				"south": {"uv": [7.25, 2.5, 8.25, 7.75], "texture": "#details_3"},
				"west": {"uv": [6.625, 7.375, 10.375, 15.875], "texture": "#details_3"},
				"up": {"uv": [10, 7.25, 11, 9.5], "texture": "#details_3"},
				"down": {"uv": [11.25, 10.5, 13.25, 13.25], "texture": "#details_3"}
			}
		},
		{
			"name": "Element",
			"from": [5.765, 5.75, 3.735],
			"to": [6.765, 9.5, 6.235],
			"rotation": {"angle": -45, "axis": "y", "origin": [5.765, 5.75, 3.735]},
			"faces": {
				"north": {"uv": [8.25, 2.25, 9.25, 7.5], "texture": "#details_3"},
				"east": {"uv": [6.625, 7.375, 10.375, 15.875], "texture": "#details_3"},
				"south": {"uv": [7.25, 2.5, 8.25, 7.75], "texture": "#details_3"},
				"west": {"uv": [10.375, 7.375, 6.625, 15.875], "texture": "#details_3"},
				"up": {"uv": [10, 7.25, 11, 9.5], "texture": "#details_3"},
				"down": {"uv": [11.25, 10.5, 13.25, 13.25], "texture": "#details_3"}
			}
		},
		{
			"name": "eye*",
			"from": [5.485, 15.5, 6.5],
			"to": [6.485, 17, 8.125],
			"faces": {
				"north": {"uv": [10.25, 8.5, 12.25, 10], "texture": "#particle"},
				"east": {"uv": [11.25, 0.25, 0.5, 8.25], "texture": "#particle"},
				"south": {"uv": [10.25, 9.5, 12.25, 11], "texture": "#particle"},
				"west": {"uv": [11.25, 0.25, 0.5, 8.25], "texture": "#particle"},
				"up": {"uv": [9.75, 9.25, 11.75, 11], "texture": "#particle"},
				"down": {"uv": [8.25, 9.75, 10, 12], "texture": "#particle"}
			}
		},
		{
			"name": "eye*",
			"from": [5.835, 15.5, 6.15],
			"to": [6.835, 17, 6.65],
			"rotation": {"angle": -45, "axis": "y", "origin": [5.835, 15.5, 6.15]},
			"faces": {
				"north": {"uv": [9, 9.75, 11, 11.25], "texture": "#particle"},
				"east": {"uv": [11.25, 0.25, 14, 8.25], "texture": "#particle"},
				"south": {"uv": [8.5, 9.25, 10.5, 10.75], "texture": "#particle"},
				"west": {"uv": [14, 0.25, 11.25, 8.25], "texture": "#particle"},
				"up": {"uv": [7, 9.75, 9, 11.5], "texture": "#particle"},
				"down": {"uv": [10.25, 8.75, 12, 11], "texture": "#particle"}
			}
		},
		{
			"name": "base_bottom*",
			"from": [5.75, 4.37, 13.675],
			"to": [10.25, 9.87, 13.925],
			"rotation": {"angle": -22.5, "axis": "x", "origin": [5.75, 9.87, 13.675]},
			"faces": {
				"north": {"uv": [1.5, 1.5, 4, 4], "texture": "#texture"},
				"east": {"uv": [2, 1, 4.5, 3.5], "texture": "#texture"},
				"south": {"uv": [1.5, 1, 4, 3.5], "texture": "#texture"},
				"west": {"uv": [1.5, 1.5, 4.5, 4], "texture": "#texture"},
				"up": {"uv": [1, 2, 4, 4.5], "texture": "#texture"},
				"down": {"uv": [1.5, 1, 3.5, 3], "texture": "#texture"}
			}
		},
		{
			"name": "base_bottom*",
			"from": [4.5, 9.75, 1.5],
			"to": [11.25, 14.25, 1.75],
			"rotation": {"angle": -45, "axis": "y", "origin": [4.5, 9.75, 1.5]},
			"faces": {
				"north": {"uv": [1.5, 1.5, 4, 4], "texture": "#texture"},
				"east": {"uv": [2, 1, 4.5, 3.5], "texture": "#texture"},
				"south": {"uv": [1.5, 1, 4, 3.5], "texture": "#texture"},
				"west": {"uv": [1.5, 1.5, 4.5, 4], "texture": "#texture"},
				"up": {"uv": [1, 2, 4, 4.5], "texture": "#texture"},
				"down": {"uv": [1.5, 1, 3.5, 3], "texture": "#texture"}
			}
		},
		{
			"name": "base_bottom*",
			"from": [0.5625, 9.75, -0.125],
			"to": [4.8125, 14.25, 0.125],
			"rotation": {"angle": -22.5, "axis": "y", "origin": [0.5625, 9.75, -0.125]},
			"faces": {
				"north": {"uv": [1.5, 1.5, 4, 4], "texture": "#texture"},
				"east": {"uv": [2, 1, 4.5, 3.5], "texture": "#texture"},
				"south": {"uv": [1.5, 1, 4, 3.5], "texture": "#texture"},
				"west": {"uv": [1.5, 1.5, 4.5, 4], "texture": "#texture"},
				"up": {"uv": [1, 2, 4, 4.5], "texture": "#texture"},
				"down": {"uv": [1.5, 1, 3.5, 3], "texture": "#texture"}
			}
		},
		{
			"name": "base_bottom*",
			"from": [5.25, 4.12, 13.55],
			"to": [5.75, 9.87, 14.05],
			"rotation": {"angle": -22.5, "axis": "x", "origin": [5.25, 9.87, 13.55]},
			"faces": {
				"north": {"uv": [7.75, 1.5, 9.5, 3.75], "texture": "#texture"},
				"east": {"uv": [7, 1.5, 9.5, 3.5], "texture": "#texture"},
				"south": {"uv": [7.25, 1, 9.25, 3.25], "texture": "#texture"},
				"west": {"uv": [7.25, 1.25, 9.5, 2.75], "texture": "#texture"},
				"up": {"uv": [7.25, 1.75, 10, 4], "texture": "#texture"},
				"down": {"uv": [7.75, 2, 9.75, 4], "texture": "#texture"}
			}
		},
		{
			"name": "base_bottom*",
			"from": [10.25, 4.12, 13.55],
			"to": [10.75, 9.87, 14.05],
			"rotation": {"angle": -22.5, "axis": "x", "origin": [10.25, 9.87, 13.55]},
			"faces": {
				"north": {"uv": [7.75, 1.5, 9.5, 3.75], "texture": "#texture"},
				"east": {"uv": [7, 1.5, 9.5, 3.5], "texture": "#texture"},
				"south": {"uv": [7.25, 1, 9.25, 3.25], "texture": "#texture"},
				"west": {"uv": [7.25, 1.25, 9.5, 2.75], "texture": "#texture"},
				"up": {"uv": [7.25, 1.75, 10, 4], "texture": "#texture"},
				"down": {"uv": [7.75, 2, 9.75, 4], "texture": "#texture"}
			}
		},
		{
			"name": "base_bottom*",
			"from": [10.25, 9.2325, 12.6125],
			"to": [10.75, 10.7325, 13.1125],
			"rotation": {"angle": -45, "axis": "x", "origin": [10.25, 10.7325, 12.6125]},
			"faces": {
				"north": {"uv": [7.75, 1.5, 9.5, 3.75], "texture": "#texture"},
				"east": {"uv": [7, 1.5, 9.5, 3.5], "texture": "#texture"},
				"south": {"uv": [7.25, 1, 9.25, 3.25], "texture": "#texture"},
				"west": {"uv": [7.25, 1.25, 9.5, 2.75], "texture": "#texture"},
				"up": {"uv": [7.25, 1.75, 10, 4], "texture": "#texture"},
				"down": {"uv": [7.75, 2, 9.75, 4], "texture": "#texture"}
			}
		},
		{
			"name": "Element",
			"from": [3.25, 10.8075, 12.8],
			"to": [5.25, 10.87, 14.8],
			"rotation": {"angle": 45, "axis": "x", "origin": [3.25, 10.87, 12.8]},
			"faces": {
				"north": {"uv": [10.25, 10, 12.25, 10.5], "texture": "#particle"},
				"east": {"uv": [10, 11, 12, 11.5], "texture": "#particle"},
				"south": {"uv": [9.25, 9.75, 11.25, 10.25], "texture": "#particle"},
				"west": {"uv": [10, 10.25, 12, 10.75], "texture": "#particle"},
				"up": {"uv": [0.25, 8.5, 7.75, 15.75], "rotation": 270, "texture": "#particle"},
				"down": {"uv": [0.25, 8.5, 7.75, 15.75], "rotation": 270, "texture": "#particle"}
			}
		},
		{
			"name": "Element",
			"from": [10.75, 10.8075, 12.7375],
			"to": [12.75, 10.87, 14.7375],
			"rotation": {"angle": 45, "axis": "x", "origin": [10.75, 10.87, 12.7375]},
			"faces": {
				"north": {"uv": [10.25, 10, 12.25, 10.5], "texture": "#particle"},
				"east": {"uv": [10, 11, 12, 11.5], "texture": "#particle"},
				"south": {"uv": [9.25, 9.75, 11.25, 10.25], "texture": "#particle"},
				"west": {"uv": [10, 10.25, 12, 10.75], "texture": "#particle"},
				"up": {"uv": [0.25, 8.5, 7.75, 15.75], "rotation": 90, "texture": "#particle"},
				"down": {"uv": [0.25, 8.5, 7.75, 15.75], "rotation": 90, "texture": "#particle"}
			}
		},
		{
			"name": "base_bottom*",
			"from": [5.25, 9.2325, 12.6125],
			"to": [5.75, 10.7325, 13.1125],
			"rotation": {"angle": -45, "axis": "x", "origin": [5.25, 10.7325, 12.6125]},
			"faces": {
				"north": {"uv": [7.75, 1.5, 9.5, 3.75], "texture": "#texture"},
				"east": {"uv": [7, 1.5, 9.5, 3.5], "texture": "#texture"},
				"south": {"uv": [7.25, 1, 9.25, 3.25], "texture": "#texture"},
				"west": {"uv": [7.25, 1.25, 9.5, 2.75], "texture": "#texture"},
				"up": {"uv": [7.25, 1.75, 10, 4], "texture": "#texture"},
				"down": {"uv": [7.75, 2, 9.75, 4], "texture": "#texture"}
			}
		},
		{
			"name": "base_bottom*",
			"from": [5.75, 8.25, 10],
			"to": [10.25, 13.5, 10.25],
			"rotation": {"angle": -45, "axis": "x", "origin": [5.75, 13.5, 10]},
			"faces": {
				"north": {"uv": [1.5, 1.5, 4, 4], "texture": "#texture"},
				"east": {"uv": [2, 1, 4.5, 3.5], "texture": "#texture"},
				"south": {"uv": [1.5, 1, 4, 3.5], "texture": "#texture"},
				"west": {"uv": [1.5, 1.5, 4.5, 4], "texture": "#texture"},
				"up": {"uv": [1, 2, 4, 4.5], "texture": "#texture"},
				"down": {"uv": [1.5, 1, 3.5, 3], "texture": "#texture"}
			}
		},
		{
			"name": "base_bottom*",
			"from": [5.25, 1.75, 15.75],
			"to": [10.75, 5.25, 15.8125],
			"rotation": {"angle": -22.5, "axis": "x", "origin": [5.25, 5.25, 15.75]},
			"faces": {
				"north": {"uv": [0, 5.375, 5.375, 10.5], "texture": "#details"},
				"east": {"uv": [6.625, 1.125, 8.125, 3], "texture": "#details"},
				"south": {"uv": [0.125, 5, 5.375, 10.5], "texture": "#details"},
				"west": {"uv": [7.125, 1.125, 8.25, 2.875], "texture": "#details"},
				"up": {"uv": [6.75, 1.125, 7.75, 2.75], "texture": "#details"},
				"down": {"uv": [6.625, 0.875, 8, 2.5], "texture": "#details"}
			}
		},
		{
			"name": "Element",
			"from": [4.98, 14.25, 7.625],
			"to": [5.23, 15.5, 8.375],
			"rotation": {"angle": 45, "axis": "z", "origin": [4.98, 15.5, 7.625]},
			"faces": {
				"north": {"uv": [7.25, 12.375, 9, 13.75], "texture": "#texture"},
				"east": {"uv": [4.25, 13.125, 6.375, 14.25], "texture": "#texture"},
				"south": {"uv": [5, 11.625, 7.125, 12.875], "texture": "#texture"},
				"west": {"uv": [7.75, 12.25, 9.25, 13.75], "texture": "#texture"},
				"up": {"uv": [8.5, 7.5, 15.5, 10], "rotation": 90, "texture": "#texture"},
				"down": {"uv": [5.25, 13.125, 7, 14.375], "texture": "#texture"}
			}
		},
		{
			"name": "base_bottom*",
			"from": [0.525, 14.15, -0.225],
			"to": [4.9, 14.65, 0.275],
			"rotation": {"angle": -22.5, "axis": "y", "origin": [0.525, 14.15, -0.225]},
			"faces": {
				"north": {"uv": [7.75, 1.5, 9.5, 3.75], "texture": "#texture"},
				"east": {"uv": [7, 1.5, 9.5, 3.5], "texture": "#texture"},
				"south": {"uv": [7.25, 1, 9.25, 3.25], "texture": "#texture"},
				"west": {"uv": [7.25, 1.25, 9.5, 2.75], "texture": "#texture"},
				"up": {"uv": [7.25, 1.75, 10, 4], "texture": "#texture"},
				"down": {"uv": [7.75, 2, 9.75, 4], "texture": "#texture"}
			}
		},
		{
			"name": "base_bottom*",
			"from": [4.565, 14.15, 1.46],
			"to": [6.44, 14.65, 1.96],
			"rotation": {"angle": -45, "axis": "y", "origin": [4.565, 14.15, 1.46]},
			"faces": {
				"north": {"uv": [7.75, 1.5, 9.5, 3.75], "texture": "#texture"},
				"east": {"uv": [7, 1.5, 9.5, 3.5], "texture": "#texture"},
				"south": {"uv": [7.25, 1, 9.25, 3.25], "texture": "#texture"},
				"west": {"uv": [7.25, 1.25, 9.5, 2.75], "texture": "#texture"},
				"up": {"uv": [7.25, 1.75, 10, 4], "texture": "#texture"},
				"down": {"uv": [7.75, 2, 9.75, 4], "texture": "#texture"}
			}
		},
		{
			"name": "base_bottom*",
			"from": [0.525, 9.35, -0.225],
			"to": [4.9, 9.85, 0.275],
			"rotation": {"angle": -22.5, "axis": "y", "origin": [0.525, 9.35, -0.225]},
			"faces": {
				"north": {"uv": [7.75, 1.5, 9.5, 3.75], "texture": "#texture"},
				"east": {"uv": [7, 1.5, 9.5, 3.5], "texture": "#texture"},
				"south": {"uv": [7.25, 1, 9.25, 3.25], "texture": "#texture"},
				"west": {"uv": [7.25, 1.25, 9.5, 2.75], "texture": "#texture"},
				"up": {"uv": [7.25, 1.75, 10, 4], "texture": "#texture"},
				"down": {"uv": [7.75, 2, 9.75, 4], "texture": "#texture"}
			}
		},
		{
			"name": "base_bottom*",
			"from": [4.565, 9.35, 1.46],
			"to": [6.44, 9.85, 1.96],
			"rotation": {"angle": -45, "axis": "y", "origin": [4.565, 9.35, 1.46]},
			"faces": {
				"north": {"uv": [7.75, 1.5, 9.5, 3.75], "texture": "#texture"},
				"east": {"uv": [7, 1.5, 9.5, 3.5], "texture": "#texture"},
				"south": {"uv": [7.25, 1, 9.25, 3.25], "texture": "#texture"},
				"west": {"uv": [7.25, 1.25, 9.5, 2.75], "texture": "#texture"},
				"up": {"uv": [7.25, 1.75, 10, 4], "texture": "#texture"},
				"down": {"uv": [7.75, 2, 9.75, 4], "texture": "#texture"}
			}
		},
		{
			"name": "Element",
			"from": [3, 14.5, 1],
			"to": [5.25, 16.75, 1.0625],
			"rotation": {"angle": -22.5, "axis": "y", "origin": [3, 14.5, 1]},
			"faces": {
				"north": {"uv": [0.25, 8.5, 7.75, 15.75], "texture": "#particle"},
				"east": {"uv": [9, 7.75, 9.5, 9.75], "texture": "#particle"},
				"south": {"uv": [0.25, 8.5, 7.75, 15.75], "texture": "#particle"},
				"west": {"uv": [12, 10, 12.5, 12], "texture": "#particle"},
				"up": {"uv": [9, 10.25, 11, 10.75], "texture": "#particle"},
				"down": {"uv": [8.25, 10, 10.25, 10.5], "texture": "#particle"}
			}
		},
		{
			"name": "Element",
			"from": [3, 7.25, 1],
			"to": [5.25, 9.5, 1.0625],
			"rotation": {"angle": -22.5, "axis": "y", "origin": [3, 7.25, 1]},
			"faces": {
				"north": {"uv": [0.25, 8.5, 7.75, 15.75], "rotation": 180, "texture": "#particle"},
				"east": {"uv": [9, 7.75, 9.5, 9.75], "texture": "#particle"},
				"south": {"uv": [0.25, 8.5, 7.75, 15.75], "rotation": 180, "texture": "#particle"},
				"west": {"uv": [12, 10, 12.5, 12], "texture": "#particle"},
				"up": {"uv": [9, 10.25, 11, 10.75], "texture": "#particle"},
				"down": {"uv": [8.25, 10, 10.25, 10.5], "texture": "#particle"}
			}
		},
		{
			"name": "Element",
			"from": [-2.5, 9.5, -1.25],
			"to": [1.75, 14.5, -1.1875],
			"rotation": {"angle": -22.5, "axis": "y", "origin": [-2.5, 9.5, -1.25]},
			"faces": {
				"north": {"uv": [0.125, 5, 5.375, 10.5], "rotation": 270, "texture": "#details"},
				"east": {"uv": [7.375, 1.625, 8.375, 2.75], "texture": "#details"},
				"south": {"uv": [0.125, 5, 5.375, 10.5], "rotation": 90, "texture": "#details"},
				"west": {"uv": [6.375, 1.75, 7.75, 3.125], "texture": "#details"},
				"up": {"uv": [7.125, 1.75, 8.75, 3.25], "texture": "#details"},
				"down": {"uv": [6.375, 2.375, 7.75, 3.125], "texture": "#details"}
			}
		},
		{
			"name": "nail",
			"from": [1, 12.875, 0.25],
			"to": [1.5, 13.375, 0.75],
			"rotation": {"angle": -22.5, "axis": "y", "origin": [1, 12.875, 0.25]},
			"faces": {
				"north": {"uv": [1.5, 7.25, 3.5, 9], "texture": "#texture"},
				"east": {"uv": [1.75, 6.25, 3.75, 8], "texture": "#texture"},
				"south": {"uv": [2.5, 6.5, 4.5, 8.5], "texture": "#texture"},
				"west": {"uv": [1.75, 7, 3.75, 8.5], "texture": "#texture"},
				"up": {"uv": [2, 7, 4.5, 9.25], "texture": "#texture"},
				"down": {"uv": [2.25, 6.75, 4.5, 9], "texture": "#texture"}
			}
		},
		{
			"name": "nail",
			"from": [1, 13, 0.5],
			"to": [1.25, 13.25, 1.125],
			"rotation": {"angle": -22.5, "axis": "y", "origin": [1, 13, 0.5]},
			"faces": {
				"north": {"uv": [1.5, 7.25, 3.5, 9], "texture": "#texture"},
				"east": {"uv": [1.75, 6.25, 3.75, 8], "texture": "#texture"},
				"south": {"uv": [2.5, 6.5, 4.5, 8.5], "texture": "#texture"},
				"west": {"uv": [1.75, 7, 3.75, 8.5], "texture": "#texture"},
				"up": {"uv": [2, 7, 4.5, 9.25], "texture": "#texture"},
				"down": {"uv": [2.25, 6.75, 4.5, 9], "texture": "#texture"}
			}
		},
		{
			"name": "nail*",
			"from": [1, 10.75, 0.25],
			"to": [1.5, 11.25, 0.75],
			"rotation": {"angle": -22.5, "axis": "y", "origin": [1, 10.75, 0.25]},
			"faces": {
				"north": {"uv": [1.5, 7.25, 3.5, 9], "texture": "#texture"},
				"east": {"uv": [1.75, 6.25, 3.75, 8], "texture": "#texture"},
				"south": {"uv": [2.5, 6.5, 4.5, 8.5], "texture": "#texture"},
				"west": {"uv": [1.75, 7, 3.75, 8.5], "texture": "#texture"},
				"up": {"uv": [2, 7, 4.5, 9.25], "texture": "#texture"},
				"down": {"uv": [2.25, 6.75, 4.5, 9], "texture": "#texture"}
			}
		},
		{
			"name": "nail*",
			"from": [1, 10.875, 0.5],
			"to": [1.25, 11.125, 1.125],
			"rotation": {"angle": -22.5, "axis": "y", "origin": [1, 10.875, 0.5]},
			"faces": {
				"north": {"uv": [1.5, 7.25, 3.5, 9], "texture": "#texture"},
				"east": {"uv": [1.75, 6.25, 3.75, 8], "texture": "#texture"},
				"south": {"uv": [2.5, 6.5, 4.5, 8.5], "texture": "#texture"},
				"west": {"uv": [1.75, 7, 3.75, 8.5], "texture": "#texture"},
				"up": {"uv": [2, 7, 4.5, 9.25], "texture": "#texture"},
				"down": {"uv": [2.25, 6.75, 4.5, 9], "texture": "#texture"}
			}
		},
		{
			"name": "nail*",
			"from": [2.5, 11.875, 0.75],
			"to": [3, 12.375, 1.25],
			"rotation": {"angle": -22.5, "axis": "y", "origin": [2.5, 11.875, 0.75]},
			"faces": {
				"north": {"uv": [1.5, 7.25, 3.5, 9], "texture": "#texture"},
				"east": {"uv": [1.75, 6.25, 3.75, 8], "texture": "#texture"},
				"south": {"uv": [2.5, 6.5, 4.5, 8.5], "texture": "#texture"},
				"west": {"uv": [1.75, 7, 3.75, 8.5], "texture": "#texture"},
				"up": {"uv": [2, 7, 4.5, 9.25], "texture": "#texture"},
				"down": {"uv": [2.25, 6.75, 4.5, 9], "texture": "#texture"}
			}
		},
		{
			"name": "nail*",
			"from": [2.5, 12, 1],
			"to": [2.75, 12.25, 1.625],
			"rotation": {"angle": -22.5, "axis": "y", "origin": [2.5, 12, 1]},
			"faces": {
				"north": {"uv": [1.5, 7.25, 3.5, 9], "texture": "#texture"},
				"east": {"uv": [1.75, 6.25, 3.75, 8], "texture": "#texture"},
				"south": {"uv": [2.5, 6.5, 4.5, 8.5], "texture": "#texture"},
				"west": {"uv": [1.75, 7, 3.75, 8.5], "texture": "#texture"},
				"up": {"uv": [2, 7, 4.5, 9.25], "texture": "#texture"},
				"down": {"uv": [2.25, 6.75, 4.5, 9], "texture": "#texture"}
			}
		},
		{
			"name": "nail*",
			"from": [6.75, 5, 15],
			"to": [7.25, 5.5, 15.5],
			"rotation": {"angle": -22.5, "axis": "x", "origin": [6.75, 5.5, 15]},
			"faces": {
				"north": {"uv": [1.5, 7.25, 3.5, 9], "texture": "#texture"},
				"east": {"uv": [1.75, 6.25, 3.75, 8], "texture": "#texture"},
				"south": {"uv": [2.5, 6.5, 4.5, 8.5], "texture": "#texture"},
				"west": {"uv": [1.75, 7, 3.75, 8.5], "texture": "#texture"},
				"up": {"uv": [2, 7, 4.5, 9.25], "texture": "#texture"},
				"down": {"uv": [2.25, 6.75, 4.5, 9], "texture": "#texture"}
			}
		},
		{
			"name": "nail*",
			"from": [6.875, 5, 14.75],
			"to": [7.125, 5.25, 15.375],
			"rotation": {"angle": -22.5, "axis": "x", "origin": [6.875, 5.25, 14.75]},
			"faces": {
				"north": {"uv": [1.5, 7.25, 3.5, 9], "texture": "#texture"},
				"east": {"uv": [1.75, 6.25, 3.75, 8], "texture": "#texture"},
				"south": {"uv": [2.5, 6.5, 4.5, 8.5], "texture": "#texture"},
				"west": {"uv": [1.75, 7, 3.75, 8.5], "texture": "#texture"},
				"up": {"uv": [2, 7, 4.5, 9.25], "texture": "#texture"},
				"down": {"uv": [2.25, 6.75, 4.5, 9], "texture": "#texture"}
			}
		},
		{
			"name": "nail*",
			"from": [8.75, 5, 15],
			"to": [9.25, 5.5, 15.5],
			"rotation": {"angle": -22.5, "axis": "x", "origin": [8.75, 5.5, 15]},
			"faces": {
				"north": {"uv": [1.5, 7.25, 3.5, 9], "texture": "#texture"},
				"east": {"uv": [1.75, 6.25, 3.75, 8], "texture": "#texture"},
				"south": {"uv": [2.5, 6.5, 4.5, 8.5], "texture": "#texture"},
				"west": {"uv": [1.75, 7, 3.75, 8.5], "texture": "#texture"},
				"up": {"uv": [2, 7, 4.5, 9.25], "texture": "#texture"},
				"down": {"uv": [2.25, 6.75, 4.5, 9], "texture": "#texture"}
			}
		},
		{
			"name": "nail*",
			"from": [8.875, 5, 14.75],
			"to": [9.125, 5.25, 15.375],
			"rotation": {"angle": -22.5, "axis": "x", "origin": [8.875, 5.25, 14.75]},
			"faces": {
				"north": {"uv": [1.5, 7.25, 3.5, 9], "texture": "#texture"},
				"east": {"uv": [1.75, 6.25, 3.75, 8], "texture": "#texture"},
				"south": {"uv": [2.5, 6.5, 4.5, 8.5], "texture": "#texture"},
				"west": {"uv": [1.75, 7, 3.75, 8.5], "texture": "#texture"},
				"up": {"uv": [2, 7, 4.5, 9.25], "texture": "#texture"},
				"down": {"uv": [2.25, 6.75, 4.5, 9], "texture": "#texture"}
			}
		},
		{
			"name": "nail*",
			"from": [7.75, 6.75, 14.25],
			"to": [8.25, 7.25, 14.75],
			"rotation": {"angle": -22.5, "axis": "x", "origin": [7.75, 7.25, 14.25]},
			"faces": {
				"north": {"uv": [1.5, 7.25, 3.5, 9], "texture": "#texture"},
				"east": {"uv": [1.75, 6.25, 3.75, 8], "texture": "#texture"},
				"south": {"uv": [2.5, 6.5, 4.5, 8.5], "texture": "#texture"},
				"west": {"uv": [1.75, 7, 3.75, 8.5], "texture": "#texture"},
				"up": {"uv": [2, 7, 4.5, 9.25], "texture": "#texture"},
				"down": {"uv": [2.25, 6.75, 4.5, 9], "texture": "#texture"}
			}
		},
		{
			"name": "nail*",
			"from": [7.875, 6.75, 14],
			"to": [8.125, 7, 14.625],
			"rotation": {"angle": -22.5, "axis": "x", "origin": [7.875, 7, 14]},
			"faces": {
				"north": {"uv": [1.5, 7.25, 3.5, 9], "texture": "#texture"},
				"east": {"uv": [1.75, 6.25, 3.75, 8], "texture": "#texture"},
				"south": {"uv": [2.5, 6.5, 4.5, 8.5], "texture": "#texture"},
				"west": {"uv": [1.75, 7, 3.75, 8.5], "texture": "#texture"},
				"up": {"uv": [2, 7, 4.5, 9.25], "texture": "#texture"},
				"down": {"uv": [2.25, 6.75, 4.5, 9], "texture": "#texture"}
			}
		},
		{
			"name": "foot",
			"from": [6.75, -1.25, 10],
			"to": [9.25, -0.5, 11.5],
			"faces": {
				"north": {"uv": [1.5, 7.25, 3.5, 9], "texture": "#texture"},
				"east": {"uv": [1.75, 6.25, 3.75, 8], "texture": "#texture"},
				"south": {"uv": [2.5, 6.5, 4.5, 8.5], "texture": "#texture"},
				"west": {"uv": [1.75, 7, 3.75, 8.5], "texture": "#texture"},
				"up": {"uv": [2, 7, 4.5, 9.25], "texture": "#texture"},
				"down": {"uv": [2.25, 6.75, 4.5, 9], "texture": "#texture"}
			}
		},
		{
			"name": "base_bottom*",
			"from": [6.75, -0.5, 10],
			"to": [9.25, 2, 11.5],
			"faces": {
				"north": {"uv": [1.5, 1.5, 4, 4], "texture": "#texture"},
				"east": {"uv": [2, 1, 4.5, 3.5], "texture": "#texture"},
				"south": {"uv": [1.5, 1, 4, 3.5], "texture": "#texture"},
				"west": {"uv": [1.5, 1.5, 4.5, 4], "texture": "#texture"},
				"up": {"uv": [1, 2, 4, 4.5], "texture": "#texture"},
				"down": {"uv": [1.5, 1, 3.5, 3], "texture": "#texture"}
			}
		},
		{
			"name": "foot",
			"from": [5.875, -1.0625, 10],
			"to": [7.375, -1, 11.5],
			"rotation": {"angle": 45, "axis": "z", "origin": [5.875, -1, 10]},
			"faces": {
				"north": {"uv": [6.375, 2.375, 8.125, 3.875], "texture": "#details"},
				"east": {"uv": [6.375, 0.875, 8, 2.25], "texture": "#details"},
				"south": {"uv": [6.5, 1.625, 8.25, 3], "texture": "#details"},
				"west": {"uv": [6.75, 2.5, 8, 4.125], "texture": "#details"},
				"up": {"uv": [5.75, 11.125, 0.125, 15.625], "rotation": 270, "texture": "#details"},
				"down": {"uv": [0.125, 11.125, 5.75, 15.625], "rotation": 270, "texture": "#details"}
			}
		},
		{
			"name": "foot",
			"from": [9.125, -0.0625, 10],
			"to": [10.625, 0, 11.5],
			"rotation": {"angle": -45, "axis": "z", "origin": [9.125, 0, 10]},
			"faces": {
				"north": {"uv": [6.375, 2.375, 8.125, 3.875], "texture": "#details"},
				"east": {"uv": [6.375, 0.875, 8, 2.25], "texture": "#details"},
				"south": {"uv": [6.5, 1.625, 8.25, 3], "texture": "#details"},
				"west": {"uv": [6.75, 2.5, 8, 4.125], "texture": "#details"},
				"up": {"uv": [5.75, 11.125, 0.125, 15.625], "rotation": 90, "texture": "#details"},
				"down": {"uv": [0.125, 11.125, 5.75, 15.625], "rotation": 90, "texture": "#details"}
			}
		},
		{
			"name": "foot",
			"from": [6.75, -0.0625, 11.375],
			"to": [9.25, 0, 12.875],
			"rotation": {"angle": 45, "axis": "x", "origin": [6.75, 0, 11.375]},
			"faces": {
				"north": {"uv": [6.375, 2.375, 8.125, 3.875], "texture": "#details"},
				"east": {"uv": [6.375, 0.875, 8, 2.25], "texture": "#details"},
				"south": {"uv": [6.5, 1.625, 8.25, 3], "texture": "#details"},
				"west": {"uv": [6.75, 2.5, 8, 4.125], "texture": "#details"},
				"up": {"uv": [5.75, 11.125, 0.125, 15.625], "rotation": 180, "texture": "#details"},
				"down": {"uv": [0.125, 11.125, 5.75, 15.625], "texture": "#details"}
			}
		},
		{
			"name": "foot",
			"from": [6.75, -1.0625, 9.125],
			"to": [9.25, -1, 10.625],
			"rotation": {"angle": -45, "axis": "x", "origin": [6.75, -1, 9.125]},
			"faces": {
				"north": {"uv": [6.375, 2.375, 8.125, 3.875], "texture": "#details"},
				"east": {"uv": [6.375, 0.875, 8, 2.25], "texture": "#details"},
				"south": {"uv": [6.5, 1.625, 8.25, 3], "texture": "#details"},
				"west": {"uv": [6.75, 2.5, 8, 4.125], "texture": "#details"},
				"up": {"uv": [5.75, 11.125, 0.125, 15.625], "texture": "#details"},
				"down": {"uv": [0.125, 11.125, 5.75, 15.625], "rotation": 180, "texture": "#details"}
			}
		},
		{
			"name": "foot",
			"from": [6.375, -1.625, 9.75],
			"to": [8, -1.25, 11.625],
			"faces": {
				"north": {"uv": [1.5, 7.25, 3.5, 9], "texture": "#texture"},
				"east": {"uv": [1.75, 6.25, 3.75, 8], "texture": "#texture"},
				"south": {"uv": [2.5, 6.5, 4.5, 8.5], "texture": "#texture"},
				"west": {"uv": [1.75, 7, 3.75, 8.5], "texture": "#texture"},
				"up": {"uv": [2, 7, 4.5, 9.25], "texture": "#texture"},
				"down": {"uv": [2.25, 6.75, 4.5, 9], "texture": "#texture"}
			}
		},
		{
			"name": "foot",
			"from": [8, -1.625, 10],
			"to": [10.125, -1.25, 11.5],
			"faces": {
				"north": {"uv": [1.5, 7.25, 3.5, 9], "texture": "#texture"},
				"east": {"uv": [1.75, 6.25, 3.75, 8], "texture": "#texture"},
				"south": {"uv": [2.5, 6.5, 4.5, 8.5], "texture": "#texture"},
				"west": {"uv": [1.75, 7, 3.75, 8.5], "texture": "#texture"},
				"up": {"uv": [2, 7, 4.5, 9.25], "texture": "#texture"},
				"down": {"uv": [2.25, 6.75, 4.5, 9], "texture": "#texture"}
			}
		},
		{
			"name": "foot",
			"from": [8.97, -1.145, 10],
			"to": [10.22, -0.77, 11.5],
			"rotation": {"angle": -22.5, "axis": "z", "origin": [8.97, -0.77, 10]},
			"faces": {
				"north": {"uv": [1.5, 7.25, 3.5, 9], "texture": "#texture"},
				"east": {"uv": [1.75, 6.25, 3.75, 8], "texture": "#texture"},
				"south": {"uv": [2.5, 6.5, 4.5, 8.5], "texture": "#texture"},
				"west": {"uv": [1.75, 7, 3.75, 8.5], "texture": "#texture"},
				"up": {"uv": [2, 7, 4.5, 9.25], "texture": "#texture"},
				"down": {"uv": [2.25, 6.75, 4.5, 9], "texture": "#texture"}
			}
		},
		{
			"name": "foot",
			"from": [5.875, -1.625, 10],
			"to": [6.375, -1.25, 11.375],
			"faces": {
				"north": {"uv": [1.5, 7.25, 3.5, 9], "texture": "#texture"},
				"east": {"uv": [1.75, 6.25, 3.75, 8], "texture": "#texture"},
				"south": {"uv": [2.5, 6.5, 4.5, 8.5], "texture": "#texture"},
				"west": {"uv": [1.75, 7, 3.75, 8.5], "texture": "#texture"},
				"up": {"uv": [2, 7, 4.5, 9.25], "texture": "#texture"},
				"down": {"uv": [2.25, 6.75, 4.5, 9], "texture": "#texture"}
			}
		},
		{
			"name": "foot",
			"from": [5.375, -1.625, 9.5],
			"to": [5.875, -1.25, 11.875],
			"faces": {
				"north": {"uv": [1.5, 7.25, 3.5, 9], "texture": "#texture"},
				"east": {"uv": [1.75, 6.25, 3.75, 8], "texture": "#texture"},
				"south": {"uv": [2.5, 6.5, 4.5, 8.5], "texture": "#texture"},
				"west": {"uv": [1.75, 7, 3.75, 8.5], "texture": "#texture"},
				"up": {"uv": [2, 7, 4.5, 9.25], "texture": "#texture"},
				"down": {"uv": [2.25, 6.75, 4.5, 9], "texture": "#texture"}
			}
		},
		{
			"name": "foot",
			"from": [5.875, -1.625, 9.5],
			"to": [8.375, -1.25, 10],
			"rotation": {"angle": -22.5, "axis": "y", "origin": [5.875, -1.625, 9.5]},
			"faces": {
				"north": {"uv": [1.5, 7.25, 3.5, 9], "texture": "#texture"},
				"east": {"uv": [1.75, 6.25, 3.75, 8], "texture": "#texture"},
				"south": {"uv": [2.5, 6.5, 4.5, 8.5], "texture": "#texture"},
				"west": {"uv": [1.75, 7, 3.75, 8.5], "texture": "#texture"},
				"up": {"uv": [2, 7, 4.5, 9.25], "texture": "#texture"},
				"down": {"uv": [2.25, 6.75, 4.5, 9], "texture": "#texture"}
			}
		},
		{
			"name": "foot",
			"from": [5.685, -1.625, 11.4175],
			"to": [8.185, -1.25, 11.9175],
			"rotation": {"angle": 22.5, "axis": "y", "origin": [5.685, -1.625, 11.4175]},
			"faces": {
				"north": {"uv": [1.5, 7.25, 3.5, 9], "texture": "#texture"},
				"east": {"uv": [1.75, 6.25, 3.75, 8], "texture": "#texture"},
				"south": {"uv": [2.5, 6.5, 4.5, 8.5], "texture": "#texture"},
				"west": {"uv": [1.75, 7, 3.75, 8.5], "texture": "#texture"},
				"up": {"uv": [2, 7, 4.5, 9.25], "texture": "#texture"},
				"down": {"uv": [2.25, 6.75, 4.5, 9], "texture": "#texture"}
			}
		},
		{
			"name": "foot",
			"from": [8, -1.625, 9.75],
			"to": [9.375, -1.25, 10.125],
			"rotation": {"angle": -22.5, "axis": "y", "origin": [8, -1.625, 9.75]},
			"faces": {
				"north": {"uv": [1.5, 7.25, 3.5, 9], "texture": "#texture"},
				"east": {"uv": [1.75, 6.25, 3.75, 8], "texture": "#texture"},
				"south": {"uv": [2.5, 6.5, 4.5, 8.5], "texture": "#texture"},
				"west": {"uv": [1.75, 7, 3.75, 8.5], "texture": "#texture"},
				"up": {"uv": [2, 7, 4.5, 9.25], "texture": "#texture"},
				"down": {"uv": [2.25, 6.75, 4.5, 9], "texture": "#texture"}
			}
		},
		{
			"name": "foot",
			"from": [8, -1.625, 9.75],
			"to": [9.375, -1.25, 10.125],
			"rotation": {"angle": -22.5, "axis": "y", "origin": [8, -1.625, 9.75]},
			"faces": {
				"north": {"uv": [1.5, 7.25, 3.5, 9], "texture": "#texture"},
				"east": {"uv": [1.75, 6.25, 3.75, 8], "texture": "#texture"},
				"south": {"uv": [2.5, 6.5, 4.5, 8.5], "texture": "#texture"},
				"west": {"uv": [1.75, 7, 3.75, 8.5], "texture": "#texture"},
				"up": {"uv": [2, 7, 4.5, 9.25], "texture": "#texture"},
				"down": {"uv": [2.25, 6.75, 4.5, 9], "texture": "#texture"}
			}
		},
		{
			"name": "foot",
			"from": [7.845, -1.625, 11.29],
			"to": [9.22, -1.25, 11.665],
			"rotation": {"angle": 22.5, "axis": "y", "origin": [7.845, -1.625, 11.29]},
			"faces": {
				"north": {"uv": [1.5, 7.25, 3.5, 9], "texture": "#texture"},
				"east": {"uv": [1.75, 6.25, 3.75, 8], "texture": "#texture"},
				"south": {"uv": [2.5, 6.5, 4.5, 8.5], "texture": "#texture"},
				"west": {"uv": [1.75, 7, 3.75, 8.5], "texture": "#texture"},
				"up": {"uv": [2, 7, 4.5, 9.25], "texture": "#texture"},
				"down": {"uv": [2.25, 6.75, 4.5, 9], "texture": "#texture"}
			}
		},
		{
			"name": "foot",
			"from": [5.125, -1.625, 9.375],
			"to": [7.375, -0.875, 9.75],
			"rotation": {"angle": -22.5, "axis": "y", "origin": [5.125, -1.625, 9.375]},
			"faces": {
				"north": {"uv": [1.5, 7.25, 3.5, 9], "texture": "#texture"},
				"east": {"uv": [1.75, 6.25, 3.75, 8], "texture": "#texture"},
				"south": {"uv": [2.5, 6.5, 4.5, 8.5], "texture": "#texture"},
				"west": {"uv": [1.75, 7, 3.75, 8.5], "texture": "#texture"},
				"up": {"uv": [2, 7, 4.5, 9.25], "texture": "#texture"},
				"down": {"uv": [2.25, 6.75, 4.5, 9], "texture": "#texture"}
			}
		},
		{
			"name": "foot",
			"from": [5, -1.625, 11.645],
			"to": [7.25, -0.875, 12.02],
			"rotation": {"angle": 22.5, "axis": "y", "origin": [5, -1.625, 11.645]},
			"faces": {
				"north": {"uv": [1.5, 7.25, 3.5, 9], "texture": "#texture"},
				"east": {"uv": [1.75, 6.25, 3.75, 8], "texture": "#texture"},
				"south": {"uv": [2.5, 6.5, 4.5, 8.5], "texture": "#texture"},
				"west": {"uv": [1.75, 7, 3.75, 8.5], "texture": "#texture"},
				"up": {"uv": [2, 7, 4.5, 9.25], "texture": "#texture"},
				"down": {"uv": [2.25, 6.75, 4.5, 9], "texture": "#texture"}
			}
		},
		{
			"name": "foot",
			"from": [5.125, -1.625, 10.5],
			"to": [7.375, -0.875, 10.875],
			"faces": {
				"north": {"uv": [1.5, 7.25, 3.5, 9], "texture": "#texture"},
				"east": {"uv": [1.75, 6.25, 3.75, 8], "texture": "#texture"},
				"south": {"uv": [2.5, 6.5, 4.5, 8.5], "texture": "#texture"},
				"west": {"uv": [1.75, 7, 3.75, 8.5], "texture": "#texture"},
				"up": {"uv": [2, 7, 4.5, 9.25], "texture": "#texture"},
				"down": {"uv": [2.25, 6.75, 4.5, 9], "texture": "#texture"}
			}
		},
		{
			"name": "foot",
			"from": [5.075, -1.4, 11.725],
			"to": [5.575, -0.9, 11.85],
			"rotation": {"angle": -45, "axis": "z", "origin": [5.075, -0.9, 11.725]},
			"faces": {
				"north": {"uv": [1.5, 7.25, 3.5, 9], "texture": "#texture"},
				"east": {"uv": [1.75, 6.25, 3.75, 8], "texture": "#texture"},
				"south": {"uv": [2.5, 6.5, 4.5, 8.5], "texture": "#texture"},
				"west": {"uv": [1.75, 7, 3.75, 8.5], "texture": "#texture"},
				"up": {"uv": [2, 7, 4.5, 9.25], "texture": "#texture"},
				"down": {"uv": [2.25, 6.75, 4.5, 9], "texture": "#texture"}
			}
		},
		{
			"name": "foot",
			"from": [5.125, -1.4, 10.625],
			"to": [5.625, -0.9, 10.75],
			"rotation": {"angle": -45, "axis": "z", "origin": [5.125, -0.9, 10.625]},
			"faces": {
				"north": {"uv": [1.5, 7.25, 3.5, 9], "texture": "#texture"},
				"east": {"uv": [1.75, 6.25, 3.75, 8], "texture": "#texture"},
				"south": {"uv": [2.5, 6.5, 4.5, 8.5], "texture": "#texture"},
				"west": {"uv": [1.75, 7, 3.75, 8.5], "texture": "#texture"},
				"up": {"uv": [2, 7, 4.5, 9.25], "texture": "#texture"},
				"down": {"uv": [2.25, 6.75, 4.5, 9], "texture": "#texture"}
			}
		},
		{
			"name": "foot",
			"from": [5.075, -1.4, 9.475],
			"to": [5.575, -0.9, 9.6],
			"rotation": {"angle": -45, "axis": "z", "origin": [5.075, -0.9, 9.475]},
			"faces": {
				"north": {"uv": [1.5, 7.25, 3.5, 9], "texture": "#texture"},
				"east": {"uv": [1.75, 6.25, 3.75, 8], "texture": "#texture"},
				"south": {"uv": [2.5, 6.5, 4.5, 8.5], "texture": "#texture"},
				"west": {"uv": [1.75, 7, 3.75, 8.5], "texture": "#texture"},
				"up": {"uv": [2, 7, 4.5, 9.25], "texture": "#texture"},
				"down": {"uv": [2.25, 6.75, 4.5, 9], "texture": "#texture"}
			}
		},
		{
			"name": "foot*",
			"from": [6.75, -1.25, 4.5],
			"to": [9.25, -0.5, 6],
			"faces": {
				"north": {"uv": [1.5, 7.25, 3.5, 9], "texture": "#texture"},
				"east": {"uv": [1.75, 6.25, 3.75, 8], "texture": "#texture"},
				"south": {"uv": [2.5, 6.5, 4.5, 8.5], "texture": "#texture"},
				"west": {"uv": [1.75, 7, 3.75, 8.5], "texture": "#texture"},
				"up": {"uv": [2, 7, 4.5, 9.25], "texture": "#texture"},
				"down": {"uv": [2.25, 6.75, 4.5, 9], "texture": "#texture"}
			}
		},
		{
			"name": "foot*",
			"from": [5.875, -1.0625, 4.5],
			"to": [7.375, -1, 6],
			"rotation": {"angle": 45, "axis": "z", "origin": [5.875, -1, 4.5]},
			"faces": {
				"north": {"uv": [6.375, 2.375, 8.125, 3.875], "texture": "#details"},
				"east": {"uv": [6.375, 0.875, 8, 2.25], "texture": "#details"},
				"south": {"uv": [6.5, 1.625, 8.25, 3], "texture": "#details"},
				"west": {"uv": [6.75, 2.5, 8, 4.125], "texture": "#details"},
				"up": {"uv": [5.75, 11.125, 0.125, 15.625], "rotation": 270, "texture": "#details"},
				"down": {"uv": [0.125, 11.125, 5.75, 15.625], "rotation": 270, "texture": "#details"}
			}
		},
		{
			"name": "foot*",
			"from": [9.125, -0.0625, 4.5],
			"to": [10.625, 0, 6],
			"rotation": {"angle": -45, "axis": "z", "origin": [9.125, 0, 4.5]},
			"faces": {
				"north": {"uv": [6.375, 2.375, 8.125, 3.875], "texture": "#details"},
				"east": {"uv": [6.375, 0.875, 8, 2.25], "texture": "#details"},
				"south": {"uv": [6.5, 1.625, 8.25, 3], "texture": "#details"},
				"west": {"uv": [6.75, 2.5, 8, 4.125], "texture": "#details"},
				"up": {"uv": [5.75, 11.125, 0.125, 15.625], "rotation": 90, "texture": "#details"},
				"down": {"uv": [0.125, 11.125, 5.75, 15.625], "rotation": 90, "texture": "#details"}
			}
		},
		{
			"name": "foot*",
			"from": [6.75, -0.0625, 5.875],
			"to": [9.25, 0, 7.375],
			"rotation": {"angle": 45, "axis": "x", "origin": [6.75, 0, 5.875]},
			"faces": {
				"north": {"uv": [6.375, 2.375, 8.125, 3.875], "texture": "#details"},
				"east": {"uv": [6.375, 0.875, 8, 2.25], "texture": "#details"},
				"south": {"uv": [6.5, 1.625, 8.25, 3], "texture": "#details"},
				"west": {"uv": [6.75, 2.5, 8, 4.125], "texture": "#details"},
				"up": {"uv": [5.75, 11.125, 0.125, 15.625], "rotation": 180, "texture": "#details"},
				"down": {"uv": [0.125, 11.125, 5.75, 15.625], "texture": "#details"}
			}
		},
		{
			"name": "foot*",
			"from": [6.75, -1.0625, 3.625],
			"to": [9.25, -1, 5.125],
			"rotation": {"angle": -45, "axis": "x", "origin": [6.75, -1, 3.625]},
			"faces": {
				"north": {"uv": [6.375, 2.375, 8.125, 3.875], "texture": "#details"},
				"east": {"uv": [6.375, 0.875, 8, 2.25], "texture": "#details"},
				"south": {"uv": [6.5, 1.625, 8.25, 3], "texture": "#details"},
				"west": {"uv": [6.75, 2.5, 8, 4.125], "texture": "#details"},
				"up": {"uv": [5.75, 11.125, 0.125, 15.625], "texture": "#details"},
				"down": {"uv": [0.125, 11.125, 5.75, 15.625], "rotation": 180, "texture": "#details"}
			}
		},
		{
			"name": "foot*",
			"from": [6.375, -1.625, 4.25],
			"to": [8, -1.25, 6.125],
			"faces": {
				"north": {"uv": [1.5, 7.25, 3.5, 9], "texture": "#texture"},
				"east": {"uv": [1.75, 6.25, 3.75, 8], "texture": "#texture"},
				"south": {"uv": [2.5, 6.5, 4.5, 8.5], "texture": "#texture"},
				"west": {"uv": [1.75, 7, 3.75, 8.5], "texture": "#texture"},
				"up": {"uv": [2, 7, 4.5, 9.25], "texture": "#texture"},
				"down": {"uv": [2.25, 6.75, 4.5, 9], "texture": "#texture"}
			}
		},
		{
			"name": "foot*",
			"from": [8, -1.625, 4.5],
			"to": [10.125, -1.25, 6],
			"faces": {
				"north": {"uv": [1.5, 7.25, 3.5, 9], "texture": "#texture"},
				"east": {"uv": [1.75, 6.25, 3.75, 8], "texture": "#texture"},
				"south": {"uv": [2.5, 6.5, 4.5, 8.5], "texture": "#texture"},
				"west": {"uv": [1.75, 7, 3.75, 8.5], "texture": "#texture"},
				"up": {"uv": [2, 7, 4.5, 9.25], "texture": "#texture"},
				"down": {"uv": [2.25, 6.75, 4.5, 9], "texture": "#texture"}
			}
		},
		{
			"name": "foot*",
			"from": [8.97, -1.145, 4.5],
			"to": [10.22, -0.77, 6],
			"rotation": {"angle": -22.5, "axis": "z", "origin": [8.97, -0.77, 4.5]},
			"faces": {
				"north": {"uv": [1.5, 7.25, 3.5, 9], "texture": "#texture"},
				"east": {"uv": [1.75, 6.25, 3.75, 8], "texture": "#texture"},
				"south": {"uv": [2.5, 6.5, 4.5, 8.5], "texture": "#texture"},
				"west": {"uv": [1.75, 7, 3.75, 8.5], "texture": "#texture"},
				"up": {"uv": [2, 7, 4.5, 9.25], "texture": "#texture"},
				"down": {"uv": [2.25, 6.75, 4.5, 9], "texture": "#texture"}
			}
		},
		{
			"name": "foot*",
			"from": [5.875, -1.625, 4.5],
			"to": [6.375, -1.25, 5.875],
			"faces": {
				"north": {"uv": [1.5, 7.25, 3.5, 9], "texture": "#texture"},
				"east": {"uv": [1.75, 6.25, 3.75, 8], "texture": "#texture"},
				"south": {"uv": [2.5, 6.5, 4.5, 8.5], "texture": "#texture"},
				"west": {"uv": [1.75, 7, 3.75, 8.5], "texture": "#texture"},
				"up": {"uv": [2, 7, 4.5, 9.25], "texture": "#texture"},
				"down": {"uv": [2.25, 6.75, 4.5, 9], "texture": "#texture"}
			}
		},
		{
			"name": "foot*",
			"from": [5.375, -1.625, 4],
			"to": [5.875, -1.25, 6.375],
			"faces": {
				"north": {"uv": [1.5, 7.25, 3.5, 9], "texture": "#texture"},
				"east": {"uv": [1.75, 6.25, 3.75, 8], "texture": "#texture"},
				"south": {"uv": [2.5, 6.5, 4.5, 8.5], "texture": "#texture"},
				"west": {"uv": [1.75, 7, 3.75, 8.5], "texture": "#texture"},
				"up": {"uv": [2, 7, 4.5, 9.25], "texture": "#texture"},
				"down": {"uv": [2.25, 6.75, 4.5, 9], "texture": "#texture"}
			}
		},
		{
			"name": "foot*",
			"from": [5.875, -1.625, 4],
			"to": [8.375, -1.25, 4.5],
			"rotation": {"angle": -22.5, "axis": "y", "origin": [5.875, -1.625, 4]},
			"faces": {
				"north": {"uv": [1.5, 7.25, 3.5, 9], "texture": "#texture"},
				"east": {"uv": [1.75, 6.25, 3.75, 8], "texture": "#texture"},
				"south": {"uv": [2.5, 6.5, 4.5, 8.5], "texture": "#texture"},
				"west": {"uv": [1.75, 7, 3.75, 8.5], "texture": "#texture"},
				"up": {"uv": [2, 7, 4.5, 9.25], "texture": "#texture"},
				"down": {"uv": [2.25, 6.75, 4.5, 9], "texture": "#texture"}
			}
		},
		{
			"name": "foot*",
			"from": [5.685, -1.625, 5.9175],
			"to": [8.185, -1.25, 6.4175],
			"rotation": {"angle": 22.5, "axis": "y", "origin": [5.685, -1.625, 5.9175]},
			"faces": {
				"north": {"uv": [1.5, 7.25, 3.5, 9], "texture": "#texture"},
				"east": {"uv": [1.75, 6.25, 3.75, 8], "texture": "#texture"},
				"south": {"uv": [2.5, 6.5, 4.5, 8.5], "texture": "#texture"},
				"west": {"uv": [1.75, 7, 3.75, 8.5], "texture": "#texture"},
				"up": {"uv": [2, 7, 4.5, 9.25], "texture": "#texture"},
				"down": {"uv": [2.25, 6.75, 4.5, 9], "texture": "#texture"}
			}
		},
		{
			"name": "foot*",
			"from": [8, -1.625, 4.25],
			"to": [9.375, -1.25, 4.625],
			"rotation": {"angle": -22.5, "axis": "y", "origin": [8, -1.625, 4.25]},
			"faces": {
				"north": {"uv": [1.5, 7.25, 3.5, 9], "texture": "#texture"},
				"east": {"uv": [1.75, 6.25, 3.75, 8], "texture": "#texture"},
				"south": {"uv": [2.5, 6.5, 4.5, 8.5], "texture": "#texture"},
				"west": {"uv": [1.75, 7, 3.75, 8.5], "texture": "#texture"},
				"up": {"uv": [2, 7, 4.5, 9.25], "texture": "#texture"},
				"down": {"uv": [2.25, 6.75, 4.5, 9], "texture": "#texture"}
			}
		},
		{
			"name": "foot*",
			"from": [8, -1.625, 4.25],
			"to": [9.375, -1.25, 4.625],
			"rotation": {"angle": -22.5, "axis": "y", "origin": [8, -1.625, 4.25]},
			"faces": {
				"north": {"uv": [1.5, 7.25, 3.5, 9], "texture": "#texture"},
				"east": {"uv": [1.75, 6.25, 3.75, 8], "texture": "#texture"},
				"south": {"uv": [2.5, 6.5, 4.5, 8.5], "texture": "#texture"},
				"west": {"uv": [1.75, 7, 3.75, 8.5], "texture": "#texture"},
				"up": {"uv": [2, 7, 4.5, 9.25], "texture": "#texture"},
				"down": {"uv": [2.25, 6.75, 4.5, 9], "texture": "#texture"}
			}
		},
		{
			"name": "foot*",
			"from": [7.845, -1.625, 5.79],
			"to": [9.22, -1.25, 6.165],
			"rotation": {"angle": 22.5, "axis": "y", "origin": [7.845, -1.625, 5.79]},
			"faces": {
				"north": {"uv": [1.5, 7.25, 3.5, 9], "texture": "#texture"},
				"east": {"uv": [1.75, 6.25, 3.75, 8], "texture": "#texture"},
				"south": {"uv": [2.5, 6.5, 4.5, 8.5], "texture": "#texture"},
				"west": {"uv": [1.75, 7, 3.75, 8.5], "texture": "#texture"},
				"up": {"uv": [2, 7, 4.5, 9.25], "texture": "#texture"},
				"down": {"uv": [2.25, 6.75, 4.5, 9], "texture": "#texture"}
			}
		},
		{
			"name": "foot*",
			"from": [5.125, -1.625, 3.875],
			"to": [7.375, -0.875, 4.25],
			"rotation": {"angle": -22.5, "axis": "y", "origin": [5.125, -1.625, 3.875]},
			"faces": {
				"north": {"uv": [1.5, 7.25, 3.5, 9], "texture": "#texture"},
				"east": {"uv": [1.75, 6.25, 3.75, 8], "texture": "#texture"},
				"south": {"uv": [2.5, 6.5, 4.5, 8.5], "texture": "#texture"},
				"west": {"uv": [1.75, 7, 3.75, 8.5], "texture": "#texture"},
				"up": {"uv": [2, 7, 4.5, 9.25], "texture": "#texture"},
				"down": {"uv": [2.25, 6.75, 4.5, 9], "texture": "#texture"}
			}
		},
		{
			"name": "foot*",
			"from": [5, -1.625, 6.145],
			"to": [7.25, -0.875, 6.52],
			"rotation": {"angle": 22.5, "axis": "y", "origin": [5, -1.625, 6.145]},
			"faces": {
				"north": {"uv": [1.5, 7.25, 3.5, 9], "texture": "#texture"},
				"east": {"uv": [1.75, 6.25, 3.75, 8], "texture": "#texture"},
				"south": {"uv": [2.5, 6.5, 4.5, 8.5], "texture": "#texture"},
				"west": {"uv": [1.75, 7, 3.75, 8.5], "texture": "#texture"},
				"up": {"uv": [2, 7, 4.5, 9.25], "texture": "#texture"},
				"down": {"uv": [2.25, 6.75, 4.5, 9], "texture": "#texture"}
			}
		},
		{
			"name": "foot*",
			"from": [5.125, -1.625, 5],
			"to": [7.375, -0.875, 5.375],
			"faces": {
				"north": {"uv": [1.5, 7.25, 3.5, 9], "texture": "#texture"},
				"east": {"uv": [1.75, 6.25, 3.75, 8], "texture": "#texture"},
				"south": {"uv": [2.5, 6.5, 4.5, 8.5], "texture": "#texture"},
				"west": {"uv": [1.75, 7, 3.75, 8.5], "texture": "#texture"},
				"up": {"uv": [2, 7, 4.5, 9.25], "texture": "#texture"},
				"down": {"uv": [2.25, 6.75, 4.5, 9], "texture": "#texture"}
			}
		},
		{
			"name": "foot*",
			"from": [5.075, -1.4, 6.225],
			"to": [5.575, -0.9, 6.35],
			"rotation": {"angle": -45, "axis": "z", "origin": [5.075, -0.9, 6.225]},
			"faces": {
				"north": {"uv": [1.5, 7.25, 3.5, 9], "texture": "#texture"},
				"east": {"uv": [1.75, 6.25, 3.75, 8], "texture": "#texture"},
				"south": {"uv": [2.5, 6.5, 4.5, 8.5], "texture": "#texture"},
				"west": {"uv": [1.75, 7, 3.75, 8.5], "texture": "#texture"},
				"up": {"uv": [2, 7, 4.5, 9.25], "texture": "#texture"},
				"down": {"uv": [2.25, 6.75, 4.5, 9], "texture": "#texture"}
			}
		},
		{
			"name": "foot*",
			"from": [5.125, -1.4, 5.125],
			"to": [5.625, -0.9, 5.25],
			"rotation": {"angle": -45, "axis": "z", "origin": [5.125, -0.9, 5.125]},
			"faces": {
				"north": {"uv": [1.5, 7.25, 3.5, 9], "texture": "#texture"},
				"east": {"uv": [1.75, 6.25, 3.75, 8], "texture": "#texture"},
				"south": {"uv": [2.5, 6.5, 4.5, 8.5], "texture": "#texture"},
				"west": {"uv": [1.75, 7, 3.75, 8.5], "texture": "#texture"},
				"up": {"uv": [2, 7, 4.5, 9.25], "texture": "#texture"},
				"down": {"uv": [2.25, 6.75, 4.5, 9], "texture": "#texture"}
			}
		},
		{
			"name": "foot*",
			"from": [5.075, -1.4, 3.975],
			"to": [5.575, -0.9, 4.1],
			"rotation": {"angle": -45, "axis": "z", "origin": [5.075, -0.9, 3.975]},
			"faces": {
				"north": {"uv": [1.5, 7.25, 3.5, 9], "texture": "#texture"},
				"east": {"uv": [1.75, 6.25, 3.75, 8], "texture": "#texture"},
				"south": {"uv": [2.5, 6.5, 4.5, 8.5], "texture": "#texture"},
				"west": {"uv": [1.75, 7, 3.75, 8.5], "texture": "#texture"},
				"up": {"uv": [2, 7, 4.5, 9.25], "texture": "#texture"},
				"down": {"uv": [2.25, 6.75, 4.5, 9], "texture": "#texture"}
			}
		}
	],
	"display": {
		"thirdperson_righthand": {
			"rotation": [68, -90, 0],
			"translation": [-6, -4.75, 3],
			"scale": [1.6, 1.6, 1.6]
		},
		"thirdperson_lefthand": {
			"rotation": [68, 90, 0],
			"translation": [-6, -4.75, 3],
			"scale": [1.6, 1.6, 1.6]
		},
		"firstperson_righthand": {
			"scale": [0.0001, 0.0001, 0.0001]
		},
		"firstperson_lefthand": {
			"scale": [0.0001, 0.0001, 0.0001]
		},
		"ground": {
			"scale": [0.0001, 0.0001, 0.0001]
		},
		"gui": {
			"rotation": [30, 45, 0],
			"translation": [2, 0, 0],
			"scale": [0, 0, 0]
		},
		"head": {
			"rotation": [0, -90, 0],
			"translation": [0, -20.6, 0],
			"scale": [2.5, 2.5, 2.5]
		},
		"fixed": {
			"scale": [0.0001, 0.0001, 0.0001]
		}
	}
}