{
	"credit": "Designed by Madstonmagic with BDcraft Cubik PRO 0.96 Beta - http://bdcraft.net",
	"textures": {
		"texture": "pokemon/gabite/gabite",
		"fin_back": "pokemon/gabite/fin_back",
		"fin_side": "pokemon/gabite/fin_side",
		"belly": "pokemon/gabite/belly",
		"leg": "pokemon/gabite/leg",
		"tooth": "pokemon/gabite/tooth",
		"particle": "pokemon/gabite/eye"
	},
	"elements": [
		{
			"from": [1, 13, 7.5],
			"to": [5, 14, 8.5],
			"faces": {
				"north": {"uv": [1, 2, 3.25, 4.5], "texture": "#texture"},
				"west": {"uv": [1.5, 1.5, 4, 4.25], "texture": "#texture"},
				"down": {"uv": [2, 2.5, 4.5, 5], "texture": "#texture"}
			}
		},
		{
			"from": [2, 13, 6.5],
			"to": [5.75, 14, 9.5],
			"faces": {
				"north": {"uv": [1, 2, 3.25, 4.5], "texture": "#texture"},
				"south": {"uv": [1, 2, 3.5, 4.5], "texture": "#texture"},
				"west": {"uv": [1.5, 1.5, 4, 4.25], "texture": "#texture"},
				"up": {"uv": [1.5, 2, 4, 4.75], "texture": "#texture"},
				"down": {"uv": [2, 2.5, 4.5, 5], "texture": "#texture"}
			}
		},
		{
			"from": [1, 13, 7.49702],
			"to": [2.41, 14, 8.90702],
			"rotation": {"angle": 45, "axis": "y", "origin": [1, 13, 7.49702]},
			"faces": {
				"north": {"uv": [1, 2, 3.25, 4.5], "texture": "#texture"},
				"east": {"uv": [1.5, 1, 3.75, 3.5], "texture": "#texture"},
				"west": {"uv": [1.5, 1.5, 4, 4.25], "texture": "#texture"},
				"up": {"uv": [1.5, 2, 4, 4.75], "texture": "#texture"},
				"down": {"uv": [2, 2.5, 4.5, 5], "texture": "#texture"}
			}
		},
		{
			"from": [1, 13, 8.5],
			"to": [2.41, 14, 9.91],
			"rotation": {"angle": 45, "axis": "y", "origin": [1, 13, 8.5]},
			"faces": {
				"south": {"uv": [1, 2, 3.5, 4.5], "texture": "#texture"},
				"west": {"uv": [1.5, 1.5, 4, 4.25], "texture": "#texture"},
				"up": {"uv": [1.5, 2, 4, 4.75], "texture": "#texture"},
				"down": {"uv": [2, 2.5, 4.5, 5], "texture": "#texture"}
			}
		},
		{
			"from": [5, 9.4375, 6.5],
			"to": [6.34, 13, 9.5],
			"rotation": {"angle": 22.5, "axis": "z", "origin": [5, 13, 6.5]},
			"faces": {
				"north": {"uv": [1, 2, 3.25, 4.5], "texture": "#texture"},
				"east": {"uv": [1.5, 1, 3.75, 3.5], "texture": "#texture"},
				"south": {"uv": [1, 2, 3.5, 4.5], "texture": "#texture"},
				"west": {"uv": [1.5, 1.5, 4, 4.25], "texture": "#texture"},
				"up": {"uv": [1.5, 2, 4, 4.75], "texture": "#texture"}
			}
		},
		{
			"from": [3.75, 12.5, 6.5],
			"to": [5, 13, 9.5],
			"faces": {
				"north": {"uv": [1.25, 7.5, 3.5, 10], "texture": "#texture"},
				"east": {"uv": [2, 8, 4.25, 10.5], "texture": "#texture"},
				"south": {"uv": [1.25, 7, 3.75, 9.5], "texture": "#texture"}
			}
		},
		{
			"from": [2.25, 12.5, 6.75],
			"to": [3.75, 13, 9.25],
			"faces": {
				"north": {"uv": [1.25, 7.5, 3.5, 10], "texture": "#texture"},
				"south": {"uv": [1.25, 7, 3.75, 9.5], "texture": "#texture"},
				"west": {"uv": [2.25, 8, 4.75, 10.75], "texture": "#texture"},
				"down": {"uv": [2, 7.25, 4.5, 9.75], "texture": "#texture"}
			}
		},
		{
			"from": [4.0425, 9.8425, 6.5],
			"to": [5.0825, 12.5925, 9.5],
			"rotation": {"angle": 22.5, "axis": "z", "origin": [4.0425, 12.5925, 6.5]},
			"faces": {
				"north": {"uv": [1.25, 7.5, 3.5, 10], "texture": "#texture"},
				"east": {"uv": [2, 8, 4.25, 10.5], "texture": "#texture"},
				"south": {"uv": [1.25, 7, 3.75, 9.5], "texture": "#texture"},
				"west": {"uv": [2.25, 8, 4.75, 10.75], "texture": "#texture"},
				"up": {"uv": [1.75, 6.75, 4.25, 9.5], "texture": "#texture"},
				"down": {"uv": [2, 7.25, 4.5, 9.75], "texture": "#texture"}
			}
		},
		{
			"from": [1.5, 12.5, 7.5],
			"to": [2.25, 13, 8.5],
			"faces": {
				"west": {"uv": [2.25, 8, 4.75, 10.75], "texture": "#texture"}
			}
		},
		{
			"from": [1.5, 12.5, 7.5],
			"to": [2.56, 13, 8.56],
			"rotation": {"angle": 45, "axis": "y", "origin": [1.5, 12.5, 7.5]},
			"faces": {
				"north": {"uv": [1.25, 7.5, 3.5, 10], "texture": "#texture"},
				"east": {"uv": [2, 8, 4.25, 10.5], "texture": "#texture"},
				"up": {"uv": [1.75, 6.75, 4.25, 9.5], "texture": "#texture"},
				"down": {"uv": [2, 7.25, 4.5, 9.75], "texture": "#texture"}
			}
		},
		{
			"from": [1.5, 12.5, 8.5],
			"to": [2.56, 13, 9.56],
			"rotation": {"angle": 45, "axis": "y", "origin": [1.5, 12.5, 8.5]},
			"faces": {
				"south": {"uv": [1.25, 7, 3.75, 9.5], "texture": "#texture"},
				"west": {"uv": [2.25, 8, 4.75, 10.75], "texture": "#texture"},
				"up": {"uv": [1.75, 6.75, 4.25, 9.5], "texture": "#texture"},
				"down": {"uv": [2, 7.25, 4.5, 9.75], "texture": "#texture"}
			}
		},
		{
			"from": [2.595, 12.5, 6.98],
			"to": [3.845, 13, 7.48],
			"rotation": {"angle": 22.5, "axis": "y", "origin": [2.595, 12.5, 6.98]},
			"faces": {
				"north": {"uv": [1.25, 7.5, 3.5, 10], "texture": "#texture"},
				"east": {"uv": [2, 8, 4.25, 10.5], "texture": "#texture"},
				"up": {"uv": [1.75, 6.75, 4.25, 9.5], "texture": "#texture"},
				"down": {"uv": [2, 7.25, 4.5, 9.75], "texture": "#texture"}
			}
		},
		{
			"from": [2.7925, 12.5, 8.5625],
			"to": [4.0425, 13, 9.0625],
			"rotation": {"angle": -22.5, "axis": "y", "origin": [2.7925, 12.5, 8.5625]},
			"faces": {
				"south": {"uv": [1.25, 7, 3.75, 9.5], "texture": "#texture"},
				"up": {"uv": [1.75, 6.75, 4.25, 9.5], "texture": "#texture"},
				"down": {"uv": [2, 7.25, 4.5, 9.75], "texture": "#texture"}
			}
		},
		{
			"from": [5.75, 13.29, 6.5],
			"to": [6.46, 14, 9.5],
			"rotation": {"angle": -45, "axis": "z", "origin": [5.75, 14, 6.5]},
			"faces": {
				"north": {"uv": [1, 2, 3.25, 4.5], "texture": "#texture"},
				"east": {"uv": [1.5, 1, 3.75, 3.5], "texture": "#texture"},
				"south": {"uv": [1, 2, 3.5, 4.5], "texture": "#texture"},
				"up": {"uv": [1.5, 2, 4, 4.75], "texture": "#texture"}
			}
		},
		{
			"from": [2, 14, 7],
			"to": [5.25, 14.5, 9],
			"faces": {
				"up": {"uv": [1.5, 2, 4, 4.75], "texture": "#texture"}
			}
		},
		{
			"from": [1, 13.29, 7.5],
			"to": [1.71, 14, 8.5],
			"rotation": {"angle": 45, "axis": "z", "origin": [1, 14, 7.5]},
			"faces": {
				"north": {"uv": [1, 2, 3.25, 4.5], "texture": "#texture"},
				"east": {"uv": [1.5, 1, 3.75, 3.5], "texture": "#texture"},
				"south": {"uv": [1, 2, 3.5, 4.5], "texture": "#texture"},
				"up": {"uv": [1.5, 2, 4, 4.75], "texture": "#texture"}
			}
		},
		{
			"from": [5.25, 13.79, 7],
			"to": [5.96, 14.5, 9],
			"rotation": {"angle": -45, "axis": "z", "origin": [5.25, 14.5, 7]},
			"faces": {
				"north": {"uv": [1, 2, 3.25, 4.5], "texture": "#texture"},
				"south": {"uv": [1, 2, 3.5, 4.5], "texture": "#texture"},
				"up": {"uv": [1.5, 2, 4, 4.75], "texture": "#texture"}
			}
		},
		{
			"from": [2, 13.29, 6.5],
			"to": [5.25, 14, 7.21],
			"rotation": {"angle": -45, "axis": "x", "origin": [2, 14, 6.5]},
			"faces": {
				"east": {"uv": [1.5, 1, 3.75, 3.5], "texture": "#texture"},
				"south": {"uv": [1, 2, 3.5, 4.5], "texture": "#texture"},
				"west": {"uv": [1.5, 1.5, 4, 4.25], "texture": "#texture"},
				"up": {"uv": [1.5, 2, 4, 4.75], "texture": "#texture"}
			}
		},
		{
			"from": [2, 13.79, 9],
			"to": [5.25, 14.5, 9.71],
			"rotation": {"angle": 45, "axis": "x", "origin": [2, 14.5, 9]},
			"faces": {
				"east": {"uv": [1.5, 1, 3.75, 3.5], "texture": "#texture"},
				"south": {"uv": [1, 2, 3.5, 4.5], "texture": "#texture"},
				"west": {"uv": [1.5, 1.5, 4, 4.25], "texture": "#texture"},
				"up": {"uv": [1.5, 2, 4, 4.75], "texture": "#texture"}
			}
		},
		{
			"from": [1.5, 14, 7.5],
			"to": [2.21, 14.5, 8.21],
			"rotation": {"angle": 45, "axis": "y", "origin": [1.5, 14, 7.5]},
			"faces": {
				"north": {"uv": [1, 2, 3.25, 4.5], "texture": "#texture"},
				"east": {"uv": [1.5, 1, 3.75, 3.5], "texture": "#texture"},
				"up": {"uv": [1.5, 2, 4, 4.75], "texture": "#texture"}
			}
		},
		{
			"from": [1.5, 14, 8.5],
			"to": [2.21, 14.5, 9.21],
			"rotation": {"angle": 45, "axis": "y", "origin": [1.5, 14, 8.5]},
			"faces": {
				"south": {"uv": [1, 2, 3.5, 4.5], "texture": "#texture"},
				"west": {"uv": [1.5, 1.5, 4, 4.25], "texture": "#texture"},
				"up": {"uv": [1.5, 2, 4, 4.75], "texture": "#texture"}
			}
		},
		{
			"from": [2.5, 13.25, 8.51],
			"to": [4, 13.75, 9.51],
			"faces": {
				"east": {"uv": [3.25, 8.75, 5, 11], "texture": "#particle"},
				"south": {"uv": [0.25, 0.25, 15, 6.75], "texture": "#particle"},
				"west": {"uv": [2.25, 10, 4.5, 12.25], "texture": "#particle"},
				"up": {"uv": [1.75, 8.75, 4.25, 10.25], "texture": "#particle"},
				"down": {"uv": [1.75, 8.75, 4.25, 10], "texture": "#particle"}
			}
		},
		{
			"from": [2.5, 13.25, 6.49],
			"to": [4, 13.75, 7.49],
			"faces": {
				"north": {"uv": [15.25, 0.25, 0.25, 6.75], "texture": "#particle"},
				"east": {"uv": [3.25, 8.75, 5, 11], "texture": "#particle"},
				"west": {"uv": [2.25, 10, 4.5, 12.25], "texture": "#particle"},
				"up": {"uv": [1.75, 8.75, 4.25, 10.25], "texture": "#particle"},
				"down": {"uv": [1.75, 8.75, 4.25, 10], "texture": "#particle"}
			}
		},
		{
			"from": [3.75, 13.75, 9.5],
			"to": [4.75, 15.25, 10],
			"faces": {
				"up": {"uv": [8.25, 1.75, 10.75, 4.5], "texture": "#texture"},
				"down": {"uv": [7.25, 1.5, 9.75, 4], "texture": "#texture"}
			}
		},
		{
			"from": [3.75, 14.25, 9],
			"to": [4.75, 14.75, 10.5],
			"faces": {
				"north": {"uv": [8, 1.75, 10.25, 4.25], "texture": "#texture"},
				"south": {"uv": [7.5, 1.5, 10, 4], "texture": "#texture"}
			}
		},
		{
			"from": [3.75, 14.54, 10],
			"to": [4.75, 15.25, 10.71],
			"rotation": {"angle": 45, "axis": "x", "origin": [3.75, 15.25, 10]},
			"faces": {
				"south": {"uv": [7.5, 1.5, 10, 4], "texture": "#texture"},
				"up": {"uv": [8.25, 1.75, 10.75, 4.5], "texture": "#texture"}
			}
		},
		{
			"from": [3.75, 14.04, 9],
			"to": [4.75, 14.75, 9.71],
			"rotation": {"angle": -45, "axis": "x", "origin": [3.75, 14.75, 9]},
			"faces": {
				"south": {"uv": [7.5, 1.5, 10, 4], "texture": "#texture"},
				"up": {"uv": [8.25, 1.75, 10.75, 4.5], "texture": "#texture"}
			}
		},
		{
			"from": [3.75, 13.54, 9.5],
			"to": [4.75, 14.25, 10.21],
			"rotation": {"angle": -45, "axis": "x", "origin": [3.75, 14.25, 9.5]},
			"faces": {
				"north": {"uv": [8, 1.75, 10.25, 4.25], "texture": "#texture"},
				"south": {"uv": [7.5, 1.5, 10, 4], "texture": "#texture"},
				"down": {"uv": [7.25, 1.5, 9.75, 4], "texture": "#texture"}
			}
		},
		{
			"from": [3, 13.75, 9.5],
			"to": [3.75, 15.25, 10],
			"faces": {
				"up": {"uv": [1.5, 2, 4, 4.75], "texture": "#texture"},
				"down": {"uv": [2, 2.5, 4.5, 5], "texture": "#texture"}
			}
		},
		{
			"from": [3, 14.25, 9],
			"to": [3.75, 14.75, 10.5],
			"faces": {
				"north": {"uv": [1, 2, 3.25, 4.5], "texture": "#texture"},
				"south": {"uv": [1, 2, 3.5, 4.5], "texture": "#texture"},
				"west": {"uv": [1.5, 1.5, 4, 4.25], "texture": "#texture"}
			}
		},
		{
			"from": [3, 14.54, 10],
			"to": [3.75, 15.25, 10.71],
			"rotation": {"angle": 45, "axis": "x", "origin": [3, 15.25, 10]},
			"faces": {
				"south": {"uv": [1, 2, 3.5, 4.5], "texture": "#texture"},
				"west": {"uv": [1.5, 1.5, 4, 4.25], "texture": "#texture"},
				"up": {"uv": [1.5, 2, 4, 4.75], "texture": "#texture"}
			}
		},
		{
			"from": [3, 14.04, 9],
			"to": [3.75, 14.75, 9.71],
			"rotation": {"angle": -45, "axis": "x", "origin": [3, 14.75, 9]},
			"faces": {
				"south": {"uv": [1, 2, 3.5, 4.5], "texture": "#texture"},
				"west": {"uv": [1.5, 1.5, 4, 4.25], "texture": "#texture"},
				"up": {"uv": [1.5, 2, 4, 4.75], "texture": "#texture"}
			}
		},
		{
			"from": [3, 13.54, 9.5],
			"to": [3.75, 14.25, 10.21],
			"rotation": {"angle": -45, "axis": "x", "origin": [3, 14.25, 9.5]},
			"faces": {
				"north": {"uv": [1, 2, 3.25, 4.5], "texture": "#texture"},
				"south": {"uv": [1, 2, 3.5, 4.5], "texture": "#texture"},
				"west": {"uv": [1.5, 1.5, 4, 4.25], "texture": "#texture"},
				"down": {"uv": [2, 2.5, 4.5, 5], "texture": "#texture"}
			}
		},
		{
			"from": [4.75, 13.75, 9.5],
			"to": [5.5, 15.25, 10],
			"faces": {
				"up": {"uv": [1.5, 2, 4, 4.75], "texture": "#texture"},
				"down": {"uv": [2, 2.5, 4.5, 5], "texture": "#texture"}
			}
		},
		{
			"from": [4.75, 14.25, 9],
			"to": [5.5, 14.75, 10.5],
			"faces": {
				"north": {"uv": [1, 2, 3.25, 4.5], "texture": "#texture"},
				"south": {"uv": [1, 2, 3.5, 4.5], "texture": "#texture"}
			}
		},
		{
			"from": [4.75, 14.54, 10],
			"to": [5.5, 15.25, 10.71],
			"rotation": {"angle": 45, "axis": "x", "origin": [4.75, 15.25, 10]},
			"faces": {
				"east": {"uv": [1.5, 1, 3.75, 3.5], "texture": "#texture"},
				"south": {"uv": [1, 2, 3.5, 4.5], "texture": "#texture"},
				"up": {"uv": [1.5, 2, 4, 4.75], "texture": "#texture"}
			}
		},
		{
			"from": [4.75, 14.04, 9],
			"to": [5.5, 14.75, 9.71],
			"rotation": {"angle": -45, "axis": "x", "origin": [4.75, 14.75, 9]},
			"faces": {
				"east": {"uv": [1.5, 1, 3.75, 3.5], "texture": "#texture"},
				"south": {"uv": [1, 2, 3.5, 4.5], "texture": "#texture"},
				"up": {"uv": [1.5, 2, 4, 4.75], "texture": "#texture"}
			}
		},
		{
			"from": [4.75, 13.54, 9.5],
			"to": [5.5, 14.25, 10.21],
			"rotation": {"angle": -45, "axis": "x", "origin": [4.75, 14.25, 9.5]},
			"faces": {
				"north": {"uv": [1, 2, 3.25, 4.5], "texture": "#texture"},
				"east": {"uv": [1.5, 1, 3.75, 3.5], "texture": "#texture"},
				"south": {"uv": [1, 2, 3.5, 4.5], "texture": "#texture"},
				"down": {"uv": [2, 2.5, 4.5, 5], "texture": "#texture"}
			}
		},
		{
			"from": [3, 13.54, 9],
			"to": [5.5, 14.25, 9.71],
			"rotation": {"angle": -45, "axis": "x", "origin": [3, 14.25, 9]},
			"faces": {
				"north": {"uv": [1, 2, 3.25, 4.5], "texture": "#texture"},
				"east": {"uv": [1.5, 1, 3.75, 3.5], "texture": "#texture"},
				"west": {"uv": [1.5, 1.5, 4, 4.25], "texture": "#texture"},
				"down": {"uv": [2, 2.5, 4.5, 5], "texture": "#texture"}
			}
		},
		{
			"from": [2.5, 14.25, 9.5],
			"to": [6, 14.75, 10],
			"faces": {
				"east": {"uv": [1.5, 1, 3.75, 3.5], "texture": "#texture"},
				"south": {"uv": [1, 2, 3.5, 4.5], "texture": "#texture"},
				"west": {"uv": [1.5, 1.5, 4, 4.25], "texture": "#texture"}
			}
		},
		{
			"from": [2.5, 14.04, 9.5],
			"to": [3.21, 14.75, 10],
			"rotation": {"angle": 45, "axis": "z", "origin": [2.5, 14.75, 9.5]},
			"faces": {
				"north": {"uv": [1, 2, 3.25, 4.5], "texture": "#texture"},
				"east": {"uv": [1.5, 1, 3.75, 3.5], "texture": "#texture"},
				"south": {"uv": [1, 2, 3.5, 4.5], "texture": "#texture"},
				"up": {"uv": [1.5, 2, 4, 4.75], "texture": "#texture"}
			}
		},
		{
			"from": [2.5, 13.54, 9.5],
			"to": [3.21, 14.25, 10],
			"rotation": {"angle": 45, "axis": "z", "origin": [2.5, 14.25, 9.5]},
			"faces": {
				"north": {"uv": [1, 2, 3.25, 4.5], "texture": "#texture"},
				"south": {"uv": [1, 2, 3.5, 4.5], "texture": "#texture"},
				"west": {"uv": [1.5, 1.5, 4, 4.25], "texture": "#texture"},
				"down": {"uv": [2, 2.5, 4.5, 5], "texture": "#texture"}
			}
		},
		{
			"from": [2.5, 14.25, 9.5],
			"to": [3.21, 14.75, 10.21],
			"rotation": {"angle": 45, "axis": "y", "origin": [2.5, 14.25, 9.5]},
			"faces": {
				"north": {"uv": [1, 2, 3.25, 4.5], "texture": "#texture"},
				"east": {"uv": [1.5, 1, 3.75, 3.5], "texture": "#texture"},
				"up": {"uv": [1.5, 2, 4, 4.75], "texture": "#texture"},
				"down": {"uv": [2, 2.5, 4.5, 5], "texture": "#texture"}
			}
		},
		{
			"from": [5.5, 14.25, 9],
			"to": [6.21, 14.75, 9.71],
			"rotation": {"angle": -45, "axis": "y", "origin": [5.5, 14.25, 9]},
			"faces": {
				"north": {"uv": [1, 2, 3.25, 4.5], "texture": "#texture"},
				"east": {"uv": [1.5, 1, 3.75, 3.5], "texture": "#texture"},
				"up": {"uv": [1.5, 2, 4, 4.75], "texture": "#texture"},
				"down": {"uv": [2, 2.5, 4.5, 5], "texture": "#texture"}
			}
		},
		{
			"from": [5.5, 14.54, 9.5],
			"to": [6.21, 15.25, 10],
			"rotation": {"angle": -45, "axis": "z", "origin": [5.5, 15.25, 9.5]},
			"faces": {
				"north": {"uv": [1, 2, 3.25, 4.5], "texture": "#texture"},
				"east": {"uv": [1.5, 1, 3.75, 3.5], "texture": "#texture"},
				"south": {"uv": [1, 2, 3.5, 4.5], "texture": "#texture"},
				"up": {"uv": [1.5, 2, 4, 4.75], "texture": "#texture"}
			}
		},
		{
			"from": [5, 13.54, 9.5],
			"to": [5.71, 14.25, 10],
			"rotation": {"angle": 45, "axis": "z", "origin": [5, 14.25, 9.5]},
			"faces": {
				"north": {"uv": [1, 2, 3.25, 4.5], "texture": "#texture"},
				"east": {"uv": [1.5, 1, 3.75, 3.5], "texture": "#texture"},
				"south": {"uv": [1, 2, 3.5, 4.5], "texture": "#texture"},
				"west": {"uv": [1.5, 1.5, 4, 4.25], "texture": "#texture"},
				"down": {"uv": [2, 2.5, 4.5, 5], "texture": "#texture"}
			}
		},
		{
			"from": [5, 14.25, 10],
			"to": [5.71, 14.75, 10.71],
			"rotation": {"angle": 45, "axis": "y", "origin": [5, 14.25, 10]},
			"faces": {
				"east": {"uv": [1.5, 1, 3.75, 3.5], "texture": "#texture"},
				"south": {"uv": [1, 2, 3.5, 4.5], "texture": "#texture"},
				"west": {"uv": [1.5, 1.5, 4, 4.25], "texture": "#texture"},
				"up": {"uv": [1.5, 2, 4, 4.75], "texture": "#texture"},
				"down": {"uv": [2, 2.5, 4.5, 5], "texture": "#texture"}
			}
		},
		{
			"from": [3.75, 13.75, 6],
			"to": [4.75, 15.25, 6.5],
			"faces": {
				"up": {"uv": [8.25, 1.75, 10.75, 4.5], "texture": "#texture"},
				"down": {"uv": [7.25, 1.5, 9.75, 4], "texture": "#texture"}
			}
		},
		{
			"from": [3.75, 14.25, 5.5],
			"to": [4.75, 14.75, 7],
			"faces": {
				"north": {"uv": [8, 1.75, 10.25, 4.25], "texture": "#texture"},
				"south": {"uv": [7.5, 1.5, 10, 4], "texture": "#texture"}
			}
		},
		{
			"from": [3.75, 14.54, 6.5],
			"to": [4.75, 15.25, 7.21],
			"rotation": {"angle": 45, "axis": "x", "origin": [3.75, 15.25, 6.5]},
			"faces": {
				"south": {"uv": [7.5, 1.5, 10, 4], "texture": "#texture"},
				"up": {"uv": [8.25, 1.75, 10.75, 4.5], "texture": "#texture"}
			}
		},
		{
			"from": [3.75, 14.04, 5.5],
			"to": [4.75, 14.75, 6.21],
			"rotation": {"angle": -45, "axis": "x", "origin": [3.75, 14.75, 5.5]},
			"faces": {
				"south": {"uv": [7.5, 1.5, 10, 4], "texture": "#texture"},
				"up": {"uv": [8.25, 1.75, 10.75, 4.5], "texture": "#texture"}
			}
		},
		{
			"from": [3.75, 13.54, 5.5],
			"to": [4.75, 14.25, 6.21],
			"rotation": {"angle": -45, "axis": "x", "origin": [3.75, 14.25, 5.5]},
			"faces": {
				"north": {"uv": [8, 1.75, 10.25, 4.25], "texture": "#texture"},
				"down": {"uv": [7.25, 1.5, 9.75, 4], "texture": "#texture"}
			}
		},
		{
			"from": [3, 13.75, 6],
			"to": [3.75, 15.25, 6.5],
			"faces": {
				"up": {"uv": [1.5, 2, 4, 4.75], "texture": "#texture"},
				"down": {"uv": [2, 2.5, 4.5, 5], "texture": "#texture"}
			}
		},
		{
			"from": [3, 14.25, 5.5],
			"to": [3.75, 14.75, 7],
			"faces": {
				"north": {"uv": [1, 2, 3.25, 4.5], "texture": "#texture"},
				"south": {"uv": [1, 2, 3.5, 4.5], "texture": "#texture"},
				"west": {"uv": [1.5, 1.5, 4, 4.25], "texture": "#texture"}
			}
		},
		{
			"from": [3, 14.54, 6.5],
			"to": [3.75, 15.25, 7.21],
			"rotation": {"angle": 45, "axis": "x", "origin": [3, 15.25, 6.5]},
			"faces": {
				"south": {"uv": [1, 2, 3.5, 4.5], "texture": "#texture"},
				"west": {"uv": [1.5, 1.5, 4, 4.25], "texture": "#texture"},
				"up": {"uv": [1.5, 2, 4, 4.75], "texture": "#texture"}
			}
		},
		{
			"from": [3, 14.04, 5.5],
			"to": [3.75, 14.75, 6.21],
			"rotation": {"angle": -45, "axis": "x", "origin": [3, 14.75, 5.5]},
			"faces": {
				"south": {"uv": [1, 2, 3.5, 4.5], "texture": "#texture"},
				"west": {"uv": [1.5, 1.5, 4, 4.25], "texture": "#texture"},
				"up": {"uv": [1.5, 2, 4, 4.75], "texture": "#texture"}
			}
		},
		{
			"from": [3, 13.54, 5.5],
			"to": [3.75, 14.25, 6.21],
			"rotation": {"angle": -45, "axis": "x", "origin": [3, 14.25, 5.5]},
			"faces": {
				"north": {"uv": [1, 2, 3.25, 4.5], "texture": "#texture"},
				"west": {"uv": [1.5, 1.5, 4, 4.25], "texture": "#texture"},
				"down": {"uv": [2, 2.5, 4.5, 5], "texture": "#texture"}
			}
		},
		{
			"from": [4.75, 13.75, 6],
			"to": [5.5, 15.25, 6.5],
			"faces": {
				"up": {"uv": [1.5, 2, 4, 4.75], "texture": "#texture"},
				"down": {"uv": [2, 2.5, 4.5, 5], "texture": "#texture"}
			}
		},
		{
			"from": [4.75, 14.25, 5.5],
			"to": [5.5, 14.75, 7],
			"faces": {
				"north": {"uv": [1, 2, 3.25, 4.5], "texture": "#texture"},
				"south": {"uv": [1, 2, 3.5, 4.5], "texture": "#texture"}
			}
		},
		{
			"from": [4.75, 14.54, 6.5],
			"to": [5.5, 15.25, 7.21],
			"rotation": {"angle": 45, "axis": "x", "origin": [4.75, 15.25, 6.5]},
			"faces": {
				"east": {"uv": [1.5, 1, 3.75, 3.5], "texture": "#texture"},
				"south": {"uv": [1, 2, 3.5, 4.5], "texture": "#texture"},
				"up": {"uv": [1.5, 2, 4, 4.75], "texture": "#texture"}
			}
		},
		{
			"from": [4.75, 14.04, 5.5],
			"to": [5.5, 14.75, 6.21],
			"rotation": {"angle": -45, "axis": "x", "origin": [4.75, 14.75, 5.5]},
			"faces": {
				"east": {"uv": [1.5, 1, 3.75, 3.5], "texture": "#texture"},
				"south": {"uv": [1, 2, 3.5, 4.5], "texture": "#texture"},
				"up": {"uv": [1.5, 2, 4, 4.75], "texture": "#texture"}
			}
		},
		{
			"from": [4.75, 13.54, 5.5],
			"to": [5.5, 14.25, 6.21],
			"rotation": {"angle": -45, "axis": "x", "origin": [4.75, 14.25, 5.5]},
			"faces": {
				"north": {"uv": [1, 2, 3.25, 4.5], "texture": "#texture"},
				"east": {"uv": [1.5, 1, 3.75, 3.5], "texture": "#texture"},
				"down": {"uv": [2, 2.5, 4.5, 5], "texture": "#texture"}
			}
		},
		{
			"from": [3, 13.54, 6],
			"to": [5.5, 14.25, 6.71],
			"rotation": {"angle": -45, "axis": "x", "origin": [3, 14.25, 6]},
			"faces": {
				"east": {"uv": [1.5, 1, 3.75, 3.5], "texture": "#texture"},
				"south": {"uv": [1, 2, 3.5, 4.5], "texture": "#texture"},
				"west": {"uv": [1.5, 1.5, 4, 4.25], "texture": "#texture"},
				"down": {"uv": [2, 2.5, 4.5, 5], "texture": "#texture"}
			}
		},
		{
			"from": [2.5, 14.25, 6],
			"to": [6, 14.75, 6.5],
			"faces": {
				"east": {"uv": [1.5, 1, 3.75, 3.5], "texture": "#texture"},
				"south": {"uv": [1, 2, 3.5, 4.5], "texture": "#texture"},
				"west": {"uv": [1.5, 1.5, 4, 4.25], "texture": "#texture"}
			}
		},
		{
			"from": [2.5, 14.04, 6],
			"to": [3.21, 14.75, 6.5],
			"rotation": {"angle": 45, "axis": "z", "origin": [2.5, 14.75, 6]},
			"faces": {
				"north": {"uv": [1, 2, 3.25, 4.5], "texture": "#texture"},
				"east": {"uv": [1.5, 1, 3.75, 3.5], "texture": "#texture"},
				"south": {"uv": [1, 2, 3.5, 4.5], "texture": "#texture"},
				"up": {"uv": [1.5, 2, 4, 4.75], "texture": "#texture"}
			}
		},
		{
			"from": [2.5, 13.54, 6],
			"to": [3.21, 14.25, 6.5],
			"rotation": {"angle": 45, "axis": "z", "origin": [2.5, 14.25, 6]},
			"faces": {
				"north": {"uv": [1, 2, 3.25, 4.5], "texture": "#texture"},
				"south": {"uv": [1, 2, 3.5, 4.5], "texture": "#texture"},
				"west": {"uv": [1.5, 1.5, 4, 4.25], "texture": "#texture"},
				"down": {"uv": [2, 2.5, 4.5, 5], "texture": "#texture"}
			}
		},
		{
			"from": [2.5, 14.25, 6],
			"to": [3.21, 14.75, 6.71],
			"rotation": {"angle": 45, "axis": "y", "origin": [2.5, 14.25, 6]},
			"faces": {
				"north": {"uv": [1, 2, 3.25, 4.5], "texture": "#texture"},
				"east": {"uv": [1.5, 1, 3.75, 3.5], "texture": "#texture"},
				"up": {"uv": [1.5, 2, 4, 4.75], "texture": "#texture"},
				"down": {"uv": [2, 2.5, 4.5, 5], "texture": "#texture"}
			}
		},
		{
			"from": [5.5, 14.25, 5.5],
			"to": [6.21, 14.75, 6.21],
			"rotation": {"angle": -45, "axis": "y", "origin": [5.5, 14.25, 5.5]},
			"faces": {
				"north": {"uv": [1, 2, 3.25, 4.5], "texture": "#texture"},
				"east": {"uv": [1.5, 1, 3.75, 3.5], "texture": "#texture"},
				"up": {"uv": [1.5, 2, 4, 4.75], "texture": "#texture"},
				"down": {"uv": [2, 2.5, 4.5, 5], "texture": "#texture"}
			}
		},
		{
			"from": [5.5, 14.54, 6],
			"to": [6.21, 15.25, 6.5],
			"rotation": {"angle": -45, "axis": "z", "origin": [5.5, 15.25, 6]},
			"faces": {
				"north": {"uv": [1, 2, 3.25, 4.5], "texture": "#texture"},
				"east": {"uv": [1.5, 1, 3.75, 3.5], "texture": "#texture"},
				"south": {"uv": [1, 2, 3.5, 4.5], "texture": "#texture"},
				"up": {"uv": [1.5, 2, 4, 4.75], "texture": "#texture"}
			}
		},
		{
			"from": [5, 13.54, 6],
			"to": [5.71, 14.25, 6.5],
			"rotation": {"angle": 45, "axis": "z", "origin": [5, 14.25, 6]},
			"faces": {
				"north": {"uv": [1, 2, 3.25, 4.5], "texture": "#texture"},
				"east": {"uv": [1.5, 1, 3.75, 3.5], "texture": "#texture"},
				"south": {"uv": [1, 2, 3.5, 4.5], "texture": "#texture"},
				"west": {"uv": [1.5, 1.5, 4, 4.25], "texture": "#texture"},
				"down": {"uv": [2, 2.5, 4.5, 5], "texture": "#texture"}
			}
		},
		{
			"from": [5, 14.25, 6.5],
			"to": [5.71, 14.75, 7.21],
			"rotation": {"angle": 45, "axis": "y", "origin": [5, 14.25, 6.5]},
			"faces": {
				"east": {"uv": [1.5, 1, 3.75, 3.5], "texture": "#texture"},
				"south": {"uv": [1, 2, 3.5, 4.5], "texture": "#texture"},
				"west": {"uv": [1.5, 1.5, 4, 4.25], "texture": "#texture"},
				"up": {"uv": [1.5, 2, 4, 4.75], "texture": "#texture"},
				"down": {"uv": [2, 2.5, 4.5, 5], "texture": "#texture"}
			}
		},
		{
			"from": [2.25, 14.3125, 7.5],
			"to": [4.5, 14.8125, 8.5],
			"faces": {
				"west": {"uv": [1.5, 1.5, 4, 4.25], "texture": "#texture"},
				"up": {"uv": [1.5, 2, 4, 4.75], "texture": "#texture"}
			}
		},
		{
			"from": [1.5, 13.69, 7.5],
			"to": [2.31, 14.5, 8.5],
			"rotation": {"angle": 22.5, "axis": "z", "origin": [1.5, 14.5, 7.5]},
			"faces": {
				"north": {"uv": [1, 2, 3.25, 4.5], "texture": "#texture"},
				"east": {"uv": [1.5, 1, 3.75, 3.5], "texture": "#texture"},
				"south": {"uv": [1, 2, 3.5, 4.5], "texture": "#texture"},
				"up": {"uv": [1.5, 2, 4, 4.75], "texture": "#texture"}
			}
		},
		{
			"from": [4.5, 14.0025, 7.5],
			"to": [5.31, 14.8125, 8.5],
			"rotation": {"angle": -22.5, "axis": "z", "origin": [4.5, 14.8125, 7.5]},
			"faces": {
				"north": {"uv": [1, 2, 3.25, 4.5], "texture": "#texture"},
				"east": {"uv": [1.5, 1, 3.75, 3.5], "texture": "#texture"},
				"south": {"uv": [1, 2, 3.5, 4.5], "texture": "#texture"},
				"up": {"uv": [1.5, 2, 4, 4.75], "texture": "#texture"}
			}
		},
		{
			"from": [2.25, 14.0125, 8.5],
			"to": [4.5, 14.8125, 9.3],
			"rotation": {"angle": 45, "axis": "x", "origin": [2.25, 14.8125, 8.5]},
			"faces": {
				"east": {"uv": [1.5, 1, 3.75, 3.5], "texture": "#texture"},
				"west": {"uv": [1.5, 1.5, 4, 4.25], "texture": "#texture"},
				"up": {"uv": [1.5, 2, 4, 4.75], "texture": "#texture"}
			}
		},
		{
			"from": [2.25, 13.45, 6.9375],
			"to": [4.5, 14.25, 7.7375],
			"rotation": {"angle": -45, "axis": "x", "origin": [2.25, 14.25, 6.9375]},
			"faces": {
				"east": {"uv": [1.5, 1, 3.75, 3.5], "texture": "#texture"},
				"south": {"uv": [1, 2, 3.5, 4.5], "texture": "#texture"},
				"west": {"uv": [1.5, 1.5, 4, 4.25], "texture": "#texture"},
				"up": {"uv": [1.5, 2, 4, 4.75], "texture": "#texture"}
			}
		},
		{
			"from": [3.75, 12.5, 8.76],
			"to": [4.25, 13, 9.51],
			"faces": {
				"east": {"uv": [10.25, 5.75, 13, 9.5], "texture": "#tooth"},
				"south": {"uv": [0.5, 0.5, 10, 14.5], "texture": "#tooth"},
				"west": {"uv": [12, 5.5, 14.25, 8.25], "texture": "#tooth"},
				"up": {"uv": [11.25, 7.5, 13.5, 9.75], "texture": "#tooth"},
				"down": {"uv": [11, 5.75, 13, 8.5], "texture": "#tooth"}
			}
		},
		{
			"from": [3.75, 12.5, 6.49],
			"to": [4.25, 13, 7.24],
			"faces": {
				"north": {"uv": [0.5, 0.5, 10, 14.5], "texture": "#tooth"},
				"east": {"uv": [10.25, 5.75, 13, 9.5], "texture": "#tooth"},
				"west": {"uv": [12, 5.5, 14.25, 8.25], "texture": "#tooth"},
				"up": {"uv": [11.25, 7.5, 13.5, 9.75], "texture": "#tooth"},
				"down": {"uv": [11, 5.75, 13, 8.5], "texture": "#tooth"}
			}
		},
		{
			"from": [3.4575, 12.6, 8.5725],
			"to": [3.9575, 13, 9.3225],
			"rotation": {"angle": -22.5, "axis": "y", "origin": [3.4575, 12.6, 8.5725]},
			"faces": {
				"east": {"uv": [10.25, 5.75, 13, 9.5], "texture": "#tooth"},
				"south": {"uv": [0.5, 0.5, 10, 14.5], "texture": "#tooth"},
				"west": {"uv": [12, 5.5, 14.25, 8.25], "texture": "#tooth"},
				"up": {"uv": [11.25, 7.5, 13.5, 9.75], "texture": "#tooth"},
				"down": {"uv": [11, 5.75, 13, 8.5], "texture": "#tooth"}
			}
		},
		{
			"from": [3.175, 12.6, 6.73],
			"to": [3.675, 13, 7.48],
			"rotation": {"angle": 22.5, "axis": "y", "origin": [3.175, 12.6, 6.73]},
			"faces": {
				"north": {"uv": [0.5, 0.5, 10, 14.5], "texture": "#tooth"},
				"east": {"uv": [10.25, 5.75, 13, 9.5], "texture": "#tooth"},
				"west": {"uv": [12, 5.5, 14.25, 8.25], "texture": "#tooth"},
				"up": {"uv": [11.25, 7.5, 13.5, 9.75], "texture": "#tooth"},
				"down": {"uv": [11, 5.75, 13, 8.5], "texture": "#tooth"}
			}
		},
		{
			"from": [2, 12, 7.5],
			"to": [4.5, 12.5, 8.5],
			"faces": {
				"north": {"uv": [1.25, 7.5, 3.5, 10], "texture": "#texture"},
				"south": {"uv": [1.25, 7, 3.75, 9.5], "texture": "#texture"},
				"down": {"uv": [2, 7.25, 4.5, 9.75], "texture": "#texture"}
			}
		},
		{
			"from": [1.5, 11.79, 7.5],
			"to": [2.21, 12.5, 8.5],
			"rotation": {"angle": 45, "axis": "z", "origin": [1.5, 12.5, 7.5]},
			"faces": {
				"north": {"uv": [1.25, 7.5, 3.5, 10], "texture": "#texture"},
				"south": {"uv": [1.25, 7, 3.75, 9.5], "texture": "#texture"},
				"west": {"uv": [2.25, 8, 4.75, 10.75], "texture": "#texture"},
				"down": {"uv": [2, 7.25, 4.5, 9.75], "texture": "#texture"}
			}
		},
		{
			"from": [3.75, 12, 7],
			"to": [5.25, 12.5, 9],
			"faces": {
				"north": {"uv": [1.25, 7.5, 3.5, 10], "texture": "#texture"},
				"east": {"uv": [2, 8, 4.25, 10.5], "texture": "#texture"},
				"south": {"uv": [1.25, 7, 3.75, 9.5], "texture": "#texture"},
				"west": {"uv": [2.25, 8, 4.75, 10.75], "texture": "#texture"},
				"up": {"uv": [1.75, 6.75, 4.25, 9.5], "texture": "#texture"},
				"down": {"uv": [2, 7.25, 4.5, 9.75], "texture": "#texture"}
			}
		},
		{
			"from": [3.75, 11.795, 8.5],
			"to": [4.5, 12.5, 9.205],
			"rotation": {"angle": -45, "axis": "x", "origin": [3.75, 12.5, 8.5]},
			"faces": {
				"east": {"uv": [2, 8, 4.25, 10.5], "texture": "#texture"},
				"west": {"uv": [2.25, 8, 4.75, 10.75], "texture": "#texture"},
				"down": {"uv": [2, 7.25, 4.5, 9.75], "texture": "#texture"}
			}
		},
		{
			"from": [3.75, 11.795, 6.5],
			"to": [4.5, 12.5, 7.205],
			"rotation": {"angle": -45, "axis": "x", "origin": [3.75, 12.5, 6.5]},
			"faces": {
				"north": {"uv": [1.25, 7.5, 3.5, 10], "texture": "#texture"},
				"east": {"uv": [2, 8, 4.25, 10.5], "texture": "#texture"},
				"west": {"uv": [2.25, 8, 4.75, 10.75], "texture": "#texture"},
				"down": {"uv": [2, 7.25, 4.5, 9.75], "texture": "#texture"}
			}
		},
		{
			"from": [2.25, 12, 7.25],
			"to": [3.75, 12.5, 8.75],
			"faces": {
				"north": {"uv": [1.25, 7.5, 3.5, 10], "texture": "#texture"},
				"south": {"uv": [1.25, 7, 3.75, 9.5], "texture": "#texture"},
				"west": {"uv": [2.25, 8, 4.75, 10.75], "texture": "#texture"},
				"down": {"uv": [2, 7.25, 4.5, 9.75], "texture": "#texture"}
			}
		},
		{
			"from": [2.25, 11.795, 8.25],
			"to": [4.75, 12.5, 8.955],
			"rotation": {"angle": -45, "axis": "x", "origin": [2.25, 12.5, 8.25]},
			"faces": {
				"east": {"uv": [2, 8, 4.25, 10.5], "texture": "#texture"},
				"west": {"uv": [2.25, 8, 4.75, 10.75], "texture": "#texture"},
				"down": {"uv": [2, 7.25, 4.5, 9.75], "texture": "#texture"}
			}
		},
		{
			"from": [2.25, 11.795, 6.75],
			"to": [4.75, 12.5, 7.455],
			"rotation": {"angle": -45, "axis": "x", "origin": [2.25, 12.5, 6.75]},
			"faces": {
				"north": {"uv": [1.25, 7.5, 3.5, 10], "texture": "#texture"},
				"east": {"uv": [2, 8, 4.25, 10.5], "texture": "#texture"},
				"west": {"uv": [2.25, 8, 4.75, 10.75], "texture": "#texture"},
				"down": {"uv": [2, 7.25, 4.5, 9.75], "texture": "#texture"}
			}
		},
		{
			"from": [2.75, 12, 7.25],
			"to": [5.5, 12.75, 8.75],
			"rotation": {"angle": -22.5, "axis": "z", "origin": [2.75, 12.75, 7.25]},
			"faces": {
				"north": {"uv": [1.25, 7.5, 3.5, 10], "texture": "#texture"},
				"south": {"uv": [1.25, 7, 3.75, 9.5], "texture": "#texture"},
				"down": {"uv": [2, 7.25, 4.5, 9.75], "texture": "#texture"}
			}
		},
		{
			"from": [4, 11.75, 7.25],
			"to": [6.75, 12.5, 8.75],
			"rotation": {"angle": -45, "axis": "z", "origin": [4, 12.5, 7.25]},
			"faces": {
				"north": {"uv": [1.25, 7.5, 3.5, 10], "texture": "#texture"},
				"south": {"uv": [1.25, 7, 3.75, 9.5], "texture": "#texture"},
				"down": {"uv": [2, 7.25, 4.5, 9.75], "texture": "#texture"}
			}
		},
		{
			"from": [5.02, 7.5, 7],
			"to": [6.02, 10.25, 9],
			"rotation": {"angle": 22.5, "axis": "z", "origin": [5.02, 10.25, 7]},
			"faces": {
				"north": {"uv": [1.25, 7.5, 3.5, 10], "texture": "#texture"},
				"east": {"uv": [2, 8, 4.25, 10.5], "texture": "#texture"},
				"south": {"uv": [1.25, 7, 3.75, 9.5], "texture": "#texture"},
				"west": {"uv": [2.25, 8, 4.75, 10.75], "texture": "#texture"}
			}
		},
		{
			"from": [6, 5, 6],
			"to": [7.75, 10.25, 10],
			"faces": {
				"north": {"uv": [1, 2, 3.25, 4.5], "texture": "#texture"},
				"east": {"uv": [1.5, 1, 3.75, 3.5], "texture": "#texture"},
				"south": {"uv": [1, 2, 3.5, 4.5], "texture": "#texture"},
				"west": {"uv": [1.5, 1.5, 4, 4.25], "texture": "#texture"},
				"up": {"uv": [1.5, 2, 4, 4.75], "texture": "#texture"}
			}
		},
		{
			"from": [5.5, 7.5, 7],
			"to": [6.5, 9.5, 9],
			"faces": {
				"north": {"uv": [1.25, 7.5, 3.5, 10], "texture": "#texture"},
				"south": {"uv": [1.25, 7, 3.75, 9.5], "texture": "#texture"},
				"west": {"uv": [2.25, 8, 4.75, 10.75], "texture": "#texture"}
			}
		},
		{
			"from": [5.625, 7.375, 6.75],
			"to": [7.0625, 9, 9.25],
			"rotation": {"angle": -22.5, "axis": "z", "origin": [5.625, 9, 6.75]},
			"faces": {
				"north": {"uv": [1.25, 7.5, 3.5, 10], "texture": "#texture"},
				"south": {"uv": [1.25, 7, 3.75, 9.5], "texture": "#texture"},
				"west": {"uv": [2.25, 8, 4.75, 10.75], "texture": "#texture"}
			}
		},
		{
			"from": [5, 6.4375, 6],
			"to": [5.0625, 7.5, 10],
			"faces": {
				"north": {"uv": [1.25, 7.5, 3.5, 10], "texture": "#texture"},
				"east": {"uv": [2, 8, 4.25, 10.5], "texture": "#texture"},
				"south": {"uv": [1.25, 7, 3.75, 9.5], "texture": "#texture"},
				"west": {"uv": [2.25, 8, 4.75, 10.75], "texture": "#texture"},
				"up": {"uv": [1.75, 6.75, 4.25, 9.5], "texture": "#texture"},
				"down": {"uv": [2, 7.25, 4.5, 9.75], "texture": "#texture"}
			}
		},
		{
			"from": [5.125, 6.5309, 6.25],
			"to": [6.1875, 10.0309, 9.75],
			"rotation": {"angle": 22.5, "axis": "z", "origin": [5.125, 10.0309, 6.25]},
			"faces": {
				"north": {"uv": [1, 2, 3.25, 4.5], "texture": "#texture"},
				"east": {"uv": [1.5, 1, 3.75, 3.5], "texture": "#texture"},
				"south": {"uv": [1, 2, 3.5, 4.5], "texture": "#texture"},
				"west": {"uv": [1.5, 1.5, 4, 4.25], "texture": "#texture"},
				"up": {"uv": [1.5, 2, 4, 4.75], "texture": "#texture"}
			}
		},
		{
			"from": [5.875, 7.25, 6.25],
			"to": [7.375, 9.5, 9.75],
			"rotation": {"angle": -22.5, "axis": "z", "origin": [5.875, 9.5, 6.25]},
			"faces": {
				"north": {"uv": [1, 2, 3.25, 4.5], "texture": "#texture"},
				"south": {"uv": [1, 2, 3.5, 4.5], "texture": "#texture"},
				"west": {"uv": [1.5, 1.5, 4, 4.25], "texture": "#texture"}
			}
		},
		{
			"from": [6, 3.25, 6],
			"to": [7.5, 5, 10],
			"faces": {
				"west": {"uv": [9, 1.5, 11.5, 4.25], "texture": "#texture"},
				"down": {"uv": [8.5, 1.25, 11, 3.75], "texture": "#texture"}
			}
		},
		{
			"from": [5.3, 10.75, 8.51],
			"to": [6.675, 12.25, 9.51],
			"rotation": {"angle": 22.5, "axis": "z", "origin": [5.3, 12.25, 8.51]},
			"faces": {
				"north": {"uv": [5.75, 9.5, 8, 11.75], "rotation": 270, "texture": "#particle"},
				"east": {"uv": [4.75, 8.25, 6.5, 10.5], "texture": "#particle"},
				"south": {"uv": [10, 7, 15.75, 14.5], "rotation": 90, "texture": "#particle"},
				"west": {"uv": [2.25, 9, 4, 10.75], "texture": "#particle"},
				"up": {"uv": [2.75, 9, 4.75, 11], "texture": "#particle"},
				"down": {"uv": [3.5, 9, 5.25, 10.25], "texture": "#particle"}
			}
		},
		{
			"from": [5.3, 10.75, 6.49],
			"to": [6.675, 12.25, 7.49],
			"rotation": {"angle": 22.5, "axis": "z", "origin": [5.3, 12.25, 6.49]},
			"faces": {
				"north": {"uv": [10, 7, 15.75, 14.5], "rotation": 270, "texture": "#particle"},
				"east": {"uv": [4.75, 8.25, 6.5, 10.5], "texture": "#particle"},
				"south": {"uv": [5, 9.5, 8, 12.5], "rotation": 90, "texture": "#particle"},
				"west": {"uv": [2.25, 9, 4, 10.75], "texture": "#particle"},
				"up": {"uv": [2.75, 9, 4.75, 11], "texture": "#particle"},
				"down": {"uv": [3.5, 9, 5.25, 10.25], "texture": "#particle"}
			}
		},
		{
			"from": [5.2925, 10.74, 6.5],
			"to": [6.6675, 12.24, 9.5],
			"rotation": {"angle": 22.5, "axis": "z", "origin": [5.2925, 12.24, 6.5]},
			"faces": {
				"north": {"uv": [4.5, 8.75, 6.5, 11.5], "rotation": 270, "texture": "#particle"},
				"east": {"uv": [10, 7, 15.75, 14.5], "rotation": 270, "texture": "#particle"},
				"south": {"uv": [5, 8.5, 7.75, 11.25], "rotation": 90, "texture": "#particle"},
				"up": {"uv": [2.75, 9, 4.75, 11], "texture": "#particle"},
				"down": {"uv": [3.5, 9, 5.25, 10.25], "texture": "#particle"}
			}
		},
		{
			"from": [6.105, 9.435, 6.25],
			"to": [7.355, 10.435, 9.75],
			"rotation": {"angle": -22.5, "axis": "z", "origin": [6.105, 10.435, 6.25]},
			"faces": {
				"north": {"uv": [1, 2, 3.25, 4.5], "texture": "#texture"},
				"south": {"uv": [1, 2, 3.5, 4.5], "texture": "#texture"},
				"up": {"uv": [1.5, 2, 4, 4.75], "texture": "#texture"}
			}
		},
		{
			"from": [6.25, 8.25, 5],
			"to": [7.75, 9.5, 11],
			"faces": {
				"north": {"uv": [1.75, 1.25, 4, 4], "texture": "#texture"},
				"east": {"uv": [1.5, 3, 4.5, 5.25], "texture": "#texture"},
				"south": {"uv": [0.75, 1, 4.25, 4], "texture": "#texture"},
				"west": {"uv": [1, 1.25, 3.5, 3.75], "texture": "#texture"},
				"down": {"uv": [1.75, 2.75, 5, 4.25], "texture": "#texture"}
			}
		},
		{
			"from": [6.25, 7.37, 5],
			"to": [7.75, 9.5, 7.13],
			"rotation": {"angle": -45, "axis": "x", "origin": [6.25, 9.5, 5]},
			"faces": {
				"east": {"uv": [1.5, 3, 4.5, 5.25], "texture": "#texture"},
				"south": {"uv": [0.75, 1, 4.25, 4], "texture": "#texture"},
				"west": {"uv": [1, 1.25, 3.5, 3.75], "texture": "#texture"},
				"up": {"uv": [1.5, 2.5, 4, 4.75], "texture": "#texture"}
			}
		},
		{
			"from": [6.25, 8.87, 9.5],
			"to": [7.75, 11, 11.63],
			"rotation": {"angle": 45, "axis": "x", "origin": [6.25, 11, 9.5]},
			"faces": {
				"north": {"uv": [1.75, 1.25, 4, 4], "texture": "#texture"},
				"east": {"uv": [1.5, 3, 4.5, 5.25], "texture": "#texture"},
				"south": {"uv": [0.75, 1, 4.25, 4], "texture": "#texture"},
				"west": {"uv": [1, 1.25, 3.5, 3.75], "texture": "#texture"},
				"up": {"uv": [1.5, 2.5, 4, 4.75], "texture": "#texture"}
			}
		},
		{
			"from": [6.25, 8.1575, 5.47836],
			"to": [7.75, 9.4075, 8.22836],
			"rotation": {"angle": 22.5, "axis": "x", "origin": [6.25, 9.4075, 5.47836]},
			"faces": {
				"east": {"uv": [1.5, 3, 4.5, 5.25], "texture": "#texture"},
				"west": {"uv": [1, 1.25, 3.5, 3.75], "texture": "#texture"},
				"down": {"uv": [1.75, 2.75, 5, 4.25], "texture": "#texture"}
			}
		},
		{
			"from": [6.25, 7.105, 7.9375],
			"to": [7.75, 8.355, 10.6875],
			"rotation": {"angle": -22.5, "axis": "x", "origin": [6.25, 8.355, 7.9375]},
			"faces": {
				"east": {"uv": [1.5, 3, 4.5, 5.25], "texture": "#texture"},
				"west": {"uv": [1, 1.25, 3.5, 3.75], "texture": "#texture"},
				"down": {"uv": [1.75, 2.75, 5, 4.25], "texture": "#texture"}
			}
		},
		{
			"from": [6.375, 7.625, 3.25],
			"to": [7.625, 8.375, 5.38],
			"rotation": {"angle": -22.5, "axis": "x", "origin": [6.375, 8.375, 3.25]},
			"faces": {
				"east": {"uv": [1.5, 3, 4.5, 5.25], "texture": "#texture"},
				"west": {"uv": [1, 1.25, 3.5, 3.75], "texture": "#texture"},
				"up": {"uv": [1.5, 2.5, 4, 4.75], "texture": "#texture"}
			}
		},
		{
			"from": [2, 7.5, 3.25],
			"to": [7.625, 8.375, 4.125],
			"faces": {
				"north": {"uv": [1.75, 1.25, 4, 4], "texture": "#texture"},
				"east": {"uv": [1.5, 3, 4.5, 5.25], "texture": "#texture"},
				"south": {"uv": [0.75, 1, 4.25, 4], "texture": "#texture"},
				"up": {"uv": [1.5, 2.5, 4, 4.75], "texture": "#texture"},
				"down": {"uv": [1.75, 2.75, 5, 4.25], "texture": "#texture"}
			}
		},
		{
			"from": [2, 7.5, 12],
			"to": [7.625, 8.375, 12.875],
			"faces": {
				"north": {"uv": [1.75, 1.25, 4, 4], "texture": "#texture"},
				"east": {"uv": [1.5, 3, 4.5, 5.25], "texture": "#texture"},
				"south": {"uv": [0.75, 1, 4.25, 4], "texture": "#texture"},
				"up": {"uv": [1.5, 2.5, 4, 4.75], "texture": "#texture"},
				"down": {"uv": [1.75, 2.75, 5, 4.25], "texture": "#texture"}
			}
		},
		{
			"from": [6.375, 8.4375, 10.905],
			"to": [7.625, 9.1875, 13.035],
			"rotation": {"angle": 22.5, "axis": "x", "origin": [6.375, 9.1875, 10.905]},
			"faces": {
				"east": {"uv": [1.5, 3, 4.5, 5.25], "texture": "#texture"},
				"west": {"uv": [1, 1.25, 3.5, 3.75], "texture": "#texture"},
				"up": {"uv": [1.5, 2.5, 4, 4.75], "texture": "#texture"}
			}
		},
		{
			"from": [1.5, 7.5625, 12.0625],
			"to": [2, 8.3125, 12.8125],
			"faces": {
				"north": {"uv": [3.625, 1.5, 5.875, 4.25], "texture": "#tooth"},
				"south": {"uv": [4.125, 1.125, 7.625, 4.125], "texture": "#tooth"},
				"west": {"uv": [3.875, 3.125, 6.375, 5.625], "texture": "#tooth"},
				"up": {"uv": [4.375, 2.25, 6.875, 4.5], "texture": "#tooth"},
				"down": {"uv": [4.125, 2.25, 7.375, 3.75], "texture": "#tooth"}
			}
		},
		{
			"from": [2, 7.9375, 12.75],
			"to": [7, 8, 16.5],
			"rotation": {"angle": 22.5, "axis": "x", "origin": [2, 8, 12.75]},
			"faces": {
				"east": {"uv": [12.75, 4.5, 14.25, 6], "texture": "#fin_side"},
				"south": {"uv": [12, 6.25, 13.75, 7.75], "texture": "#fin_side"},
				"west": {"uv": [12.75, 9, 15.25, 10.5], "texture": "#fin_side"},
				"up": {"uv": [0.25, 15.75, 13, 0.25], "texture": "#fin_side"},
				"down": {"uv": [0.25, 0.25, 13, 15.75], "texture": "#fin_side"}
			}
		},
		{
			"from": [6.375, 7.5, 3.9375],
			"to": [7.625, 7.875, 6.0625],
			"rotation": {"angle": -22.5, "axis": "x", "origin": [6.375, 7.875, 3.9375]},
			"faces": {
				"east": {"uv": [1.5, 3, 4.5, 5.25], "texture": "#texture"},
				"west": {"uv": [1, 1.25, 3.5, 3.75], "texture": "#texture"},
				"down": {"uv": [1.75, 2.75, 5, 4.25], "texture": "#texture"}
			}
		},
		{
			"from": [2, 6.5, 0.0625],
			"to": [7, 6.5625, 3.8125],
			"rotation": {"angle": -22.5, "axis": "x", "origin": [2, 6.5625, 0.0625]},
			"faces": {
				"north": {"uv": [12.5, 5.75, 14.5, 8], "texture": "#fin_side"},
				"east": {"uv": [12.75, 4.5, 14.25, 6], "texture": "#fin_side"},
				"west": {"uv": [12.75, 9, 15.25, 10.5], "texture": "#fin_side"},
				"up": {"uv": [0.25, 0.25, 13, 15.75], "texture": "#fin_side"},
				"down": {"uv": [0.25, 15.75, 13, 0.25], "texture": "#fin_side"}
			}
		},
		{
			"from": [6.5, 8.75, 6.5],
			"to": [7.75, 11, 9.5],
			"faces": {
				"east": {"uv": [1.5, 1, 3.75, 3.5], "texture": "#texture"},
				"up": {"uv": [1.5, 2, 4, 4.75], "texture": "#texture"}
			}
		},
		{
			"from": [6.625, 6.5, 6.5],
			"to": [7.875, 10.5, 9.5],
			"rotation": {"angle": 22.5, "axis": "z", "origin": [6.625, 10.5, 6.5]},
			"faces": {
				"north": {"uv": [1, 2, 3.25, 4.5], "texture": "#texture"},
				"east": {"uv": [1.5, 1, 3.75, 3.5], "texture": "#texture"},
				"south": {"uv": [1, 2, 3.5, 4.5], "texture": "#texture"},
				"up": {"uv": [1.5, 2, 4, 4.75], "texture": "#texture"}
			}
		},
		{
			"from": [8.0625, 4, 6.5],
			"to": [9.3125, 7.3125, 9.5],
			"faces": {
				"north": {"uv": [1, 2, 3.25, 4.5], "texture": "#texture"},
				"south": {"uv": [1, 2, 3.5, 4.5], "texture": "#texture"}
			}
		},
		{
			"from": [7.75, 5, 6.5],
			"to": [8.25, 8, 9.5],
			"faces": {
				"north": {"uv": [1, 2, 3.25, 4.5], "texture": "#texture"},
				"south": {"uv": [1, 2, 3.5, 4.5], "texture": "#texture"}
			}
		},
		{
			"from": [9.25, 6, 6.5],
			"to": [12.125, 7.25, 9.5],
			"rotation": {"angle": -22.5, "axis": "z", "origin": [9.25, 7.25, 6.5]},
			"faces": {
				"north": {"uv": [1, 2, 3.25, 4.5], "texture": "#texture"},
				"south": {"uv": [1, 2, 3.5, 4.5], "texture": "#texture"},
				"up": {"uv": [1.5, 2, 4, 4.75], "texture": "#texture"}
			}
		},
		{
			"from": [8.25, 7.75, 6.5],
			"to": [12.25, 9.25, 9.5],
			"rotation": {"angle": -45, "axis": "z", "origin": [8.25, 9.25, 6.5]},
			"faces": {
				"north": {"uv": [1, 2, 3.25, 4.5], "texture": "#texture"},
				"south": {"uv": [1, 2, 3.5, 4.5], "texture": "#texture"},
				"up": {"uv": [1.5, 2, 4, 4.75], "texture": "#texture"}
			}
		},
		{
			"from": [9.25, 4, 6.5],
			"to": [13.25, 6.25, 9.5],
			"faces": {
				"north": {"uv": [1, 2, 3.25, 4.5], "texture": "#texture"},
				"east": {"uv": [1.5, 1, 3.75, 3.5], "texture": "#texture"},
				"south": {"uv": [1, 2, 3.5, 4.5], "texture": "#texture"},
				"up": {"uv": [1.5, 2, 4, 4.75], "texture": "#texture"}
			}
		},
		{
			"from": [5.75, 2.75, 4.5],
			"to": [8.5, 5.5, 6.5],
			"faces": {
				"north": {"uv": [1, 2, 3.25, 4.5], "texture": "#texture"},
				"east": {"uv": [1.5, 1, 3.75, 3.5], "texture": "#texture"},
				"south": {"uv": [1, 2, 3.5, 4.5], "texture": "#texture"},
				"west": {"uv": [1.5, 1.5, 4, 4.25], "texture": "#texture"},
				"down": {"uv": [2, 2.5, 4.5, 5], "texture": "#texture"}
			}
		},
		{
			"from": [7.5, 3.25, 6.5],
			"to": [8.5, 5, 9.5],
			"faces": {
				"down": {"uv": [8.5, 1.25, 11, 3.75], "texture": "#texture"}
			}
		},
		{
			"from": [5.75, 2.75, 9.5],
			"to": [8.5, 5.5, 11.5],
			"faces": {
				"north": {"uv": [1, 2, 3.25, 4.5], "texture": "#texture"},
				"east": {"uv": [1.5, 1, 3.75, 3.5], "texture": "#texture"},
				"south": {"uv": [1, 2, 3.5, 4.5], "texture": "#texture"},
				"west": {"uv": [1.5, 1.5, 4, 4.25], "texture": "#texture"},
				"down": {"uv": [2, 2.5, 4.5, 5], "texture": "#texture"}
			}
		},
		{
			"from": [5.75, 4, 4.5],
			"to": [8.5, 5.5, 7.33],
			"rotation": {"angle": -45, "axis": "x", "origin": [5.75, 5.5, 4.5]},
			"faces": {
				"east": {"uv": [1.5, 1, 3.75, 3.5], "texture": "#texture"},
				"south": {"uv": [1, 2, 3.5, 4.5], "texture": "#texture"},
				"west": {"uv": [1.5, 1.5, 4, 4.25], "texture": "#texture"},
				"up": {"uv": [1.5, 2, 4, 4.75], "texture": "#texture"}
			}
		},
		{
			"from": [5.75, 6, 9.5],
			"to": [8.5, 7.5, 12.33],
			"rotation": {"angle": 45, "axis": "x", "origin": [5.75, 7.5, 9.5]},
			"faces": {
				"north": {"uv": [1, 2, 3.25, 4.5], "texture": "#texture"},
				"east": {"uv": [1.5, 1, 3.75, 3.5], "texture": "#texture"},
				"south": {"uv": [1, 2, 3.5, 4.5], "texture": "#texture"},
				"west": {"uv": [1.5, 1.5, 4, 4.25], "texture": "#texture"},
				"up": {"uv": [1.5, 2, 4, 4.75], "texture": "#texture"}
			}
		},
		{
			"from": [6.5, 0, 9.5],
			"to": [8.25, 1, 11.5],
			"faces": {
				"north": {"uv": [1, 2, 3.25, 4.5], "texture": "#texture"},
				"east": {"uv": [1.5, 1, 3.75, 3.5], "texture": "#texture"},
				"south": {"uv": [1, 2, 3.5, 4.5], "texture": "#texture"},
				"west": {"uv": [1.5, 1.5, 4, 4.25], "texture": "#texture"},
				"up": {"uv": [1.5, 2, 4, 4.75], "texture": "#texture"},
				"down": {"uv": [2, 2.5, 4.5, 5], "texture": "#texture"}
			}
		},
		{
			"from": [6.25, 2.625, 9.5],
			"to": [9.59, 3.875, 11.5],
			"rotation": {"angle": -22.5, "axis": "z", "origin": [6.25, 3.875, 9.5]},
			"faces": {
				"north": {"uv": [1, 2, 3.25, 4.5], "texture": "#texture"},
				"east": {"uv": [1.5, 1, 3.75, 3.5], "texture": "#texture"},
				"south": {"uv": [1, 2, 3.5, 4.5], "texture": "#texture"},
				"west": {"uv": [1.5, 1.5, 4, 4.25], "texture": "#texture"},
				"up": {"uv": [1.5, 2, 4, 4.75], "texture": "#texture"},
				"down": {"uv": [2, 2.5, 4.5, 5], "texture": "#texture"}
			}
		},
		{
			"from": [8.25, 1.75, 9.5],
			"to": [8.5, 2.75, 11.5],
			"faces": {
				"north": {"uv": [1, 2, 3.25, 4.5], "texture": "#texture"},
				"south": {"uv": [1, 2, 3.5, 4.5], "texture": "#texture"}
			}
		},
		{
			"from": [5.5, 3, 9.75],
			"to": [8.75, 5, 11.25],
			"faces": {
				"north": {"uv": [1, 2, 3.25, 4.5], "texture": "#texture"},
				"east": {"uv": [1.5, 1, 3.75, 3.5], "texture": "#texture"},
				"west": {"uv": [1.5, 1.5, 4, 4.25], "texture": "#texture"},
				"up": {"uv": [1.5, 2, 4, 4.75], "texture": "#texture"},
				"down": {"uv": [2, 2.5, 4.5, 5], "texture": "#texture"}
			}
		},
		{
			"from": [6, 3, 10.25],
			"to": [8.25, 5, 11.75],
			"faces": {
				"south": {"uv": [1, 2, 3.5, 4.5], "texture": "#texture"},
				"up": {"uv": [1.5, 2, 4, 4.75], "texture": "#texture"},
				"down": {"uv": [2, 2.5, 4.5, 5], "texture": "#texture"}
			}
		},
		{
			"from": [6, 4.9, 11.5],
			"to": [8.25, 5.25, 11.85],
			"rotation": {"angle": 45, "axis": "x", "origin": [6, 5.25, 11.5]},
			"faces": {
				"east": {"uv": [1.5, 1, 3.75, 3.5], "texture": "#texture"},
				"south": {"uv": [1, 2, 3.5, 4.5], "texture": "#texture"},
				"west": {"uv": [1.5, 1.5, 4, 4.25], "texture": "#texture"},
				"up": {"uv": [1.5, 2, 4, 4.75], "texture": "#texture"}
			}
		},
		{
			"from": [6, 2.65, 11.25],
			"to": [8.25, 3, 11.6],
			"rotation": {"angle": -45, "axis": "x", "origin": [6, 3, 11.25]},
			"faces": {
				"east": {"uv": [1.5, 1, 3.75, 3.5], "texture": "#texture"},
				"west": {"uv": [1.5, 1.5, 4, 4.25], "texture": "#texture"},
				"down": {"uv": [2, 2.5, 4.5, 5], "texture": "#texture"}
			}
		},
		{
			"from": [5.5, 2.65, 9.75],
			"to": [5.85, 3, 11.25],
			"rotation": {"angle": 45, "axis": "z", "origin": [5.5, 3, 9.75]},
			"faces": {
				"north": {"uv": [1, 2, 3.25, 4.5], "texture": "#texture"},
				"south": {"uv": [1, 2, 3.5, 4.5], "texture": "#texture"},
				"west": {"uv": [1.5, 1.5, 4, 4.25], "texture": "#texture"},
				"down": {"uv": [2, 2.5, 4.5, 5], "texture": "#texture"}
			}
		},
		{
			"from": [5.5, 4.65, 9.75],
			"to": [5.85, 5, 11.25],
			"rotation": {"angle": 45, "axis": "z", "origin": [5.5, 5, 9.75]},
			"faces": {
				"north": {"uv": [1, 2, 3.25, 4.5], "texture": "#texture"},
				"east": {"uv": [1.5, 1, 3.75, 3.5], "texture": "#texture"},
				"south": {"uv": [1, 2, 3.5, 4.5], "texture": "#texture"},
				"up": {"uv": [1.5, 2, 4, 4.75], "texture": "#texture"}
			}
		},
		{
			"from": [8.5, 4.9, 9.75],
			"to": [8.85, 5.25, 11.25],
			"rotation": {"angle": -45, "axis": "z", "origin": [8.5, 5.25, 9.75]},
			"faces": {
				"north": {"uv": [1, 2, 3.25, 4.5], "texture": "#texture"},
				"east": {"uv": [1.5, 1, 3.75, 3.5], "texture": "#texture"},
				"south": {"uv": [1, 2, 3.5, 4.5], "texture": "#texture"},
				"up": {"uv": [1.5, 2, 4, 4.75], "texture": "#texture"}
			}
		},
		{
			"from": [8.5, 2.9, 9.75],
			"to": [8.85, 3.25, 11.25],
			"rotation": {"angle": -45, "axis": "z", "origin": [8.5, 3.25, 9.75]},
			"faces": {
				"north": {"uv": [1, 2, 3.25, 4.5], "texture": "#texture"},
				"east": {"uv": [1.5, 1, 3.75, 3.5], "texture": "#texture"},
				"south": {"uv": [1, 2, 3.5, 4.5], "texture": "#texture"}
			}
		},
		{
			"from": [5.5, 3, 9.75],
			"to": [5.85, 5, 10.1],
			"rotation": {"angle": 45, "axis": "y", "origin": [5.5, 3, 9.75]},
			"faces": {
				"north": {"uv": [1, 2, 3.25, 4.5], "texture": "#texture"},
				"east": {"uv": [1.5, 1, 3.75, 3.5], "texture": "#texture"},
				"up": {"uv": [1.5, 2, 4, 4.75], "texture": "#texture"},
				"down": {"uv": [2, 2.5, 4.5, 5], "texture": "#texture"}
			}
		},
		{
			"from": [8.5, 3, 9.5],
			"to": [8.85, 5, 9.85],
			"rotation": {"angle": -45, "axis": "y", "origin": [8.5, 3, 9.5]},
			"faces": {
				"north": {"uv": [1, 2, 3.25, 4.5], "texture": "#texture"},
				"east": {"uv": [1.5, 1, 3.75, 3.5], "texture": "#texture"},
				"up": {"uv": [1.5, 2, 4, 4.75], "texture": "#texture"},
				"down": {"uv": [2, 2.5, 4.5, 5], "texture": "#texture"}
			}
		},
		{
			"from": [5.5, 3, 11.25],
			"to": [6.21, 5, 11.96],
			"rotation": {"angle": 45, "axis": "y", "origin": [5.5, 3, 11.25]},
			"faces": {
				"south": {"uv": [1, 2, 3.5, 4.5], "texture": "#texture"},
				"west": {"uv": [1.5, 1.5, 4, 4.25], "texture": "#texture"},
				"up": {"uv": [1.5, 2, 4, 4.75], "texture": "#texture"},
				"down": {"uv": [2, 2.5, 4.5, 5], "texture": "#texture"}
			}
		},
		{
			"from": [8.25, 3, 10.75],
			"to": [8.96, 5, 11.46],
			"rotation": {"angle": -45, "axis": "y", "origin": [8.25, 3, 10.75]},
			"faces": {
				"north": {"uv": [1, 2, 3.25, 4.5], "texture": "#texture"},
				"east": {"uv": [1.5, 1, 3.75, 3.5], "texture": "#texture"},
				"south": {"uv": [1, 2, 3.5, 4.5], "texture": "#texture"},
				"up": {"uv": [1.5, 2, 4, 4.75], "texture": "#texture"},
				"down": {"uv": [2, 2.5, 4.5, 5], "texture": "#texture"}
			}
		},
		{
			"from": [3.75, 2, 10.5],
			"to": [5.75, 4, 10.5625],
			"rotation": {"angle": 22.5, "axis": "z", "origin": [3.75, 4, 10.5]},
			"faces": {
				"north": {"uv": [14, 0.25, 5, 9], "rotation": 90, "texture": "#leg"},
				"south": {"uv": [5, 0.25, 14, 9], "rotation": 270, "texture": "#leg"},
				"west": {"uv": [8, 10.75, 10.75, 12.25], "texture": "#leg"},
				"up": {"uv": [4, 12, 8, 14.5], "rotation": 90, "texture": "#leg"},
				"down": {"uv": [4, 11.5, 7, 13.75], "texture": "#leg"}
			}
		},
		{
			"from": [5.75, 0, 9.52],
			"to": [6.5, 0.5, 9.77],
			"faces": {
				"north": {"uv": [3.625, 1.5, 5.875, 4.25], "texture": "#tooth"},
				"south": {"uv": [4.125, 1.125, 7.625, 4.125], "texture": "#tooth"},
				"west": {"uv": [3.875, 3.125, 6.375, 5.625], "texture": "#tooth"},
				"up": {"uv": [4.375, 2.25, 6.875, 4.5], "texture": "#tooth"},
				"down": {"uv": [4.125, 2.25, 7.375, 3.75], "texture": "#tooth"}
			}
		},
		{
			"from": [6, -0.21, 9.52],
			"to": [6.71, 0.5, 9.77],
			"rotation": {"angle": 45, "axis": "z", "origin": [6, 0.5, 9.52]},
			"faces": {
				"north": {"uv": [3.625, 1.5, 5.875, 4.25], "texture": "#tooth"},
				"east": {"uv": [4.125, 2.875, 7.125, 5.125], "texture": "#tooth"},
				"south": {"uv": [4.125, 1.125, 7.625, 4.125], "texture": "#tooth"},
				"west": {"uv": [3.875, 3.125, 6.375, 5.625], "texture": "#tooth"},
				"up": {"uv": [4.375, 2.25, 6.875, 4.5], "texture": "#tooth"},
				"down": {"uv": [4.125, 2.25, 7.375, 3.75], "texture": "#tooth"}
			}
		},
		{
			"from": [5.75, 0, 11.23],
			"to": [6.5, 0.5, 11.48],
			"faces": {
				"north": {"uv": [3.625, 1.5, 5.875, 4.25], "texture": "#tooth"},
				"south": {"uv": [4.125, 1.125, 7.625, 4.125], "texture": "#tooth"},
				"west": {"uv": [3.875, 3.125, 6.375, 5.625], "texture": "#tooth"},
				"up": {"uv": [4.375, 2.25, 6.875, 4.5], "texture": "#tooth"},
				"down": {"uv": [4.125, 2.25, 7.375, 3.75], "texture": "#tooth"}
			}
		},
		{
			"from": [5.75, 0, 10.375],
			"to": [6.5, 0.5, 10.625],
			"faces": {
				"north": {"uv": [3.625, 1.5, 5.875, 4.25], "texture": "#tooth"},
				"south": {"uv": [4.125, 1.125, 7.625, 4.125], "texture": "#tooth"},
				"west": {"uv": [3.875, 3.125, 6.375, 5.625], "texture": "#tooth"},
				"up": {"uv": [4.375, 2.25, 6.875, 4.5], "texture": "#tooth"},
				"down": {"uv": [4.125, 2.25, 7.375, 3.75], "texture": "#tooth"}
			}
		},
		{
			"from": [6, -0.21, 10.375],
			"to": [6.71, 0.5, 10.625],
			"rotation": {"angle": 45, "axis": "z", "origin": [6, 0.5, 10.375]},
			"faces": {
				"north": {"uv": [3.625, 1.5, 5.875, 4.25], "texture": "#tooth"},
				"east": {"uv": [4.125, 2.875, 7.125, 5.125], "texture": "#tooth"},
				"south": {"uv": [4.125, 1.125, 7.625, 4.125], "texture": "#tooth"},
				"west": {"uv": [3.875, 3.125, 6.375, 5.625], "texture": "#tooth"},
				"up": {"uv": [4.375, 2.25, 6.875, 4.5], "texture": "#tooth"},
				"down": {"uv": [4.125, 2.25, 7.375, 3.75], "texture": "#tooth"}
			}
		},
		{
			"from": [6, -0.21, 11.23],
			"to": [6.71, 0.5, 11.48],
			"rotation": {"angle": 45, "axis": "z", "origin": [6, 0.5, 11.23]},
			"faces": {
				"north": {"uv": [3.625, 1.5, 5.875, 4.25], "texture": "#tooth"},
				"east": {"uv": [4.125, 2.875, 7.125, 5.125], "texture": "#tooth"},
				"south": {"uv": [4.125, 1.125, 7.625, 4.125], "texture": "#tooth"},
				"west": {"uv": [3.875, 3.125, 6.375, 5.625], "texture": "#tooth"},
				"up": {"uv": [4.375, 2.25, 6.875, 4.5], "texture": "#tooth"},
				"down": {"uv": [4.125, 2.25, 7.375, 3.75], "texture": "#tooth"}
			}
		},
		{
			"from": [6.25, 0.25, 4.5],
			"to": [7.5, 3, 6.5],
			"rotation": {"angle": 45, "axis": "z", "origin": [6.25, 3, 4.5]},
			"faces": {
				"north": {"uv": [1, 2, 3.25, 4.5], "texture": "#texture"},
				"east": {"uv": [1.5, 1, 3.75, 3.5], "texture": "#texture"},
				"south": {"uv": [1, 2, 3.5, 4.5], "texture": "#texture"},
				"west": {"uv": [1.5, 1.5, 4, 4.25], "texture": "#texture"}
			}
		},
		{
			"from": [5.5, 0, 4.5],
			"to": [8.25, 1, 6.5],
			"faces": {
				"north": {"uv": [1, 2, 3.25, 4.5], "texture": "#texture"},
				"east": {"uv": [1.5, 1, 3.75, 3.5], "texture": "#texture"},
				"south": {"uv": [1, 2, 3.5, 4.5], "texture": "#texture"},
				"west": {"uv": [1.5, 1.5, 4, 4.25], "texture": "#texture"},
				"up": {"uv": [1.5, 2, 4, 4.75], "texture": "#texture"},
				"down": {"uv": [2, 2.5, 4.5, 5], "texture": "#texture"}
			}
		},
		{
			"from": [7.54, -0.29, 4.5],
			"to": [9.5, 0.71, 6.5],
			"rotation": {"angle": 45, "axis": "z", "origin": [7.54, 0.71, 4.5]},
			"faces": {
				"north": {"uv": [1, 2, 3.25, 4.5], "texture": "#texture"},
				"east": {"uv": [1.5, 1, 3.75, 3.5], "texture": "#texture"},
				"south": {"uv": [1, 2, 3.5, 4.5], "texture": "#texture"},
				"up": {"uv": [1.5, 2, 4, 4.75], "texture": "#texture"},
				"down": {"uv": [2, 2.5, 4.5, 5], "texture": "#texture"}
			}
		},
		{
			"from": [6.25, 2.625, 4.5],
			"to": [7.9375, 3.875, 6.5],
			"rotation": {"angle": -22.5, "axis": "z", "origin": [6.25, 3.875, 4.5]},
			"faces": {
				"north": {"uv": [1, 2, 3.25, 4.5], "texture": "#texture"},
				"south": {"uv": [1, 2, 3.5, 4.5], "texture": "#texture"},
				"west": {"uv": [1.5, 1.5, 4, 4.25], "texture": "#texture"},
				"down": {"uv": [2, 2.5, 4.5, 5], "texture": "#texture"}
			}
		},
		{
			"from": [8.25, 1.75, 4.5],
			"to": [8.5, 2.75, 6.5],
			"faces": {
				"north": {"uv": [1, 2, 3.25, 4.5], "texture": "#texture"},
				"east": {"uv": [1.5, 1, 3.75, 3.5], "texture": "#texture"},
				"south": {"uv": [1, 2, 3.5, 4.5], "texture": "#texture"}
			}
		},
		{
			"from": [6.75, -0.25, 4.5],
			"to": [9, 0.75, 6.5],
			"rotation": {"angle": 45, "axis": "z", "origin": [6.75, 0.75, 4.5]},
			"faces": {
				"north": {"uv": [1, 2, 3.25, 4.5], "texture": "#texture"},
				"south": {"uv": [1, 2, 3.5, 4.5], "texture": "#texture"},
				"up": {"uv": [1.5, 2, 4, 4.75], "texture": "#texture"}
			}
		},
		{
			"from": [5.5, 3, 4.75],
			"to": [8.75, 5, 6.25],
			"faces": {
				"east": {"uv": [1.5, 1, 3.75, 3.5], "texture": "#texture"},
				"south": {"uv": [1, 2, 3.5, 4.5], "texture": "#texture"},
				"west": {"uv": [1.5, 1.5, 4, 4.25], "texture": "#texture"},
				"up": {"uv": [1.5, 2, 4, 4.75], "texture": "#texture"},
				"down": {"uv": [2, 2.5, 4.5, 5], "texture": "#texture"}
			}
		},
		{
			"from": [6, 3, 4.25],
			"to": [8.25, 5, 5.75],
			"faces": {
				"north": {"uv": [1, 2, 3.25, 4.5], "texture": "#texture"}
			}
		},
		{
			"from": [6, 4.65, 4.25],
			"to": [8.25, 5, 4.6],
			"rotation": {"angle": -45, "axis": "x", "origin": [6, 5, 4.25]},
			"faces": {
				"east": {"uv": [1.5, 1, 3.75, 3.5], "texture": "#texture"},
				"south": {"uv": [1, 2, 3.5, 4.5], "texture": "#texture"},
				"west": {"uv": [1.5, 1.5, 4, 4.25], "texture": "#texture"},
				"up": {"uv": [1.5, 2, 4, 4.75], "texture": "#texture"}
			}
		},
		{
			"from": [6, 2.65, 4.25],
			"to": [8.25, 3, 4.6],
			"rotation": {"angle": -45, "axis": "x", "origin": [6, 3, 4.25]},
			"faces": {
				"north": {"uv": [1, 2, 3.25, 4.5], "texture": "#texture"},
				"east": {"uv": [1.5, 1, 3.75, 3.5], "texture": "#texture"},
				"west": {"uv": [1.5, 1.5, 4, 4.25], "texture": "#texture"},
				"down": {"uv": [2, 2.5, 4.5, 5], "texture": "#texture"}
			}
		},
		{
			"from": [5.5, 2.65, 4.75],
			"to": [5.85, 3, 6.25],
			"rotation": {"angle": 45, "axis": "z", "origin": [5.5, 3, 4.75]},
			"faces": {
				"north": {"uv": [1, 2, 3.25, 4.5], "texture": "#texture"},
				"south": {"uv": [1, 2, 3.5, 4.5], "texture": "#texture"},
				"west": {"uv": [1.5, 1.5, 4, 4.25], "texture": "#texture"},
				"down": {"uv": [2, 2.5, 4.5, 5], "texture": "#texture"}
			}
		},
		{
			"from": [5.5, 4.65, 4.75],
			"to": [5.85, 5, 6.25],
			"rotation": {"angle": 45, "axis": "z", "origin": [5.5, 5, 4.75]},
			"faces": {
				"north": {"uv": [1, 2, 3.25, 4.5], "texture": "#texture"},
				"east": {"uv": [1.5, 1, 3.75, 3.5], "texture": "#texture"},
				"south": {"uv": [1, 2, 3.5, 4.5], "texture": "#texture"},
				"up": {"uv": [1.5, 2, 4, 4.75], "texture": "#texture"}
			}
		},
		{
			"from": [8.5, 4.9, 4.75],
			"to": [8.85, 5.25, 6.25],
			"rotation": {"angle": -45, "axis": "z", "origin": [8.5, 5.25, 4.75]},
			"faces": {
				"north": {"uv": [1, 2, 3.25, 4.5], "texture": "#texture"},
				"east": {"uv": [1.5, 1, 3.75, 3.5], "texture": "#texture"},
				"south": {"uv": [1, 2, 3.5, 4.5], "texture": "#texture"},
				"up": {"uv": [1.5, 2, 4, 4.75], "texture": "#texture"}
			}
		},
		{
			"from": [8.5, 2.9, 4.75],
			"to": [8.85, 3.25, 6.25],
			"rotation": {"angle": -45, "axis": "z", "origin": [8.5, 3.25, 4.75]},
			"faces": {
				"north": {"uv": [1, 2, 3.25, 4.5], "texture": "#texture"},
				"east": {"uv": [1.5, 1, 3.75, 3.5], "texture": "#texture"},
				"south": {"uv": [1, 2, 3.5, 4.5], "texture": "#texture"}
			}
		},
		{
			"from": [5.5, 3, 6.25],
			"to": [5.85, 5, 6.6],
			"rotation": {"angle": 45, "axis": "y", "origin": [5.5, 3, 6.25]},
			"faces": {
				"south": {"uv": [1, 2, 3.5, 4.5], "texture": "#texture"},
				"west": {"uv": [1.5, 1.5, 4, 4.25], "texture": "#texture"},
				"up": {"uv": [1.5, 2, 4, 4.75], "texture": "#texture"},
				"down": {"uv": [2, 2.5, 4.5, 5], "texture": "#texture"}
			}
		},
		{
			"from": [8.5, 3, 6],
			"to": [8.85, 5, 6.35],
			"rotation": {"angle": -45, "axis": "y", "origin": [8.5, 3, 6]},
			"faces": {
				"east": {"uv": [1.5, 1, 3.75, 3.5], "texture": "#texture"},
				"up": {"uv": [1.5, 2, 4, 4.75], "texture": "#texture"},
				"down": {"uv": [2, 2.5, 4.5, 5], "texture": "#texture"}
			}
		},
		{
			"from": [5.5, 3, 4.75],
			"to": [6.21, 5, 5.46],
			"rotation": {"angle": 45, "axis": "y", "origin": [5.5, 3, 4.75]},
			"faces": {
				"north": {"uv": [1, 2, 3.25, 4.5], "texture": "#texture"},
				"east": {"uv": [1.5, 1, 3.75, 3.5], "texture": "#texture"},
				"up": {"uv": [1.5, 2, 4, 4.75], "texture": "#texture"},
				"down": {"uv": [2, 2.5, 4.5, 5], "texture": "#texture"}
			}
		},
		{
			"from": [8.25, 3, 4.25],
			"to": [8.96, 5, 4.96],
			"rotation": {"angle": -45, "axis": "y", "origin": [8.25, 3, 4.25]},
			"faces": {
				"north": {"uv": [1, 2, 3.25, 4.5], "texture": "#texture"},
				"east": {"uv": [1.5, 1, 3.75, 3.5], "texture": "#texture"},
				"up": {"uv": [1.5, 2, 4, 4.75], "texture": "#texture"},
				"down": {"uv": [2, 2.5, 4.5, 5], "texture": "#texture"}
			}
		},
		{
			"from": [4.25, 2.75, 5.5],
			"to": [5.75, 5.75, 5.5625],
			"faces": {
				"north": {"uv": [14, 0.25, 0.25, 9], "rotation": 90, "texture": "#leg"},
				"east": {"uv": [4.5, 10.75, 7.5, 12.5], "texture": "#leg"},
				"south": {"uv": [0.25, 0.25, 14, 9], "rotation": 270, "texture": "#leg"},
				"west": {"uv": [8, 10.75, 10.75, 12.25], "texture": "#leg"},
				"up": {"uv": [4, 12, 8, 14.5], "rotation": 90, "texture": "#leg"},
				"down": {"uv": [4, 11.5, 7, 13.75], "texture": "#leg"}
			}
		},
		{
			"from": [4.75, 0, 4.52],
			"to": [5.5, 0.5, 4.77],
			"faces": {
				"north": {"uv": [3.625, 1.5, 5.875, 4.25], "texture": "#tooth"},
				"south": {"uv": [4.125, 1.125, 7.625, 4.125], "texture": "#tooth"},
				"west": {"uv": [3.875, 3.125, 6.375, 5.625], "texture": "#tooth"},
				"up": {"uv": [4.375, 2.25, 6.875, 4.5], "texture": "#tooth"},
				"down": {"uv": [4.125, 2.25, 7.375, 3.75], "texture": "#tooth"}
			}
		},
		{
			"from": [5, -0.21, 4.52],
			"to": [5.71, 0.5, 4.77],
			"rotation": {"angle": 45, "axis": "z", "origin": [5, 0.5, 4.52]},
			"faces": {
				"north": {"uv": [3.625, 1.5, 5.875, 4.25], "texture": "#tooth"},
				"east": {"uv": [4.125, 2.875, 7.125, 5.125], "texture": "#tooth"},
				"south": {"uv": [4.125, 1.125, 7.625, 4.125], "texture": "#tooth"},
				"west": {"uv": [3.875, 3.125, 6.375, 5.625], "texture": "#tooth"},
				"up": {"uv": [4.375, 2.25, 6.875, 4.5], "texture": "#tooth"},
				"down": {"uv": [4.125, 2.25, 7.375, 3.75], "texture": "#tooth"}
			}
		},
		{
			"from": [4.75, 0, 6.23],
			"to": [5.5, 0.5, 6.48],
			"faces": {
				"north": {"uv": [3.625, 1.5, 5.875, 4.25], "texture": "#tooth"},
				"south": {"uv": [4.125, 1.125, 7.625, 4.125], "texture": "#tooth"},
				"west": {"uv": [3.875, 3.125, 6.375, 5.625], "texture": "#tooth"},
				"up": {"uv": [4.375, 2.25, 6.875, 4.5], "texture": "#tooth"},
				"down": {"uv": [4.125, 2.25, 7.375, 3.75], "texture": "#tooth"}
			}
		},
		{
			"from": [4.75, 0, 5.375],
			"to": [5.5, 0.5, 5.625],
			"faces": {
				"north": {"uv": [3.625, 1.5, 5.875, 4.25], "texture": "#tooth"},
				"south": {"uv": [4.125, 1.125, 7.625, 4.125], "texture": "#tooth"},
				"west": {"uv": [3.875, 3.125, 6.375, 5.625], "texture": "#tooth"},
				"up": {"uv": [4.375, 2.25, 6.875, 4.5], "texture": "#tooth"},
				"down": {"uv": [4.125, 2.25, 7.375, 3.75], "texture": "#tooth"}
			}
		},
		{
			"from": [5, -0.21, 5.375],
			"to": [5.71, 0.5, 5.625],
			"rotation": {"angle": 45, "axis": "z", "origin": [5, 0.5, 5.375]},
			"faces": {
				"north": {"uv": [3.625, 1.5, 5.875, 4.25], "texture": "#tooth"},
				"east": {"uv": [4.125, 2.875, 7.125, 5.125], "texture": "#tooth"},
				"south": {"uv": [4.125, 1.125, 7.625, 4.125], "texture": "#tooth"},
				"west": {"uv": [3.875, 3.125, 6.375, 5.625], "texture": "#tooth"},
				"up": {"uv": [4.375, 2.25, 6.875, 4.5], "texture": "#tooth"},
				"down": {"uv": [4.125, 2.25, 7.375, 3.75], "texture": "#tooth"}
			}
		},
		{
			"from": [5, -0.21, 6.23],
			"to": [5.71, 0.5, 6.48],
			"rotation": {"angle": 45, "axis": "z", "origin": [5, 0.5, 6.23]},
			"faces": {
				"north": {"uv": [3.625, 1.5, 5.875, 4.25], "texture": "#tooth"},
				"east": {"uv": [4.125, 2.875, 7.125, 5.125], "texture": "#tooth"},
				"south": {"uv": [4.125, 1.125, 7.625, 4.125], "texture": "#tooth"},
				"west": {"uv": [3.875, 3.125, 6.375, 5.625], "texture": "#tooth"},
				"up": {"uv": [4.375, 2.25, 6.875, 4.5], "texture": "#tooth"},
				"down": {"uv": [4.125, 2.25, 7.375, 3.75], "texture": "#tooth"}
			}
		},
		{
			"from": [7.8325, 0.3225, 9.5],
			"to": [9.02, 2.0725, 11.5],
			"rotation": {"angle": -22.5, "axis": "z", "origin": [7.8325, 2.0725, 9.5]},
			"faces": {
				"north": {"uv": [1, 2, 3.25, 4.5], "texture": "#texture"},
				"east": {"uv": [1.5, 1, 3.75, 3.5], "texture": "#texture"},
				"south": {"uv": [1, 2, 3.5, 4.5], "texture": "#texture"},
				"west": {"uv": [1.5, 1.5, 4, 4.25], "texture": "#texture"},
				"down": {"uv": [2, 2.5, 4.5, 5], "texture": "#texture"}
			}
		},
		{
			"from": [4.4375, 0.75, 10.5],
			"to": [6.4375, 1.75, 10.5625],
			"rotation": {"angle": 45, "axis": "z", "origin": [4.4375, 1.75, 10.5]},
			"faces": {
				"north": {"uv": [4.75, 0.25, 0.25, 9], "rotation": 90, "texture": "#leg"},
				"south": {"uv": [0.25, 0.25, 4.75, 9], "rotation": 270, "texture": "#leg"},
				"west": {"uv": [8, 10.75, 10.75, 12.25], "texture": "#leg"},
				"up": {"uv": [4, 12, 8, 14.5], "rotation": 90, "texture": "#leg"},
				"down": {"uv": [4, 11.5, 7, 13.75], "texture": "#leg"}
			}
		},
		{
			"from": [5, 2.84, 6],
			"to": [6.41, 4.25, 10],
			"rotation": {"angle": 45, "axis": "z", "origin": [5, 4.25, 6]},
			"faces": {
				"north": {"uv": [7.75, 1.75, 10, 4.25], "texture": "#texture"},
				"south": {"uv": [7.75, 2, 10.25, 4.5], "texture": "#texture"},
				"west": {"uv": [9, 1.5, 11.5, 4.25], "texture": "#texture"},
				"down": {"uv": [8.5, 1.25, 11, 3.75], "texture": "#texture"}
			}
		},
		{
			"from": [8.5, 3.25, 6.5],
			"to": [13.25, 4, 9.5],
			"faces": {
				"north": {"uv": [7.75, 1.75, 10, 4.25], "texture": "#texture"},
				"east": {"uv": [7.5, 1.75, 9.75, 4.25], "texture": "#texture"},
				"south": {"uv": [7.75, 2, 10.25, 4.5], "texture": "#texture"},
				"down": {"uv": [8.5, 1.25, 11, 3.75], "texture": "#texture"}
			}
		},
		{
			"from": [4.985, 4.25, 6.5],
			"to": [5.735, 6.5, 9.5],
			"faces": {
				"north": {"uv": [11.5, 3.75, 12.25, 5.25], "texture": "#belly"},
				"south": {"uv": [12, 2.25, 12.75, 3.75], "texture": "#belly"},
				"west": {"uv": [0.5, 0.5, 11.25, 11.75], "texture": "#belly"},
				"up": {"uv": [12.25, 2.5, 13, 5.5], "texture": "#belly"},
				"down": {"uv": [10.25, 2.5, 11, 5.5], "texture": "#belly"}
			}
		},
		{
			"from": [4.985, 4.25, 6],
			"to": [5.735, 6.5, 6.5],
			"faces": {
				"north": {"uv": [11.5, 3.75, 12.25, 5.25], "texture": "#belly"},
				"east": {"uv": [0.5, 0.5, 6, 12], "texture": "#belly"},
				"south": {"uv": [12, 2.25, 12.75, 3.75], "texture": "#belly"},
				"west": {"uv": [5.75, 0.5, 11.25, 11.75], "texture": "#belly"},
				"up": {"uv": [12.25, 2.5, 13, 5.5], "texture": "#belly"},
				"down": {"uv": [10.25, 2.5, 11, 5.5], "texture": "#belly"}
			}
		},
		{
			"from": [4.985, 4.25, 9.5],
			"to": [5.735, 6.5, 10],
			"faces": {
				"north": {"uv": [11.5, 3.75, 12.25, 5.25], "texture": "#belly"},
				"east": {"uv": [0.5, 0.5, 6, 12], "texture": "#belly"},
				"south": {"uv": [12, 2.25, 12.75, 3.75], "texture": "#belly"},
				"west": {"uv": [0.5, 0.5, 6, 11.75], "texture": "#belly"},
				"up": {"uv": [12.25, 2.5, 13, 5.5], "texture": "#belly"},
				"down": {"uv": [10.25, 2.5, 11, 5.5], "texture": "#belly"}
			}
		},
		{
			"from": [5.0625, 7.34, 6],
			"to": [6.0725, 7.49, 10],
			"rotation": {"angle": -22.5, "axis": "z", "origin": [5.0625, 7.49, 6]},
			"faces": {
				"north": {"uv": [1.25, 7.5, 3.5, 10], "texture": "#texture"},
				"east": {"uv": [2, 8, 4.25, 10.5], "texture": "#texture"},
				"south": {"uv": [1.25, 7, 3.75, 9.5], "texture": "#texture"},
				"up": {"uv": [1.75, 6.75, 4.25, 9.5], "texture": "#texture"}
			}
		},
		{
			"from": [5.0625, 6.4375, 6],
			"to": [5.25, 7.375, 10],
			"faces": {
				"north": {"uv": [1.25, 7.5, 3.5, 10], "texture": "#texture"},
				"south": {"uv": [1.25, 7, 3.75, 9.5], "texture": "#texture"}
			}
		},
		{
			"from": [5.25, 6.4375, 6],
			"to": [5.5, 7.25, 10],
			"faces": {
				"north": {"uv": [1.25, 7.5, 3.5, 10], "texture": "#texture"},
				"south": {"uv": [1.25, 7, 3.75, 9.5], "texture": "#texture"}
			}
		},
		{
			"from": [5.5, 6.375, 6],
			"to": [5.75, 7.1875, 10],
			"faces": {
				"north": {"uv": [1.25, 7.5, 3.5, 10], "texture": "#texture"},
				"south": {"uv": [1.25, 7, 3.75, 9.5], "texture": "#texture"}
			}
		},
		{
			"from": [5.75, 4.845, 6],
			"to": [6, 7.095, 10],
			"faces": {
				"north": {"uv": [1.25, 7.5, 3.5, 10], "texture": "#texture"},
				"south": {"uv": [1.25, 7, 3.75, 9.5], "texture": "#texture"},
				"up": {"uv": [1.75, 6.75, 4.25, 9.5], "texture": "#texture"}
			}
		},
		{
			"from": [5.095, 6.4075, 6],
			"to": [6.095, 6.6575, 10],
			"rotation": {"angle": -22.5, "axis": "z", "origin": [5.095, 6.6575, 6]},
			"faces": {
				"north": {"uv": [1.25, 7.5, 3.5, 10], "texture": "#texture"},
				"south": {"uv": [1.25, 7, 3.75, 9.5], "texture": "#texture"},
				"west": {"uv": [2.25, 8, 4.75, 10.75], "texture": "#texture"},
				"down": {"uv": [2, 7.25, 4.5, 9.75], "texture": "#texture"}
			}
		},
		{
			"from": [5.5625, 4.615, 6],
			"to": [5.75, 6.115, 10],
			"faces": {
				"north": {"uv": [7.75, 0.5, 10, 3], "texture": "#texture"},
				"south": {"uv": [7.75, 1.75, 10.25, 4.25], "texture": "#texture"}
			}
		},
		{
			"from": [5.125, 6.1225, 6],
			"to": [6.375, 6.3725, 10],
			"rotation": {"angle": -22.5, "axis": "z", "origin": [5.125, 6.3725, 6]},
			"faces": {
				"north": {"uv": [7.75, 0.5, 10, 3], "texture": "#texture"},
				"south": {"uv": [7.75, 1.75, 10.25, 4.25], "texture": "#texture"}
			}
		},
		{
			"from": [5.02, 6.365, 6],
			"to": [6.02, 6.4275, 10],
			"rotation": {"angle": -22.5, "axis": "z", "origin": [5.02, 6.4275, 6]},
			"faces": {
				"north": {"uv": [7.75, 0.5, 10, 3], "texture": "#texture"},
				"south": {"uv": [7.75, 1.75, 10.25, 4.25], "texture": "#texture"},
				"west": {"uv": [8.5, 1, 11, 3.75], "texture": "#texture"},
				"down": {"uv": [7.75, 2.25, 10.25, 4.75], "texture": "#texture"}
			}
		},
		{
			"from": [5.07, 6.315, 6],
			"to": [6.07, 6.3775, 10],
			"rotation": {"angle": -22.5, "axis": "z", "origin": [5.07, 6.3775, 6]},
			"faces": {
				"north": {"uv": [7.75, 0.5, 10, 3], "texture": "#texture"},
				"south": {"uv": [7.75, 1.75, 10.25, 4.25], "texture": "#texture"},
				"down": {"uv": [7.75, 2.25, 10.25, 4.75], "texture": "#texture"}
			}
		},
		{
			"from": [13.25, 4.25, 7],
			"to": [15.75, 6, 9],
			"faces": {
				"north": {"uv": [1, 2, 3.25, 4.5], "texture": "#texture"},
				"east": {"uv": [1.5, 1, 3.75, 3.5], "texture": "#texture"},
				"south": {"uv": [1, 2, 3.5, 4.5], "texture": "#texture"},
				"up": {"uv": [1.5, 2, 4, 4.75], "texture": "#texture"}
			}
		},
		{
			"from": [13.25, 3.5, 7],
			"to": [15.75, 4.25, 9],
			"faces": {
				"north": {"uv": [7.75, 1.75, 10, 4.25], "texture": "#texture"},
				"east": {"uv": [7.5, 1.75, 9.75, 4.25], "texture": "#texture"},
				"south": {"uv": [7.75, 2, 10.25, 4.5], "texture": "#texture"},
				"down": {"uv": [8.5, 1.25, 11, 3.75], "texture": "#texture"}
			}
		},
		{
			"from": [15.5, 3.75, 7.5],
			"to": [17.5, 4.5, 8.5],
			"rotation": {"angle": 22.5, "axis": "z", "origin": [15.5, 4.5, 7.5]},
			"faces": {
				"north": {"uv": [7.75, 1.75, 10, 4.25], "texture": "#texture"},
				"east": {"uv": [7.5, 1.75, 9.75, 4.25], "texture": "#texture"},
				"south": {"uv": [7.75, 2, 10.25, 4.5], "texture": "#texture"},
				"west": {"uv": [9, 1.5, 11.5, 4.25], "texture": "#texture"},
				"up": {"uv": [7.25, 1.75, 9.75, 4.5], "texture": "#texture"},
				"down": {"uv": [8.5, 1.25, 11, 3.75], "texture": "#texture"}
			}
		},
		{
			"from": [15.25, 4.5, 7.5],
			"to": [17, 5.75, 8.5],
			"rotation": {"angle": 22.5, "axis": "z", "origin": [15.25, 5.75, 7.5]},
			"faces": {
				"north": {"uv": [1, 2, 3.25, 4.5], "texture": "#texture"},
				"east": {"uv": [1.5, 1, 3.75, 3.5], "texture": "#texture"},
				"south": {"uv": [1, 2, 3.5, 4.5], "texture": "#texture"},
				"up": {"uv": [1.5, 2, 4, 4.75], "texture": "#texture"},
				"down": {"uv": [2, 2.5, 4.5, 5], "texture": "#texture"}
			}
		},
		{
			"from": [8.75, 7.75, 8],
			"to": [14.5, 14.75, 8.0625],
			"rotation": {"angle": -22.5, "axis": "z", "origin": [8.75, 14.75, 8]},
			"faces": {
				"north": {"uv": [10.75, 0.25, 0.25, 15.75], "texture": "#fin_back"},
				"east": {"uv": [11.5, 6.5, 13.5, 10], "texture": "#fin_back"},
				"south": {"uv": [0.25, 0.25, 10.75, 15.75], "texture": "#fin_back"},
				"west": {"uv": [12.5, 7.75, 14.25, 10.25], "texture": "#fin_back"},
				"up": {"uv": [10.25, 7, 12, 10], "texture": "#fin_back"}
			}
		},
		{
			"from": [14.75, 6, 8],
			"to": [17, 8.5, 8.0625],
			"faces": {
				"north": {"uv": [10.75, 0.25, 0.25, 15.75], "texture": "#fin_back"},
				"east": {"uv": [11.5, 6.5, 13.5, 10], "texture": "#fin_back"},
				"south": {"uv": [0.25, 0.25, 10.75, 15.75], "texture": "#fin_back"},
				"west": {"uv": [12.5, 7.75, 14.25, 10.25], "texture": "#fin_back"},
				"up": {"uv": [10.25, 7, 12, 10], "texture": "#fin_back"},
				"down": {"uv": [10.25, 6, 12.25, 8.25], "texture": "#fin_back"}
			}
		},
		{
			"from": [12, 4.02, 6.49],
			"to": [13.25, 6.27, 9.51],
			"rotation": {"angle": 0, "axis": "y", "origin": [8, 5, 8]},
			"faces": {
				"north": {"uv": [10, 7, 13, 14.5], "rotation": 180, "texture": "#particle"},
				"east": {"uv": [4.5, 8.75, 6.75, 11.75], "rotation": 270, "texture": "#particle"},
				"south": {"uv": [10, 7, 13, 14.5], "rotation": 180, "texture": "#particle"},
				"west": {"uv": [5, 8.75, 7.25, 12.25], "rotation": 90, "texture": "#particle"},
				"up": {"uv": [2.75, 9, 4.75, 11], "texture": "#particle"},
				"down": {"uv": [3.5, 9, 5.25, 10.25], "texture": "#particle"}
			}
		},
		{
			"from": [6.375, 8.3125, 10.1875],
			"to": [7.625, 8.6875, 12.3125],
			"rotation": {"angle": 22.5, "axis": "x", "origin": [6.375, 8.6875, 10.1875]},
			"faces": {
				"east": {"uv": [1.5, 3, 4.5, 5.25], "texture": "#texture"},
				"west": {"uv": [1, 1.25, 3.5, 3.75], "texture": "#texture"},
				"down": {"uv": [1.75, 2.75, 5, 4.25], "texture": "#texture"}
			}
		},
		{
			"from": [13.25, 4.27, 6.99],
			"to": [14.25, 6.02, 9.01],
			"rotation": {"angle": 0, "axis": "y", "origin": [8, 5, 8]},
			"faces": {
				"north": {"uv": [13.25, 7, 15.75, 14.5], "rotation": 180, "texture": "#particle"},
				"east": {"uv": [4.5, 8.75, 6.75, 11.75], "rotation": 270, "texture": "#particle"},
				"south": {"uv": [12.75, 7, 15.25, 14.5], "rotation": 180, "texture": "#particle"},
				"up": {"uv": [2.75, 9, 4.75, 11], "texture": "#particle"},
				"down": {"uv": [3.5, 9, 5.25, 10.25], "texture": "#particle"}
			}
		},
		{
			"from": [2, 7.375, 12],
			"to": [2.75, 8.5, 12.875],
			"faces": {
				"north": {"uv": [1.75, 1.25, 4, 4], "texture": "#texture"},
				"east": {"uv": [1.5, 3, 4.5, 5.25], "texture": "#texture"},
				"south": {"uv": [0.75, 1, 4.25, 4], "texture": "#texture"},
				"west": {"uv": [1, 1.25, 3.5, 3.75], "texture": "#texture"},
				"up": {"uv": [1.5, 2.5, 4, 4.75], "texture": "#texture"},
				"down": {"uv": [1.75, 2.75, 5, 4.25], "texture": "#texture"}
			}
		},
		{
			"from": [2.75, 8.375, 12],
			"to": [3.5, 8.5, 12.875],
			"rotation": {"angle": -22.5, "axis": "z", "origin": [2.75, 8.5, 12]},
			"faces": {
				"north": {"uv": [1.75, 1.25, 4, 4], "texture": "#texture"},
				"south": {"uv": [0.75, 1, 4.25, 4], "texture": "#texture"},
				"up": {"uv": [1.5, 2.5, 4, 4.75], "texture": "#texture"}
			}
		},
		{
			"from": [2.6975, 7.365, 12],
			"to": [3.4475, 7.49, 12.875],
			"rotation": {"angle": 22.5, "axis": "z", "origin": [2.6975, 7.49, 12]},
			"faces": {
				"north": {"uv": [1.75, 1.25, 4, 4], "texture": "#texture"},
				"south": {"uv": [0.75, 1, 4.25, 4], "texture": "#texture"},
				"west": {"uv": [1, 1.25, 3.5, 3.75], "texture": "#texture"},
				"down": {"uv": [1.75, 2.75, 5, 4.25], "texture": "#texture"}
			}
		},
		{
			"from": [1.125, 7.375, 12.125],
			"to": [1.75, 7.875, 12.75],
			"rotation": {"angle": 22.5, "axis": "z", "origin": [1.125, 7.875, 12.125]},
			"faces": {
				"north": {"uv": [3.625, 1.5, 5.875, 4.25], "texture": "#tooth"},
				"south": {"uv": [4.125, 1.125, 7.625, 4.125], "texture": "#tooth"},
				"west": {"uv": [3.875, 3.125, 6.375, 5.625], "texture": "#tooth"},
				"up": {"uv": [4.375, 2.25, 6.875, 4.5], "texture": "#tooth"},
				"down": {"uv": [4.125, 2.25, 7.375, 3.75], "texture": "#tooth"}
			}
		},
		{
			"from": [1.25, 7.125, 12.25],
			"to": [1.625, 7.875, 12.625],
			"rotation": {"angle": -45, "axis": "z", "origin": [1.25, 7.875, 12.25]},
			"faces": {
				"north": {"uv": [3.625, 1.5, 5.875, 4.25], "texture": "#tooth"},
				"east": {"uv": [4.125, 2.875, 7.125, 5.125], "texture": "#tooth"},
				"south": {"uv": [4.125, 1.125, 7.625, 4.125], "texture": "#tooth"},
				"west": {"uv": [3.875, 3.125, 6.375, 5.625], "texture": "#tooth"},
				"down": {"uv": [4.125, 2.25, 7.375, 3.75], "texture": "#tooth"}
			}
		},
		{
			"from": [1.5, 7.5625, 3.3125],
			"to": [2, 8.3125, 4.0625],
			"faces": {
				"north": {"uv": [3.625, 1.5, 5.875, 4.25], "texture": "#tooth"},
				"south": {"uv": [4.125, 1.125, 7.625, 4.125], "texture": "#tooth"},
				"west": {"uv": [3.875, 3.125, 6.375, 5.625], "texture": "#tooth"},
				"up": {"uv": [4.375, 2.25, 6.875, 4.5], "texture": "#tooth"},
				"down": {"uv": [4.125, 2.25, 7.375, 3.75], "texture": "#tooth"}
			}
		},
		{
			"from": [2, 7.375, 3.25],
			"to": [2.75, 8.5, 4.125],
			"faces": {
				"north": {"uv": [1.75, 1.25, 4, 4], "texture": "#texture"},
				"east": {"uv": [1.5, 3, 4.5, 5.25], "texture": "#texture"},
				"south": {"uv": [0.75, 1, 4.25, 4], "texture": "#texture"},
				"west": {"uv": [1, 1.25, 3.5, 3.75], "texture": "#texture"},
				"up": {"uv": [1.5, 2.5, 4, 4.75], "texture": "#texture"},
				"down": {"uv": [1.75, 2.75, 5, 4.25], "texture": "#texture"}
			}
		},
		{
			"from": [2.75, 8.375, 3.25],
			"to": [3.5, 8.5, 4.125],
			"rotation": {"angle": -22.5, "axis": "z", "origin": [2.75, 8.5, 3.25]},
			"faces": {
				"north": {"uv": [1.75, 1.25, 4, 4], "texture": "#texture"},
				"south": {"uv": [0.75, 1, 4.25, 4], "texture": "#texture"},
				"up": {"uv": [1.5, 2.5, 4, 4.75], "texture": "#texture"}
			}
		},
		{
			"from": [2.6975, 7.365, 3.25],
			"to": [3.4475, 7.49, 4.125],
			"rotation": {"angle": 22.5, "axis": "z", "origin": [2.6975, 7.49, 3.25]},
			"faces": {
				"north": {"uv": [1.75, 1.25, 4, 4], "texture": "#texture"},
				"south": {"uv": [0.75, 1, 4.25, 4], "texture": "#texture"},
				"west": {"uv": [1, 1.25, 3.5, 3.75], "texture": "#texture"},
				"down": {"uv": [1.75, 2.75, 5, 4.25], "texture": "#texture"}
			}
		},
		{
			"from": [1.125, 7.375, 3.375],
			"to": [1.75, 7.875, 4],
			"rotation": {"angle": 22.5, "axis": "z", "origin": [1.125, 7.875, 3.375]},
			"faces": {
				"north": {"uv": [3.625, 1.5, 5.875, 4.25], "texture": "#tooth"},
				"south": {"uv": [4.125, 1.125, 7.625, 4.125], "texture": "#tooth"},
				"west": {"uv": [3.875, 3.125, 6.375, 5.625], "texture": "#tooth"},
				"up": {"uv": [4.375, 2.25, 6.875, 4.5], "texture": "#tooth"},
				"down": {"uv": [4.125, 2.25, 7.375, 3.75], "texture": "#tooth"}
			}
		},
		{
			"from": [1.25, 7.125, 3.5],
			"to": [1.625, 7.875, 3.875],
			"rotation": {"angle": -45, "axis": "z", "origin": [1.25, 7.875, 3.5]},
			"faces": {
				"north": {"uv": [3.625, 1.5, 5.875, 4.25], "texture": "#tooth"},
				"east": {"uv": [4.125, 2.875, 7.125, 5.125], "texture": "#tooth"},
				"south": {"uv": [4.125, 1.125, 7.625, 4.125], "texture": "#tooth"},
				"west": {"uv": [3.875, 3.125, 6.375, 5.625], "texture": "#tooth"},
				"down": {"uv": [4.125, 2.25, 7.375, 3.75], "texture": "#tooth"}
			}
		},
		{
			"from": [5, 4.25, 6],
			"to": [6, 5, 10],
			"faces": {
				"north": {"uv": [7.75, 1.75, 10, 4.25], "texture": "#texture"},
				"south": {"uv": [7.75, 2, 10.25, 4.5], "texture": "#texture"},
				"west": {"uv": [9, 1.5, 11.5, 4.25], "texture": "#texture"}
			}
		},
		{
			"from": [5, 4.8125, 6],
			"to": [5.25, 6.3125, 10],
			"faces": {
				"north": {"uv": [7.75, 0.5, 10, 3], "texture": "#texture"},
				"south": {"uv": [7.75, 1.75, 10.25, 4.25], "texture": "#texture"},
				"west": {"uv": [8.5, 1, 11, 3.75], "texture": "#texture"},
				"up": {"uv": [7.5, 1.75, 10, 4.5], "texture": "#texture"}
			}
		},
		{
			"from": [5.25, 4.8125, 6],
			"to": [5.5625, 6.1875, 10],
			"faces": {
				"north": {"uv": [7.75, 0.5, 10, 3], "texture": "#texture"},
				"south": {"uv": [7.75, 1.75, 10.25, 4.25], "texture": "#texture"}
			}
		},
		{
			"from": [5, 5.125, 6],
			"to": [5.0625, 6.375, 10],
			"faces": {
				"north": {"uv": [7.75, 0.5, 10, 3], "texture": "#texture"},
				"east": {"uv": [7.75, 2.5, 10, 5], "texture": "#texture"},
				"south": {"uv": [7.75, 1.75, 10.25, 4.25], "texture": "#texture"},
				"west": {"uv": [8.5, 1, 11, 3.75], "texture": "#texture"}
			}
		},
		{
			"from": [12, 4.01, 6.5],
			"to": [13.25, 6.26, 9.5],
			"faces": {
				"north": {"uv": [4.75, 7.25, 9, 9.25], "rotation": 180, "texture": "#particle"},
				"east": {"uv": [4.5, 8.75, 6.75, 11.75], "rotation": 270, "texture": "#particle"},
				"south": {"uv": [3.75, 7.25, 6.75, 9.5], "rotation": 180, "texture": "#particle"},
				"west": {"uv": [5, 8.75, 7.25, 12.25], "rotation": 90, "texture": "#particle"},
				"up": {"uv": [10, 7, 13, 14.5], "texture": "#particle"}
			}
		},
		{
			"from": [13.25, 3.76, 7],
			"to": [14.25, 6.01, 9],
			"faces": {
				"north": {"uv": [4.75, 7.25, 9, 9.25], "rotation": 180, "texture": "#particle"},
				"east": {"uv": [4.5, 8.75, 6.75, 11.75], "rotation": 270, "texture": "#particle"},
				"south": {"uv": [3.75, 7.25, 6.75, 9.5], "rotation": 180, "texture": "#particle"},
				"up": {"uv": [7.75, 7, 10.25, 14.5], "texture": "#particle"}
			}
		}
	],
	"display": {
		"thirdperson_righthand": {
			"rotation": [70, -90, 0],
			"translation": [-6, -6.5, 4],
			"scale": [1.7, 1.8, 1.7]
		},
		"thirdperson_lefthand": {
			"rotation": [70, 90, 0],
			"translation": [-6, -6.5, 4],
			"scale": [1.7, 1.8, 1.7]
		},
		"firstperson_righthand": {
			"scale": [0, 0, 0]
		},
		"ground": {
			"scale": [0, 0, 0]
		},
		"gui": {
			"scale": [0, 0, 0]
		},
		"head": {
			"rotation": [0, -90, 0],
			"translation": [0, -21.45, 3.25],
			"scale": [2.8, 2.9, 2.8]
		},
		"fixed": {
			"scale": [0, 0, 0]
		}
	}
}