{
	"__comment": "Designed by MadstonMagic with BDcraft Cubik PRO 1.00 for MC1.8 - http://bdcraft.net",
	"textures": {
		"particle": "pokemon/leafeon/eye",
		"texture": "pokemon/leafeon/leafeon",
		"leaf_back": "pokemon/leafeon/leaf_back",
		"leaf_paw": "pokemon/leafeon/leaf_paw",
		"swirl_head": "pokemon/leafeon/swirl_head",
		"tail": "pokemon/leafeon/tail",
		"ear": "pokemon/leafeon/ear"
	},
	"elements": [ 	 
		{
			"__comment": "Element",
			"from": [ 3.5, 7.25, 6.5 ],
			"to": [ 5.5, 12.25, 9.5 ],
			"faces": {
				"down": { "uv": [ 1.25, 1.5, 4.75, 4.75 ], "texture": "#texture" },
				"up": { "uv": [ 2, 1.75, 5.5, 5.25 ], "texture": "#texture" },
				"north": { "uv": [ 1.25, 1.5, 4.25, 4.5 ], "texture": "#texture" },
				"south": { "uv": [ 1.25, 1.5, 4.25, 5 ], "texture": "#texture" },
				"west": { "uv": [ 0.75, 1.25, 4.5, 4.75 ], "texture": "#texture" },
				"east": { "uv": [ 0.75, 1.75, 4.25, 5 ], "texture": "#texture" }
			}
		},
		{
			"__comment": "Element",
			"from": [ 3.5, 8.25, 5.5 ],
			"to": [ 5.5, 11.25, 10.5 ],
			"faces": {
				"down": { "uv": [ 1.25, 1.5, 4.75, 4.75 ], "texture": "#texture" },
				"up": { "uv": [ 2, 1.75, 5.5, 5.25 ], "texture": "#texture" },
				"north": { "uv": [ 1.25, 1.5, 4.25, 4.5 ], "texture": "#texture" },
				"south": { "uv": [ 1.25, 1.5, 4.25, 5 ], "texture": "#texture" },
				"west": { "uv": [ 0.75, 1.25, 4.5, 4.75 ], "texture": "#texture" },
				"east": { "uv": [ 0.75, 1.75, 4.25, 5 ], "texture": "#texture" }
			}
		},
		{
			"__comment": "Element",
			"from": [ 2.5, 8.25, 6.5 ],
			"to": [ 6.5, 11.25, 9.5 ],
			"faces": {
				"down": { "uv": [ 1.25, 1.5, 4.75, 4.75 ], "texture": "#texture" },
				"up": { "uv": [ 2, 1.75, 5.5, 5.25 ], "texture": "#texture" },
				"north": { "uv": [ 1.25, 1.5, 4.25, 4.5 ], "texture": "#texture" },
				"south": { "uv": [ 1.25, 1.5, 4.25, 5 ], "texture": "#texture" },
				"west": { "uv": [ 0.75, 1.25, 4.5, 4.75 ], "texture": "#texture" },
				"east": { "uv": [ 0.75, 1.75, 4.25, 5 ], "texture": "#texture" }
			}
		},
		{
			"__comment": "Element",
			"from": [ 3.5, 10.835, 9.5 ],
			"to": [ 5.5, 12.25, 10.915 ],
			"rotation": { "origin": [ 3.5, 12.25, 9.5 ], "axis": "x", "angle": 45 },
			"faces": {
				"down": { "uv": [ 1.25, 1.5, 4.75, 4.75 ], "texture": "#texture" },
				"up": { "uv": [ 2, 1.75, 5.5, 5.25 ], "texture": "#texture" },
				"north": { "uv": [ 1.25, 1.5, 4.25, 4.5 ], "texture": "#texture" },
				"south": { "uv": [ 1.25, 1.5, 4.25, 5 ], "texture": "#texture" },
				"west": { "uv": [ 0.75, 1.25, 4.5, 4.75 ], "texture": "#texture" },
				"east": { "uv": [ 0.75, 1.75, 4.25, 5 ], "texture": "#texture" }
			}
		},
		{
			"__comment": "Element",
			"from": [ 3.5, 9.835, 5.5 ],
			"to": [ 5.5, 11.25, 6.915 ],
			"rotation": { "origin": [ 3.5, 11.25, 5.5 ], "axis": "x", "angle": -45 },
			"faces": {
				"down": { "uv": [ 1.25, 1.5, 4.75, 4.75 ], "texture": "#texture" },
				"up": { "uv": [ 2, 1.75, 5.5, 5.25 ], "texture": "#texture" },
				"north": { "uv": [ 1.25, 1.5, 4.25, 4.5 ], "texture": "#texture" },
				"south": { "uv": [ 1.25, 1.5, 4.25, 5 ], "texture": "#texture" },
				"west": { "uv": [ 0.75, 1.25, 4.5, 4.75 ], "texture": "#texture" },
				"east": { "uv": [ 0.75, 1.75, 4.25, 5 ], "texture": "#texture" }
			}
		},
		{
			"__comment": "Element",
			"from": [ 3.5, 6.835, 5.5 ],
			"to": [ 5.5, 8.25, 6.915 ],
			"rotation": { "origin": [ 3.5, 8.25, 5.5 ], "axis": "x", "angle": -45 },
			"faces": {
				"down": { "uv": [ 1.25, 1.5, 4.75, 4.75 ], "texture": "#texture" },
				"up": { "uv": [ 2, 1.75, 5.5, 5.25 ], "texture": "#texture" },
				"north": { "uv": [ 1.25, 1.5, 4.25, 4.5 ], "texture": "#texture" },
				"south": { "uv": [ 1.25, 1.5, 4.25, 5 ], "texture": "#texture" },
				"west": { "uv": [ 0.75, 1.25, 4.5, 4.75 ], "texture": "#texture" },
				"east": { "uv": [ 0.75, 1.75, 4.25, 5 ], "texture": "#texture" }
			}
		},
		{
			"__comment": "Element",
			"from": [ 3.5, 7.835, 9.5 ],
			"to": [ 5.5, 9.25, 10.915 ],
			"rotation": { "origin": [ 3.5, 9.25, 9.5 ], "axis": "x", "angle": 45 },
			"faces": {
				"down": { "uv": [ 1.25, 1.5, 4.75, 4.75 ], "texture": "#texture" },
				"up": { "uv": [ 2, 1.75, 5.5, 5.25 ], "texture": "#texture" },
				"north": { "uv": [ 1.25, 1.5, 4.25, 4.5 ], "texture": "#texture" },
				"south": { "uv": [ 1.25, 1.5, 4.25, 5 ], "texture": "#texture" },
				"west": { "uv": [ 0.75, 1.25, 4.5, 4.75 ], "texture": "#texture" },
				"east": { "uv": [ 0.75, 1.75, 4.25, 5 ], "texture": "#texture" }
			}
		},
		{
			"__comment": "Element",
			"from": [ 5.5, 10.835, 6.5 ],
			"to": [ 6.915, 12.25, 9.5 ],
			"rotation": { "origin": [ 5.5, 12.25, 6.5 ], "axis": "z", "angle": -45 },
			"faces": {
				"down": { "uv": [ 1.25, 1.5, 4.75, 4.75 ], "texture": "#texture" },
				"up": { "uv": [ 2, 1.75, 5.5, 5.25 ], "texture": "#texture" },
				"north": { "uv": [ 1.25, 1.5, 4.25, 4.5 ], "texture": "#texture" },
				"south": { "uv": [ 1.25, 1.5, 4.25, 5 ], "texture": "#texture" },
				"west": { "uv": [ 0.75, 1.25, 4.5, 4.75 ], "texture": "#texture" },
				"east": { "uv": [ 0.75, 1.75, 4.25, 5 ], "texture": "#texture" }
			}
		},
		{
			"__comment": "Element",
			"from": [ 2.5, 9.835, 6.5 ],
			"to": [ 3.915, 11.25, 9.5 ],
			"rotation": { "origin": [ 2.5, 11.25, 6.5 ], "axis": "z", "angle": 45 },
			"faces": {
				"down": { "uv": [ 1.25, 1.5, 4.75, 4.75 ], "texture": "#texture" },
				"up": { "uv": [ 2, 1.75, 5.5, 5.25 ], "texture": "#texture" },
				"north": { "uv": [ 1.25, 1.5, 4.25, 4.5 ], "texture": "#texture" },
				"south": { "uv": [ 1.25, 1.5, 4.25, 5 ], "texture": "#texture" },
				"west": { "uv": [ 0.75, 1.25, 4.5, 4.75 ], "texture": "#texture" },
				"east": { "uv": [ 0.75, 1.75, 4.25, 5 ], "texture": "#texture" }
			}
		},
		{
			"__comment": "Element",
			"from": [ 2.5, 6.835, 6.5 ],
			"to": [ 3.915, 8.25, 9.5 ],
			"rotation": { "origin": [ 2.5, 8.25, 6.5 ], "axis": "z", "angle": 45 },
			"faces": {
				"down": { "uv": [ 1.25, 1.5, 4.75, 4.75 ], "texture": "#texture" },
				"up": { "uv": [ 2, 1.75, 5.5, 5.25 ], "texture": "#texture" },
				"north": { "uv": [ 1.25, 1.5, 4.25, 4.5 ], "texture": "#texture" },
				"south": { "uv": [ 1.25, 1.5, 4.25, 5 ], "texture": "#texture" },
				"west": { "uv": [ 0.75, 1.25, 4.5, 4.75 ], "texture": "#texture" },
				"east": { "uv": [ 0.75, 1.75, 4.25, 5 ], "texture": "#texture" }
			}
		},
		{
			"__comment": "Element",
			"from": [ 5.5, 7.835, 6.5 ],
			"to": [ 6.915, 9.25, 9.5 ],
			"rotation": { "origin": [ 5.5, 9.25, 6.5 ], "axis": "z", "angle": -45 },
			"faces": {
				"down": { "uv": [ 1.25, 1.5, 4.75, 4.75 ], "texture": "#texture" },
				"up": { "uv": [ 2, 1.75, 5.5, 5.25 ], "texture": "#texture" },
				"north": { "uv": [ 1.25, 1.5, 4.25, 4.5 ], "texture": "#texture" },
				"south": { "uv": [ 1.25, 1.5, 4.25, 5 ], "texture": "#texture" },
				"west": { "uv": [ 0.75, 1.25, 4.5, 4.75 ], "texture": "#texture" },
				"east": { "uv": [ 0.75, 1.75, 4.25, 5 ], "texture": "#texture" }
			}
		},
		{
			"__comment": "Element",
			"from": [ 2.5, 8.25, 6.5 ],
			"to": [ 3.915, 11.25, 7.915 ],
			"rotation": { "origin": [ 2.5, 8.25, 6.5 ], "axis": "y", "angle": 45 },
			"faces": {
				"down": { "uv": [ 1.25, 1.5, 4.75, 4.75 ], "texture": "#texture" },
				"up": { "uv": [ 2, 1.75, 5.5, 5.25 ], "texture": "#texture" },
				"north": { "uv": [ 1.25, 1.5, 4.25, 4.5 ], "texture": "#texture" },
				"south": { "uv": [ 1.25, 1.5, 4.25, 5 ], "texture": "#texture" },
				"west": { "uv": [ 0.75, 1.25, 4.5, 4.75 ], "texture": "#texture" },
				"east": { "uv": [ 0.75, 1.75, 4.25, 5 ], "texture": "#texture" }
			}
		},
		{
			"__comment": "Element",
			"from": [ 5.5, 8.25, 5.5 ],
			"to": [ 6.915, 11.25, 6.915 ],
			"rotation": { "origin": [ 5.5, 8.25, 5.5 ], "axis": "y", "angle": -45 },
			"faces": {
				"down": { "uv": [ 1.25, 1.5, 4.75, 4.75 ], "texture": "#texture" },
				"up": { "uv": [ 2, 1.75, 5.5, 5.25 ], "texture": "#texture" },
				"north": { "uv": [ 1.25, 1.5, 4.25, 4.5 ], "texture": "#texture" },
				"south": { "uv": [ 1.25, 1.5, 4.25, 5 ], "texture": "#texture" },
				"west": { "uv": [ 0.75, 1.25, 4.5, 4.75 ], "texture": "#texture" },
				"east": { "uv": [ 0.75, 1.75, 4.25, 5 ], "texture": "#texture" }
			}
		},
		{
			"__comment": "Element",
			"from": [ 2.5, 8.25, 9.5 ],
			"to": [ 3.915, 11.25, 10.915 ],
			"rotation": { "origin": [ 2.5, 8.25, 9.5 ], "axis": "y", "angle": 45 },
			"faces": {
				"down": { "uv": [ 1.25, 1.5, 4.75, 4.75 ], "texture": "#texture" },
				"up": { "uv": [ 2, 1.75, 5.5, 5.25 ], "texture": "#texture" },
				"north": { "uv": [ 1.25, 1.5, 4.25, 4.5 ], "texture": "#texture" },
				"south": { "uv": [ 1.25, 1.5, 4.25, 5 ], "texture": "#texture" },
				"west": { "uv": [ 0.75, 1.25, 4.5, 4.75 ], "texture": "#texture" },
				"east": { "uv": [ 0.75, 1.75, 4.25, 5 ], "texture": "#texture" }
			}
		},
		{
			"__comment": "Element",
			"from": [ 5.5, 8.25, 8.5 ],
			"to": [ 6.915, 11.25, 9.915 ],
			"rotation": { "origin": [ 5.5, 8.25, 8.5 ], "axis": "y", "angle": -45 },
			"faces": {
				"down": { "uv": [ 1.25, 1.5, 4.75, 4.75 ], "texture": "#texture" },
				"up": { "uv": [ 2, 1.75, 5.5, 5.25 ], "texture": "#texture" },
				"north": { "uv": [ 1.25, 1.5, 4.25, 4.5 ], "texture": "#texture" },
				"south": { "uv": [ 1.25, 1.5, 4.25, 5 ], "texture": "#texture" },
				"west": { "uv": [ 0.75, 1.25, 4.5, 4.75 ], "texture": "#texture" },
				"east": { "uv": [ 0.75, 1.75, 4.25, 5 ], "texture": "#texture" }
			}
		},
		{
			"__comment": "Element",
			"from": [ 2, 8.25, 7.25 ],
			"to": [ 3.5, 9.25, 8.75 ],
			"faces": {
				"down": { "uv": [ 1.25, 1.5, 4.75, 4.75 ], "texture": "#texture" },
				"up": { "uv": [ 2, 1.75, 5.5, 5.25 ], "texture": "#texture" },
				"north": { "uv": [ 1.25, 1.5, 4.25, 4.5 ], "texture": "#texture" },
				"south": { "uv": [ 1.25, 1.5, 4.25, 5 ], "texture": "#texture" },
				"west": { "uv": [ 0.75, 1.25, 4.5, 4.75 ], "texture": "#texture" },
				"east": { "uv": [ 0.75, 1.75, 4.25, 5 ], "texture": "#texture" }
			}
		},
		{
			"__comment": "Element",
			"from": [ 2, 8.25, 7.25 ],
			"to": [ 3.5, 9.25, 8.75 ],
			"rotation": { "origin": [ 2, 9.25, 7.25 ], "axis": "z", "angle": 22.5 },
			"faces": {
				"down": { "uv": [ 1.25, 1.5, 4.75, 4.75 ], "texture": "#texture" },
				"up": { "uv": [ 2, 1.75, 5.5, 5.25 ], "texture": "#texture" },
				"north": { "uv": [ 1.25, 1.5, 4.25, 4.5 ], "texture": "#texture" },
				"south": { "uv": [ 1.25, 1.5, 4.25, 5 ], "texture": "#texture" },
				"west": { "uv": [ 0.75, 1.25, 4.5, 4.75 ], "texture": "#texture" },
				"east": { "uv": [ 0.75, 1.75, 4.25, 5 ], "texture": "#texture" }
			}
		},
		{
			"__comment": "Element",
			"from": [ 2.375, 8.125, 7.25 ],
			"to": [ 4.625, 9.125, 8.75 ],
			"rotation": { "origin": [ 2.375, 9.125, 7.25 ], "axis": "z", "angle": -22.5 },
			"faces": {
				"down": { "uv": [ 1.25, 1.5, 4.75, 4.75 ], "texture": "#texture" },
				"up": { "uv": [ 2, 1.75, 5.5, 5.25 ], "texture": "#texture" },
				"north": { "uv": [ 1.25, 1.5, 4.25, 4.5 ], "texture": "#texture" },
				"south": { "uv": [ 1.25, 1.5, 4.25, 5 ], "texture": "#texture" },
				"west": { "uv": [ 0.75, 1.25, 4.5, 4.75 ], "texture": "#texture" },
				"east": { "uv": [ 0.75, 1.75, 4.25, 5 ], "texture": "#texture" }
			}
		},
		{
			"__comment": "Element",
			"from": [ 1.98, 8.75, 7.5 ],
			"to": [ 2.48, 9.25, 8.5 ],
			"faces": {
				"down": { "uv": [ 10, 10, 12.75, 12.5 ], "texture": "#particle" },
				"up": { "uv": [ 10.25, 10, 12.25, 12.75 ], "texture": "#particle" },
				"north": { "uv": [ 9.25, 8.75, 12, 11.75 ], "texture": "#particle" },
				"south": { "uv": [ 9, 11, 12.25, 13.75 ], "texture": "#particle" },
				"west": { "uv": [ 0.25, 13.25, 5.5, 15.75 ], "texture": "#particle" },
				"east": { "uv": [ 0.25, 13.25, 5.5, 15.75 ], "texture": "#particle" }
			}
		},
		{
			"__comment": "Element",
			"from": [ 4, 7.7971, 9.25 ],
			"to": [ 5, 8.5471, 11.25 ],
			"rotation": { "origin": [ 4, 8.54712, 9.25 ], "axis": "x", "angle": -22.5 },
			"faces": {
				"down": { "uv": [ 1.25, 1.5, 4.75, 4.75 ], "texture": "#texture" },
				"up": { "uv": [ 2, 1.75, 5.5, 5.25 ], "texture": "#texture" },
				"north": { "uv": [ 1.25, 1.5, 4.25, 4.5 ], "texture": "#texture" },
				"south": { "uv": [ 1.25, 1.5, 4.25, 5 ], "texture": "#texture" },
				"west": { "uv": [ 0.75, 1.25, 4.5, 4.75 ], "texture": "#texture" },
				"east": { "uv": [ 0.75, 1.75, 4.25, 5 ], "texture": "#texture" }
			}
		},
		{
			"__comment": "Element",
			"from": [ 4, 8.5, 5 ],
			"to": [ 5, 9.25, 7 ],
			"rotation": { "origin": [ 4, 9.25, 5 ], "axis": "x", "angle": 22.5 },
			"faces": {
				"down": { "uv": [ 1.25, 1.5, 4.75, 4.75 ], "texture": "#texture" },
				"up": { "uv": [ 2, 1.75, 5.5, 5.25 ], "texture": "#texture" },
				"north": { "uv": [ 1.25, 1.5, 4.25, 4.5 ], "texture": "#texture" },
				"south": { "uv": [ 1.25, 1.5, 4.25, 5 ], "texture": "#texture" },
				"west": { "uv": [ 0.75, 1.25, 4.5, 4.75 ], "texture": "#texture" },
				"east": { "uv": [ 0.75, 1.75, 4.25, 5 ], "texture": "#texture" }
			}
		},
		{
			"__comment": "Element",
			"from": [ 4.125, 8.5, 10.875 ],
			"to": [ 4.875, 9, 11.75 ],
			"rotation": { "origin": [ 4.125, 9, 10.875 ], "axis": "x", "angle": -45 },
			"faces": {
				"down": { "uv": [ 1.25, 1.5, 4.75, 4.75 ], "texture": "#texture" },
				"up": { "uv": [ 2, 1.75, 5.5, 5.25 ], "texture": "#texture" },
				"north": { "uv": [ 1.25, 1.5, 4.25, 4.5 ], "texture": "#texture" },
				"south": { "uv": [ 1.25, 1.5, 4.25, 5 ], "texture": "#texture" },
				"west": { "uv": [ 0.75, 1.25, 4.5, 4.75 ], "texture": "#texture" },
				"east": { "uv": [ 0.75, 1.75, 4.25, 5 ], "texture": "#texture" }
			}
		},
		{
			"__comment": "Element",
			"from": [ 4.125, 9, 4.6875 ],
			"to": [ 4.875, 9.5, 5.5625 ],
			"rotation": { "origin": [ 4.125, 9.5, 4.6875 ], "axis": "x", "angle": 45 },
			"faces": {
				"down": { "uv": [ 1.25, 1.5, 4.75, 4.75 ], "texture": "#texture" },
				"up": { "uv": [ 2, 1.75, 5.5, 5.25 ], "texture": "#texture" },
				"north": { "uv": [ 1.25, 1.5, 4.25, 4.5 ], "texture": "#texture" },
				"south": { "uv": [ 1.25, 1.5, 4.25, 5 ], "texture": "#texture" },
				"west": { "uv": [ 0.75, 1.25, 4.5, 4.75 ], "texture": "#texture" },
				"east": { "uv": [ 0.75, 1.75, 4.25, 5 ], "texture": "#texture" }
			}
		},
		{
			"__comment": "Element",
			"from": [ 3.875, 11, 5.875 ],
			"to": [ 4.875, 13, 6.875 ],
			"rotation": { "origin": [ 3.875, 13, 5.875 ], "axis": "z", "angle": -22.5 },
			"faces": {
				"down": { "uv": [ 1.25, 1.5, 4.75, 4.75 ], "texture": "#texture" },
				"up": { "uv": [ 2, 1.75, 5.5, 5.25 ], "texture": "#texture" },
				"north": { "uv": [ 1.25, 1.5, 4.25, 4.5 ], "texture": "#texture" },
				"south": { "uv": [ 1.25, 1.5, 4.25, 5 ], "texture": "#texture" },
				"west": { "uv": [ 0.75, 1.25, 4.5, 4.75 ], "texture": "#texture" },
				"east": { "uv": [ 0.75, 1.75, 4.25, 5 ], "texture": "#texture" }
			}
		},
		{
			"__comment": "Element",
			"from": [ 4.25, 10.875, 6.625 ],
			"to": [ 5.25, 13.5, 7.625 ],
			"rotation": { "origin": [ 4.25, 13.5, 6.625 ], "axis": "z", "angle": -22.5 },
			"faces": {
				"down": { "uv": [ 1.25, 1.5, 4.75, 4.75 ], "texture": "#texture" },
				"up": { "uv": [ 2, 1.75, 5.5, 5.25 ], "texture": "#texture" },
				"north": { "uv": [ 1.25, 1.5, 4.25, 4.5 ], "texture": "#texture" },
				"south": { "uv": [ 1.25, 1.5, 4.25, 5 ], "texture": "#texture" },
				"west": { "uv": [ 0.75, 1.25, 4.5, 4.75 ], "texture": "#texture" },
				"east": { "uv": [ 0.75, 1.75, 4.25, 5 ], "texture": "#texture" }
			}
		},
		{
			"__comment": "Element",
			"from": [ 4.25, 10.875, 8.375 ],
			"to": [ 5.25, 13.5, 9.375 ],
			"rotation": { "origin": [ 4.25, 13.5, 8.375 ], "axis": "z", "angle": -22.5 },
			"faces": {
				"down": { "uv": [ 1.25, 1.5, 4.75, 4.75 ], "texture": "#texture" },
				"up": { "uv": [ 2, 1.75, 5.5, 5.25 ], "texture": "#texture" },
				"north": { "uv": [ 1.25, 1.5, 4.25, 4.5 ], "texture": "#texture" },
				"south": { "uv": [ 1.25, 1.5, 4.25, 5 ], "texture": "#texture" },
				"west": { "uv": [ 0.75, 1.25, 4.5, 4.75 ], "texture": "#texture" },
				"east": { "uv": [ 0.75, 1.75, 4.25, 5 ], "texture": "#texture" }
			}
		},
		{
			"__comment": "Element",
			"from": [ 3.875, 11, 9.125 ],
			"to": [ 4.875, 13, 10.125 ],
			"rotation": { "origin": [ 3.875, 13, 9.125 ], "axis": "z", "angle": -22.5 },
			"faces": {
				"down": { "uv": [ 1.25, 1.5, 4.75, 4.75 ], "texture": "#texture" },
				"up": { "uv": [ 2, 1.75, 5.5, 5.25 ], "texture": "#texture" },
				"north": { "uv": [ 1.25, 1.5, 4.25, 4.5 ], "texture": "#texture" },
				"south": { "uv": [ 1.25, 1.5, 4.25, 5 ], "texture": "#texture" },
				"west": { "uv": [ 0.75, 1.25, 4.5, 4.75 ], "texture": "#texture" },
				"east": { "uv": [ 0.75, 1.75, 4.25, 5 ], "texture": "#texture" }
			}
		},
		{
			"__comment": "Element",
			"from": [ 4.125, 11, 7.5 ],
			"to": [ 5.125, 13.625, 8.5 ],
			"rotation": { "origin": [ 4.125, 13.625, 7.5 ], "axis": "z", "angle": -22.5 },
			"faces": {
				"down": { "uv": [ 1.25, 1.5, 4.75, 4.75 ], "texture": "#texture" },
				"up": { "uv": [ 2, 1.75, 5.5, 5.25 ], "texture": "#texture" },
				"north": { "uv": [ 1.25, 1.5, 4.25, 4.5 ], "texture": "#texture" },
				"south": { "uv": [ 1.25, 1.5, 4.25, 5 ], "texture": "#texture" },
				"west": { "uv": [ 0.75, 1.25, 4.5, 4.75 ], "texture": "#texture" },
				"east": { "uv": [ 0.75, 1.75, 4.25, 5 ], "texture": "#texture" }
			}
		},
		{
			"__comment": "Element",
			"from": [ 4.25, 6.75, -0.25 ],
			"to": [ 4.3125, 14, 2.75 ],
			"rotation": { "origin": [ 4.25, 14, -0.25 ], "axis": "x", "angle": -45 },
			"faces": {
				"down": { "uv": [ 7.375, 0.75, 9.5, 3.5 ], "texture": "#ear" },
				"up": { "uv": [ 6.5, 2, 8.625, 3.75 ], "texture": "#ear" },
				"north": { "uv": [ 6.375, 3.125, 8, 4.75 ], "texture": "#ear" },
				"south": { "uv": [ 7.625, 1.875, 8.875, 3.75 ], "texture": "#ear" },
				"west": { "uv": [ 6, 0.125, 0.125, 15.25 ], "texture": "#ear" },
				"east": { "uv": [ 10, 0.125, 15.875, 15.25 ], "texture": "#ear" }
			}
		},
		{
			"__comment": "Element",
			"from": [ 4.25, 8.875, 14.125 ],
			"to": [ 4.3125, 16.125, 17.125 ],
			"rotation": { "origin": [ 4.25, 16.125, 14.125 ], "axis": "x", "angle": 45 },
			"faces": {
				"down": { "uv": [ 7.375, 0.75, 9.5, 3.5 ], "texture": "#ear" },
				"up": { "uv": [ 6.5, 2, 8.625, 3.75 ], "texture": "#ear" },
				"north": { "uv": [ 6.375, 3.125, 8, 4.75 ], "texture": "#ear" },
				"south": { "uv": [ 7.625, 1.875, 8.875, 3.75 ], "texture": "#ear" },
				"west": { "uv": [ 0.125, 0.125, 6, 15.25 ], "texture": "#ear" },
				"east": { "uv": [ 15.875, 0.125, 10, 15.25 ], "texture": "#ear" }
			}
		},
		{
			"__comment": "Element",
			"from": [ 5.1875, 11.875, 6.9125 ],
			"to": [ 5.25, 16.375, 10.4125 ],
			"rotation": { "origin": [ 5.1875, 16.375, 6.9125 ], "axis": "z", "angle": -22.5 },
			"faces": {
				"down": { "uv": [ 10, 6.5, 12.125, 9.25 ], "texture": "#swirl_head" },
				"up": { "uv": [ 9.25, 7.25, 11.375, 9 ], "texture": "#swirl_head" },
				"north": { "uv": [ 11.5, 8.75, 13.125, 10.375 ], "texture": "#swirl_head" },
				"south": { "uv": [ 10.5, 6, 11.75, 7.875 ], "texture": "#swirl_head" },
				"west": { "uv": [ 0.125, 0.125, 8.375, 7.75 ], "texture": "#swirl_head" },
				"east": { "uv": [ 10, 6.25, 12.625, 9.75 ], "texture": "#swirl_head" }
			}
		},
		{
			"__comment": "Element",
			"from": [ 3.5, 10.645, 6.85 ],
			"to": [ 3.5625, 12.27, 10.85 ],
			"rotation": { "origin": [ 3.5, 12.27, 6.85 ], "axis": "z", "angle": -45 },
			"faces": {
				"down": { "uv": [ 10, 6.5, 12.125, 9.25 ], "texture": "#swirl_head" },
				"up": { "uv": [ 9.25, 7.25, 11.375, 9 ], "texture": "#swirl_head" },
				"north": { "uv": [ 11.5, 8.75, 13.125, 10.375 ], "texture": "#swirl_head" },
				"south": { "uv": [ 10.5, 6, 11.75, 7.875 ], "texture": "#swirl_head" },
				"west": { "uv": [ 0.125, 7.75, 8.5, 15.875 ], "texture": "#swirl_head" },
				"east": { "uv": [ 8.5, 9, 11.625, 12 ], "texture": "#swirl_head" }
			}
		},
		{
			"__comment": "eye",
			"from": [ 2.49, 9.5, 6.5 ],
			"to": [ 3.49, 10.75, 7.25 ],
			"faces": {
				"down": { "uv": [ 10.25, 9.25, 13.5, 12.75 ], "texture": "#particle" },
				"up": { "uv": [ 9.75, 10.75, 12.25, 13.75 ], "texture": "#particle" },
				"north": { "uv": [ 10.5, 9.25, 13, 13 ], "texture": "#particle" },
				"south": { "uv": [ 10.75, 10.25, 13.5, 13 ], "texture": "#particle" },
				"west": { "uv": [ 5.25, 0.25, 0.25, 9.5 ], "texture": "#particle" },
				"east": { "uv": [ 0.25, 0.25, 5.25, 9.5 ], "texture": "#particle" }
			}
		},
		{
			"__comment": "eye*",
			"from": [ 2.49, 9.5, 8.75 ],
			"to": [ 3.49, 10.75, 9.5 ],
			"faces": {
				"down": { "uv": [ 10.25, 9.25, 13.5, 12.75 ], "texture": "#particle" },
				"up": { "uv": [ 9.75, 10.75, 12.25, 13.75 ], "texture": "#particle" },
				"north": { "uv": [ 10.5, 9.25, 13, 13 ], "texture": "#particle" },
				"south": { "uv": [ 10.75, 10.25, 13.5, 13 ], "texture": "#particle" },
				"west": { "uv": [ 0.25, 0.25, 5.25, 9.5 ], "texture": "#particle" },
				"east": { "uv": [ 0.25, 0.25, 5.25, 9.5 ], "texture": "#particle" }
			}
		},
		{
			"__comment": "eye*",
			"from": [ 2.49, 9.5, 9.5 ],
			"to": [ 3.195, 10.75, 10.205 ],
			"rotation": { "origin": [ 2.49, 9.5, 9.5 ], "axis": "y", "angle": 45 },
			"faces": {
				"down": { "uv": [ 10.25, 9.25, 13.5, 12.75 ], "texture": "#particle" },
				"up": { "uv": [ 9.75, 10.75, 12.25, 13.75 ], "texture": "#particle" },
				"north": { "uv": [ 10.5, 9.25, 13, 13 ], "texture": "#particle" },
				"south": { "uv": [ 10.75, 10.25, 13.5, 13 ], "texture": "#particle" },
				"west": { "uv": [ 5.25, 0.25, 10.5, 9.5 ], "texture": "#particle" },
				"east": { "uv": [ 5.25, 0.25, 10.5, 9.5 ], "texture": "#particle" }
			}
		},
		{
			"__comment": "eye*",
			"from": [ 2.49, 9.5, 6.5 ],
			"to": [ 3.195, 10.75, 7.205 ],
			"rotation": { "origin": [ 2.49, 9.5, 6.5 ], "axis": "y", "angle": 45 },
			"faces": {
				"down": { "uv": [ 10.25, 9.25, 13.5, 12.75 ], "texture": "#particle" },
				"up": { "uv": [ 9.75, 10.75, 12.25, 13.75 ], "texture": "#particle" },
				"north": { "uv": [ 10.5, 0.25, 5.25, 9.5 ], "texture": "#particle" },
				"south": { "uv": [ 5.25, 0.25, 10.5, 9.5 ], "texture": "#particle" },
				"west": { "uv": [ 9, 9.75, 12, 12.25 ], "texture": "#particle" },
				"east": { "uv": [ 11, 8.75, 13.25, 11.25 ], "texture": "#particle" }
			}
		},
		{
			"__comment": "Element",
			"from": [ 4.75, 4, 6.25 ],
			"to": [ 11, 6.5, 9.75 ],
			"faces": {
				"down": { "uv": [ 1.25, 1.5, 4.75, 4.75 ], "texture": "#texture" },
				"up": { "uv": [ 2, 1.75, 5.5, 5.25 ], "texture": "#texture" },
				"north": { "uv": [ 1.25, 1.5, 4.25, 4.5 ], "texture": "#texture" },
				"south": { "uv": [ 1.25, 1.5, 4.25, 5 ], "texture": "#texture" },
				"west": { "uv": [ 0.75, 1.25, 4.5, 4.75 ], "texture": "#texture" },
				"east": { "uv": [ 0.75, 1.75, 4.25, 5 ], "texture": "#texture" }
			}
		},
		{
			"__comment": "Element",
			"from": [ 9.5, 4.5, 6.25 ],
			"to": [ 11, 7, 9.75 ],
			"faces": {
				"down": { "uv": [ 1.25, 1.5, 4.75, 4.75 ], "texture": "#texture" },
				"up": { "uv": [ 2, 1.75, 5.5, 5.25 ], "texture": "#texture" },
				"north": { "uv": [ 1.25, 1.5, 4.25, 4.5 ], "texture": "#texture" },
				"south": { "uv": [ 1.25, 1.5, 4.25, 5 ], "texture": "#texture" },
				"west": { "uv": [ 0.75, 1.25, 4.5, 4.75 ], "texture": "#texture" },
				"east": { "uv": [ 0.75, 1.75, 4.25, 5 ], "texture": "#texture" }
			}
		},
		{
			"__comment": "Element",
			"from": [ 8.29, 5.75, 6.25 ],
			"to": [ 9.6025, 6.5, 9.75 ],
			"rotation": { "origin": [ 8.29, 6.5, 6.25 ], "axis": "z", "angle": 22.5 },
			"faces": {
				"down": { "uv": [ 1.25, 1.5, 4.75, 4.75 ], "texture": "#texture" },
				"up": { "uv": [ 2, 1.75, 5.5, 5.25 ], "texture": "#texture" },
				"north": { "uv": [ 1.25, 1.5, 4.25, 4.5 ], "texture": "#texture" },
				"south": { "uv": [ 1.25, 1.5, 4.25, 5 ], "texture": "#texture" },
				"west": { "uv": [ 0.75, 1.25, 4.5, 4.75 ], "texture": "#texture" },
				"east": { "uv": [ 0.75, 1.75, 4.25, 5 ], "texture": "#texture" }
			}
		},
		{
			"__comment": "Element",
			"from": [ 11, 4.5, 6.25 ],
			"to": [ 11.5, 6.5, 9.75 ],
			"faces": {
				"down": { "uv": [ 1.25, 1.5, 4.75, 4.75 ], "texture": "#texture" },
				"up": { "uv": [ 2, 1.75, 5.5, 5.25 ], "texture": "#texture" },
				"north": { "uv": [ 1.25, 1.5, 4.25, 4.5 ], "texture": "#texture" },
				"south": { "uv": [ 1.25, 1.5, 4.25, 5 ], "texture": "#texture" },
				"west": { "uv": [ 0.75, 1.25, 4.5, 4.75 ], "texture": "#texture" },
				"east": { "uv": [ 0.75, 1.75, 4.25, 5 ], "texture": "#texture" }
			}
		},
		{
			"__comment": "Element",
			"from": [ 11, 6.295, 6.25 ],
			"to": [ 11.705, 7, 9.75 ],
			"rotation": { "origin": [ 11, 7, 6.25 ], "axis": "z", "angle": -45 },
			"faces": {
				"down": { "uv": [ 1.25, 1.5, 4.75, 4.75 ], "texture": "#texture" },
				"up": { "uv": [ 2, 1.75, 5.5, 5.25 ], "texture": "#texture" },
				"north": { "uv": [ 1.25, 1.5, 4.25, 4.5 ], "texture": "#texture" },
				"south": { "uv": [ 1.25, 1.5, 4.25, 5 ], "texture": "#texture" },
				"west": { "uv": [ 0.75, 1.25, 4.5, 4.75 ], "texture": "#texture" },
				"east": { "uv": [ 0.75, 1.75, 4.25, 5 ], "texture": "#texture" }
			}
		},
		{
			"__comment": "Element",
			"from": [ 11, 4.295, 6.25 ],
			"to": [ 11.705, 5, 9.75 ],
			"rotation": { "origin": [ 11, 5, 6.25 ], "axis": "z", "angle": -45 },
			"faces": {
				"down": { "uv": [ 1.25, 1.5, 4.75, 4.75 ], "texture": "#texture" },
				"up": { "uv": [ 2, 1.75, 5.5, 5.25 ], "texture": "#texture" },
				"north": { "uv": [ 1.25, 1.5, 4.25, 4.5 ], "texture": "#texture" },
				"south": { "uv": [ 1.25, 1.5, 4.25, 5 ], "texture": "#texture" },
				"west": { "uv": [ 0.75, 1.25, 4.5, 4.75 ], "texture": "#texture" },
				"east": { "uv": [ 0.75, 1.75, 4.25, 5 ], "texture": "#texture" }
			}
		},
		{
			"__comment": "Element",
			"from": [ 3.5, 4, 7 ],
			"to": [ 5.25, 7.75, 9 ],
			"rotation": { "origin": [ 3.5, 7.75, 7 ], "axis": "z", "angle": 22.5 },
			"faces": {
				"down": { "uv": [ 1.25, 1.5, 4.75, 4.75 ], "texture": "#texture" },
				"up": { "uv": [ 2, 1.75, 5.5, 5.25 ], "texture": "#texture" },
				"north": { "uv": [ 1.25, 1.5, 4.25, 4.5 ], "texture": "#texture" },
				"south": { "uv": [ 1.25, 1.5, 4.25, 5 ], "texture": "#texture" },
				"west": { "uv": [ 0.75, 1.25, 4.5, 4.75 ], "texture": "#texture" },
				"east": { "uv": [ 0.75, 1.75, 4.25, 5 ], "texture": "#texture" }
			}
		},
		{
			"__comment": "Element",
			"from": [ 4.25, 3.5, 7 ],
			"to": [ 6, 6.25, 9 ],
			"rotation": { "origin": [ 4.25, 6.25, 7 ], "axis": "z", "angle": 45 },
			"faces": {
				"down": { "uv": [ 1.25, 1.5, 4.75, 4.75 ], "texture": "#texture" },
				"up": { "uv": [ 2, 1.75, 5.5, 5.25 ], "texture": "#texture" },
				"north": { "uv": [ 1.25, 1.5, 4.25, 4.5 ], "texture": "#texture" },
				"south": { "uv": [ 1.25, 1.5, 4.25, 5 ], "texture": "#texture" },
				"west": { "uv": [ 0.75, 1.25, 4.5, 4.75 ], "texture": "#texture" },
				"east": { "uv": [ 0.75, 1.75, 4.25, 5 ], "texture": "#texture" }
			}
		},
		{
			"__comment": "Element",
			"from": [ 5.5, 7, 8 ],
			"to": [ 8.5, 8, 8.0625 ],
			"faces": {
				"down": { "uv": [ 3.25, 10, 5.5, 11.5 ], "texture": "#leaf_back" },
				"up": { "uv": [ 4.75, 9.5, 7.25, 11 ], "texture": "#leaf_back" },
				"north": { "uv": [ 15.5, 0.25, 0.25, 6.25 ], "texture": "#leaf_back" },
				"south": { "uv": [ 0.25, 0.25, 15.5, 6.25 ], "texture": "#leaf_back" },
				"west": { "uv": [ 3.75, 12.25, 6.25, 13.5 ], "texture": "#leaf_back" },
				"east": { "uv": [ 6.75, 7.5, 9.25, 10 ], "texture": "#leaf_back" }
			}
		},
		{
			"__comment": "Element",
			"from": [ 2, 2.5, 8 ],
			"to": [ 5, 4, 8.0625 ],
			"rotation": { "origin": [ 2, 4, 8 ], "axis": "z", "angle": 45 },
			"faces": {
				"down": { "uv": [ 3.25, 10, 5.5, 11.5 ], "texture": "#leaf_back" },
				"up": { "uv": [ 4.75, 9.5, 7.25, 11 ], "texture": "#leaf_back" },
				"north": { "uv": [ 0.25, 0.25, 15.5, 6.25 ], "texture": "#leaf_back" },
				"south": { "uv": [ 15.5, 0.25, 0.25, 6.25 ], "texture": "#leaf_back" },
				"west": { "uv": [ 3.75, 12.25, 6.25, 13.5 ], "texture": "#leaf_back" },
				"east": { "uv": [ 6.75, 7.5, 9.25, 10 ], "texture": "#leaf_back" }
			}
		},
		{
			"__comment": "Element",
			"from": [ 2.875, 5.25, 8 ],
			"to": [ 4.375, 6, 8.0625 ],
			"faces": {
				"down": { "uv": [ 3.25, 10, 5.5, 11.5 ], "texture": "#leaf_back" },
				"up": { "uv": [ 4.75, 9.5, 7.25, 11 ], "texture": "#leaf_back" },
				"north": { "uv": [ 0.25, 0.25, 15.5, 6.25 ], "texture": "#leaf_back" },
				"south": { "uv": [ 15.5, 0.25, 0.25, 6.25 ], "texture": "#leaf_back" },
				"west": { "uv": [ 3.75, 12.25, 6.25, 13.5 ], "texture": "#leaf_back" },
				"east": { "uv": [ 6.75, 7.5, 9.25, 10 ], "texture": "#leaf_back" }
			}
		},
		{
			"__comment": "Element",
			"from": [ 4, 3.25, 8 ],
			"to": [ 4.75, 4.75, 8.0625 ],
			"faces": {
				"down": { "uv": [ 3.25, 10, 5.5, 11.5 ], "texture": "#leaf_back" },
				"up": { "uv": [ 4.75, 9.5, 7.25, 11 ], "texture": "#leaf_back" },
				"north": { "uv": [ 0.25, 0.25, 15.5, 6.25 ], "texture": "#leaf_back", "rotation": 90 },
				"south": { "uv": [ 15.5, 0.25, 0.25, 6.25 ], "texture": "#leaf_back", "rotation": 270 },
				"west": { "uv": [ 3.75, 12.25, 6.25, 13.5 ], "texture": "#leaf_back" },
				"east": { "uv": [ 6.75, 7.5, 9.25, 10 ], "texture": "#leaf_back" }
			}
		},
		{
			"__comment": "Element",
			"from": [ 5, 3.5425, 6.3025 ],
			"to": [ 6, 6.2925, 7.5525 ],
			"rotation": { "origin": [ 5, 6.2925, 6.3025 ], "axis": "x", "angle": 22.5 },
			"faces": {
				"down": { "uv": [ 1.25, 1.5, 4.75, 4.75 ], "texture": "#texture" },
				"up": { "uv": [ 2, 1.75, 5.5, 5.25 ], "texture": "#texture" },
				"north": { "uv": [ 1.25, 1.5, 4.25, 4.5 ], "texture": "#texture" },
				"south": { "uv": [ 1.25, 1.5, 4.25, 5 ], "texture": "#texture" },
				"west": { "uv": [ 0.75, 1.25, 4.5, 4.75 ], "texture": "#texture" },
				"east": { "uv": [ 0.75, 1.75, 4.25, 5 ], "texture": "#texture" }
			}
		},
		{
			"__comment": "paw_front",
			"from": [ 5, 2, 9.5 ],
			"to": [ 6, 3.75, 10.75 ],
			"faces": {
				"down": { "uv": [ 1.25, 1.5, 4.75, 4.75 ], "texture": "#texture" },
				"up": { "uv": [ 2, 1.75, 5.5, 5.25 ], "texture": "#texture" },
				"north": { "uv": [ 1.25, 1.5, 4.25, 4.5 ], "texture": "#texture" },
				"south": { "uv": [ 1.25, 1.5, 4.25, 5 ], "texture": "#texture" },
				"west": { "uv": [ 0.75, 1.25, 4.5, 4.75 ], "texture": "#texture" },
				"east": { "uv": [ 0.75, 1.75, 4.25, 5 ], "texture": "#texture" }
			}
		},
		{
			"__comment": "paw_front",
			"from": [ 5, 0, 9.5 ],
			"to": [ 5.625, 2, 10.75 ],
			"faces": {
				"down": { "uv": [ 1.5, 8, 5, 11.25 ], "texture": "#texture" },
				"up": { "uv": [ 1.25, 8.5, 4.75, 12 ], "texture": "#texture" },
				"north": { "uv": [ 1.75, 8.75, 4.75, 11.75 ], "texture": "#texture" },
				"south": { "uv": [ 2, 7.5, 5, 11 ], "texture": "#texture" },
				"west": { "uv": [ 1.25, 8.75, 5, 12.25 ], "texture": "#texture" },
				"east": { "uv": [ 1.25, 7.75, 4.75, 11 ], "texture": "#texture" }
			}
		},
		{
			"__comment": "Element",
			"from": [ 5, 3.0625, 8.5425 ],
			"to": [ 6, 5.8125, 9.7925 ],
			"rotation": { "origin": [ 5, 5.8125, 8.5425 ], "axis": "x", "angle": -22.5 },
			"faces": {
				"down": { "uv": [ 1.25, 1.5, 4.75, 4.75 ], "texture": "#texture" },
				"up": { "uv": [ 2, 1.75, 5.5, 5.25 ], "texture": "#texture" },
				"north": { "uv": [ 1.25, 1.5, 4.25, 4.5 ], "texture": "#texture" },
				"south": { "uv": [ 1.25, 1.5, 4.25, 5 ], "texture": "#texture" },
				"west": { "uv": [ 0.75, 1.25, 4.5, 4.75 ], "texture": "#texture" },
				"east": { "uv": [ 0.75, 1.75, 4.25, 5 ], "texture": "#texture" }
			}
		},
		{
			"__comment": "paw_front",
			"from": [ 4.5, 0, 9.5 ],
			"to": [ 5, 0.75, 10 ],
			"faces": {
				"down": { "uv": [ 1.5, 8, 5, 11.25 ], "texture": "#texture" },
				"up": { "uv": [ 1.25, 8.5, 4.75, 12 ], "texture": "#texture" },
				"north": { "uv": [ 1.75, 8.75, 4.75, 11.75 ], "texture": "#texture" },
				"south": { "uv": [ 2, 7.5, 5, 11 ], "texture": "#texture" },
				"west": { "uv": [ 1.25, 8.75, 5, 12.25 ], "texture": "#texture" },
				"east": { "uv": [ 1.25, 7.75, 4.75, 11 ], "texture": "#texture" }
			}
		},
		{
			"__comment": "paw_front",
			"from": [ 4.5, 0, 10.25 ],
			"to": [ 5, 0.75, 10.75 ],
			"faces": {
				"down": { "uv": [ 1.5, 8, 5, 11.25 ], "texture": "#texture" },
				"up": { "uv": [ 1.25, 8.5, 4.75, 12 ], "texture": "#texture" },
				"north": { "uv": [ 1.75, 8.75, 4.75, 11.75 ], "texture": "#texture" },
				"south": { "uv": [ 2, 7.5, 5, 11 ], "texture": "#texture" },
				"west": { "uv": [ 1.25, 8.75, 5, 12.25 ], "texture": "#texture" },
				"east": { "uv": [ 1.25, 7.75, 4.75, 11 ], "texture": "#texture" }
			}
		},
		{
			"__comment": "paw_front",
			"from": [ 4.375, 0, 9.875 ],
			"to": [ 5.25, 0.875, 10.375 ],
			"faces": {
				"down": { "uv": [ 1.5, 8, 5, 11.25 ], "texture": "#texture" },
				"up": { "uv": [ 1.25, 8.5, 4.75, 12 ], "texture": "#texture" },
				"north": { "uv": [ 1.75, 8.75, 4.75, 11.75 ], "texture": "#texture" },
				"south": { "uv": [ 2, 7.5, 5, 11 ], "texture": "#texture" },
				"west": { "uv": [ 1.25, 8.75, 5, 12.25 ], "texture": "#texture" },
				"east": { "uv": [ 1.25, 7.75, 4.75, 11 ], "texture": "#texture" }
			}
		},
		{
			"__comment": "paw_front",
			"from": [ 5.625, 0.375, 9.5 ],
			"to": [ 6, 2, 10.75 ],
			"faces": {
				"down": { "uv": [ 1.5, 8, 5, 11.25 ], "texture": "#texture" },
				"up": { "uv": [ 1.25, 8.5, 4.75, 12 ], "texture": "#texture" },
				"north": { "uv": [ 1.75, 8.75, 4.75, 11.75 ], "texture": "#texture" },
				"south": { "uv": [ 2, 7.5, 5, 11 ], "texture": "#texture" },
				"west": { "uv": [ 1.25, 8.75, 5, 12.25 ], "texture": "#texture" },
				"east": { "uv": [ 1.25, 7.75, 4.75, 11 ], "texture": "#texture" }
			}
		},
		{
			"__comment": "paw_front",
			"from": [ 5.25, -0.155, 9.5 ],
			"to": [ 5.78, 0.375, 10.75 ],
			"rotation": { "origin": [ 5.25, 0.375, 9.5 ], "axis": "z", "angle": 45 },
			"faces": {
				"down": { "uv": [ 1.5, 8, 5, 11.25 ], "texture": "#texture" },
				"up": { "uv": [ 1.25, 8.5, 4.75, 12 ], "texture": "#texture" },
				"north": { "uv": [ 1.75, 8.75, 4.75, 11.75 ], "texture": "#texture" },
				"south": { "uv": [ 2, 7.5, 5, 11 ], "texture": "#texture" },
				"west": { "uv": [ 1.25, 8.75, 5, 12.25 ], "texture": "#texture" },
				"east": { "uv": [ 1.25, 7.75, 4.75, 11 ], "texture": "#texture" }
			}
		},
		{
			"__comment": "paw_front",
			"from": [ 5.375, 1, 10.25 ],
			"to": [ 5.4375, 1.75, 11.5 ],
			"rotation": { "origin": [ 5.375, 1.75, 10.25 ], "axis": "x", "angle": -45 },
			"faces": {
				"down": { "uv": [ 3.25, 10, 5.5, 11.5 ], "texture": "#leaf_back" },
				"up": { "uv": [ 4.75, 9.5, 7.25, 11 ], "texture": "#leaf_back" },
				"north": { "uv": [ 5.875, 10.25, 7.75, 12.75 ], "texture": "#leaf_back" },
				"south": { "uv": [ 2.125, 8.875, 4.25, 11.625 ], "texture": "#leaf_back" },
				"west": { "uv": [ 0.25, 0.25, 15.5, 6.25 ], "texture": "#leaf_back" },
				"east": { "uv": [ 15.5, 0.25, 0.25, 6.25 ], "texture": "#leaf_back" }
			}
		},
		{
			"__comment": "paw_front",
			"from": [ 5.375, 1.875, 9.125 ],
			"to": [ 5.4375, 2.625, 10.375 ],
			"rotation": { "origin": [ 5.375, 2.625, 9.125 ], "axis": "x", "angle": 45 },
			"faces": {
				"down": { "uv": [ 3.25, 10, 5.5, 11.5 ], "texture": "#leaf_back" },
				"up": { "uv": [ 4.75, 9.5, 7.25, 11 ], "texture": "#leaf_back" },
				"north": { "uv": [ 5.875, 10.25, 7.75, 12.75 ], "texture": "#leaf_back" },
				"south": { "uv": [ 2.125, 8.875, 4.25, 11.625 ], "texture": "#leaf_back" },
				"west": { "uv": [ 15.5, 0.25, 0.25, 6.25 ], "texture": "#leaf_back" },
				"east": { "uv": [ 0.25, 0.25, 15.5, 6.25 ], "texture": "#leaf_back" }
			}
		},
		{
			"__comment": "Element",
			"from": [ 5.75, 5.75, 7 ],
			"to": [ 7.75, 7, 9 ],
			"rotation": { "origin": [ 5.75, 7, 7 ], "axis": "z", "angle": -22.5 },
			"faces": {
				"down": { "uv": [ 1.25, 1.5, 4.75, 4.75 ], "texture": "#texture" },
				"up": { "uv": [ 2, 1.75, 5.5, 5.25 ], "texture": "#texture" },
				"north": { "uv": [ 1.25, 1.5, 4.25, 4.5 ], "texture": "#texture" },
				"south": { "uv": [ 1.25, 1.5, 4.25, 5 ], "texture": "#texture" },
				"west": { "uv": [ 0.75, 1.25, 4.5, 4.75 ], "texture": "#texture" },
				"east": { "uv": [ 0.75, 1.75, 4.25, 5 ], "texture": "#texture" }
			}
		},
		{
			"__comment": "paw_front2",
			"from": [ 5, 2, 5.25 ],
			"to": [ 6, 3.75, 6.5 ],
			"faces": {
				"down": { "uv": [ 1.25, 1.5, 4.75, 4.75 ], "texture": "#texture" },
				"up": { "uv": [ 2, 1.75, 5.5, 5.25 ], "texture": "#texture" },
				"north": { "uv": [ 1.25, 1.5, 4.25, 4.5 ], "texture": "#texture" },
				"south": { "uv": [ 1.25, 1.5, 4.25, 5 ], "texture": "#texture" },
				"west": { "uv": [ 0.75, 1.25, 4.5, 4.75 ], "texture": "#texture" },
				"east": { "uv": [ 0.75, 1.75, 4.25, 5 ], "texture": "#texture" }
			}
		},
		{
			"__comment": "paw_front2",
			"from": [ 5, 0, 5.25 ],
			"to": [ 5.625, 2, 6.5 ],
			"faces": {
				"down": { "uv": [ 1.5, 8, 5, 11.25 ], "texture": "#texture" },
				"up": { "uv": [ 1.25, 8.5, 4.75, 12 ], "texture": "#texture" },
				"north": { "uv": [ 1.75, 8.75, 4.75, 11.75 ], "texture": "#texture" },
				"south": { "uv": [ 2, 7.5, 5, 11 ], "texture": "#texture" },
				"west": { "uv": [ 1.25, 8.75, 5, 12.25 ], "texture": "#texture" },
				"east": { "uv": [ 1.25, 7.75, 4.75, 11 ], "texture": "#texture" }
			}
		},
		{
			"__comment": "paw_front2",
			"from": [ 4.5, 0, 5.25 ],
			"to": [ 5, 0.75, 5.75 ],
			"faces": {
				"down": { "uv": [ 1.5, 8, 5, 11.25 ], "texture": "#texture" },
				"up": { "uv": [ 1.25, 8.5, 4.75, 12 ], "texture": "#texture" },
				"north": { "uv": [ 1.75, 8.75, 4.75, 11.75 ], "texture": "#texture" },
				"south": { "uv": [ 2, 7.5, 5, 11 ], "texture": "#texture" },
				"west": { "uv": [ 1.25, 8.75, 5, 12.25 ], "texture": "#texture" },
				"east": { "uv": [ 1.25, 7.75, 4.75, 11 ], "texture": "#texture" }
			}
		},
		{
			"__comment": "paw_front2",
			"from": [ 4.5, 0, 6 ],
			"to": [ 5, 0.75, 6.5 ],
			"faces": {
				"down": { "uv": [ 1.5, 8, 5, 11.25 ], "texture": "#texture" },
				"up": { "uv": [ 1.25, 8.5, 4.75, 12 ], "texture": "#texture" },
				"north": { "uv": [ 1.75, 8.75, 4.75, 11.75 ], "texture": "#texture" },
				"south": { "uv": [ 2, 7.5, 5, 11 ], "texture": "#texture" },
				"west": { "uv": [ 1.25, 8.75, 5, 12.25 ], "texture": "#texture" },
				"east": { "uv": [ 1.25, 7.75, 4.75, 11 ], "texture": "#texture" }
			}
		},
		{
			"__comment": "paw_front2",
			"from": [ 4.375, 0, 5.625 ],
			"to": [ 5.25, 0.875, 6.125 ],
			"faces": {
				"down": { "uv": [ 1.5, 8, 5, 11.25 ], "texture": "#texture" },
				"up": { "uv": [ 1.25, 8.5, 4.75, 12 ], "texture": "#texture" },
				"north": { "uv": [ 1.75, 8.75, 4.75, 11.75 ], "texture": "#texture" },
				"south": { "uv": [ 2, 7.5, 5, 11 ], "texture": "#texture" },
				"west": { "uv": [ 1.25, 8.75, 5, 12.25 ], "texture": "#texture" },
				"east": { "uv": [ 1.25, 7.75, 4.75, 11 ], "texture": "#texture" }
			}
		},
		{
			"__comment": "paw_front2",
			"from": [ 5.625, 0.375, 5.25 ],
			"to": [ 6, 2, 6.5 ],
			"faces": {
				"down": { "uv": [ 1.5, 8, 5, 11.25 ], "texture": "#texture" },
				"up": { "uv": [ 1.25, 8.5, 4.75, 12 ], "texture": "#texture" },
				"north": { "uv": [ 1.75, 8.75, 4.75, 11.75 ], "texture": "#texture" },
				"south": { "uv": [ 2, 7.5, 5, 11 ], "texture": "#texture" },
				"west": { "uv": [ 1.25, 8.75, 5, 12.25 ], "texture": "#texture" },
				"east": { "uv": [ 1.25, 7.75, 4.75, 11 ], "texture": "#texture" }
			}
		},
		{
			"__comment": "paw_front2",
			"from": [ 5.25, -0.155, 5.25 ],
			"to": [ 5.78, 0.375, 6.5 ],
			"rotation": { "origin": [ 5.25, 0.375, 5.25 ], "axis": "z", "angle": 45 },
			"faces": {
				"down": { "uv": [ 1.5, 8, 5, 11.25 ], "texture": "#texture" },
				"up": { "uv": [ 1.25, 8.5, 4.75, 12 ], "texture": "#texture" },
				"north": { "uv": [ 1.75, 8.75, 4.75, 11.75 ], "texture": "#texture" },
				"south": { "uv": [ 2, 7.5, 5, 11 ], "texture": "#texture" },
				"west": { "uv": [ 1.25, 8.75, 5, 12.25 ], "texture": "#texture" },
				"east": { "uv": [ 1.25, 7.75, 4.75, 11 ], "texture": "#texture" }
			}
		},
		{
			"__comment": "paw_front2",
			"from": [ 5.375, 1, 6 ],
			"to": [ 5.4375, 1.75, 7.25 ],
			"rotation": { "origin": [ 5.375, 1.75, 6 ], "axis": "x", "angle": -45 },
			"faces": {
				"down": { "uv": [ 3.25, 10, 5.5, 11.5 ], "texture": "#leaf_back" },
				"up": { "uv": [ 4.75, 9.5, 7.25, 11 ], "texture": "#leaf_back" },
				"north": { "uv": [ 5.875, 10.25, 7.75, 12.75 ], "texture": "#leaf_back" },
				"south": { "uv": [ 2.125, 8.875, 4.25, 11.625 ], "texture": "#leaf_back" },
				"west": { "uv": [ 0.25, 0.25, 15.5, 6.25 ], "texture": "#leaf_back" },
				"east": { "uv": [ 15.5, 0.25, 0.25, 6.25 ], "texture": "#leaf_back" }
			}
		},
		{
			"__comment": "paw_front2",
			"from": [ 5.375, 1.875, 4.875 ],
			"to": [ 5.4375, 2.625, 6.125 ],
			"rotation": { "origin": [ 5.375, 2.625, 4.875 ], "axis": "x", "angle": 45 },
			"faces": {
				"down": { "uv": [ 3.25, 10, 5.5, 11.5 ], "texture": "#leaf_back" },
				"up": { "uv": [ 4.75, 9.5, 7.25, 11 ], "texture": "#leaf_back" },
				"north": { "uv": [ 5.875, 10.25, 7.75, 12.75 ], "texture": "#leaf_back" },
				"south": { "uv": [ 2.125, 8.875, 4.25, 11.625 ], "texture": "#leaf_back" },
				"west": { "uv": [ 15.5, 0.25, 0.25, 6.25 ], "texture": "#leaf_back" },
				"east": { "uv": [ 0.25, 0.25, 15.5, 6.25 ], "texture": "#leaf_back" }
			}
		},
		{
			"__comment": "paw_front*",
			"from": [ 9, 3.5, 9.25 ],
			"to": [ 11, 5.75, 10.5 ],
			"faces": {
				"down": { "uv": [ 1.25, 1.5, 4.75, 4.75 ], "texture": "#texture" },
				"up": { "uv": [ 2, 1.75, 5.5, 5.25 ], "texture": "#texture" },
				"north": { "uv": [ 1.25, 1.5, 4.25, 4.5 ], "texture": "#texture" },
				"south": { "uv": [ 1.25, 1.5, 4.25, 5 ], "texture": "#texture" },
				"west": { "uv": [ 0.75, 1.25, 4.5, 4.75 ], "texture": "#texture" },
				"east": { "uv": [ 0.75, 1.75, 4.25, 5 ], "texture": "#texture" }
			}
		},
		{
			"__comment": "paw_front*",
			"from": [ 9, 5.44, 9.75 ],
			"to": [ 11, 6.5, 10.81 ],
			"rotation": { "origin": [ 9, 6.5, 9.75 ], "axis": "x", "angle": 45 },
			"faces": {
				"down": { "uv": [ 1.25, 1.5, 4.75, 4.75 ], "texture": "#texture" },
				"up": { "uv": [ 2, 1.75, 5.5, 5.25 ], "texture": "#texture" },
				"north": { "uv": [ 1.25, 1.5, 4.25, 4.5 ], "texture": "#texture" },
				"south": { "uv": [ 1.25, 1.5, 4.25, 5 ], "texture": "#texture" },
				"west": { "uv": [ 0.75, 1.25, 4.5, 4.75 ], "texture": "#texture" },
				"east": { "uv": [ 0.75, 1.75, 4.25, 5 ], "texture": "#texture" }
			}
		},
		{
			"__comment": "paw_front*",
			"from": [ 9, 3.5, 5.5 ],
			"to": [ 11, 5.75, 6.75 ],
			"faces": {
				"down": { "uv": [ 1.25, 1.5, 4.75, 4.75 ], "texture": "#texture" },
				"up": { "uv": [ 2, 1.75, 5.5, 5.25 ], "texture": "#texture" },
				"north": { "uv": [ 1.25, 1.5, 4.25, 4.5 ], "texture": "#texture" },
				"south": { "uv": [ 1.25, 1.5, 4.25, 5 ], "texture": "#texture" },
				"west": { "uv": [ 0.75, 1.25, 4.5, 4.75 ], "texture": "#texture" },
				"east": { "uv": [ 0.75, 1.75, 4.25, 5 ], "texture": "#texture" }
			}
		},
		{
			"__comment": "paw_front*",
			"from": [ 9, 4.69, 5.5 ],
			"to": [ 11, 5.75, 6.56 ],
			"rotation": { "origin": [ 9, 5.75, 5.5 ], "axis": "x", "angle": -45 },
			"faces": {
				"down": { "uv": [ 1.25, 1.5, 4.75, 4.75 ], "texture": "#texture" },
				"up": { "uv": [ 2, 1.75, 5.5, 5.25 ], "texture": "#texture" },
				"north": { "uv": [ 1.25, 1.5, 4.25, 4.5 ], "texture": "#texture" },
				"south": { "uv": [ 1.25, 1.5, 4.25, 5 ], "texture": "#texture" },
				"west": { "uv": [ 0.75, 1.25, 4.5, 4.75 ], "texture": "#texture" },
				"east": { "uv": [ 0.75, 1.75, 4.25, 5 ], "texture": "#texture" }
			}
		},
		{
			"__comment": "paw_back",
			"from": [ 9, 1.73, 9.25 ],
			"to": [ 10.4375, 3.5, 10.5 ],
			"rotation": { "origin": [ 9, 3.5, 9.25 ], "axis": "z", "angle": 45 },
			"faces": {
				"down": { "uv": [ 1.25, 1.5, 4.75, 4.75 ], "texture": "#texture" },
				"up": { "uv": [ 2, 1.75, 5.5, 5.25 ], "texture": "#texture" },
				"north": { "uv": [ 1.25, 1.5, 4.25, 4.5 ], "texture": "#texture" },
				"south": { "uv": [ 1.25, 1.5, 4.25, 5 ], "texture": "#texture" },
				"west": { "uv": [ 0.75, 1.25, 4.5, 4.75 ], "texture": "#texture" },
				"east": { "uv": [ 0.75, 1.75, 4.25, 5 ], "texture": "#texture" }
			}
		},
		{
			"__comment": "paw_back",
			"from": [ 10.25, 0, 9.25 ],
			"to": [ 10.875, 2, 10.5 ],
			"faces": {
				"down": { "uv": [ 1.5, 8, 5, 11.25 ], "texture": "#texture" },
				"up": { "uv": [ 1.25, 8.5, 4.75, 12 ], "texture": "#texture" },
				"north": { "uv": [ 1.75, 8.75, 4.75, 11.75 ], "texture": "#texture" },
				"south": { "uv": [ 2, 7.5, 5, 11 ], "texture": "#texture" },
				"west": { "uv": [ 1.25, 8.75, 5, 12.25 ], "texture": "#texture" },
				"east": { "uv": [ 1.25, 7.75, 4.75, 11 ], "texture": "#texture" }
			}
		},
		{
			"__comment": "paw_back",
			"from": [ 9.75, 0, 9.25 ],
			"to": [ 10.25, 0.75, 9.75 ],
			"faces": {
				"down": { "uv": [ 1.5, 8, 5, 11.25 ], "texture": "#texture" },
				"up": { "uv": [ 1.25, 8.5, 4.75, 12 ], "texture": "#texture" },
				"north": { "uv": [ 1.75, 8.75, 4.75, 11.75 ], "texture": "#texture" },
				"south": { "uv": [ 2, 7.5, 5, 11 ], "texture": "#texture" },
				"west": { "uv": [ 1.25, 8.75, 5, 12.25 ], "texture": "#texture" },
				"east": { "uv": [ 1.25, 7.75, 4.75, 11 ], "texture": "#texture" }
			}
		},
		{
			"__comment": "paw_back",
			"from": [ 9.75, 0, 10 ],
			"to": [ 10.25, 0.75, 10.5 ],
			"faces": {
				"down": { "uv": [ 1.5, 8, 5, 11.25 ], "texture": "#texture" },
				"up": { "uv": [ 1.25, 8.5, 4.75, 12 ], "texture": "#texture" },
				"north": { "uv": [ 1.75, 8.75, 4.75, 11.75 ], "texture": "#texture" },
				"south": { "uv": [ 2, 7.5, 5, 11 ], "texture": "#texture" },
				"west": { "uv": [ 1.25, 8.75, 5, 12.25 ], "texture": "#texture" },
				"east": { "uv": [ 1.25, 7.75, 4.75, 11 ], "texture": "#texture" }
			}
		},
		{
			"__comment": "paw_back",
			"from": [ 9.625, 0, 9.625 ],
			"to": [ 10.5, 0.875, 10.125 ],
			"faces": {
				"down": { "uv": [ 1.5, 8, 5, 11.25 ], "texture": "#texture" },
				"up": { "uv": [ 1.25, 8.5, 4.75, 12 ], "texture": "#texture" },
				"north": { "uv": [ 1.75, 8.75, 4.75, 11.75 ], "texture": "#texture" },
				"south": { "uv": [ 2, 7.5, 5, 11 ], "texture": "#texture" },
				"west": { "uv": [ 1.25, 8.75, 5, 12.25 ], "texture": "#texture" },
				"east": { "uv": [ 1.25, 7.75, 4.75, 11 ], "texture": "#texture" }
			}
		},
		{
			"__comment": "paw_back",
			"from": [ 10.875, 0.375, 9.25 ],
			"to": [ 11.25, 2, 10.5 ],
			"faces": {
				"down": { "uv": [ 1.5, 8, 5, 11.25 ], "texture": "#texture" },
				"up": { "uv": [ 1.25, 8.5, 4.75, 12 ], "texture": "#texture" },
				"north": { "uv": [ 1.75, 8.75, 4.75, 11.75 ], "texture": "#texture" },
				"south": { "uv": [ 2, 7.5, 5, 11 ], "texture": "#texture" },
				"west": { "uv": [ 1.25, 8.75, 5, 12.25 ], "texture": "#texture" },
				"east": { "uv": [ 1.25, 7.75, 4.75, 11 ], "texture": "#texture" }
			}
		},
		{
			"__comment": "paw_back",
			"from": [ 10.875, 0.22, 9.25 ],
			"to": [ 11.405, 0.75, 10.5 ],
			"rotation": { "origin": [ 10.875, 0.75, 9.25 ], "axis": "z", "angle": -45 },
			"faces": {
				"down": { "uv": [ 1.5, 8, 5, 11.25 ], "texture": "#texture" },
				"up": { "uv": [ 1.25, 8.5, 4.75, 12 ], "texture": "#texture" },
				"north": { "uv": [ 1.75, 8.75, 4.75, 11.75 ], "texture": "#texture" },
				"south": { "uv": [ 2, 7.5, 5, 11 ], "texture": "#texture" },
				"west": { "uv": [ 1.25, 8.75, 5, 12.25 ], "texture": "#texture" },
				"east": { "uv": [ 1.25, 7.75, 4.75, 11 ], "texture": "#texture" }
			}
		},
		{
			"__comment": "paw_back",
			"from": [ 10.25, 2, 9.25 ],
			"to": [ 11.25, 3.25, 10.5 ],
			"faces": {
				"down": { "uv": [ 1.25, 1.5, 4.75, 4.75 ], "texture": "#texture" },
				"up": { "uv": [ 2, 1.75, 5.5, 5.25 ], "texture": "#texture" },
				"north": { "uv": [ 1.25, 1.5, 4.25, 4.5 ], "texture": "#texture" },
				"south": { "uv": [ 1.25, 1.5, 4.25, 5 ], "texture": "#texture" },
				"west": { "uv": [ 0.75, 1.25, 4.5, 4.75 ], "texture": "#texture" },
				"east": { "uv": [ 0.75, 1.75, 4.25, 5 ], "texture": "#texture" }
			}
		},
		{
			"__comment": "paw_back2",
			"from": [ 9, 1.73, 5.5 ],
			"to": [ 10.4375, 3.5, 6.75 ],
			"rotation": { "origin": [ 9, 3.5, 5.5 ], "axis": "z", "angle": 45 },
			"faces": {
				"down": { "uv": [ 1.25, 1.5, 4.75, 4.75 ], "texture": "#texture" },
				"up": { "uv": [ 2, 1.75, 5.5, 5.25 ], "texture": "#texture" },
				"north": { "uv": [ 1.25, 1.5, 4.25, 4.5 ], "texture": "#texture" },
				"south": { "uv": [ 1.25, 1.5, 4.25, 5 ], "texture": "#texture" },
				"west": { "uv": [ 0.75, 1.25, 4.5, 4.75 ], "texture": "#texture" },
				"east": { "uv": [ 0.75, 1.75, 4.25, 5 ], "texture": "#texture" }
			}
		},
		{
			"__comment": "paw_back2",
			"from": [ 10.25, 0, 5.5 ],
			"to": [ 10.875, 2, 6.75 ],
			"faces": {
				"down": { "uv": [ 1.5, 8, 5, 11.25 ], "texture": "#texture" },
				"up": { "uv": [ 1.25, 8.5, 4.75, 12 ], "texture": "#texture" },
				"north": { "uv": [ 1.75, 8.75, 4.75, 11.75 ], "texture": "#texture" },
				"south": { "uv": [ 2, 7.5, 5, 11 ], "texture": "#texture" },
				"west": { "uv": [ 1.25, 8.75, 5, 12.25 ], "texture": "#texture" },
				"east": { "uv": [ 1.25, 7.75, 4.75, 11 ], "texture": "#texture" }
			}
		},
		{
			"__comment": "paw_back2",
			"from": [ 9.75, 0, 5.5 ],
			"to": [ 10.25, 0.75, 6 ],
			"faces": {
				"down": { "uv": [ 1.5, 8, 5, 11.25 ], "texture": "#texture" },
				"up": { "uv": [ 1.25, 8.5, 4.75, 12 ], "texture": "#texture" },
				"north": { "uv": [ 1.75, 8.75, 4.75, 11.75 ], "texture": "#texture" },
				"south": { "uv": [ 2, 7.5, 5, 11 ], "texture": "#texture" },
				"west": { "uv": [ 1.25, 8.75, 5, 12.25 ], "texture": "#texture" },
				"east": { "uv": [ 1.25, 7.75, 4.75, 11 ], "texture": "#texture" }
			}
		},
		{
			"__comment": "paw_back2",
			"from": [ 9.75, 0, 6.25 ],
			"to": [ 10.25, 0.75, 6.75 ],
			"faces": {
				"down": { "uv": [ 1.5, 8, 5, 11.25 ], "texture": "#texture" },
				"up": { "uv": [ 1.25, 8.5, 4.75, 12 ], "texture": "#texture" },
				"north": { "uv": [ 1.75, 8.75, 4.75, 11.75 ], "texture": "#texture" },
				"south": { "uv": [ 2, 7.5, 5, 11 ], "texture": "#texture" },
				"west": { "uv": [ 1.25, 8.75, 5, 12.25 ], "texture": "#texture" },
				"east": { "uv": [ 1.25, 7.75, 4.75, 11 ], "texture": "#texture" }
			}
		},
		{
			"__comment": "paw_back2",
			"from": [ 9.625, 0, 5.875 ],
			"to": [ 10.5, 0.875, 6.375 ],
			"faces": {
				"down": { "uv": [ 1.5, 8, 5, 11.25 ], "texture": "#texture" },
				"up": { "uv": [ 1.25, 8.5, 4.75, 12 ], "texture": "#texture" },
				"north": { "uv": [ 1.75, 8.75, 4.75, 11.75 ], "texture": "#texture" },
				"south": { "uv": [ 2, 7.5, 5, 11 ], "texture": "#texture" },
				"west": { "uv": [ 1.25, 8.75, 5, 12.25 ], "texture": "#texture" },
				"east": { "uv": [ 1.25, 7.75, 4.75, 11 ], "texture": "#texture" }
			}
		},
		{
			"__comment": "paw_back2",
			"from": [ 10.875, 0.375, 5.5 ],
			"to": [ 11.25, 2, 6.75 ],
			"faces": {
				"down": { "uv": [ 1.5, 8, 5, 11.25 ], "texture": "#texture" },
				"up": { "uv": [ 1.25, 8.5, 4.75, 12 ], "texture": "#texture" },
				"north": { "uv": [ 1.75, 8.75, 4.75, 11.75 ], "texture": "#texture" },
				"south": { "uv": [ 2, 7.5, 5, 11 ], "texture": "#texture" },
				"west": { "uv": [ 1.25, 8.75, 5, 12.25 ], "texture": "#texture" },
				"east": { "uv": [ 1.25, 7.75, 4.75, 11 ], "texture": "#texture" }
			}
		},
		{
			"__comment": "paw_back2",
			"from": [ 10.875, 0.22, 5.5 ],
			"to": [ 11.405, 0.75, 6.75 ],
			"rotation": { "origin": [ 10.875, 0.75, 5.5 ], "axis": "z", "angle": -45 },
			"faces": {
				"down": { "uv": [ 1.5, 8, 5, 11.25 ], "texture": "#texture" },
				"up": { "uv": [ 1.25, 8.5, 4.75, 12 ], "texture": "#texture" },
				"north": { "uv": [ 1.75, 8.75, 4.75, 11.75 ], "texture": "#texture" },
				"south": { "uv": [ 2, 7.5, 5, 11 ], "texture": "#texture" },
				"west": { "uv": [ 1.25, 8.75, 5, 12.25 ], "texture": "#texture" },
				"east": { "uv": [ 1.25, 7.75, 4.75, 11 ], "texture": "#texture" }
			}
		},
		{
			"__comment": "paw_back2",
			"from": [ 10.25, 2, 5.5 ],
			"to": [ 11.25, 3.25, 6.75 ],
			"faces": {
				"down": { "uv": [ 1.25, 1.5, 4.75, 4.75 ], "texture": "#texture" },
				"up": { "uv": [ 2, 1.75, 5.5, 5.25 ], "texture": "#texture" },
				"north": { "uv": [ 1.25, 1.5, 4.25, 4.5 ], "texture": "#texture" },
				"south": { "uv": [ 1.25, 1.5, 4.25, 5 ], "texture": "#texture" },
				"west": { "uv": [ 0.75, 1.25, 4.5, 4.75 ], "texture": "#texture" },
				"east": { "uv": [ 0.75, 1.75, 4.25, 5 ], "texture": "#texture" }
			}
		},
		{
			"__comment": "Element",
			"from": [ 10.625, 0.625, 9.875 ],
			"to": [ 12.5, 1.75, 9.9375 ],
			"rotation": { "origin": [ 10.625, 1.75, 9.875 ], "axis": "z", "angle": 22.5 },
			"faces": {
				"down": { "uv": [ 3.25, 10, 5.5, 11.5 ], "texture": "#leaf_back" },
				"up": { "uv": [ 4.75, 9.5, 7.25, 11 ], "texture": "#leaf_back" },
				"north": { "uv": [ 15.5, 0.25, 0.25, 6.25 ], "texture": "#leaf_back" },
				"south": { "uv": [ 0.25, 0.25, 15.5, 6.25 ], "texture": "#leaf_back" },
				"west": { "uv": [ 3.75, 12.25, 6.25, 13.5 ], "texture": "#leaf_back" },
				"east": { "uv": [ 6.75, 7.5, 9.25, 10 ], "texture": "#leaf_back" }
			}
		},
		{
			"__comment": "Element",
			"from": [ 10.625, 0.625, 6.125 ],
			"to": [ 12.5, 1.75, 6.1875 ],
			"rotation": { "origin": [ 10.625, 1.75, 6.125 ], "axis": "z", "angle": 22.5 },
			"faces": {
				"down": { "uv": [ 3.25, 10, 5.5, 11.5 ], "texture": "#leaf_back" },
				"up": { "uv": [ 4.75, 9.5, 7.25, 11 ], "texture": "#leaf_back" },
				"north": { "uv": [ 15.5, 0.25, 0.25, 6.25 ], "texture": "#leaf_back" },
				"south": { "uv": [ 0.25, 0.25, 15.5, 6.25 ], "texture": "#leaf_back" },
				"west": { "uv": [ 3.75, 12.25, 6.25, 13.5 ], "texture": "#leaf_back" },
				"east": { "uv": [ 6.75, 7.5, 9.25, 10 ], "texture": "#leaf_back" }
			}
		},
		{
			"__comment": "Element",
			"from": [ 15.875, 4.4375, 5 ],
			"to": [ 15.9375, 11.1875, 11 ],
			"rotation": { "origin": [ 15.875, 11.1875, 5 ], "axis": "z", "angle": -45 },
			"faces": {
				"down": { "uv": [ 10.625, 5.75, 13.625, 9.75 ], "texture": "#tail" },
				"up": { "uv": [ 8.125, 7, 10.625, 9.125 ], "texture": "#tail" },
				"north": { "uv": [ 12.125, 8.75, 14.375, 11.125 ], "texture": "#tail" },
				"south": { "uv": [ 10.875, 7.125, 12.75, 9.875 ], "texture": "#tail" },
				"west": { "uv": [ 0.125, 7.75, 7.375, 15.875 ], "texture": "#tail" },
				"east": { "uv": [ 7.375, 7.75, 0.125, 15.875 ], "texture": "#tail" }
			}
		},
		{
			"__comment": "Element",
			"from": [ 18.5925, 10.5825, 5 ],
			"to": [ 18.655, 17.8325, 11 ],
			"rotation": { "origin": [ 18.5925, 17.8325, 5 ], "axis": "z", "angle": -22.5 },
			"faces": {
				"down": { "uv": [ 10.625, 5.75, 13.625, 9.75 ], "texture": "#tail" },
				"up": { "uv": [ 8.125, 7, 10.625, 9.125 ], "texture": "#tail" },
				"north": { "uv": [ 12.125, 8.75, 14.375, 11.125 ], "texture": "#tail" },
				"south": { "uv": [ 10.875, 7.125, 12.75, 9.875 ], "texture": "#tail" },
				"west": { "uv": [ 0.125, 0.25, 7.375, 7.75 ], "texture": "#tail" },
				"east": { "uv": [ 7.375, 0.125, 0.125, 7.75 ], "texture": "#tail" }
			}
		}
	],
	"display": {
		"thirdperson_righthand": {
			"rotation":  [ 70, -90, 0 ],
			"translation":  [ -6, -6, 5.5 ],
			"scale":  [ 1.9, 2, 2 ]
		},
		"thirdperson_lefthand": {
			"rotation":  [ 70, 90, 0 ],
			"translation":  [ -6, -6, 5.5 ],
			"scale":  [ 1.9, 2, 2 ]
		},
		"firstperson_righthand": {
			"scale":  [ 0, 0, 0 ]
		},
		"firstperson_lefthand": {
			"scale":  [ 0, 0, 0 ]
		},
		"gui": {
			"scale":  [ 0, 0, 0 ]
		},
		"head": {
			"rotation":  [ 0, -90, 0 ],
			"translation":  [ 0, -18.75, 3.75 ],
			"scale":  [ 3, 3.2, 3.2 ]
		},
		"ground": {
			"scale":  [ 0, 0, 0 ]
		},
		"fixed": {
			"scale":  [ 0, 0, 0 ]
		}
	}
}