{
	"__comment": "Designed by MadstonMagic with BDcraft Cubik PRO 1.00 for MC1.8 - http://bdcraft.net",
	"textures": {
		"particle": "pokemon/glaceon/eye",
		"texture": "pokemon/glaceon/glaceon",
		"ear": "pokemon/glaceon/ear",
		"tail": "pokemon/glaceon/tail"
	},
	"elements": [ 	 
		{
			"__comment": "Element",
			"from": [ 4, 8.5, 6.5 ],
			"to": [ 6, 13.5, 9.5 ],
			"faces": {
				"down": { "uv": [ 1, 1.25, 5, 5.25 ], "texture": "#texture" },
				"up": { "uv": [ 0.75, 1.25, 4.75, 5.25 ], "texture": "#texture" },
				"north": { "uv": [ 1, 1.5, 5, 5.5 ], "texture": "#texture" },
				"south": { "uv": [ 1.25, 1.25, 5.25, 5.25 ], "texture": "#texture" },
				"west": { "uv": [ 1, 1.25, 5, 5.25 ], "texture": "#texture" },
				"east": { "uv": [ 0.75, 1, 4.75, 5 ], "texture": "#texture" }
			}
		},
		{
			"__comment": "Element",
			"from": [ 4, 9.5, 5.5 ],
			"to": [ 6, 12.5, 10.5 ],
			"faces": {
				"down": { "uv": [ 1, 1.25, 5, 5.25 ], "texture": "#texture" },
				"up": { "uv": [ 0.75, 1.25, 4.75, 5.25 ], "texture": "#texture" },
				"north": { "uv": [ 1, 1.5, 5, 5.5 ], "texture": "#texture" },
				"south": { "uv": [ 1.25, 1.25, 5.25, 5.25 ], "texture": "#texture" },
				"west": { "uv": [ 1, 1.25, 5, 5.25 ], "texture": "#texture" },
				"east": { "uv": [ 0.75, 1, 4.75, 5 ], "texture": "#texture" }
			}
		},
		{
			"__comment": "Element",
			"from": [ 3, 9.5, 6.5 ],
			"to": [ 7, 12.5, 9.5 ],
			"faces": {
				"down": { "uv": [ 1, 1.25, 5, 5.25 ], "texture": "#texture" },
				"up": { "uv": [ 0.75, 1.25, 4.75, 5.25 ], "texture": "#texture" },
				"north": { "uv": [ 1, 1.5, 5, 5.5 ], "texture": "#texture" },
				"south": { "uv": [ 1.25, 1.25, 5.25, 5.25 ], "texture": "#texture" },
				"west": { "uv": [ 1, 1.25, 5, 5.25 ], "texture": "#texture" },
				"east": { "uv": [ 0.75, 1, 4.75, 5 ], "texture": "#texture" }
			}
		},
		{
			"__comment": "Element",
			"from": [ 6, 12.085, 6.5 ],
			"to": [ 7.415, 13.5, 9.5 ],
			"rotation": { "origin": [ 6, 13.5, 6.5 ], "axis": "z", "angle": -45 },
			"faces": {
				"down": { "uv": [ 1, 1.25, 5, 5.25 ], "texture": "#texture" },
				"up": { "uv": [ 0.75, 1.25, 4.75, 5.25 ], "texture": "#texture" },
				"north": { "uv": [ 1, 1.5, 5, 5.5 ], "texture": "#texture" },
				"south": { "uv": [ 1.25, 1.25, 5.25, 5.25 ], "texture": "#texture" },
				"west": { "uv": [ 1, 1.25, 5, 5.25 ], "texture": "#texture" },
				"east": { "uv": [ 0.75, 1, 4.75, 5 ], "texture": "#texture" }
			}
		},
		{
			"__comment": "Element",
			"from": [ 3, 11.085, 6.5 ],
			"to": [ 4.415, 12.5, 9.5 ],
			"rotation": { "origin": [ 3, 12.5, 6.5 ], "axis": "z", "angle": 45 },
			"faces": {
				"down": { "uv": [ 1, 1.25, 5, 5.25 ], "texture": "#texture" },
				"up": { "uv": [ 0.75, 1.25, 4.75, 5.25 ], "texture": "#texture" },
				"north": { "uv": [ 1, 1.5, 5, 5.5 ], "texture": "#texture" },
				"south": { "uv": [ 1.25, 1.25, 5.25, 5.25 ], "texture": "#texture" },
				"west": { "uv": [ 1, 1.25, 5, 5.25 ], "texture": "#texture" },
				"east": { "uv": [ 0.75, 1, 4.75, 5 ], "texture": "#texture" }
			}
		},
		{
			"__comment": "Element",
			"from": [ 3, 8.085, 6.5 ],
			"to": [ 4.415, 9.5, 9.5 ],
			"rotation": { "origin": [ 3, 9.5, 6.5 ], "axis": "z", "angle": 45 },
			"faces": {
				"down": { "uv": [ 1, 1.25, 5, 5.25 ], "texture": "#texture" },
				"up": { "uv": [ 0.75, 1.25, 4.75, 5.25 ], "texture": "#texture" },
				"north": { "uv": [ 1, 1.5, 5, 5.5 ], "texture": "#texture" },
				"south": { "uv": [ 1.25, 1.25, 5.25, 5.25 ], "texture": "#texture" },
				"west": { "uv": [ 1, 1.25, 5, 5.25 ], "texture": "#texture" },
				"east": { "uv": [ 0.75, 1, 4.75, 5 ], "texture": "#texture" }
			}
		},
		{
			"__comment": "Element",
			"from": [ 6, 9.085, 6.5 ],
			"to": [ 7.415, 10.5, 9.5 ],
			"rotation": { "origin": [ 6, 10.5, 6.5 ], "axis": "z", "angle": -45 },
			"faces": {
				"down": { "uv": [ 1, 1.25, 5, 5.25 ], "texture": "#texture" },
				"up": { "uv": [ 0.75, 1.25, 4.75, 5.25 ], "texture": "#texture" },
				"north": { "uv": [ 1, 1.5, 5, 5.5 ], "texture": "#texture" },
				"south": { "uv": [ 1.25, 1.25, 5.25, 5.25 ], "texture": "#texture" },
				"west": { "uv": [ 1, 1.25, 5, 5.25 ], "texture": "#texture" },
				"east": { "uv": [ 0.75, 1, 4.75, 5 ], "texture": "#texture" }
			}
		},
		{
			"__comment": "Element",
			"from": [ 4, 11.085, 5.5 ],
			"to": [ 6, 12.5, 6.915 ],
			"rotation": { "origin": [ 4, 12.5, 5.5 ], "axis": "x", "angle": -45 },
			"faces": {
				"down": { "uv": [ 1, 1.25, 5, 5.25 ], "texture": "#texture" },
				"up": { "uv": [ 0.75, 1.25, 4.75, 5.25 ], "texture": "#texture" },
				"north": { "uv": [ 1, 1.5, 5, 5.5 ], "texture": "#texture" },
				"south": { "uv": [ 1.25, 1.25, 5.25, 5.25 ], "texture": "#texture" },
				"west": { "uv": [ 1, 1.25, 5, 5.25 ], "texture": "#texture" },
				"east": { "uv": [ 0.75, 1, 4.75, 5 ], "texture": "#texture" }
			}
		},
		{
			"__comment": "Element",
			"from": [ 4, 12.085, 9.5 ],
			"to": [ 6, 13.5, 10.915 ],
			"rotation": { "origin": [ 4, 13.5, 9.5 ], "axis": "x", "angle": 45 },
			"faces": {
				"down": { "uv": [ 1, 1.25, 5, 5.25 ], "texture": "#texture" },
				"up": { "uv": [ 0.75, 1.25, 4.75, 5.25 ], "texture": "#texture" },
				"north": { "uv": [ 1, 1.5, 5, 5.5 ], "texture": "#texture" },
				"south": { "uv": [ 1.25, 1.25, 5.25, 5.25 ], "texture": "#texture" },
				"west": { "uv": [ 1, 1.25, 5, 5.25 ], "texture": "#texture" },
				"east": { "uv": [ 0.75, 1, 4.75, 5 ], "texture": "#texture" }
			}
		},
		{
			"__comment": "Element",
			"from": [ 4, 8.085, 5.5 ],
			"to": [ 6, 9.5, 6.915 ],
			"rotation": { "origin": [ 4, 9.5, 5.5 ], "axis": "x", "angle": -45 },
			"faces": {
				"down": { "uv": [ 1, 1.25, 5, 5.25 ], "texture": "#texture" },
				"up": { "uv": [ 0.75, 1.25, 4.75, 5.25 ], "texture": "#texture" },
				"north": { "uv": [ 1, 1.5, 5, 5.5 ], "texture": "#texture" },
				"south": { "uv": [ 1.25, 1.25, 5.25, 5.25 ], "texture": "#texture" },
				"west": { "uv": [ 1, 1.25, 5, 5.25 ], "texture": "#texture" },
				"east": { "uv": [ 0.75, 1, 4.75, 5 ], "texture": "#texture" }
			}
		},
		{
			"__comment": "Element",
			"from": [ 4, 9.085, 9.5 ],
			"to": [ 6, 10.5, 10.915 ],
			"rotation": { "origin": [ 4, 10.5, 9.5 ], "axis": "x", "angle": 45 },
			"faces": {
				"down": { "uv": [ 1, 1.25, 5, 5.25 ], "texture": "#texture" },
				"up": { "uv": [ 0.75, 1.25, 4.75, 5.25 ], "texture": "#texture" },
				"north": { "uv": [ 1, 1.5, 5, 5.5 ], "texture": "#texture" },
				"south": { "uv": [ 1.25, 1.25, 5.25, 5.25 ], "texture": "#texture" },
				"west": { "uv": [ 1, 1.25, 5, 5.25 ], "texture": "#texture" },
				"east": { "uv": [ 0.75, 1, 4.75, 5 ], "texture": "#texture" }
			}
		},
		{
			"__comment": "Element",
			"from": [ 3, 9.5, 6.5 ],
			"to": [ 4.415, 12.5, 7.915 ],
			"rotation": { "origin": [ 3, 9.5, 6.5 ], "axis": "y", "angle": 45 },
			"faces": {
				"down": { "uv": [ 1, 1.25, 5, 5.25 ], "texture": "#texture" },
				"up": { "uv": [ 0.75, 1.25, 4.75, 5.25 ], "texture": "#texture" },
				"north": { "uv": [ 1, 1.5, 5, 5.5 ], "texture": "#texture" },
				"south": { "uv": [ 1.25, 1.25, 5.25, 5.25 ], "texture": "#texture" },
				"west": { "uv": [ 1, 1.25, 5, 5.25 ], "texture": "#texture" },
				"east": { "uv": [ 0.75, 1, 4.75, 5 ], "texture": "#texture" }
			}
		},
		{
			"__comment": "Element",
			"from": [ 6, 9.5, 5.5 ],
			"to": [ 7.415, 12.5, 6.915 ],
			"rotation": { "origin": [ 6, 9.5, 5.5 ], "axis": "y", "angle": -45 },
			"faces": {
				"down": { "uv": [ 1, 1.25, 5, 5.25 ], "texture": "#texture" },
				"up": { "uv": [ 0.75, 1.25, 4.75, 5.25 ], "texture": "#texture" },
				"north": { "uv": [ 1, 1.5, 5, 5.5 ], "texture": "#texture" },
				"south": { "uv": [ 1.25, 1.25, 5.25, 5.25 ], "texture": "#texture" },
				"west": { "uv": [ 1, 1.25, 5, 5.25 ], "texture": "#texture" },
				"east": { "uv": [ 0.75, 1, 4.75, 5 ], "texture": "#texture" }
			}
		},
		{
			"__comment": "Element",
			"from": [ 3, 9.5, 9.5 ],
			"to": [ 4.415, 12.5, 10.915 ],
			"rotation": { "origin": [ 3, 9.5, 9.5 ], "axis": "y", "angle": 45 },
			"faces": {
				"down": { "uv": [ 1, 1.25, 5, 5.25 ], "texture": "#texture" },
				"up": { "uv": [ 0.75, 1.25, 4.75, 5.25 ], "texture": "#texture" },
				"north": { "uv": [ 1, 1.5, 5, 5.5 ], "texture": "#texture" },
				"south": { "uv": [ 1.25, 1.25, 5.25, 5.25 ], "texture": "#texture" },
				"west": { "uv": [ 1, 1.25, 5, 5.25 ], "texture": "#texture" },
				"east": { "uv": [ 0.75, 1, 4.75, 5 ], "texture": "#texture" }
			}
		},
		{
			"__comment": "Element",
			"from": [ 6, 9.5, 8.5 ],
			"to": [ 7.415, 12.5, 9.915 ],
			"rotation": { "origin": [ 6, 9.5, 8.5 ], "axis": "y", "angle": -45 },
			"faces": {
				"down": { "uv": [ 1, 1.25, 5, 5.25 ], "texture": "#texture" },
				"up": { "uv": [ 0.75, 1.25, 4.75, 5.25 ], "texture": "#texture" },
				"north": { "uv": [ 1, 1.5, 5, 5.5 ], "texture": "#texture" },
				"south": { "uv": [ 1.25, 1.25, 5.25, 5.25 ], "texture": "#texture" },
				"west": { "uv": [ 1, 1.25, 5, 5.25 ], "texture": "#texture" },
				"east": { "uv": [ 0.75, 1, 4.75, 5 ], "texture": "#texture" }
			}
		},
		{
			"__comment": "Element",
			"from": [ 2.75, 9.5, 7 ],
			"to": [ 3.75, 10.25, 9 ],
			"faces": {
				"down": { "uv": [ 1, 1.25, 5, 5.25 ], "texture": "#texture" },
				"up": { "uv": [ 0.75, 1.25, 4.75, 5.25 ], "texture": "#texture" },
				"north": { "uv": [ 1, 1.5, 5, 5.5 ], "texture": "#texture" },
				"south": { "uv": [ 1.25, 1.25, 5.25, 5.25 ], "texture": "#texture" },
				"west": { "uv": [ 1, 1.25, 5, 5.25 ], "texture": "#texture" },
				"east": { "uv": [ 0.75, 1, 4.75, 5 ], "texture": "#texture" }
			}
		},
		{
			"__comment": "Element",
			"from": [ 2.75, 10, 7 ],
			"to": [ 4, 10.25, 9 ],
			"rotation": { "origin": [ 2.75, 10.25, 7 ], "axis": "z", "angle": 22.5 },
			"faces": {
				"down": { "uv": [ 1, 1.25, 5, 5.25 ], "texture": "#texture" },
				"up": { "uv": [ 0.75, 1.25, 4.75, 5.25 ], "texture": "#texture" },
				"north": { "uv": [ 1, 1.5, 5, 5.5 ], "texture": "#texture" },
				"south": { "uv": [ 1.25, 1.25, 5.25, 5.25 ], "texture": "#texture" },
				"west": { "uv": [ 1, 1.25, 5, 5.25 ], "texture": "#texture" },
				"east": { "uv": [ 0.75, 1, 4.75, 5 ], "texture": "#texture" }
			}
		},
		{
			"__comment": "Element",
			"from": [ 2.855, 9.48, 7 ],
			"to": [ 4.855, 9.73, 9 ],
			"rotation": { "origin": [ 2.855, 9.73, 7 ], "axis": "z", "angle": -22.5 },
			"faces": {
				"down": { "uv": [ 1, 1.25, 5, 5.25 ], "texture": "#texture" },
				"up": { "uv": [ 0.75, 1.25, 4.75, 5.25 ], "texture": "#texture" },
				"north": { "uv": [ 1, 1.5, 5, 5.5 ], "texture": "#texture" },
				"south": { "uv": [ 1.25, 1.25, 5.25, 5.25 ], "texture": "#texture" },
				"west": { "uv": [ 1, 1.25, 5, 5.25 ], "texture": "#texture" },
				"east": { "uv": [ 0.75, 1, 4.75, 5 ], "texture": "#texture" }
			}
		},
		{
			"__comment": "Element",
			"from": [ 2.73, 10, 7.75 ],
			"to": [ 3.23, 10.25, 8.25 ],
			"faces": {
				"down": { "uv": [ 7.75, 11.75, 10, 14 ], "texture": "#particle" },
				"up": { "uv": [ 9, 11.25, 11.25, 13.5 ], "texture": "#particle" },
				"north": { "uv": [ 8, 11.75, 10.25, 14 ], "texture": "#particle" },
				"south": { "uv": [ 7.5, 12, 10, 14.5 ], "texture": "#particle" },
				"west": { "uv": [ 0.25, 13.25, 5.5, 15.75 ], "texture": "#particle" },
				"east": { "uv": [ 0.25, 13.25, 5.5, 15.75 ], "texture": "#particle" }
			}
		},
		{
			"__comment": "face_crystal_1",
			"from": [ 2.8694, 11.8381, 6.555 ],
			"to": [ 3.5919, 13.4637, 7.45812 ],
			"faces": {
				"down": { "uv": [ 7.5, 1, 11.5, 5 ], "texture": "#texture" },
				"up": { "uv": [ 8, 1.25, 12, 5.25 ], "texture": "#texture" },
				"north": { "uv": [ 8, 1.25, 12, 5.25 ], "texture": "#texture" },
				"south": { "uv": [ 7.75, 0.75, 11.75, 4.75 ], "texture": "#texture" },
				"west": { "uv": [ 7.75, 0.75, 11.75, 4.75 ], "texture": "#texture" },
				"east": { "uv": [ 7.5, 1, 11.5, 5 ], "texture": "#texture" }
			}
		},
		{
			"__comment": "face_crystal_1",
			"from": [ 2.8694, 12.38, 6.3744 ],
			"to": [ 3.5919, 12.9219, 7.63878 ],
			"faces": {
				"down": { "uv": [ 7.5, 1, 11.5, 5 ], "texture": "#texture" },
				"up": { "uv": [ 8, 1.25, 12, 5.25 ], "texture": "#texture" },
				"north": { "uv": [ 8, 1.25, 12, 5.25 ], "texture": "#texture" },
				"south": { "uv": [ 7.75, 0.75, 11.75, 4.75 ], "texture": "#texture" },
				"west": { "uv": [ 7.75, 0.75, 11.75, 4.75 ], "texture": "#texture" },
				"east": { "uv": [ 7.5, 1, 11.5, 5 ], "texture": "#texture" }
			}
		},
		{
			"__comment": "face_crystal_1",
			"from": [ 2.8694, 12.8243, 6.555 ],
			"to": [ 3.5919, 13.4637, 7.19441 ],
			"rotation": { "origin": [ 2.86937, 13.4637, 6.555 ], "axis": "x", "angle": -45 },
			"faces": {
				"down": { "uv": [ 7.5, 1, 11.5, 5 ], "texture": "#texture" },
				"up": { "uv": [ 8, 1.25, 12, 5.25 ], "texture": "#texture" },
				"north": { "uv": [ 8, 1.25, 12, 5.25 ], "texture": "#texture" },
				"south": { "uv": [ 7.75, 0.75, 11.75, 4.75 ], "texture": "#texture" },
				"west": { "uv": [ 7.75, 0.75, 11.75, 4.75 ], "texture": "#texture" },
				"east": { "uv": [ 7.5, 1, 11.5, 5 ], "texture": "#texture" }
			}
		},
		{
			"__comment": "face_crystal_1",
			"from": [ 2.8694, 12.8767, 6.5821 ],
			"to": [ 3.5919, 13.4186, 6.94335 ],
			"rotation": { "origin": [ 2.86937, 13.4186, 6.58209 ], "axis": "x", "angle": 22.5 },
			"faces": {
				"down": { "uv": [ 7.5, 1, 11.5, 5 ], "texture": "#texture" },
				"up": { "uv": [ 8, 1.25, 12, 5.25 ], "texture": "#texture" },
				"north": { "uv": [ 8, 1.25, 12, 5.25 ], "texture": "#texture" },
				"south": { "uv": [ 7.75, 0.75, 11.75, 4.75 ], "texture": "#texture" },
				"west": { "uv": [ 7.75, 0.75, 11.75, 4.75 ], "texture": "#texture" },
				"east": { "uv": [ 7.5, 1, 11.5, 5 ], "texture": "#texture" }
			}
		},
		{
			"__comment": "face_crystal_1",
			"from": [ 2.8694, 12.7413, 7.0969 ],
			"to": [ 3.5919, 13.2831, 7.45815 ],
			"rotation": { "origin": [ 2.86937, 13.2831, 7.09687 ], "axis": "x", "angle": -22.5 },
			"faces": {
				"down": { "uv": [ 7.5, 1, 11.5, 5 ], "texture": "#texture" },
				"up": { "uv": [ 8, 1.25, 12, 5.25 ], "texture": "#texture" },
				"north": { "uv": [ 8, 1.25, 12, 5.25 ], "texture": "#texture" },
				"south": { "uv": [ 7.75, 0.75, 11.75, 4.75 ], "texture": "#texture" },
				"west": { "uv": [ 7.75, 0.75, 11.75, 4.75 ], "texture": "#texture" },
				"east": { "uv": [ 7.5, 1, 11.5, 5 ], "texture": "#texture" }
			}
		},
		{
			"__comment": "face_crystal_1",
			"from": [ 2.8694, 11.8381, 6.3744 ],
			"to": [ 3.5919, 12.38, 6.73565 ],
			"rotation": { "origin": [ 2.86937, 12.38, 6.37437 ], "axis": "x", "angle": -22.5 },
			"faces": {
				"down": { "uv": [ 7.5, 1, 11.5, 5 ], "texture": "#texture" },
				"up": { "uv": [ 8, 1.25, 12, 5.25 ], "texture": "#texture" },
				"north": { "uv": [ 8, 1.25, 12, 5.25 ], "texture": "#texture" },
				"south": { "uv": [ 7.75, 0.75, 11.75, 4.75 ], "texture": "#texture" },
				"west": { "uv": [ 7.75, 0.75, 11.75, 4.75 ], "texture": "#texture" },
				"east": { "uv": [ 7.5, 1, 11.5, 5 ], "texture": "#texture" }
			}
		},
		{
			"__comment": "face_crystal_2",
			"from": [ 2.8694, 11.8381, 8.5419 ],
			"to": [ 3.5919, 13.4637, 9.445029 ],
			"faces": {
				"down": { "uv": [ 7.5, 1, 11.5, 5 ], "texture": "#texture" },
				"up": { "uv": [ 8, 1.25, 12, 5.25 ], "texture": "#texture" },
				"north": { "uv": [ 8, 1.25, 12, 5.25 ], "texture": "#texture" },
				"south": { "uv": [ 7.75, 0.75, 11.75, 4.75 ], "texture": "#texture" },
				"west": { "uv": [ 7.75, 0.75, 11.75, 4.75 ], "texture": "#texture" },
				"east": { "uv": [ 7.5, 1, 11.5, 5 ], "texture": "#texture" }
			}
		},
		{
			"__comment": "face_crystal_2",
			"from": [ 2.8694, 12.38, 8.361199 ],
			"to": [ 3.5919, 12.9219, 9.62558 ],
			"faces": {
				"down": { "uv": [ 7.5, 1, 11.5, 5 ], "texture": "#texture" },
				"up": { "uv": [ 8, 1.25, 12, 5.25 ], "texture": "#texture" },
				"north": { "uv": [ 8, 1.25, 12, 5.25 ], "texture": "#texture" },
				"south": { "uv": [ 7.75, 0.75, 11.75, 4.75 ], "texture": "#texture" },
				"west": { "uv": [ 7.75, 0.75, 11.75, 4.75 ], "texture": "#texture" },
				"east": { "uv": [ 7.5, 1, 11.5, 5 ], "texture": "#texture" }
			}
		},
		{
			"__comment": "face_crystal_2",
			"from": [ 2.8694, 12.8243, 8.5419 ],
			"to": [ 3.5919, 13.4637, 9.181319 ],
			"rotation": { "origin": [ 2.86937, 13.4637, 8.54187 ], "axis": "x", "angle": -45 },
			"faces": {
				"down": { "uv": [ 7.5, 1, 11.5, 5 ], "texture": "#texture" },
				"up": { "uv": [ 8, 1.25, 12, 5.25 ], "texture": "#texture" },
				"north": { "uv": [ 8, 1.25, 12, 5.25 ], "texture": "#texture" },
				"south": { "uv": [ 7.75, 0.75, 11.75, 4.75 ], "texture": "#texture" },
				"west": { "uv": [ 7.75, 0.75, 11.75, 4.75 ], "texture": "#texture" },
				"east": { "uv": [ 7.5, 1, 11.5, 5 ], "texture": "#texture" }
			}
		},
		{
			"__comment": "face_crystal_2",
			"from": [ 2.8694, 12.8767, 8.569 ],
			"to": [ 3.5919, 13.4186, 8.93025 ],
			"rotation": { "origin": [ 2.86937, 13.4186, 8.56897 ], "axis": "x", "angle": 22.5 },
			"faces": {
				"down": { "uv": [ 7.5, 1, 11.5, 5 ], "texture": "#texture" },
				"up": { "uv": [ 8, 1.25, 12, 5.25 ], "texture": "#texture" },
				"north": { "uv": [ 8, 1.25, 12, 5.25 ], "texture": "#texture" },
				"south": { "uv": [ 7.75, 0.75, 11.75, 4.75 ], "texture": "#texture" },
				"west": { "uv": [ 7.75, 0.75, 11.75, 4.75 ], "texture": "#texture" },
				"east": { "uv": [ 7.5, 1, 11.5, 5 ], "texture": "#texture" }
			}
		},
		{
			"__comment": "face_crystal_2",
			"from": [ 2.8694, 12.7413, 9.083799 ],
			"to": [ 3.5919, 13.2831, 9.445049 ],
			"rotation": { "origin": [ 2.86937, 13.2831, 9.08375 ], "axis": "x", "angle": -22.5 },
			"faces": {
				"down": { "uv": [ 7.5, 1, 11.5, 5 ], "texture": "#texture" },
				"up": { "uv": [ 8, 1.25, 12, 5.25 ], "texture": "#texture" },
				"north": { "uv": [ 8, 1.25, 12, 5.25 ], "texture": "#texture" },
				"south": { "uv": [ 7.75, 0.75, 11.75, 4.75 ], "texture": "#texture" },
				"west": { "uv": [ 7.75, 0.75, 11.75, 4.75 ], "texture": "#texture" },
				"east": { "uv": [ 7.5, 1, 11.5, 5 ], "texture": "#texture" }
			}
		},
		{
			"__comment": "face_crystal_2",
			"from": [ 2.8694, 11.9772, 9.2915 ],
			"to": [ 3.5919, 12.5191, 9.652751 ],
			"rotation": { "origin": [ 2.86937, 12.5191, 9.29147 ], "axis": "x", "angle": 22.5 },
			"faces": {
				"down": { "uv": [ 7.5, 1, 11.5, 5 ], "texture": "#texture" },
				"up": { "uv": [ 8, 1.25, 12, 5.25 ], "texture": "#texture" },
				"north": { "uv": [ 8, 1.25, 12, 5.25 ], "texture": "#texture" },
				"south": { "uv": [ 7.75, 0.75, 11.75, 4.75 ], "texture": "#texture" },
				"west": { "uv": [ 7.75, 0.75, 11.75, 4.75 ], "texture": "#texture" },
				"east": { "uv": [ 7.5, 1, 11.5, 5 ], "texture": "#texture" }
			}
		},
		{
			"__comment": "face_crystal_mid",
			"from": [ 2.8375, 11.9125, 7.4688 ],
			"to": [ 3.6875, 13.825, 8.5313 ],
			"faces": {
				"down": { "uv": [ 7.5, 1, 11.5, 5 ], "texture": "#texture" },
				"up": { "uv": [ 8, 1.25, 12, 5.25 ], "texture": "#texture" },
				"north": { "uv": [ 8, 1.25, 12, 5.25 ], "texture": "#texture" },
				"south": { "uv": [ 7.75, 0.75, 11.75, 4.75 ], "texture": "#texture" },
				"west": { "uv": [ 7.75, 0.75, 11.75, 4.75 ], "texture": "#texture" },
				"east": { "uv": [ 7.5, 1, 11.5, 5 ], "texture": "#texture" }
			}
		},
		{
			"__comment": "face_crystal_mid",
			"from": [ 2.8375, 12.55, 7.2562 ],
			"to": [ 3.6875, 13.1875, 8.7437 ],
			"faces": {
				"down": { "uv": [ 7.5, 1, 11.5, 5 ], "texture": "#texture" },
				"up": { "uv": [ 8, 1.25, 12, 5.25 ], "texture": "#texture" },
				"north": { "uv": [ 8, 1.25, 12, 5.25 ], "texture": "#texture" },
				"south": { "uv": [ 7.75, 0.75, 11.75, 4.75 ], "texture": "#texture" },
				"west": { "uv": [ 7.75, 0.75, 11.75, 4.75 ], "texture": "#texture" },
				"east": { "uv": [ 7.5, 1, 11.5, 5 ], "texture": "#texture" }
			}
		},
		{
			"__comment": "face_crystal_mid",
			"from": [ 2.8375, 13.0727, 7.4688 ],
			"to": [ 3.6875, 13.825, 8.221049 ],
			"rotation": { "origin": [ 2.8375, 13.825, 7.46875 ], "axis": "x", "angle": -45 },
			"faces": {
				"down": { "uv": [ 7.5, 1, 11.5, 5 ], "texture": "#texture" },
				"up": { "uv": [ 8, 1.25, 12, 5.25 ], "texture": "#texture" },
				"north": { "uv": [ 8, 1.25, 12, 5.25 ], "texture": "#texture" },
				"south": { "uv": [ 7.75, 0.75, 11.75, 4.75 ], "texture": "#texture" },
				"west": { "uv": [ 7.75, 0.75, 11.75, 4.75 ], "texture": "#texture" },
				"east": { "uv": [ 7.5, 1, 11.5, 5 ], "texture": "#texture" }
			}
		},
		{
			"__comment": "face_crystal_mid",
			"from": [ 2.8375, 11.1603, 7.4688 ],
			"to": [ 3.6875, 11.9125, 8.221049 ],
			"rotation": { "origin": [ 2.8375, 11.9125, 7.46875 ], "axis": "x", "angle": -45 },
			"faces": {
				"down": { "uv": [ 7.5, 1, 11.5, 5 ], "texture": "#texture" },
				"up": { "uv": [ 8, 1.25, 12, 5.25 ], "texture": "#texture" },
				"north": { "uv": [ 8, 1.25, 12, 5.25 ], "texture": "#texture" },
				"south": { "uv": [ 7.75, 0.75, 11.75, 4.75 ], "texture": "#texture" },
				"west": { "uv": [ 7.75, 0.75, 11.75, 4.75 ], "texture": "#texture" },
				"east": { "uv": [ 7.5, 1, 11.5, 5 ], "texture": "#texture" }
			}
		},
		{
			"__comment": "face_crystal_mid",
			"from": [ 2.8375, 13.1344, 7.5006 ],
			"to": [ 3.6875, 13.7719, 7.9256 ],
			"rotation": { "origin": [ 2.8375, 13.7719, 7.50063 ], "axis": "x", "angle": 22.5 },
			"faces": {
				"down": { "uv": [ 7.5, 1, 11.5, 5 ], "texture": "#texture" },
				"up": { "uv": [ 8, 1.25, 12, 5.25 ], "texture": "#texture" },
				"north": { "uv": [ 8, 1.25, 12, 5.25 ], "texture": "#texture" },
				"south": { "uv": [ 7.75, 0.75, 11.75, 4.75 ], "texture": "#texture" },
				"west": { "uv": [ 7.75, 0.75, 11.75, 4.75 ], "texture": "#texture" },
				"east": { "uv": [ 7.5, 1, 11.5, 5 ], "texture": "#texture" }
			}
		},
		{
			"__comment": "face_crystal_mid",
			"from": [ 2.8375, 12.975, 8.1062 ],
			"to": [ 3.6875, 13.6125, 8.5312 ],
			"rotation": { "origin": [ 2.8375, 13.6125, 8.10625 ], "axis": "x", "angle": -22.5 },
			"faces": {
				"down": { "uv": [ 7.5, 1, 11.5, 5 ], "texture": "#texture" },
				"up": { "uv": [ 8, 1.25, 12, 5.25 ], "texture": "#texture" },
				"north": { "uv": [ 8, 1.25, 12, 5.25 ], "texture": "#texture" },
				"south": { "uv": [ 7.75, 0.75, 11.75, 4.75 ], "texture": "#texture" },
				"west": { "uv": [ 7.75, 0.75, 11.75, 4.75 ], "texture": "#texture" },
				"east": { "uv": [ 7.5, 1, 11.5, 5 ], "texture": "#texture" }
			}
		},
		{
			"__comment": "face_crystal_mid",
			"from": [ 2.8375, 11.9125, 7.2562 ],
			"to": [ 3.6875, 12.55, 7.6812 ],
			"rotation": { "origin": [ 2.8375, 12.55, 7.25625 ], "axis": "x", "angle": -22.5 },
			"faces": {
				"down": { "uv": [ 7.5, 1, 11.5, 5 ], "texture": "#texture" },
				"up": { "uv": [ 8, 1.25, 12, 5.25 ], "texture": "#texture" },
				"north": { "uv": [ 8, 1.25, 12, 5.25 ], "texture": "#texture" },
				"south": { "uv": [ 7.75, 0.75, 11.75, 4.75 ], "texture": "#texture" },
				"west": { "uv": [ 7.75, 0.75, 11.75, 4.75 ], "texture": "#texture" },
				"east": { "uv": [ 7.5, 1, 11.5, 5 ], "texture": "#texture" }
			}
		},
		{
			"__comment": "face_crystal_mid",
			"from": [ 2.8375, 12.0761, 8.3506 ],
			"to": [ 3.6875, 12.7136, 8.7756 ],
			"rotation": { "origin": [ 2.8375, 12.7136, 8.35063 ], "axis": "x", "angle": 22.5 },
			"faces": {
				"down": { "uv": [ 7.5, 1, 11.5, 5 ], "texture": "#texture" },
				"up": { "uv": [ 8, 1.25, 12, 5.25 ], "texture": "#texture" },
				"north": { "uv": [ 8, 1.25, 12, 5.25 ], "texture": "#texture" },
				"south": { "uv": [ 7.75, 0.75, 11.75, 4.75 ], "texture": "#texture" },
				"west": { "uv": [ 7.75, 0.75, 11.75, 4.75 ], "texture": "#texture" },
				"east": { "uv": [ 7.5, 1, 11.5, 5 ], "texture": "#texture" }
			}
		},
		{
			"__comment": "face_crystal_1*",
			"from": [ 2.8694, 11.7892, 6.7611 ],
			"to": [ 3.5919, 12.3205, 8.14235 ],
			"rotation": { "origin": [ 2.86937, 12.3205, 6.76112 ], "axis": "x", "angle": 22.5 },
			"faces": {
				"down": { "uv": [ 7.5, 1, 11.5, 5 ], "texture": "#texture" },
				"up": { "uv": [ 8, 1.25, 12, 5.25 ], "texture": "#texture" },
				"north": { "uv": [ 8, 1.25, 12, 5.25 ], "texture": "#texture" },
				"south": { "uv": [ 7.75, 0.75, 11.75, 4.75 ], "texture": "#texture" },
				"west": { "uv": [ 7.75, 0.75, 11.75, 4.75 ], "texture": "#texture" },
				"east": { "uv": [ 7.5, 1, 11.5, 5 ], "texture": "#texture" }
			}
		},
		{
			"__comment": "face_crystal_1*",
			"from": [ 2.8694, 11.275, 7.9639 ],
			"to": [ 3.5919, 11.8063, 9.34515 ],
			"rotation": { "origin": [ 2.86937, 11.8063, 7.96387 ], "axis": "x", "angle": -22.5 },
			"faces": {
				"down": { "uv": [ 7.5, 1, 11.5, 5 ], "texture": "#texture" },
				"up": { "uv": [ 8, 1.25, 12, 5.25 ], "texture": "#texture" },
				"north": { "uv": [ 8, 1.25, 12, 5.25 ], "texture": "#texture" },
				"south": { "uv": [ 7.75, 0.75, 11.75, 4.75 ], "texture": "#texture" },
				"west": { "uv": [ 7.75, 0.75, 11.75, 4.75 ], "texture": "#texture" },
				"east": { "uv": [ 7.5, 1, 11.5, 5 ], "texture": "#texture" }
			}
		},
		{
			"__comment": "face_crystal_1*",
			"from": [ 2.8694, 10.9563, 7.5835 ],
			"to": [ 3.5919, 11.4875, 8.11475 ],
			"rotation": { "origin": [ 2.86937, 11.4875, 7.5835 ], "axis": "x", "angle": -45 },
			"faces": {
				"down": { "uv": [ 7.5, 1, 11.5, 5 ], "texture": "#texture" },
				"up": { "uv": [ 8, 1.25, 12, 5.25 ], "texture": "#texture" },
				"north": { "uv": [ 8, 1.25, 12, 5.25 ], "texture": "#texture" },
				"south": { "uv": [ 7.75, 0.75, 11.75, 4.75 ], "texture": "#texture" },
				"west": { "uv": [ 7.75, 0.75, 11.75, 4.75 ], "texture": "#texture" },
				"east": { "uv": [ 7.5, 1, 11.5, 5 ], "texture": "#texture" }
			}
		},
		{
			"__comment": "eye",
			"from": [ 2.98, 10.5, 8.5 ],
			"to": [ 3.98, 11.75, 9.5 ],
			"faces": {
				"down": { "uv": [ 9, 11.5, 10.75, 14.25 ], "texture": "#particle" },
				"up": { "uv": [ 7, 11.5, 9.25, 12.75 ], "texture": "#particle" },
				"north": { "uv": [ 7, 10.25, 9.5, 13.75 ], "texture": "#particle" },
				"south": { "uv": [ 8.25, 11.5, 11, 15 ], "texture": "#particle" },
				"west": { "uv": [ 0.25, 0.25, 7.75, 10.25 ], "texture": "#particle" },
				"east": { "uv": [ 7.75, 0.25, 0.25, 10.25 ], "texture": "#particle" }
			}
		},
		{
			"__comment": "eye*",
			"from": [ 2.98, 10.5, 6.5 ],
			"to": [ 3.98, 11.75, 7.5 ],
			"faces": {
				"down": { "uv": [ 9, 11.5, 10.75, 14.25 ], "texture": "#particle" },
				"up": { "uv": [ 7, 11.5, 9.25, 12.75 ], "texture": "#particle" },
				"north": { "uv": [ 7, 10.25, 9.5, 13.75 ], "texture": "#particle" },
				"south": { "uv": [ 8.25, 11.5, 11, 15 ], "texture": "#particle" },
				"west": { "uv": [ 7.75, 0.25, 0.25, 10.25 ], "texture": "#particle" },
				"east": { "uv": [ 0.25, 0.25, 7.75, 10.25 ], "texture": "#particle" }
			}
		},
		{
			"__comment": "eye*",
			"from": [ 2.98, 10.5, 9.5 ],
			"to": [ 3.685, 11.75, 10.205 ],
			"rotation": { "origin": [ 2.98, 10.5, 9.5 ], "axis": "y", "angle": 45 },
			"faces": {
				"down": { "uv": [ 9, 11.5, 10.75, 14.25 ], "texture": "#particle" },
				"up": { "uv": [ 7, 11.5, 9.25, 12.75 ], "texture": "#particle" },
				"north": { "uv": [ 7, 10.25, 9.5, 13.75 ], "texture": "#particle" },
				"south": { "uv": [ 8.25, 11.5, 11, 15 ], "texture": "#particle" },
				"west": { "uv": [ 7.75, 0.25, 14.25, 10.25 ], "texture": "#particle" },
				"east": { "uv": [ 14.25, 0.25, 7.75, 10.25 ], "texture": "#particle" }
			}
		},
		{
			"__comment": "eye*",
			"from": [ 2.98, 10.5, 6.5 ],
			"to": [ 3.685, 11.75, 7.205 ],
			"rotation": { "origin": [ 2.98, 10.5, 6.5 ], "axis": "y", "angle": 45 },
			"faces": {
				"down": { "uv": [ 9, 11.5, 10.75, 14.25 ], "texture": "#particle" },
				"up": { "uv": [ 7, 11.5, 9.25, 12.75 ], "texture": "#particle" },
				"north": { "uv": [ 14.25, 0.25, 7.75, 10.25 ], "texture": "#particle" },
				"south": { "uv": [ 7.75, 0.25, 14.25, 10.25 ], "texture": "#particle" },
				"west": { "uv": [ 8.75, 12.25, 11.5, 15.25 ], "texture": "#particle" },
				"east": { "uv": [ 9.5, 12.25, 12.5, 14.75 ], "texture": "#particle" }
			}
		},
		{
			"__comment": "Element",
			"from": [ 3, 11.5, 9.75 ],
			"to": [ 3.0625, 13.25, 14 ],
			"rotation": { "origin": [ 3, 13.25, 9.75 ], "axis": "x", "angle": 45 },
			"faces": {
				"down": { "uv": [ 9, 10.375, 9.5, 14.375 ], "texture": "#tail" },
				"up": { "uv": [ 8.5, 9.5, 9, 13.5 ], "texture": "#tail" },
				"north": { "uv": [ 9.125, 11.75, 9.625, 14.75 ], "texture": "#tail" },
				"south": { "uv": [ 9.25, 10.75, 9.75, 13.75 ], "texture": "#tail" },
				"west": { "uv": [ 5.375, 10.375, 8.125, 15.875 ], "texture": "#tail", "rotation": 90 },
				"east": { "uv": [ 5.375, 10.375, 8.125, 15.875 ], "texture": "#tail", "rotation": 270 }
			}
		},
		{
			"__comment": "Element",
			"from": [ 3, 8.5, 3.25 ],
			"to": [ 3.0625, 10.25, 7.5 ],
			"rotation": { "origin": [ 3, 10.25, 3.25 ], "axis": "x", "angle": -45 },
			"faces": {
				"down": { "uv": [ 9, 10.375, 9.5, 14.375 ], "texture": "#tail" },
				"up": { "uv": [ 8.5, 9.5, 9, 13.5 ], "texture": "#tail" },
				"north": { "uv": [ 9.125, 11.75, 9.625, 14.75 ], "texture": "#tail" },
				"south": { "uv": [ 9.25, 10.75, 9.75, 13.75 ], "texture": "#tail" },
				"west": { "uv": [ 5.375, 10.375, 8.125, 15.875 ], "texture": "#tail", "rotation": 270 },
				"east": { "uv": [ 5.375, 10.375, 8.125, 15.875 ], "texture": "#tail", "rotation": 90 }
			}
		},
		{
			"__comment": "Element",
			"from": [ 3, 3, 11 ],
			"to": [ 3.0625, 9.5, 13 ],
			"rotation": { "origin": [ 3, 9.5, 11 ], "axis": "x", "angle": -22.5 },
			"faces": {
				"down": { "uv": [ 9, 10.375, 9.5, 14.375 ], "texture": "#tail" },
				"up": { "uv": [ 8.5, 9.5, 9, 13.5 ], "texture": "#tail" },
				"north": { "uv": [ 9.125, 11.75, 9.625, 14.75 ], "texture": "#tail" },
				"south": { "uv": [ 9.25, 10.75, 9.75, 13.75 ], "texture": "#tail" },
				"west": { "uv": [ 5.375, 0, 8.125, 10.375 ], "texture": "#tail", "rotation": 180 },
				"east": { "uv": [ 5.375, 0.125, 8.125, 10.375 ], "texture": "#tail", "rotation": 180 }
			}
		},
		{
			"__comment": "Element",
			"from": [ 3, 3.75, 3.125 ],
			"to": [ 3.0625, 10.25, 5.125 ],
			"rotation": { "origin": [ 3, 10.25, 3.125 ], "axis": "x", "angle": 22.5 },
			"faces": {
				"down": { "uv": [ 9, 10.375, 9.5, 14.375 ], "texture": "#tail" },
				"up": { "uv": [ 8.5, 9.5, 9, 13.5 ], "texture": "#tail" },
				"north": { "uv": [ 9.125, 11.75, 9.625, 14.75 ], "texture": "#tail" },
				"south": { "uv": [ 9.25, 10.75, 9.75, 13.75 ], "texture": "#tail" },
				"west": { "uv": [ 5.375, 0, 8.125, 10.375 ], "texture": "#tail", "rotation": 180 },
				"east": { "uv": [ 5.375, 0.125, 8.125, 10.375 ], "texture": "#tail", "rotation": 180 }
			}
		},
		{
			"__comment": "ear",
			"from": [ 4.75, 10.75, 8.5 ],
			"to": [ 4.8125, 13.25, 15.75 ],
			"rotation": { "origin": [ 4.75, 13.25, 8.5 ], "axis": "x", "angle": -45 },
			"faces": {
				"down": { "uv": [ 9, 10.375, 9.5, 14.375 ], "texture": "#ear" },
				"up": { "uv": [ 8.5, 9.5, 9, 13.5 ], "texture": "#ear" },
				"north": { "uv": [ 9.125, 11.75, 9.625, 14.75 ], "texture": "#ear" },
				"south": { "uv": [ 9.25, 10.75, 9.75, 13.75 ], "texture": "#ear" },
				"west": { "uv": [ 0.125, 0.125, 6, 15.25 ], "texture": "#ear", "rotation": 90 },
				"east": { "uv": [ 10, 0.125, 15.875, 15.25 ], "texture": "#ear", "rotation": 270 }
			}
		},
		{
			"__comment": "ear*",
			"from": [ 4.75, 15.875, 2.125 ],
			"to": [ 4.8125, 18.375, 9.375 ],
			"rotation": { "origin": [ 4.75, 18.375, 2.125 ], "axis": "x", "angle": 45 },
			"faces": {
				"down": { "uv": [ 9, 10.375, 9.5, 14.375 ], "texture": "#ear" },
				"up": { "uv": [ 8.5, 9.5, 9, 13.5 ], "texture": "#ear" },
				"north": { "uv": [ 9.125, 11.75, 9.625, 14.75 ], "texture": "#ear" },
				"south": { "uv": [ 9.25, 10.75, 9.75, 13.75 ], "texture": "#ear" },
				"west": { "uv": [ 6, 0.125, 0.125, 15.25 ], "texture": "#ear", "rotation": 270 },
				"east": { "uv": [ 10, 0.125, 15.875, 15.25 ], "texture": "#ear", "rotation": 90 }
			}
		},
		{
			"__comment": "Element",
			"from": [ 5, 5, 6 ],
			"to": [ 12, 8, 10 ],
			"faces": {
				"down": { "uv": [ 1, 1.25, 5, 5.25 ], "texture": "#texture" },
				"up": { "uv": [ 0.75, 1.25, 4.75, 5.25 ], "texture": "#texture" },
				"north": { "uv": [ 1, 1.5, 5, 5.5 ], "texture": "#texture" },
				"south": { "uv": [ 1.25, 1.25, 5.25, 5.25 ], "texture": "#texture" },
				"west": { "uv": [ 1, 1.25, 5, 5.25 ], "texture": "#texture" },
				"east": { "uv": [ 0.75, 1, 4.75, 5 ], "texture": "#texture" }
			}
		},
		{
			"__comment": "Element",
			"from": [ 4, 5.75, 6.75 ],
			"to": [ 6, 8.75, 9.25 ],
			"rotation": { "origin": [ 4, 8.75, 6.75 ], "axis": "z", "angle": 22.5 },
			"faces": {
				"down": { "uv": [ 1, 1.25, 5, 5.25 ], "texture": "#texture" },
				"up": { "uv": [ 0.75, 1.25, 4.75, 5.25 ], "texture": "#texture" },
				"north": { "uv": [ 1, 1.5, 5, 5.5 ], "texture": "#texture" },
				"south": { "uv": [ 1.25, 1.25, 5.25, 5.25 ], "texture": "#texture" },
				"west": { "uv": [ 1, 1.25, 5, 5.25 ], "texture": "#texture" },
				"east": { "uv": [ 0.75, 1, 4.75, 5 ], "texture": "#texture" }
			}
		},
		{
			"__comment": "Element",
			"from": [ 5.5, 8.25, 6.75 ],
			"to": [ 8.75, 9.5, 9.25 ],
			"rotation": { "origin": [ 5.5, 9.5, 6.75 ], "axis": "z", "angle": -45 },
			"faces": {
				"down": { "uv": [ 1, 1.25, 5, 5.25 ], "texture": "#texture" },
				"up": { "uv": [ 0.75, 1.25, 4.75, 5.25 ], "texture": "#texture" },
				"north": { "uv": [ 1, 1.5, 5, 5.5 ], "texture": "#texture" },
				"south": { "uv": [ 1.25, 1.25, 5.25, 5.25 ], "texture": "#texture" },
				"west": { "uv": [ 1, 1.25, 5, 5.25 ], "texture": "#texture" },
				"east": { "uv": [ 0.75, 1, 4.75, 5 ], "texture": "#texture" }
			}
		},
		{
			"__comment": "leg_front",
			"from": [ 5.25, 5, 9.25 ],
			"to": [ 6.5, 6.5, 10.5 ],
			"faces": {
				"down": { "uv": [ 1, 1.25, 5, 5.25 ], "texture": "#texture" },
				"up": { "uv": [ 0.75, 1.25, 4.75, 5.25 ], "texture": "#texture" },
				"north": { "uv": [ 1, 1.5, 5, 5.5 ], "texture": "#texture" },
				"south": { "uv": [ 1.25, 1.25, 5.25, 5.25 ], "texture": "#texture" },
				"west": { "uv": [ 1, 1.25, 5, 5.25 ], "texture": "#texture" },
				"east": { "uv": [ 0.75, 1, 4.75, 5 ], "texture": "#texture" }
			}
		},
		{
			"__comment": "leg_front",
			"from": [ 5.25, 3.5, 9.25 ],
			"to": [ 6.53, 5, 10.5 ],
			"rotation": { "origin": [ 5.25, 5, 9.25 ], "axis": "z", "angle": 22.5 },
			"faces": {
				"down": { "uv": [ 1, 1.25, 5, 5.25 ], "texture": "#texture" },
				"up": { "uv": [ 0.75, 1.25, 4.75, 5.25 ], "texture": "#texture" },
				"north": { "uv": [ 1, 1.5, 5, 5.5 ], "texture": "#texture" },
				"south": { "uv": [ 1.25, 1.25, 5.25, 5.25 ], "texture": "#texture" },
				"west": { "uv": [ 1, 1.25, 5, 5.25 ], "texture": "#texture" },
				"east": { "uv": [ 0.75, 1, 4.75, 5 ], "texture": "#texture" }
			}
		},
		{
			"__comment": "leg_front",
			"from": [ 5.75, 1.75, 9.25 ],
			"to": [ 7, 4.125, 10.5 ],
			"faces": {
				"down": { "uv": [ 1, 1.25, 5, 5.25 ], "texture": "#texture" },
				"up": { "uv": [ 0.75, 1.25, 4.75, 5.25 ], "texture": "#texture" },
				"north": { "uv": [ 1, 1.5, 5, 5.5 ], "texture": "#texture" },
				"south": { "uv": [ 1.25, 1.25, 5.25, 5.25 ], "texture": "#texture" },
				"west": { "uv": [ 1, 1.25, 5, 5.25 ], "texture": "#texture" },
				"east": { "uv": [ 0.75, 1, 4.75, 5 ], "texture": "#texture" }
			}
		},
		{
			"__comment": "leg_front",
			"from": [ 5.25, 6.295, 10 ],
			"to": [ 6.5, 7, 10.705 ],
			"rotation": { "origin": [ 5.25, 7, 10 ], "axis": "x", "angle": 45 },
			"faces": {
				"down": { "uv": [ 1, 1.25, 5, 5.25 ], "texture": "#texture" },
				"up": { "uv": [ 0.75, 1.25, 4.75, 5.25 ], "texture": "#texture" },
				"north": { "uv": [ 1, 1.5, 5, 5.5 ], "texture": "#texture" },
				"south": { "uv": [ 1.25, 1.25, 5.25, 5.25 ], "texture": "#texture" },
				"west": { "uv": [ 1, 1.25, 5, 5.25 ], "texture": "#texture" },
				"east": { "uv": [ 0.75, 1, 4.75, 5 ], "texture": "#texture" }
			}
		},
		{
			"__comment": "leg_front",
			"from": [ 5.75, 0.375, 9.25 ],
			"to": [ 7, 1.75, 10.5 ],
			"faces": {
				"down": { "uv": [ 1.25, 8, 5.25, 12 ], "texture": "#texture" },
				"up": { "uv": [ 1.25, 8, 5.25, 12 ], "texture": "#texture" },
				"north": { "uv": [ 1, 8, 5, 12 ], "texture": "#texture" },
				"south": { "uv": [ 1.25, 7.75, 5.25, 11.75 ], "texture": "#texture" },
				"west": { "uv": [ 1, 7.75, 5, 11.75 ], "texture": "#texture" },
				"east": { "uv": [ 1.25, 8, 5.25, 12 ], "texture": "#texture" }
			}
		},
		{
			"__comment": "leg_front",
			"from": [ 5.25, 0, 9.25 ],
			"to": [ 5.75, 1, 10.5 ],
			"faces": {
				"down": { "uv": [ 1.25, 8, 5.25, 12 ], "texture": "#texture" },
				"up": { "uv": [ 1.25, 8, 5.25, 12 ], "texture": "#texture" },
				"north": { "uv": [ 1, 8, 5, 12 ], "texture": "#texture" },
				"south": { "uv": [ 1.25, 7.75, 5.25, 11.75 ], "texture": "#texture" },
				"west": { "uv": [ 1, 7.75, 5, 11.75 ], "texture": "#texture" },
				"east": { "uv": [ 1.25, 8, 5.25, 12 ], "texture": "#texture" }
			}
		},
		{
			"__comment": "leg_front",
			"from": [ 5.125, 0, 9.625 ],
			"to": [ 5.875, 1.125, 10.125 ],
			"faces": {
				"down": { "uv": [ 1.25, 8, 5.25, 12 ], "texture": "#texture" },
				"up": { "uv": [ 1.25, 8, 5.25, 12 ], "texture": "#texture" },
				"north": { "uv": [ 1, 8, 5, 12 ], "texture": "#texture" },
				"south": { "uv": [ 1.25, 7.75, 5.25, 11.75 ], "texture": "#texture" },
				"west": { "uv": [ 1, 7.75, 5, 11.75 ], "texture": "#texture" },
				"east": { "uv": [ 1.25, 8, 5.25, 12 ], "texture": "#texture" }
			}
		},
		{
			"__comment": "leg_front",
			"from": [ 5.75, 0, 9.25 ],
			"to": [ 6.625, 0.5, 10.5 ],
			"faces": {
				"down": { "uv": [ 1.25, 8, 5.25, 12 ], "texture": "#texture" },
				"up": { "uv": [ 1.25, 8, 5.25, 12 ], "texture": "#texture" },
				"north": { "uv": [ 1, 8, 5, 12 ], "texture": "#texture" },
				"south": { "uv": [ 1.25, 7.75, 5.25, 11.75 ], "texture": "#texture" },
				"west": { "uv": [ 1, 7.75, 5, 11.75 ], "texture": "#texture" },
				"east": { "uv": [ 1.25, 8, 5.25, 12 ], "texture": "#texture" }
			}
		},
		{
			"__comment": "leg_front",
			"from": [ 6.625, 0.22, 9.25 ],
			"to": [ 7.155, 0.75, 10.5 ],
			"rotation": { "origin": [ 6.625, 0.75, 9.25 ], "axis": "z", "angle": -45 },
			"faces": {
				"down": { "uv": [ 1.25, 8, 5.25, 12 ], "texture": "#texture" },
				"up": { "uv": [ 1.25, 8, 5.25, 12 ], "texture": "#texture" },
				"north": { "uv": [ 1, 8, 5, 12 ], "texture": "#texture" },
				"south": { "uv": [ 1.25, 7.75, 5.25, 11.75 ], "texture": "#texture" },
				"west": { "uv": [ 1, 7.75, 5, 11.75 ], "texture": "#texture" },
				"east": { "uv": [ 1.25, 8, 5.25, 12 ], "texture": "#texture" }
			}
		},
		{
			"__comment": "leg_front",
			"from": [ 5.74, 1.625, 9.24 ],
			"to": [ 6.49, 2.875, 10.51 ],
			"faces": {
				"down": { "uv": [ 9.375, 11.875, 10.625, 13.375 ], "texture": "#tail" },
				"up": { "uv": [ 8.75, 12.375, 10, 13.75 ], "texture": "#tail" },
				"north": { "uv": [ 9.5, 13.5, 10.5, 14.875 ], "texture": "#tail" },
				"south": { "uv": [ 9.75, 13.75, 11.5, 15.25 ], "texture": "#tail" },
				"west": { "uv": [ 10.5, 0.75, 14.5, 9 ], "texture": "#tail" },
				"east": { "uv": [ 8.125, 12.75, 10.125, 14.625 ], "texture": "#tail" }
			}
		},
		{
			"__comment": "leg_front",
			"from": [ 5.74, 1.625, 9.24 ],
			"to": [ 6.99, 2.875, 9.865 ],
			"faces": {
				"down": { "uv": [ 9.375, 11.875, 10.625, 13.375 ], "texture": "#tail" },
				"up": { "uv": [ 8.75, 12.375, 10, 13.75 ], "texture": "#tail" },
				"north": { "uv": [ 15.625, 0.75, 14, 7.125 ], "texture": "#tail" },
				"south": { "uv": [ 8.25, 11.375, 10.125, 13.375 ], "texture": "#tail" },
				"west": { "uv": [ 9, 13.5, 11.625, 14.875 ], "texture": "#tail" },
				"east": { "uv": [ 8.125, 11.875, 10.25, 14 ], "texture": "#tail" }
			}
		},
		{
			"__comment": "leg_front",
			"from": [ 5.74, 1.625, 9.884999 ],
			"to": [ 6.99, 2.875, 10.51 ],
			"faces": {
				"down": { "uv": [ 9.375, 11.875, 10.625, 13.375 ], "texture": "#tail" },
				"up": { "uv": [ 8.75, 12.375, 10, 13.75 ], "texture": "#tail" },
				"north": { "uv": [ 8.875, 13.125, 10.625, 15 ], "texture": "#tail" },
				"south": { "uv": [ 14, 0.75, 15.625, 7.125 ], "texture": "#tail" },
				"west": { "uv": [ 9, 13.5, 11.625, 14.875 ], "texture": "#tail" },
				"east": { "uv": [ 8.125, 11.875, 10.25, 14 ], "texture": "#tail" }
			}
		},
		{
			"__comment": "leg_front2",
			"from": [ 5.25, 5, 5.5 ],
			"to": [ 6.5, 6.5, 6.75 ],
			"faces": {
				"down": { "uv": [ 1, 1.25, 5, 5.25 ], "texture": "#texture" },
				"up": { "uv": [ 0.75, 1.25, 4.75, 5.25 ], "texture": "#texture" },
				"north": { "uv": [ 1, 1.5, 5, 5.5 ], "texture": "#texture" },
				"south": { "uv": [ 1.25, 1.25, 5.25, 5.25 ], "texture": "#texture" },
				"west": { "uv": [ 1, 1.25, 5, 5.25 ], "texture": "#texture" },
				"east": { "uv": [ 0.75, 1, 4.75, 5 ], "texture": "#texture" }
			}
		},
		{
			"__comment": "leg_front2",
			"from": [ 5.25, 3.5, 5.5 ],
			"to": [ 6.53, 5, 6.75 ],
			"rotation": { "origin": [ 5.25, 5, 5.5 ], "axis": "z", "angle": 22.5 },
			"faces": {
				"down": { "uv": [ 1, 1.25, 5, 5.25 ], "texture": "#texture" },
				"up": { "uv": [ 0.75, 1.25, 4.75, 5.25 ], "texture": "#texture" },
				"north": { "uv": [ 1, 1.5, 5, 5.5 ], "texture": "#texture" },
				"south": { "uv": [ 1.25, 1.25, 5.25, 5.25 ], "texture": "#texture" },
				"west": { "uv": [ 1, 1.25, 5, 5.25 ], "texture": "#texture" },
				"east": { "uv": [ 0.75, 1, 4.75, 5 ], "texture": "#texture" }
			}
		},
		{
			"__comment": "leg_front2",
			"from": [ 5.75, 1.75, 5.5 ],
			"to": [ 7, 4.125, 6.75 ],
			"faces": {
				"down": { "uv": [ 1, 1.25, 5, 5.25 ], "texture": "#texture" },
				"up": { "uv": [ 0.75, 1.25, 4.75, 5.25 ], "texture": "#texture" },
				"north": { "uv": [ 1, 1.5, 5, 5.5 ], "texture": "#texture" },
				"south": { "uv": [ 1.25, 1.25, 5.25, 5.25 ], "texture": "#texture" },
				"west": { "uv": [ 1, 1.25, 5, 5.25 ], "texture": "#texture" },
				"east": { "uv": [ 0.75, 1, 4.75, 5 ], "texture": "#texture" }
			}
		},
		{
			"__comment": "leg_front2",
			"from": [ 5.25, 5.795, 5.5 ],
			"to": [ 6.5, 6.5, 6.205 ],
			"rotation": { "origin": [ 5.25, 6.5, 5.5 ], "axis": "x", "angle": -45 },
			"faces": {
				"down": { "uv": [ 1, 1.25, 5, 5.25 ], "texture": "#texture" },
				"up": { "uv": [ 0.75, 1.25, 4.75, 5.25 ], "texture": "#texture" },
				"north": { "uv": [ 1, 1.5, 5, 5.5 ], "texture": "#texture" },
				"south": { "uv": [ 1.25, 1.25, 5.25, 5.25 ], "texture": "#texture" },
				"west": { "uv": [ 1, 1.25, 5, 5.25 ], "texture": "#texture" },
				"east": { "uv": [ 0.75, 1, 4.75, 5 ], "texture": "#texture" }
			}
		},
		{
			"__comment": "leg_front2",
			"from": [ 5.75, 0.375, 5.5 ],
			"to": [ 7, 1.75, 6.75 ],
			"faces": {
				"down": { "uv": [ 1.25, 8, 5.25, 12 ], "texture": "#texture" },
				"up": { "uv": [ 1.25, 8, 5.25, 12 ], "texture": "#texture" },
				"north": { "uv": [ 1, 8, 5, 12 ], "texture": "#texture" },
				"south": { "uv": [ 1.25, 7.75, 5.25, 11.75 ], "texture": "#texture" },
				"west": { "uv": [ 1, 7.75, 5, 11.75 ], "texture": "#texture" },
				"east": { "uv": [ 1.25, 8, 5.25, 12 ], "texture": "#texture" }
			}
		},
		{
			"__comment": "leg_front2",
			"from": [ 5.25, 0, 5.5 ],
			"to": [ 5.75, 1, 6.75 ],
			"faces": {
				"down": { "uv": [ 1.25, 8, 5.25, 12 ], "texture": "#texture" },
				"up": { "uv": [ 1.25, 8, 5.25, 12 ], "texture": "#texture" },
				"north": { "uv": [ 1, 8, 5, 12 ], "texture": "#texture" },
				"south": { "uv": [ 1.25, 7.75, 5.25, 11.75 ], "texture": "#texture" },
				"west": { "uv": [ 1, 7.75, 5, 11.75 ], "texture": "#texture" },
				"east": { "uv": [ 1.25, 8, 5.25, 12 ], "texture": "#texture" }
			}
		},
		{
			"__comment": "leg_front2",
			"from": [ 5.125, 0, 5.875 ],
			"to": [ 5.875, 1.125, 6.375 ],
			"faces": {
				"down": { "uv": [ 1.25, 8, 5.25, 12 ], "texture": "#texture" },
				"up": { "uv": [ 1.25, 8, 5.25, 12 ], "texture": "#texture" },
				"north": { "uv": [ 1, 8, 5, 12 ], "texture": "#texture" },
				"south": { "uv": [ 1.25, 7.75, 5.25, 11.75 ], "texture": "#texture" },
				"west": { "uv": [ 1, 7.75, 5, 11.75 ], "texture": "#texture" },
				"east": { "uv": [ 1.25, 8, 5.25, 12 ], "texture": "#texture" }
			}
		},
		{
			"__comment": "leg_front2",
			"from": [ 5.75, 0, 5.5 ],
			"to": [ 6.625, 0.5, 6.75 ],
			"faces": {
				"down": { "uv": [ 1.25, 8, 5.25, 12 ], "texture": "#texture" },
				"up": { "uv": [ 1.25, 8, 5.25, 12 ], "texture": "#texture" },
				"north": { "uv": [ 1, 8, 5, 12 ], "texture": "#texture" },
				"south": { "uv": [ 1.25, 7.75, 5.25, 11.75 ], "texture": "#texture" },
				"west": { "uv": [ 1, 7.75, 5, 11.75 ], "texture": "#texture" },
				"east": { "uv": [ 1.25, 8, 5.25, 12 ], "texture": "#texture" }
			}
		},
		{
			"__comment": "leg_front2",
			"from": [ 6.625, 0.22, 5.5 ],
			"to": [ 7.155, 0.75, 6.75 ],
			"rotation": { "origin": [ 6.625, 0.75, 5.5 ], "axis": "z", "angle": -45 },
			"faces": {
				"down": { "uv": [ 1.25, 8, 5.25, 12 ], "texture": "#texture" },
				"up": { "uv": [ 1.25, 8, 5.25, 12 ], "texture": "#texture" },
				"north": { "uv": [ 1, 8, 5, 12 ], "texture": "#texture" },
				"south": { "uv": [ 1.25, 7.75, 5.25, 11.75 ], "texture": "#texture" },
				"west": { "uv": [ 1, 7.75, 5, 11.75 ], "texture": "#texture" },
				"east": { "uv": [ 1.25, 8, 5.25, 12 ], "texture": "#texture" }
			}
		},
		{
			"__comment": "leg_front2",
			"from": [ 5.74, 1.625, 5.49 ],
			"to": [ 6.49, 2.875, 6.76 ],
			"faces": {
				"down": { "uv": [ 9.375, 11.875, 10.625, 13.375 ], "texture": "#tail" },
				"up": { "uv": [ 8.75, 12.375, 10, 13.75 ], "texture": "#tail" },
				"north": { "uv": [ 9.5, 13.5, 10.5, 14.875 ], "texture": "#tail" },
				"south": { "uv": [ 9.75, 13.75, 11.5, 15.25 ], "texture": "#tail" },
				"west": { "uv": [ 10.5, 0.75, 14.5, 9 ], "texture": "#tail" },
				"east": { "uv": [ 8.125, 12.75, 10.125, 14.625 ], "texture": "#tail" }
			}
		},
		{
			"__comment": "leg_front2",
			"from": [ 5.74, 1.625, 5.49 ],
			"to": [ 6.99, 2.875, 6.115 ],
			"faces": {
				"down": { "uv": [ 9.375, 11.875, 10.625, 13.375 ], "texture": "#tail" },
				"up": { "uv": [ 8.75, 12.375, 10, 13.75 ], "texture": "#tail" },
				"north": { "uv": [ 15.625, 0.75, 14, 7.125 ], "texture": "#tail" },
				"south": { "uv": [ 8.25, 11.375, 10.125, 13.375 ], "texture": "#tail" },
				"west": { "uv": [ 9, 13.5, 11.625, 14.875 ], "texture": "#tail" },
				"east": { "uv": [ 8.125, 11.875, 10.25, 14 ], "texture": "#tail" }
			}
		},
		{
			"__comment": "leg_front2",
			"from": [ 5.74, 1.625, 6.135 ],
			"to": [ 6.99, 2.875, 6.76 ],
			"faces": {
				"down": { "uv": [ 9.375, 11.875, 10.625, 13.375 ], "texture": "#tail" },
				"up": { "uv": [ 8.75, 12.375, 10, 13.75 ], "texture": "#tail" },
				"north": { "uv": [ 8.875, 13.125, 10.625, 15 ], "texture": "#tail" },
				"south": { "uv": [ 14, 0.75, 15.625, 7.125 ], "texture": "#tail" },
				"west": { "uv": [ 9, 13.5, 11.625, 14.875 ], "texture": "#tail" },
				"east": { "uv": [ 8.125, 11.875, 10.25, 14 ], "texture": "#tail" }
			}
		},
		{
			"__comment": "Element",
			"from": [ 12, 5.5, 6 ],
			"to": [ 12.5, 7.5, 10 ],
			"faces": {
				"down": { "uv": [ 1, 1.25, 5, 5.25 ], "texture": "#texture" },
				"up": { "uv": [ 0.75, 1.25, 4.75, 5.25 ], "texture": "#texture" },
				"north": { "uv": [ 1, 1.5, 5, 5.5 ], "texture": "#texture" },
				"south": { "uv": [ 1.25, 1.25, 5.25, 5.25 ], "texture": "#texture" },
				"west": { "uv": [ 1, 1.25, 5, 5.25 ], "texture": "#texture" },
				"east": { "uv": [ 0.75, 1, 4.75, 5 ], "texture": "#texture" }
			}
		},
		{
			"__comment": "Element",
			"from": [ 12, 7.295, 6 ],
			"to": [ 12.705, 8, 10 ],
			"rotation": { "origin": [ 12, 8, 6 ], "axis": "z", "angle": -45 },
			"faces": {
				"down": { "uv": [ 1, 1.25, 5, 5.25 ], "texture": "#texture" },
				"up": { "uv": [ 0.75, 1.25, 4.75, 5.25 ], "texture": "#texture" },
				"north": { "uv": [ 1, 1.5, 5, 5.5 ], "texture": "#texture" },
				"south": { "uv": [ 1.25, 1.25, 5.25, 5.25 ], "texture": "#texture" },
				"west": { "uv": [ 1, 1.25, 5, 5.25 ], "texture": "#texture" },
				"east": { "uv": [ 0.75, 1, 4.75, 5 ], "texture": "#texture" }
			}
		},
		{
			"__comment": "Element",
			"from": [ 12, 5.295, 6 ],
			"to": [ 12.705, 6, 10 ],
			"rotation": { "origin": [ 12, 6, 6 ], "axis": "z", "angle": -45 },
			"faces": {
				"down": { "uv": [ 1, 1.25, 5, 5.25 ], "texture": "#texture" },
				"up": { "uv": [ 0.75, 1.25, 4.75, 5.25 ], "texture": "#texture" },
				"north": { "uv": [ 1, 1.5, 5, 5.5 ], "texture": "#texture" },
				"south": { "uv": [ 1.25, 1.25, 5.25, 5.25 ], "texture": "#texture" },
				"west": { "uv": [ 1, 1.25, 5, 5.25 ], "texture": "#texture" },
				"east": { "uv": [ 0.75, 1, 4.75, 5 ], "texture": "#texture" }
			}
		},
		{
			"__comment": "Element",
			"from": [ 10, 4.5, 5.25 ],
			"to": [ 12, 6.75, 6.75 ],
			"faces": {
				"down": { "uv": [ 1, 1.25, 5, 5.25 ], "texture": "#texture" },
				"up": { "uv": [ 0.75, 1.25, 4.75, 5.25 ], "texture": "#texture" },
				"north": { "uv": [ 1, 1.5, 5, 5.5 ], "texture": "#texture" },
				"south": { "uv": [ 1.25, 1.25, 5.25, 5.25 ], "texture": "#texture" },
				"west": { "uv": [ 1, 1.25, 5, 5.25 ], "texture": "#texture" },
				"east": { "uv": [ 0.75, 1, 4.75, 5 ], "texture": "#texture" }
			}
		},
		{
			"__comment": "Element",
			"from": [ 10, 5.69, 5.25 ],
			"to": [ 12, 6.75, 6.31 ],
			"rotation": { "origin": [ 10, 6.75, 5.25 ], "axis": "x", "angle": -45 },
			"faces": {
				"down": { "uv": [ 1, 1.25, 5, 5.25 ], "texture": "#texture" },
				"up": { "uv": [ 0.75, 1.25, 4.75, 5.25 ], "texture": "#texture" },
				"north": { "uv": [ 1, 1.5, 5, 5.5 ], "texture": "#texture" },
				"south": { "uv": [ 1.25, 1.25, 5.25, 5.25 ], "texture": "#texture" },
				"west": { "uv": [ 1, 1.25, 5, 5.25 ], "texture": "#texture" },
				"east": { "uv": [ 0.75, 1, 4.75, 5 ], "texture": "#texture" }
			}
		},
		{
			"__comment": "Element",
			"from": [ 10, 6.44, 10 ],
			"to": [ 12, 7.5, 11.06 ],
			"rotation": { "origin": [ 10, 7.5, 10 ], "axis": "x", "angle": 45 },
			"faces": {
				"down": { "uv": [ 1, 1.25, 5, 5.25 ], "texture": "#texture" },
				"up": { "uv": [ 0.75, 1.25, 4.75, 5.25 ], "texture": "#texture" },
				"north": { "uv": [ 1, 1.5, 5, 5.5 ], "texture": "#texture" },
				"south": { "uv": [ 1.25, 1.25, 5.25, 5.25 ], "texture": "#texture" },
				"west": { "uv": [ 1, 1.25, 5, 5.25 ], "texture": "#texture" },
				"east": { "uv": [ 0.75, 1, 4.75, 5 ], "texture": "#texture" }
			}
		},
		{
			"__comment": "Element",
			"from": [ 10, 4.5, 9.25 ],
			"to": [ 12, 6.75, 10.75 ],
			"faces": {
				"down": { "uv": [ 1, 1.25, 5, 5.25 ], "texture": "#texture" },
				"up": { "uv": [ 0.75, 1.25, 4.75, 5.25 ], "texture": "#texture" },
				"north": { "uv": [ 1, 1.5, 5, 5.5 ], "texture": "#texture" },
				"south": { "uv": [ 1.25, 1.25, 5.25, 5.25 ], "texture": "#texture" },
				"west": { "uv": [ 1, 1.25, 5, 5.25 ], "texture": "#texture" },
				"east": { "uv": [ 0.75, 1, 4.75, 5 ], "texture": "#texture" }
			}
		},
		{
			"__comment": "leg_back",
			"from": [ 10, 1.75, 9.25 ],
			"to": [ 11.5, 4.5, 10.75 ],
			"rotation": { "origin": [ 10, 4.5, 9.25 ], "axis": "z", "angle": 45 },
			"faces": {
				"down": { "uv": [ 1, 1.25, 5, 5.25 ], "texture": "#texture" },
				"up": { "uv": [ 0.75, 1.25, 4.75, 5.25 ], "texture": "#texture" },
				"north": { "uv": [ 1, 1.5, 5, 5.5 ], "texture": "#texture" },
				"south": { "uv": [ 1.25, 1.25, 5.25, 5.25 ], "texture": "#texture" },
				"west": { "uv": [ 1, 1.25, 5, 5.25 ], "texture": "#texture" },
				"east": { "uv": [ 0.75, 1, 4.75, 5 ], "texture": "#texture" }
			}
		},
		{
			"__comment": "leg_back",
			"from": [ 11.75, 1.75, 9.25 ],
			"to": [ 13, 3.625, 10.75 ],
			"faces": {
				"down": { "uv": [ 1, 1.25, 5, 5.25 ], "texture": "#texture" },
				"up": { "uv": [ 0.75, 1.25, 4.75, 5.25 ], "texture": "#texture" },
				"north": { "uv": [ 1, 1.5, 5, 5.5 ], "texture": "#texture" },
				"south": { "uv": [ 1.25, 1.25, 5.25, 5.25 ], "texture": "#texture" },
				"west": { "uv": [ 1, 1.25, 5, 5.25 ], "texture": "#texture" },
				"east": { "uv": [ 0.75, 1, 4.75, 5 ], "texture": "#texture" }
			}
		},
		{
			"__comment": "leg_back",
			"from": [ 11.75, 0.375, 9.25 ],
			"to": [ 13, 1.75, 10.75 ],
			"faces": {
				"down": { "uv": [ 1.25, 8, 5.25, 12 ], "texture": "#texture" },
				"up": { "uv": [ 1.25, 8, 5.25, 12 ], "texture": "#texture" },
				"north": { "uv": [ 1, 8, 5, 12 ], "texture": "#texture" },
				"south": { "uv": [ 1.25, 7.75, 5.25, 11.75 ], "texture": "#texture" },
				"west": { "uv": [ 1, 7.75, 5, 11.75 ], "texture": "#texture" },
				"east": { "uv": [ 1.25, 8, 5.25, 12 ], "texture": "#texture" }
			}
		},
		{
			"__comment": "leg_back",
			"from": [ 11.25, 0, 9.25 ],
			"to": [ 11.75, 1, 10.75 ],
			"faces": {
				"down": { "uv": [ 1.25, 8, 5.25, 12 ], "texture": "#texture" },
				"up": { "uv": [ 1.25, 8, 5.25, 12 ], "texture": "#texture" },
				"north": { "uv": [ 1, 8, 5, 12 ], "texture": "#texture" },
				"south": { "uv": [ 1.25, 7.75, 5.25, 11.75 ], "texture": "#texture" },
				"west": { "uv": [ 1, 7.75, 5, 11.75 ], "texture": "#texture" },
				"east": { "uv": [ 1.25, 8, 5.25, 12 ], "texture": "#texture" }
			}
		},
		{
			"__comment": "leg_back",
			"from": [ 11.125, 0, 9.625 ],
			"to": [ 11.875, 1.125, 10.375 ],
			"faces": {
				"down": { "uv": [ 1.25, 8, 5.25, 12 ], "texture": "#texture" },
				"up": { "uv": [ 1.25, 8, 5.25, 12 ], "texture": "#texture" },
				"north": { "uv": [ 1, 8, 5, 12 ], "texture": "#texture" },
				"south": { "uv": [ 1.25, 7.75, 5.25, 11.75 ], "texture": "#texture" },
				"west": { "uv": [ 1, 7.75, 5, 11.75 ], "texture": "#texture" },
				"east": { "uv": [ 1.25, 8, 5.25, 12 ], "texture": "#texture" }
			}
		},
		{
			"__comment": "leg_back",
			"from": [ 11.75, 0, 9.25 ],
			"to": [ 12.625, 0.5, 10.75 ],
			"faces": {
				"down": { "uv": [ 1.25, 8, 5.25, 12 ], "texture": "#texture" },
				"up": { "uv": [ 1.25, 8, 5.25, 12 ], "texture": "#texture" },
				"north": { "uv": [ 1, 8, 5, 12 ], "texture": "#texture" },
				"south": { "uv": [ 1.25, 7.75, 5.25, 11.75 ], "texture": "#texture" },
				"west": { "uv": [ 1, 7.75, 5, 11.75 ], "texture": "#texture" },
				"east": { "uv": [ 1.25, 8, 5.25, 12 ], "texture": "#texture" }
			}
		},
		{
			"__comment": "leg_back",
			"from": [ 12.625, 0.22, 9.25 ],
			"to": [ 13.155, 0.75, 10.75 ],
			"rotation": { "origin": [ 12.625, 0.75, 9.25 ], "axis": "z", "angle": -45 },
			"faces": {
				"down": { "uv": [ 1.25, 8, 5.25, 12 ], "texture": "#texture" },
				"up": { "uv": [ 1.25, 8, 5.25, 12 ], "texture": "#texture" },
				"north": { "uv": [ 1, 8, 5, 12 ], "texture": "#texture" },
				"south": { "uv": [ 1.25, 7.75, 5.25, 11.75 ], "texture": "#texture" },
				"west": { "uv": [ 1, 7.75, 5, 11.75 ], "texture": "#texture" },
				"east": { "uv": [ 1.25, 8, 5.25, 12 ], "texture": "#texture" }
			}
		},
		{
			"__comment": "leg_back",
			"from": [ 11.74, 1.625, 9.24 ],
			"to": [ 12.49, 2.875, 10.76 ],
			"faces": {
				"down": { "uv": [ 9.375, 11.875, 10.625, 13.375 ], "texture": "#tail" },
				"up": { "uv": [ 8.75, 12.375, 10, 13.75 ], "texture": "#tail" },
				"north": { "uv": [ 9.5, 13.5, 10.5, 14.875 ], "texture": "#tail" },
				"south": { "uv": [ 9.75, 13.75, 11.5, 15.25 ], "texture": "#tail" },
				"west": { "uv": [ 10.5, 0.75, 14.5, 9 ], "texture": "#tail" },
				"east": { "uv": [ 8.125, 12.75, 10.125, 14.625 ], "texture": "#tail" }
			}
		},
		{
			"__comment": "leg_back",
			"from": [ 11.74, 1.625, 9.24 ],
			"to": [ 12.99, 2.875, 9.865 ],
			"faces": {
				"down": { "uv": [ 9.375, 11.875, 10.625, 13.375 ], "texture": "#tail" },
				"up": { "uv": [ 8.75, 12.375, 10, 13.75 ], "texture": "#tail" },
				"north": { "uv": [ 15.625, 0.75, 14, 7.125 ], "texture": "#tail" },
				"south": { "uv": [ 8.25, 11.375, 10.125, 13.375 ], "texture": "#tail" },
				"west": { "uv": [ 9, 13.5, 11.625, 14.875 ], "texture": "#tail" },
				"east": { "uv": [ 8.125, 11.875, 10.25, 14 ], "texture": "#tail" }
			}
		},
		{
			"__comment": "leg_back",
			"from": [ 11.74, 1.625, 10.135 ],
			"to": [ 12.99, 2.875, 10.76 ],
			"faces": {
				"down": { "uv": [ 9.375, 11.875, 10.625, 13.375 ], "texture": "#tail" },
				"up": { "uv": [ 8.75, 12.375, 10, 13.75 ], "texture": "#tail" },
				"north": { "uv": [ 8.875, 13.125, 10.625, 15 ], "texture": "#tail" },
				"south": { "uv": [ 14, 0.75, 15.625, 7.125 ], "texture": "#tail" },
				"west": { "uv": [ 9, 13.5, 11.625, 14.875 ], "texture": "#tail" },
				"east": { "uv": [ 8.125, 11.875, 10.25, 14 ], "texture": "#tail" }
			}
		},
		{
			"__comment": "leg_back2",
			"from": [ 10, 1.75, 5.25 ],
			"to": [ 11.5, 4.5, 6.75 ],
			"rotation": { "origin": [ 10, 4.5, 5.25 ], "axis": "z", "angle": 45 },
			"faces": {
				"down": { "uv": [ 1, 1.25, 5, 5.25 ], "texture": "#texture" },
				"up": { "uv": [ 0.75, 1.25, 4.75, 5.25 ], "texture": "#texture" },
				"north": { "uv": [ 1, 1.5, 5, 5.5 ], "texture": "#texture" },
				"south": { "uv": [ 1.25, 1.25, 5.25, 5.25 ], "texture": "#texture" },
				"west": { "uv": [ 1, 1.25, 5, 5.25 ], "texture": "#texture" },
				"east": { "uv": [ 0.75, 1, 4.75, 5 ], "texture": "#texture" }
			}
		},
		{
			"__comment": "leg_back2",
			"from": [ 11.75, 1.75, 5.25 ],
			"to": [ 13, 3.625, 6.75 ],
			"faces": {
				"down": { "uv": [ 1, 1.25, 5, 5.25 ], "texture": "#texture" },
				"up": { "uv": [ 0.75, 1.25, 4.75, 5.25 ], "texture": "#texture" },
				"north": { "uv": [ 1, 1.5, 5, 5.5 ], "texture": "#texture" },
				"south": { "uv": [ 1.25, 1.25, 5.25, 5.25 ], "texture": "#texture" },
				"west": { "uv": [ 1, 1.25, 5, 5.25 ], "texture": "#texture" },
				"east": { "uv": [ 0.75, 1, 4.75, 5 ], "texture": "#texture" }
			}
		},
		{
			"__comment": "leg_back2",
			"from": [ 11.75, 0.375, 5.25 ],
			"to": [ 13, 1.75, 6.75 ],
			"faces": {
				"down": { "uv": [ 1.25, 8, 5.25, 12 ], "texture": "#texture" },
				"up": { "uv": [ 1.25, 8, 5.25, 12 ], "texture": "#texture" },
				"north": { "uv": [ 1, 8, 5, 12 ], "texture": "#texture" },
				"south": { "uv": [ 1.25, 7.75, 5.25, 11.75 ], "texture": "#texture" },
				"west": { "uv": [ 1, 7.75, 5, 11.75 ], "texture": "#texture" },
				"east": { "uv": [ 1.25, 8, 5.25, 12 ], "texture": "#texture" }
			}
		},
		{
			"__comment": "leg_back2",
			"from": [ 11.25, 0, 5.25 ],
			"to": [ 11.75, 1, 6.75 ],
			"faces": {
				"down": { "uv": [ 1.25, 8, 5.25, 12 ], "texture": "#texture" },
				"up": { "uv": [ 1.25, 8, 5.25, 12 ], "texture": "#texture" },
				"north": { "uv": [ 1, 8, 5, 12 ], "texture": "#texture" },
				"south": { "uv": [ 1.25, 7.75, 5.25, 11.75 ], "texture": "#texture" },
				"west": { "uv": [ 1, 7.75, 5, 11.75 ], "texture": "#texture" },
				"east": { "uv": [ 1.25, 8, 5.25, 12 ], "texture": "#texture" }
			}
		},
		{
			"__comment": "leg_back2",
			"from": [ 11.125, 0, 5.625 ],
			"to": [ 11.875, 1.125, 6.375 ],
			"faces": {
				"down": { "uv": [ 1.25, 8, 5.25, 12 ], "texture": "#texture" },
				"up": { "uv": [ 1.25, 8, 5.25, 12 ], "texture": "#texture" },
				"north": { "uv": [ 1, 8, 5, 12 ], "texture": "#texture" },
				"south": { "uv": [ 1.25, 7.75, 5.25, 11.75 ], "texture": "#texture" },
				"west": { "uv": [ 1, 7.75, 5, 11.75 ], "texture": "#texture" },
				"east": { "uv": [ 1.25, 8, 5.25, 12 ], "texture": "#texture" }
			}
		},
		{
			"__comment": "leg_back2",
			"from": [ 11.75, 0, 5.25 ],
			"to": [ 12.625, 0.5, 6.75 ],
			"faces": {
				"down": { "uv": [ 1.25, 8, 5.25, 12 ], "texture": "#texture" },
				"up": { "uv": [ 1.25, 8, 5.25, 12 ], "texture": "#texture" },
				"north": { "uv": [ 1, 8, 5, 12 ], "texture": "#texture" },
				"south": { "uv": [ 1.25, 7.75, 5.25, 11.75 ], "texture": "#texture" },
				"west": { "uv": [ 1, 7.75, 5, 11.75 ], "texture": "#texture" },
				"east": { "uv": [ 1.25, 8, 5.25, 12 ], "texture": "#texture" }
			}
		},
		{
			"__comment": "leg_back2",
			"from": [ 12.625, 0.22, 5.25 ],
			"to": [ 13.155, 0.75, 6.75 ],
			"rotation": { "origin": [ 12.625, 0.75, 5.25 ], "axis": "z", "angle": -45 },
			"faces": {
				"down": { "uv": [ 1.25, 8, 5.25, 12 ], "texture": "#texture" },
				"up": { "uv": [ 1.25, 8, 5.25, 12 ], "texture": "#texture" },
				"north": { "uv": [ 1, 8, 5, 12 ], "texture": "#texture" },
				"south": { "uv": [ 1.25, 7.75, 5.25, 11.75 ], "texture": "#texture" },
				"west": { "uv": [ 1, 7.75, 5, 11.75 ], "texture": "#texture" },
				"east": { "uv": [ 1.25, 8, 5.25, 12 ], "texture": "#texture" }
			}
		},
		{
			"__comment": "leg_back2",
			"from": [ 11.74, 1.625, 5.24 ],
			"to": [ 12.49, 2.875, 6.76 ],
			"faces": {
				"down": { "uv": [ 9.375, 11.875, 10.625, 13.375 ], "texture": "#tail" },
				"up": { "uv": [ 8.75, 12.375, 10, 13.75 ], "texture": "#tail" },
				"north": { "uv": [ 9.5, 13.5, 10.5, 14.875 ], "texture": "#tail" },
				"south": { "uv": [ 9.75, 13.75, 11.5, 15.25 ], "texture": "#tail" },
				"west": { "uv": [ 10.5, 0.75, 14.5, 9 ], "texture": "#tail" },
				"east": { "uv": [ 8.125, 12.75, 10.125, 14.625 ], "texture": "#tail" }
			}
		},
		{
			"__comment": "leg_back2",
			"from": [ 11.74, 1.625, 5.24 ],
			"to": [ 12.99, 2.875, 5.865 ],
			"faces": {
				"down": { "uv": [ 9.375, 11.875, 10.625, 13.375 ], "texture": "#tail" },
				"up": { "uv": [ 8.75, 12.375, 10, 13.75 ], "texture": "#tail" },
				"north": { "uv": [ 15.625, 0.75, 14, 7.125 ], "texture": "#tail" },
				"south": { "uv": [ 8.25, 11.375, 10.125, 13.375 ], "texture": "#tail" },
				"west": { "uv": [ 9, 13.5, 11.625, 14.875 ], "texture": "#tail" },
				"east": { "uv": [ 8.125, 11.875, 10.25, 14 ], "texture": "#tail" }
			}
		},
		{
			"__comment": "leg_back2",
			"from": [ 11.74, 1.625, 6.135 ],
			"to": [ 12.99, 2.875, 6.76 ],
			"faces": {
				"down": { "uv": [ 9.375, 11.875, 10.625, 13.375 ], "texture": "#tail" },
				"up": { "uv": [ 8.75, 12.375, 10, 13.75 ], "texture": "#tail" },
				"north": { "uv": [ 8.875, 13.125, 10.625, 15 ], "texture": "#tail" },
				"south": { "uv": [ 14, 0.75, 15.625, 7.125 ], "texture": "#tail" },
				"west": { "uv": [ 9, 13.5, 11.625, 14.875 ], "texture": "#tail" },
				"east": { "uv": [ 8.125, 11.875, 10.25, 14 ], "texture": "#tail" }
			}
		},
		{
			"__comment": "Element",
			"from": [ 5.5, 4.5, 6 ],
			"to": [ 11.5, 5, 10 ],
			"faces": {
				"down": { "uv": [ 1, 1.25, 5, 5.25 ], "texture": "#texture" },
				"up": { "uv": [ 0.75, 1.25, 4.75, 5.25 ], "texture": "#texture" },
				"north": { "uv": [ 1, 1.5, 5, 5.5 ], "texture": "#texture" },
				"south": { "uv": [ 1.25, 1.25, 5.25, 5.25 ], "texture": "#texture" },
				"west": { "uv": [ 1, 1.25, 5, 5.25 ], "texture": "#texture" },
				"east": { "uv": [ 0.75, 1, 4.75, 5 ], "texture": "#texture" }
			}
		},
		{
			"__comment": "Element",
			"from": [ 5, 4.295, 6 ],
			"to": [ 5.705, 5, 10 ],
			"rotation": { "origin": [ 5, 5, 6 ], "axis": "z", "angle": 45 },
			"faces": {
				"down": { "uv": [ 1, 1.25, 5, 5.25 ], "texture": "#texture" },
				"up": { "uv": [ 0.75, 1.25, 4.75, 5.25 ], "texture": "#texture" },
				"north": { "uv": [ 1, 1.5, 5, 5.5 ], "texture": "#texture" },
				"south": { "uv": [ 1.25, 1.25, 5.25, 5.25 ], "texture": "#texture" },
				"west": { "uv": [ 1, 1.25, 5, 5.25 ], "texture": "#texture" },
				"east": { "uv": [ 0.75, 1, 4.75, 5 ], "texture": "#texture" }
			}
		},
		{
			"__comment": "Element",
			"from": [ 11.5, 4.795, 6 ],
			"to": [ 12.205, 5.5, 10 ],
			"rotation": { "origin": [ 11.5, 5.5, 6 ], "axis": "z", "angle": -45 },
			"faces": {
				"down": { "uv": [ 1, 1.25, 5, 5.25 ], "texture": "#texture" },
				"up": { "uv": [ 0.75, 1.25, 4.75, 5.25 ], "texture": "#texture" },
				"north": { "uv": [ 1, 1.5, 5, 5.5 ], "texture": "#texture" },
				"south": { "uv": [ 1.25, 1.25, 5.25, 5.25 ], "texture": "#texture" },
				"west": { "uv": [ 1, 1.25, 5, 5.25 ], "texture": "#texture" },
				"east": { "uv": [ 0.75, 1, 4.75, 5 ], "texture": "#texture" }
			}
		},
		{
			"__comment": "Element",
			"from": [ 7, 7.01, 7 ],
			"to": [ 8.5, 8.01, 9 ],
			"faces": {
				"down": { "uv": [ 8, 10.75, 10, 12.875 ], "texture": "#tail" },
				"up": { "uv": [ 9.25, 0.75, 15.625, 6.875 ], "texture": "#tail", "rotation": 90 },
				"north": { "uv": [ 7.75, 13.125, 10, 14.5 ], "texture": "#tail" },
				"south": { "uv": [ 8.25, 12.125, 10.875, 14.625 ], "texture": "#tail" },
				"west": { "uv": [ 8.125, 13.25, 9.625, 14.625 ], "texture": "#tail" },
				"east": { "uv": [ 8, 12, 10.75, 14.75 ], "texture": "#tail" }
			}
		},
		{
			"__comment": "Element",
			"from": [ 5.98, 8.0425, 7 ],
			"to": [ 7.48, 9.0425, 9 ],
			"rotation": { "origin": [ 5.98, 9.0425, 7 ], "axis": "z", "angle": -45 },
			"faces": {
				"down": { "uv": [ 8, 10.75, 10, 12.875 ], "texture": "#tail" },
				"up": { "uv": [ 9.25, 6.875, 15.625, 13 ], "texture": "#tail", "rotation": 90 },
				"north": { "uv": [ 7.75, 13.125, 10, 14.5 ], "texture": "#tail" },
				"south": { "uv": [ 8.25, 12.125, 10.875, 14.625 ], "texture": "#tail" },
				"west": { "uv": [ 8.125, 13.25, 9.625, 14.625 ], "texture": "#tail" },
				"east": { "uv": [ 8, 12, 10.75, 14.75 ], "texture": "#tail" }
			}
		},
		{
			"__comment": "Element",
			"from": [ 8.75, 7.01, 7 ],
			"to": [ 12, 8.01, 9 ],
			"faces": {
				"down": { "uv": [ 8, 10.75, 10, 12.875 ], "texture": "#tail" },
				"up": { "uv": [ 9.25, 0.75, 15.625, 13 ], "texture": "#tail", "rotation": 90 },
				"north": { "uv": [ 7.75, 13.125, 10, 14.5 ], "texture": "#tail" },
				"south": { "uv": [ 8.25, 12.125, 10.875, 14.625 ], "texture": "#tail" },
				"west": { "uv": [ 8.125, 13.25, 9.625, 14.625 ], "texture": "#tail" },
				"east": { "uv": [ 8, 12, 10.75, 14.75 ], "texture": "#tail" }
			}
		},
		{
			"__comment": "Element",
			"from": [ 11.75, 7.4375, 6.5 ],
			"to": [ 17.75, 7.5, 9.5 ],
			"rotation": { "origin": [ 11.75, 7.5, 6.5 ], "axis": "z", "angle": 45 },
			"faces": {
				"down": { "uv": [ 0.125, 8.875, 5.25, 15.875 ], "texture": "#tail", "rotation": 90 },
				"up": { "uv": [ 0.125, 8.875, 5.25, 15.875 ], "texture": "#tail", "rotation": 90 },
				"north": { "uv": [ 7.75, 13.125, 10, 14.5 ], "texture": "#tail" },
				"south": { "uv": [ 8.25, 12.125, 10.875, 14.625 ], "texture": "#tail" },
				"west": { "uv": [ 8.125, 13.25, 9.625, 14.625 ], "texture": "#tail" },
				"east": { "uv": [ 8, 12, 10.75, 14.75 ], "texture": "#tail" }
			}
		},
		{
			"__comment": "Element",
			"from": [ 18.25, 11.25, 6.5 ],
			"to": [ 18.3125, 17.25, 9.5 ],
			"rotation": { "origin": [ 18.25, 17.25, 6.5 ], "axis": "z", "angle": -22.5 },
			"faces": {
				"down": { "uv": [ 8.375, 13.125, 10.5, 14 ], "texture": "#tail", "rotation": 90 },
				"up": { "uv": [ 8.625, 12.625, 11, 14.5 ], "texture": "#tail", "rotation": 90 },
				"north": { "uv": [ 7.75, 13.125, 10, 14.5 ], "texture": "#tail" },
				"south": { "uv": [ 8.25, 12.125, 10.875, 14.625 ], "texture": "#tail" },
				"west": { "uv": [ 0.125, 0.125, 5.25, 8.875 ], "texture": "#tail" },
				"east": { "uv": [ 0.125, 0.125, 5.25, 8.875 ], "texture": "#tail" }
			}
		}
	],
	"display": {
		"thirdperson_righthand": {
			"rotation":  [ 70, -90, 0 ],
			"translation":  [ -6, -6, 5.5 ],
			"scale":  [ 1.9, 2, 2 ]
		},
		"thirdperson_lefthand": {
			"rotation":  [ 70, 90, 0 ],
			"translation":  [ -6, -6, 5.5 ],
			"scale":  [ 1.9, 2, 2 ]
		},
		"firstperson_righthand": {
			"scale":  [ 0, 0, 0 ]
		},
		"firstperson_lefthand": {
			"scale":  [ 0, 0, 0 ]
		},
		"gui": {
			"scale":  [ 0, 0, 0 ]
		},
		"head": {
			"rotation":  [ 0, -90, 0 ],
			"translation":  [ 0, -18.75, 3.75 ],
			"scale":  [ 3, 3.2, 3.2 ]
		},
		"ground": {
			"scale":  [ 0, 0, 0 ]
		},
		"fixed": {
			"scale":  [ 0, 0, 0 ]
		}
	}
}