{
	"credit": "Designed by Samasaurus6 with BDcraft Cubik PRO 0.96 Beta",
	"textures": {
		"0": "pokemon/diglett/body",
		"1": "pokemon/diglett/base"
	},
	"elements": [
		{
			"from": [5, 0.5, 5],
			"to": [11, 8, 11],
			"faces": {
				"north": {"uv": [13, 1, 15, 3], "texture": "#0"},
				"east": {"uv": [13, 1, 15, 3], "texture": "#0"},
				"south": {"uv": [13, 1, 15, 3], "texture": "#0"},
				"west": {"uv": [13, 1, 15, 3], "texture": "#0"},
				"up": {"uv": [13, 1, 15, 3], "texture": "#0"},
				"down": {"uv": [13, 1, 15, 3], "texture": "#0"}
			}
		},
		{
			"from": [6, 8, 6],
			"to": [10, 9, 10],
			"faces": {
				"north": {"uv": [13, 1, 15, 3], "texture": "#0"},
				"east": {"uv": [13, 1, 15, 3], "texture": "#0"},
				"south": {"uv": [13, 1, 15, 3], "texture": "#0"},
				"west": {"uv": [13, 1, 15, 3], "texture": "#0"},
				"up": {"uv": [13, 1, 15, 3], "texture": "#0"},
				"down": {"uv": [13, 1, 15, 3], "texture": "#0"}
			}
		},
		{
			"from": [6.7, 4, 11],
			"to": [9.4, 5.3, 12],
			"faces": {
				"north": {"uv": [13, 5, 15, 7], "texture": "#0"},
				"east": {"uv": [13, 5, 15, 7], "texture": "#0"},
				"south": {"uv": [13, 5, 15, 7], "texture": "#0"},
				"west": {"uv": [13, 5, 15, 7], "texture": "#0"},
				"up": {"uv": [13, 5, 15, 7], "texture": "#0"},
				"down": {"uv": [13, 5, 15, 7], "texture": "#0"}
			}
		},
		{
			"from": [6.5, 5.7, 11.05],
			"to": [7.3, 7.6, 11.05],
			"faces": {
				"south": {"uv": [0, 0, 9, 16], "texture": "#0"}
			}
		},
		{
			"from": [8.8, 5.7, 11.05],
			"to": [9.6, 7.6, 11.05],
			"faces": {
				"south": {"uv": [0, 0, 9, 16], "texture": "#0"}
			}
		},
		{
			"from": [4, 0, 4],
			"to": [12, 1, 12],
			"faces": {
				"north": {"uv": [4, 15, 12, 16], "texture": "#1"},
				"east": {"uv": [4, 15, 12, 16], "texture": "#1"},
				"south": {"uv": [4, 15, 12, 16], "texture": "#1"},
				"west": {"uv": [4, 15, 12, 16], "texture": "#1"},
				"up": {"uv": [4, 4, 12, 12], "texture": "#1"},
				"down": {"uv": [12, 12, 4, 4], "texture": "#1"}
			}
		},
		{
			"from": [3, 0, 9],
			"to": [4, 1, 10],
			"faces": {
				"north": {"uv": [12, 15, 13, 16], "texture": "#1"},
				"east": {"uv": [6, 15, 7, 16], "texture": "#1"},
				"south": {"uv": [3, 15, 4, 16], "texture": "#1"},
				"west": {"uv": [9, 15, 10, 16], "texture": "#1"},
				"up": {"uv": [3, 9, 4, 10], "texture": "#1"},
				"down": {"uv": [13, 10, 12, 9], "texture": "#1"}
			}
		},
		{
			"from": [3, 0, 4],
			"to": [5, 2, 6],
			"faces": {
				"north": {"uv": [11, 14, 13, 16], "texture": "#1"},
				"east": {"uv": [10, 14, 12, 16], "texture": "#1"},
				"south": {"uv": [3, 14, 5, 16], "texture": "#1"},
				"west": {"uv": [4, 14, 6, 16], "texture": "#1"},
				"up": {"uv": [3, 4, 5, 6], "texture": "#1"},
				"down": {"uv": [13, 6, 11, 4], "texture": "#1"}
			}
		},
		{
			"from": [5, 0, 3],
			"to": [11, 1, 4],
			"faces": {
				"north": {"uv": [5, 15, 11, 16], "texture": "#1"},
				"east": {"uv": [12, 15, 13, 16], "texture": "#1"},
				"south": {"uv": [5, 15, 11, 16], "texture": "#1"},
				"west": {"uv": [3, 15, 4, 16], "texture": "#1"},
				"up": {"uv": [5, 3, 11, 4], "texture": "#1"},
				"down": {"uv": [11, 4, 5, 3], "texture": "#1"}
			}
		},
		{
			"from": [5, 0, 12],
			"to": [8, 1, 13],
			"faces": {
				"north": {"uv": [8, 15, 11, 16], "texture": "#1"},
				"east": {"uv": [3, 15, 4, 16], "texture": "#1"},
				"south": {"uv": [5, 15, 8, 16], "texture": "#1"},
				"west": {"uv": [12, 15, 13, 16], "texture": "#1"},
				"up": {"uv": [5, 12, 8, 13], "texture": "#1"},
				"down": {"uv": [11, 13, 8, 12], "texture": "#1"}
			}
		},
		{
			"from": [12, 0, 6],
			"to": [13, 1, 10.5],
			"faces": {
				"north": {"uv": [3, 15, 4, 16], "texture": "#1"},
				"east": {"uv": [5.5, 15, 10, 16], "texture": "#1"},
				"south": {"uv": [12, 15, 13, 16], "texture": "#1"},
				"west": {"uv": [6, 15, 10.5, 16], "texture": "#1"},
				"up": {"uv": [12, 6, 13, 10.5], "texture": "#1"},
				"down": {"uv": [4, 10.5, 3, 6], "texture": "#1"}
			}
		},
		{
			"from": [11, 1, 7],
			"to": [12, 2, 9.5],
			"faces": {
				"north": {"uv": [4, 14, 5, 15], "texture": "#1"},
				"east": {"uv": [6.5, 14, 9, 15], "texture": "#1"},
				"south": {"uv": [11, 14, 12, 15], "texture": "#1"},
				"west": {"uv": [7, 14, 9.5, 15], "texture": "#1"},
				"up": {"uv": [11, 7, 12, 9.5], "texture": "#1"},
				"down": {"uv": [5, 9.5, 4, 7], "texture": "#1"}
			}
		},
		{
			"from": [6, 1, 4],
			"to": [9, 2, 5],
			"faces": {
				"north": {"uv": [7, 14, 10, 15], "texture": "#1"},
				"east": {"uv": [11, 14, 12, 15], "texture": "#1"},
				"south": {"uv": [6, 14, 9, 15], "texture": "#1"},
				"west": {"uv": [4, 14, 5, 15], "texture": "#1"},
				"up": {"uv": [6, 4, 9, 5], "texture": "#1"},
				"down": {"uv": [10, 5, 7, 4], "texture": "#1"}
			}
		}
	],
	"display": {
		"head": {
			"rotation": [0, 180, 0],
			"translation": [0, -32, 0],
			"scale": [1.4, 1.4, 1.4]
		},
		"gui": {
			"rotation": [30, -50, 0],
			"translation": [0, 4, 0],
			"scale": [1.2, 1.2, 1.2]
		},
		"thirdperson_righthand": {
			"scale": [0, 0, 0]
		},
		"thirdperson_lefthand": {
			"scale": [0, 0, 0]
		},
		"firstperson_righthand": {
			"scale": [0, 0, 0]
		},
		"firstperson_lefthand": {
			"scale": [0, 0, 0]
		}
	}
}