{
	"credit": "Designed by Ramonaskye with BDcraft Cubik PRO 0.96 Beta",
	"textures": {
		"growlithe_stripes": "pokemon/arcanine/arcanine_stripes",
		"growlithe_detailings": "pokemon/arcanine/arcanine_detailings",
		"arcanine_stripes2": "pokemon/arcanine/arcanine_stripes2"
	},
	"elements": [
		{
			"from": [4, 0.75, 10],
			"to": [6, 9.25, 12.5],
			"faces": {
				"north": {"uv": [11.25, 15.25, 12.75, 10.25], "texture": "#growlithe_stripes"},
				"east": {"uv": [14, 10, 15.5, 15], "texture": "#growlithe_stripes"},
				"south": {"uv": [12.5, 10, 14, 15], "texture": "#growlithe_stripes"},
				"west": {"uv": [11, 10, 12.5, 15], "texture": "#growlithe_stripes"},
				"up": {"uv": [1, 1, 3, 3], "texture": "#growlithe_detailings"},
				"down": {"uv": [1, 1, 3, 3], "texture": "#growlithe_detailings"}
			}
		},
		{
			"from": [5.0625, 5.25, 12.5],
			"to": [10.9375, 11.75, 15],
			"rotation": {"angle": 22.5, "axis": "x", "origin": [5.0625, 11.75, 12.5]},
			"faces": {
				"north": {"uv": [1, 5, 3, 7], "texture": "#growlithe_detailings"},
				"east": {"uv": [1, 5, 3, 7], "texture": "#growlithe_detailings"},
				"south": {"uv": [1, 5, 3, 7], "texture": "#growlithe_detailings"},
				"west": {"uv": [1, 5, 3, 7], "texture": "#growlithe_detailings"},
				"up": {"uv": [1, 5, 3, 7], "texture": "#growlithe_detailings"},
				"down": {"uv": [1, 5, 3, 7], "texture": "#growlithe_detailings"}
			}
		},
		{
			"from": [5.5, 4.5, 5.5],
			"to": [10.5, 11, 12],
			"faces": {
				"north": {"uv": [1, 1, 3, 3], "texture": "#growlithe_detailings"},
				"east": {"uv": [1, 1, 3, 3], "texture": "#growlithe_detailings"},
				"south": {"uv": [1, 1, 3, 3], "texture": "#growlithe_detailings"},
				"west": {"uv": [1, 1, 3, 3], "texture": "#growlithe_detailings", "rotation": 90},
				"up": {"uv": [1, 1, 3, 3], "texture": "#growlithe_detailings"},
				"down": {"uv": [1, 9, 3, 11], "texture": "#growlithe_detailings"}
			}
		},
		{
			"from": [9, -0.25, 1],
			"to": [12, 1.5, 4.5],
			"faces": {
				"north": {"uv": [1, 1, 3, 3], "texture": "#growlithe_detailings"},
				"east": {"uv": [1, 1, 3, 3], "texture": "#growlithe_detailings"},
				"south": {"uv": [0, 15, 2.25, 16], "texture": "#growlithe_detailings"},
				"west": {"uv": [1, 1, 3, 3], "texture": "#growlithe_detailings"},
				"up": {"uv": [0, 14.25, 2.25, 15.25], "texture": "#growlithe_detailings"},
				"down": {"uv": [1, 1, 3, 3], "texture": "#growlithe_detailings"}
			}
		},
		{
			"from": [9.5, 0, 0.8125],
			"to": [11.5, 8, 3.8125],
			"faces": {
				"north": {"uv": [2, 10.5, 0.5, 16], "texture": "#growlithe_stripes"},
				"east": {"uv": [4, 10.5, 2, 16], "texture": "#growlithe_stripes"},
				"south": {"uv": [4.5, 8, 6.5, 16], "texture": "#growlithe_stripes"},
				"west": {"uv": [1, 1, 3, 3], "texture": "#growlithe_detailings"},
				"up": {"uv": [1, 9, 3.25, 11], "texture": "#growlithe_detailings"},
				"down": {"uv": [1, 1, 3, 3], "texture": "#growlithe_detailings"}
			}
		},
		{
			"from": [5.5, 4.6875, 0.9375],
			"to": [10.5, 10.6875, 5.6875],
			"faces": {
				"north": {"uv": [1, 1, 3, 3], "texture": "#growlithe_detailings"},
				"east": {"uv": [1, 1, 3, 3], "texture": "#growlithe_detailings", "rotation": 90},
				"south": {"uv": [1, 1, 3, 3], "texture": "#growlithe_detailings"},
				"west": {"uv": [1, 1, 3, 3], "texture": "#growlithe_detailings", "rotation": 90},
				"up": {"uv": [1, 1, 3, 3], "texture": "#growlithe_detailings"},
				"down": {"uv": [1, 9, 3, 11], "texture": "#growlithe_detailings"}
			}
		},
		{
			"from": [8.65, 14.4, 17.175],
			"to": [9.25, 16.75, 17.175],
			"faces": {
				"south": {"uv": [9.25, 10.5, 8.5, 13.25], "texture": "#growlithe_detailings"}
			}
		},
		{
			"from": [6.5, 11, 13.125],
			"to": [9.25, 16.75, 17.125],
			"faces": {
				"north": {"uv": [1, 3, 3, 5.25], "texture": "#growlithe_detailings"},
				"east": {"uv": [1, 3, 3, 5.25], "texture": "#growlithe_detailings"},
				"south": {"uv": [1, 3, 3, 5.25], "texture": "#growlithe_detailings"},
				"west": {"uv": [1, 3, 3, 5.25], "texture": "#growlithe_detailings"},
				"up": {"uv": [1, 1, 3, 3], "texture": "#growlithe_detailings"},
				"down": {"uv": [1, 5, 3, 7], "texture": "#growlithe_detailings"}
			}
		},
		{
			"from": [10, 0.75, 10],
			"to": [12, 9.25, 12.5],
			"faces": {
				"north": {"uv": [12.75, 15, 11.25, 10], "texture": "#growlithe_stripes"},
				"east": {"uv": [13.5, 10, 15, 15], "texture": "#growlithe_stripes"},
				"south": {"uv": [12.5, 10, 14, 15], "texture": "#growlithe_stripes"},
				"west": {"uv": [11, 10, 12.5, 15], "texture": "#growlithe_stripes"},
				"up": {"uv": [1, 1, 3, 3], "texture": "#growlithe_detailings"},
				"down": {"uv": [1, 1, 3, 3], "texture": "#growlithe_detailings"}
			}
		},
		{
			"from": [4.5, 0, 0.875],
			"to": [6.5, 8, 3.875],
			"faces": {
				"north": {"uv": [0.5, 10.5, 2, 16], "texture": "#growlithe_stripes"},
				"east": {"uv": [1, 1, 3, 3], "texture": "#growlithe_detailings"},
				"south": {"uv": [4.5, 8, 6.5, 16], "texture": "#growlithe_stripes"},
				"west": {"uv": [2, 10.5, 4, 16], "texture": "#growlithe_stripes"},
				"up": {"uv": [1, 9, 3, 11], "texture": "#growlithe_detailings"},
				"down": {"uv": [1, 1, 3, 3], "texture": "#growlithe_detailings"}
			}
		},
		{
			"from": [4, -0.25, 1],
			"to": [7, 1.5, 4.5],
			"faces": {
				"north": {"uv": [1, 1, 3, 3], "texture": "#growlithe_detailings"},
				"east": {"uv": [1, 1, 3, 3], "texture": "#growlithe_detailings"},
				"south": {"uv": [0, 15, 2.25, 16], "texture": "#growlithe_detailings"},
				"west": {"uv": [1, 1, 3, 3], "texture": "#growlithe_detailings"},
				"up": {"uv": [0, 14.25, 2.25, 15.25], "texture": "#growlithe_detailings"},
				"down": {"uv": [1, 1, 3, 3], "texture": "#growlithe_detailings"}
			}
		},
		{
			"from": [6.1875, 11.25, 14.0625],
			"to": [8.6875, 14, 17.0625],
			"rotation": {"angle": -22.5, "axis": "y", "origin": [6.1875, 11.25, 14.0625]},
			"faces": {
				"north": {"uv": [1, 5, 3, 7], "texture": "#growlithe_detailings"},
				"east": {"uv": [1, 5, 3, 7], "texture": "#growlithe_detailings"},
				"south": {"uv": [6.25, 13.5, 8.5, 16], "texture": "#growlithe_detailings"},
				"west": {"uv": [1, 5, 3, 7], "texture": "#growlithe_detailings"},
				"up": {"uv": [1, 5, 3, 7], "texture": "#growlithe_detailings"},
				"down": {"uv": [1, 5, 3, 7], "texture": "#growlithe_detailings"}
			}
		},
		{
			"from": [7.625, 11.25, 14.9375],
			"to": [10.125, 14, 17.9375],
			"rotation": {"angle": 22.5, "axis": "y", "origin": [7.625, 11.25, 14.9375]},
			"faces": {
				"north": {"uv": [1, 5, 3, 7], "texture": "#growlithe_detailings"},
				"east": {"uv": [1, 5, 3, 7], "texture": "#growlithe_detailings"},
				"south": {"uv": [9.5, 13.5, 11.75, 16], "texture": "#growlithe_detailings"},
				"west": {"uv": [1, 5, 3, 7], "texture": "#growlithe_detailings"},
				"up": {"uv": [1, 5, 3, 7], "texture": "#growlithe_detailings"},
				"down": {"uv": [1, 5, 3, 7], "texture": "#growlithe_detailings"}
			}
		},
		{
			"from": [7.25, 11.25, 14.8125],
			"to": [8.75, 14, 17.8125],
			"faces": {
				"north": {"uv": [1, 5, 3, 7], "texture": "#growlithe_detailings"},
				"east": {"uv": [1, 5, 3, 7], "texture": "#growlithe_detailings"},
				"south": {"uv": [8.25, 13.5, 9.75, 16], "texture": "#growlithe_detailings"},
				"west": {"uv": [1, 5, 3, 7], "texture": "#growlithe_detailings"},
				"up": {"uv": [1, 5, 3, 7], "texture": "#growlithe_detailings"},
				"down": {"uv": [1, 5, 3, 7], "texture": "#growlithe_detailings"}
			}
		},
		{
			"from": [7.875, 14.4, 17.425],
			"to": [9.375, 16.75, 17.425],
			"rotation": {"angle": 22.5, "axis": "y", "origin": [7.875, 11, 13.925]},
			"faces": {
				"south": {"uv": [8.5, 10.5, 6.75, 13.25], "texture": "#growlithe_detailings"}
			}
		},
		{
			"from": [7.875, 11, 13.875],
			"to": [10.375, 16.75, 17.375],
			"rotation": {"angle": 22.5, "axis": "y", "origin": [7.875, 11, 13.875]},
			"faces": {
				"north": {"uv": [1, 3, 3, 5.25], "texture": "#growlithe_detailings"},
				"east": {"uv": [1, 3, 3, 5.25], "texture": "#growlithe_detailings"},
				"south": {"uv": [1, 3, 3, 5.25], "texture": "#growlithe_detailings"},
				"west": {"uv": [1, 3, 3, 5.25], "texture": "#growlithe_detailings"},
				"up": {"uv": [1, 1, 3, 3], "texture": "#growlithe_detailings"},
				"down": {"uv": [1, 5, 3, 7], "texture": "#growlithe_detailings"}
			}
		},
		{
			"from": [5.77689, 11, 13],
			"to": [8.02689, 16.75, 16.5],
			"rotation": {"angle": -22.5, "axis": "y", "origin": [5.77689, 11, 13]},
			"faces": {
				"north": {"uv": [1, 3, 3, 5.25], "texture": "#growlithe_detailings"},
				"east": {"uv": [1, 3, 3, 5.25], "texture": "#growlithe_detailings"},
				"south": {"uv": [1, 3, 3, 5.25], "texture": "#growlithe_detailings"},
				"west": {"uv": [1, 3, 3, 5.25], "texture": "#growlithe_detailings"},
				"up": {"uv": [1, 1, 3, 3], "texture": "#growlithe_detailings"},
				"down": {"uv": [1, 5, 3, 7], "texture": "#growlithe_detailings"}
			}
		},
		{
			"from": [6, 9.75, -0.86275],
			"to": [10, 16.75, 5.63725],
			"rotation": {"angle": 45, "axis": "x", "origin": [6, 16.75, -0.86275]},
			"faces": {
				"north": {"uv": [1, 5, 3, 7], "texture": "#growlithe_detailings"},
				"east": {"uv": [1, 5, 3, 7], "texture": "#growlithe_detailings"},
				"south": {"uv": [1, 5, 3, 7], "texture": "#growlithe_detailings"},
				"west": {"uv": [1, 5, 3, 7], "texture": "#growlithe_detailings"},
				"up": {"uv": [1, 5, 3, 7], "texture": "#growlithe_detailings"},
				"down": {"uv": [1, 5, 3, 7], "texture": "#growlithe_detailings"}
			}
		},
		{
			"from": [7.25, 13.25, 18],
			"to": [8.75, 14.25, 18.75],
			"faces": {
				"north": {"uv": [1, 9, 3, 11], "texture": "#growlithe_detailings"},
				"east": {"uv": [1, 9, 3, 11], "texture": "#growlithe_detailings"},
				"south": {"uv": [1, 9, 3, 11], "texture": "#growlithe_detailings"},
				"west": {"uv": [1, 9, 3, 11], "texture": "#growlithe_detailings"},
				"up": {"uv": [1, 9, 3, 11], "texture": "#growlithe_detailings"},
				"down": {"uv": [1, 9, 3, 11], "texture": "#growlithe_detailings"}
			}
		},
		{
			"from": [2.54106, 14.25, 13.5],
			"to": [5.79106, 16.5, 14],
			"rotation": {"angle": -45, "axis": "y", "origin": [2.54106, 14.25, 13.5]},
			"faces": {
				"north": {"uv": [1, 1, 3, 3], "texture": "#growlithe_detailings"},
				"east": {"uv": [1, 1, 3, 3], "texture": "#growlithe_detailings"},
				"south": {"uv": [2.75, 13.25, 6, 16], "texture": "#growlithe_detailings"},
				"west": {"uv": [1, 1, 3, 3], "texture": "#growlithe_detailings"},
				"up": {"uv": [1, 1, 3, 3], "texture": "#growlithe_detailings"},
				"down": {"uv": [1, 1, 3, 3], "texture": "#growlithe_detailings"}
			}
		},
		{
			"from": [11, 14.5, 15.9375],
			"to": [14.25, 16.5, 16.4375],
			"rotation": {"angle": 45, "axis": "y", "origin": [11, 14.5, 15.9375]},
			"faces": {
				"north": {"uv": [1, 1, 3, 3], "texture": "#growlithe_detailings"},
				"east": {"uv": [1, 1, 3, 3], "texture": "#growlithe_detailings"},
				"south": {"uv": [6, 13.25, 2.75, 16], "texture": "#growlithe_detailings"},
				"west": {"uv": [1, 1, 3, 3], "texture": "#growlithe_detailings"},
				"up": {"uv": [1, 1, 3, 3], "texture": "#growlithe_detailings"},
				"down": {"uv": [1, 1, 3, 3], "texture": "#growlithe_detailings"}
			}
		},
		{
			"from": [3.625, 5.875, 14.8125],
			"to": [5.125, 10.625, 14.875],
			"rotation": {"angle": 22.5, "axis": "x", "origin": [3.625, 10.625, 14.8125]},
			"faces": {
				"north": {"uv": [8.25, 0, 15.75, 2.25], "texture": "#growlithe_detailings", "rotation": 90},
				"south": {"uv": [8.25, 2.25, 15.75, 0], "texture": "#growlithe_detailings", "rotation": 90}
			}
		},
		{
			"from": [10.75, 5.9375, 14.875],
			"to": [12.25, 10.6875, 14.9375],
			"rotation": {"angle": 22.5, "axis": "x", "origin": [10.75, 10.6875, 14.875]},
			"faces": {
				"north": {"uv": [8.25, 2.25, 15.75, 0], "texture": "#growlithe_detailings", "rotation": 90},
				"south": {"uv": [8.25, 0, 15.75, 2.25], "texture": "#growlithe_detailings", "rotation": 90}
			}
		},
		{
			"from": [8, 13, -4.25],
			"to": [8.0625, 20.5, 1.5],
			"rotation": {"angle": 45, "axis": "x", "origin": [8, 20.5, -4.25]},
			"faces": {
				"east": {"uv": [13.5, 3, 15.5, 7], "texture": "#growlithe_detailings"},
				"west": {"uv": [15.5, 3, 13.5, 7], "texture": "#growlithe_detailings"}
			}
		},
		{
			"from": [5.25, 8.5, -1.80344],
			"to": [10.75, 13.75, 3.94656],
			"rotation": {"angle": 22.5, "axis": "x", "origin": [5.25, 13.75, -1.80344]},
			"faces": {
				"north": {"uv": [1, 5, 3, 7], "texture": "#growlithe_detailings"},
				"east": {"uv": [1, 5, 3, 7], "texture": "#growlithe_detailings"},
				"south": {"uv": [1, 5, 3, 7], "texture": "#growlithe_detailings"},
				"west": {"uv": [1, 5, 3, 7], "texture": "#growlithe_detailings"},
				"up": {"uv": [1, 5, 3, 7], "texture": "#growlithe_detailings"},
				"down": {"uv": [1, 5, 3, 7], "texture": "#growlithe_detailings"}
			}
		},
		{
			"from": [6.5, 4.6875, 0.875],
			"to": [9.5, 7.4375, 0.9375],
			"faces": {
				"north": {"uv": [6, 5.5, 9.25, 10.5], "texture": "#growlithe_stripes"},
				"south": {"uv": [6, 5.5, 9.25, 10.5], "texture": "#growlithe_stripes"}
			}
		},
		{
			"from": [8, 16, 5.75],
			"to": [8.0625, 22.5, 13.25],
			"rotation": {"angle": -22.5, "axis": "x", "origin": [8, 22.5, 5.75]},
			"faces": {
				"east": {"uv": [12.5, 3.5, 7.5, 7.75], "texture": "#growlithe_detailings"},
				"west": {"uv": [7.5, 3.5, 12.5, 7.75], "texture": "#growlithe_detailings"}
			}
		},
		{
			"from": [6.5, 3.5, 12.25],
			"to": [9.5, 5.25, 12.3125],
			"rotation": {"angle": 22.5, "axis": "x", "origin": [6.5, 5.25, 12.25]},
			"faces": {
				"north": {"uv": [15.75, 11.5, 14, 7.5], "texture": "#growlithe_detailings", "rotation": 90},
				"south": {"uv": [15.75, 7.5, 14, 11.5], "texture": "#growlithe_detailings", "rotation": 90}
			}
		},
		{
			"from": [6.25, 15.5, 7.5],
			"to": [9.75, 19, 11.75],
			"rotation": {"angle": -22.5, "axis": "x", "origin": [6.25, 19, 7.5]},
			"faces": {
				"north": {"uv": [1, 5, 3, 7], "texture": "#growlithe_detailings"},
				"east": {"uv": [1, 5, 3, 7], "texture": "#growlithe_detailings"},
				"south": {"uv": [1, 5, 3, 7], "texture": "#growlithe_detailings"},
				"west": {"uv": [1, 5, 3, 7], "texture": "#growlithe_detailings"},
				"up": {"uv": [1, 5, 3, 7], "texture": "#growlithe_detailings"},
				"down": {"uv": [1, 5, 3, 7], "texture": "#growlithe_detailings"}
			}
		},
		{
			"from": [10.25, 9.75, -5.125],
			"to": [10.3125, 15.25, 0.125],
			"rotation": {"angle": 22.5, "axis": "x", "origin": [10.25, 15.25, -5.125]},
			"faces": {
				"east": {"uv": [13.5, 3, 15.5, 7], "texture": "#growlithe_detailings"},
				"west": {"uv": [15.5, 3, 13.5, 7], "texture": "#growlithe_detailings"}
			}
		},
		{
			"from": [5.5, 9.75, -5.25],
			"to": [5.5625, 15.25, 0],
			"rotation": {"angle": 22.5, "axis": "x", "origin": [5.5, 15.25, -5.25]},
			"faces": {
				"east": {"uv": [13.5, 3, 15.5, 7], "texture": "#growlithe_detailings"},
				"west": {"uv": [15.5, 3, 13.5, 7], "texture": "#growlithe_detailings"}
			}
		},
		{
			"from": [3.5, -0.25, 10],
			"to": [6.5, 1.25, 13.5],
			"faces": {
				"north": {"uv": [1, 1, 3, 3], "texture": "#growlithe_detailings"},
				"east": {"uv": [1, 1, 3, 3], "texture": "#growlithe_detailings"},
				"south": {"uv": [0, 15, 2.25, 16], "texture": "#growlithe_detailings"},
				"west": {"uv": [1, 1, 3, 3], "texture": "#growlithe_detailings"},
				"up": {"uv": [0, 14.25, 2.25, 15.25], "texture": "#growlithe_detailings"},
				"down": {"uv": [1, 1, 3, 3], "texture": "#growlithe_detailings"}
			}
		},
		{
			"from": [4.75, 4.75, 1.25],
			"to": [6.75, 9.5, 5.75],
			"faces": {
				"north": {"uv": [7.25, 7.5, 10.5, 12.5], "texture": "#growlithe_stripes"},
				"east": {"uv": [2, 10.5, 4, 16], "texture": "#growlithe_stripes"},
				"south": {"uv": [1, 1, 3, 3], "texture": "#growlithe_detailings"},
				"west": {"uv": [9.25, 7, 13.5, 11.5], "texture": "#growlithe_stripes"},
				"up": {"uv": [1, 1, 3, 3], "texture": "#growlithe_detailings"},
				"down": {"uv": [1, 1, 3, 3], "texture": "#growlithe_detailings"}
			}
		},
		{
			"from": [6.75, 17, 11],
			"to": [9.25, 20.5, 15.25],
			"faces": {
				"north": {"uv": [1, 5, 3, 7], "texture": "#growlithe_detailings"},
				"east": {"uv": [1, 5, 3, 7], "texture": "#growlithe_detailings"},
				"south": {"uv": [1, 5, 3, 7], "texture": "#growlithe_detailings"},
				"west": {"uv": [1, 5, 3, 7], "texture": "#growlithe_detailings"},
				"up": {"uv": [1, 5, 3, 7], "texture": "#growlithe_detailings"},
				"down": {"uv": [1, 5, 3, 7], "texture": "#growlithe_detailings"}
			}
		},
		{
			"from": [6.75, 16.75, 14.75],
			"to": [9.25, 20.25, 19],
			"rotation": {"angle": 45, "axis": "x", "origin": [6.75, 20.25, 14.75]},
			"faces": {
				"north": {"uv": [1, 5, 3, 7], "texture": "#growlithe_detailings"},
				"east": {"uv": [1, 5, 3, 7], "texture": "#growlithe_detailings"},
				"south": {"uv": [1, 5, 3, 7], "texture": "#growlithe_detailings"},
				"west": {"uv": [1, 5, 3, 7], "texture": "#growlithe_detailings"},
				"up": {"uv": [1, 5, 3, 7], "texture": "#growlithe_detailings"},
				"down": {"uv": [1, 5, 3, 7], "texture": "#growlithe_detailings"}
			}
		},
		{
			"from": [7, 12.75, 17.25],
			"to": [9, 14.5, 18.75],
			"rotation": {"angle": 22.5, "axis": "x", "origin": [7, 14.5, 17.25]},
			"faces": {
				"north": {"uv": [1, 5, 3, 7], "texture": "#growlithe_detailings"},
				"east": {"uv": [1, 5, 3, 7], "texture": "#growlithe_detailings"},
				"south": {"uv": [1, 5, 3, 7], "texture": "#growlithe_detailings"},
				"west": {"uv": [1, 5, 3, 7], "texture": "#growlithe_detailings"},
				"up": {"uv": [1, 5, 3, 7], "texture": "#growlithe_detailings"},
				"down": {"uv": [1, 5, 3, 7], "texture": "#growlithe_detailings"}
			}
		},
		{
			"from": [3.25, 11.25, 12.8942],
			"to": [5.75, 14.5, 17.1442],
			"rotation": {"angle": 22.5, "axis": "y", "origin": [3.25, 11.25, 12.8942]},
			"faces": {
				"north": {"uv": [1, 5, 3, 7], "texture": "#growlithe_detailings"},
				"east": {"uv": [1, 5, 3, 7], "texture": "#growlithe_detailings"},
				"south": {"uv": [1, 5, 3, 7], "texture": "#growlithe_detailings"},
				"west": {"uv": [1, 5, 3, 7], "texture": "#growlithe_detailings"},
				"up": {"uv": [1, 5, 3, 7], "texture": "#growlithe_detailings"},
				"down": {"uv": [1, 5, 3, 7], "texture": "#growlithe_detailings"}
			}
		},
		{
			"from": [10.3139, 11.25, 12],
			"to": [12.8139, 14.5, 16.25],
			"rotation": {"angle": -22.5, "axis": "y", "origin": [10.3139, 11.25, 12]},
			"faces": {
				"north": {"uv": [1, 5, 3, 7], "texture": "#growlithe_detailings"},
				"east": {"uv": [1, 5, 3, 7], "texture": "#growlithe_detailings"},
				"south": {"uv": [1, 5, 3, 7], "texture": "#growlithe_detailings"},
				"west": {"uv": [1, 5, 3, 7], "texture": "#growlithe_detailings"},
				"up": {"uv": [1, 5, 3, 7], "texture": "#growlithe_detailings"},
				"down": {"uv": [1, 5, 3, 7], "texture": "#growlithe_detailings"}
			}
		},
		{
			"from": [5.25, 16.25, 9.75],
			"to": [10.75, 19.25, 15.75],
			"faces": {
				"north": {"uv": [1, 5, 3, 7], "texture": "#growlithe_detailings"},
				"east": {"uv": [1, 5, 3, 7], "texture": "#growlithe_detailings"},
				"south": {"uv": [1, 5, 3, 7], "texture": "#growlithe_detailings"},
				"west": {"uv": [1, 5, 3, 7], "texture": "#growlithe_detailings"},
				"up": {"uv": [1, 5, 3, 7], "texture": "#growlithe_detailings"},
				"down": {"uv": [1, 5, 3, 7], "texture": "#growlithe_detailings"}
			}
		},
		{
			"from": [4.5, 14, 12.25],
			"to": [11.25, 18.25, 16.25],
			"faces": {
				"north": {"uv": [1, 5, 3, 7], "texture": "#growlithe_detailings"},
				"east": {"uv": [1, 5, 3, 7], "texture": "#growlithe_detailings"},
				"south": {"uv": [1, 5, 3, 7], "texture": "#growlithe_detailings"},
				"west": {"uv": [1, 5, 3, 7], "texture": "#growlithe_detailings"},
				"up": {"uv": [1, 5, 3, 7], "texture": "#growlithe_detailings"},
				"down": {"uv": [1, 5, 3, 7], "texture": "#growlithe_detailings"}
			}
		},
		{
			"from": [5, 17.25, 15.25],
			"to": [11, 18.75, 18.25],
			"rotation": {"angle": 45, "axis": "x", "origin": [5, 18.75, 15.25]},
			"faces": {
				"north": {"uv": [1, 5, 3, 7], "texture": "#growlithe_detailings"},
				"east": {"uv": [1, 5, 3, 7], "texture": "#growlithe_detailings"},
				"south": {"uv": [1, 5, 3, 7], "texture": "#growlithe_detailings"},
				"west": {"uv": [1, 5, 3, 7], "texture": "#growlithe_detailings"},
				"up": {"uv": [1, 5, 3, 7], "texture": "#growlithe_detailings"},
				"down": {"uv": [1, 5, 3, 7], "texture": "#growlithe_detailings"}
			}
		},
		{
			"from": [7, 14.25, 15.5],
			"to": [9, 17.25, 17.5],
			"faces": {
				"north": {"uv": [1, 5, 3, 7], "texture": "#growlithe_detailings"},
				"east": {"uv": [1, 5, 3, 7], "texture": "#growlithe_detailings"},
				"south": {"uv": [1, 5, 3, 7], "texture": "#growlithe_detailings"},
				"west": {"uv": [1, 5, 3, 7], "texture": "#growlithe_detailings"},
				"up": {"uv": [1, 5, 3, 7], "texture": "#growlithe_detailings"},
				"down": {"uv": [1, 5, 3, 7], "texture": "#growlithe_detailings"}
			}
		},
		{
			"from": [6, 4.75, 14.25],
			"to": [10, 11.25, 16.75],
			"rotation": {"angle": 45, "axis": "x", "origin": [6, 11.25, 14.25]},
			"faces": {
				"north": {"uv": [1, 5, 3, 7], "texture": "#growlithe_detailings"},
				"east": {"uv": [1, 5, 3, 7], "texture": "#growlithe_detailings"},
				"south": {"uv": [1, 5, 3, 7], "texture": "#growlithe_detailings"},
				"west": {"uv": [1, 5, 3, 7], "texture": "#growlithe_detailings"},
				"up": {"uv": [1, 5, 3, 7], "texture": "#growlithe_detailings"},
				"down": {"uv": [1, 5, 3, 7], "texture": "#growlithe_detailings"}
			}
		},
		{
			"from": [6.25, 8.75, -7.75],
			"to": [9.75, 14.25, -2],
			"rotation": {"angle": -22.5, "axis": "x", "origin": [6.25, 14.25, -7.75]},
			"faces": {
				"north": {"uv": [1, 5, 3, 7], "texture": "#growlithe_detailings"},
				"east": {"uv": [1, 5, 3, 7], "texture": "#growlithe_detailings"},
				"south": {"uv": [1, 5, 3, 7], "texture": "#growlithe_detailings"},
				"west": {"uv": [1, 5, 3, 7], "texture": "#growlithe_detailings"},
				"up": {"uv": [1, 5, 3, 7], "texture": "#growlithe_detailings"},
				"down": {"uv": [1, 5, 3, 7], "texture": "#growlithe_detailings"}
			}
		},
		{
			"from": [6.5, 8.25, -11.25],
			"to": [9.5, 11.75, -6.75],
			"rotation": {"angle": -22.5, "axis": "x", "origin": [6.5, 11.75, -11.25]},
			"faces": {
				"north": {"uv": [1, 5, 3, 7], "texture": "#growlithe_detailings"},
				"east": {"uv": [1, 5, 3, 7], "texture": "#growlithe_detailings"},
				"south": {"uv": [1, 5, 3, 7], "texture": "#growlithe_detailings"},
				"west": {"uv": [1, 5, 3, 7], "texture": "#growlithe_detailings"},
				"up": {"uv": [1, 5, 3, 7], "texture": "#growlithe_detailings"},
				"down": {"uv": [1, 5, 3, 7], "texture": "#growlithe_detailings"}
			}
		},
		{
			"from": [7.75, 6, -16],
			"to": [7.8125, 10.5, -10.75],
			"rotation": {"angle": -22.5, "axis": "x", "origin": [7.75, 10.5, -16]},
			"faces": {
				"east": {"uv": [13.5, 7, 15.5, 3], "texture": "#growlithe_detailings"},
				"west": {"uv": [15.5, 7, 13.5, 3], "texture": "#growlithe_detailings"}
			}
		},
		{
			"from": [4.4375, 11, 10],
			"to": [9.4375, 17, 15.25],
			"rotation": {"angle": 45, "axis": "y", "origin": [4.4375, 11, 10]},
			"faces": {
				"north": {"uv": [1, 5, 3, 7], "texture": "#growlithe_detailings"},
				"east": {"uv": [1, 5, 3, 7], "texture": "#growlithe_detailings"},
				"south": {"uv": [1, 5, 3, 7], "texture": "#growlithe_detailings"},
				"west": {"uv": [1, 5, 3, 7], "texture": "#growlithe_detailings"},
				"up": {"uv": [1, 5, 3, 7], "texture": "#growlithe_detailings"},
				"down": {"uv": [1, 5, 3, 7], "texture": "#growlithe_detailings"}
			}
		},
		{
			"from": [4, 11.25, 9.75],
			"to": [5.25, 18, 13.75],
			"faces": {
				"north": {"uv": [1, 5, 3, 7], "texture": "#growlithe_detailings"},
				"east": {"uv": [1, 5, 3, 7], "texture": "#growlithe_detailings"},
				"south": {"uv": [1, 5, 3, 7], "texture": "#growlithe_detailings"},
				"west": {"uv": [1, 5, 3, 7], "texture": "#growlithe_detailings"},
				"up": {"uv": [1, 5, 3, 7], "texture": "#growlithe_detailings"},
				"down": {"uv": [1, 5, 3, 7], "texture": "#growlithe_detailings"}
			}
		},
		{
			"from": [10.75, 11.25, 9.75],
			"to": [12, 18.25, 13.75],
			"faces": {
				"north": {"uv": [1, 5, 3, 7], "texture": "#growlithe_detailings"},
				"east": {"uv": [1, 5, 3, 7], "texture": "#growlithe_detailings"},
				"south": {"uv": [1, 5, 3, 7], "texture": "#growlithe_detailings"},
				"west": {"uv": [1, 5, 3, 7], "texture": "#growlithe_detailings"},
				"up": {"uv": [1, 5, 3, 7], "texture": "#growlithe_detailings"},
				"down": {"uv": [1, 5, 3, 7], "texture": "#growlithe_detailings"}
			}
		},
		{
			"from": [4.75, 13.25, 7.75],
			"to": [4.8125, 19.75, 15.25],
			"rotation": {"angle": -22.5, "axis": "x", "origin": [4.75, 19.75, 7.75]},
			"faces": {
				"east": {"uv": [12.5, 3.5, 7.5, 7.75], "texture": "#growlithe_detailings"},
				"west": {"uv": [7.5, 3.5, 12.5, 7.75], "texture": "#growlithe_detailings"}
			}
		},
		{
			"from": [11.25, 13.25, 8],
			"to": [11.3125, 19.75, 15.5],
			"rotation": {"angle": -22.5, "axis": "x", "origin": [11.25, 19.75, 8]},
			"faces": {
				"east": {"uv": [12.5, 3.5, 7.5, 7.75], "texture": "#growlithe_detailings"},
				"west": {"uv": [7.5, 3.5, 12.5, 7.75], "texture": "#growlithe_detailings"}
			}
		},
		{
			"from": [9.5, -0.25, 10],
			"to": [12.5, 1.25, 13.5],
			"faces": {
				"north": {"uv": [1, 1, 3, 3], "texture": "#growlithe_detailings"},
				"east": {"uv": [1, 1, 3, 3], "texture": "#growlithe_detailings"},
				"south": {"uv": [0, 15, 2.25, 16], "texture": "#growlithe_detailings"},
				"west": {"uv": [1, 1, 3, 3], "texture": "#growlithe_detailings"},
				"up": {"uv": [0, 14.25, 2.25, 15.25], "texture": "#growlithe_detailings"},
				"down": {"uv": [1, 1, 3, 3], "texture": "#growlithe_detailings"}
			}
		},
		{
			"from": [9, 4.75, 1.25],
			"to": [11, 9.5, 5.75],
			"faces": {
				"north": {"uv": [6.5, 7, 8, 12.5], "texture": "#growlithe_stripes"},
				"east": {"uv": [13.5, 7.25, 9, 11.5], "texture": "#growlithe_stripes"},
				"south": {"uv": [1, 1, 3, 3], "texture": "#growlithe_detailings"},
				"west": {"uv": [2, 10.5, 4, 16], "texture": "#growlithe_stripes"},
				"up": {"uv": [1, 1, 3, 3], "texture": "#growlithe_detailings"},
				"down": {"uv": [1, 1, 3, 3], "texture": "#growlithe_detailings"}
			}
		},
		{
			"from": [5.4375, 4.5, 6.25],
			"to": [5.5, 11.5, 13.25],
			"faces": {
				"east": {"uv": [14.75, 0.5, 6.5, 10.25], "texture": "#arcanine_stripes2"},
				"west": {"uv": [6.5, 0.5, 14.75, 10.25], "texture": "#arcanine_stripes2"}
			}
		},
		{
			"from": [10.5, 4.5, 6.25],
			"to": [10.5625, 11.5, 13.25],
			"faces": {
				"east": {"uv": [14.75, 0.5, 6.5, 10.25], "texture": "#arcanine_stripes2"},
				"west": {"uv": [6.5, 0.5, 14.75, 10.25], "texture": "#arcanine_stripes2"}
			}
		},
		{
			"from": [4.75, 0.25, 8],
			"to": [6.25, 3, 11],
			"rotation": {"angle": -45, "axis": "x", "origin": [4.75, 3, 8]},
			"faces": {
				"north": {"uv": [1, 5, 3, 7], "texture": "#growlithe_detailings"},
				"east": {"uv": [1, 5, 3, 7], "texture": "#growlithe_detailings"},
				"south": {"uv": [1, 5, 3, 7], "texture": "#growlithe_detailings"},
				"west": {"uv": [1, 5, 3, 7], "texture": "#growlithe_detailings"},
				"up": {"uv": [1, 5, 3, 7], "texture": "#growlithe_detailings"},
				"down": {"uv": [1, 5, 3, 7], "texture": "#growlithe_detailings"}
			}
		},
		{
			"from": [4, 1.75, 0.5],
			"to": [7.25, 3.75, 4],
			"faces": {
				"north": {"uv": [1, 5, 3, 7], "texture": "#growlithe_detailings"},
				"east": {"uv": [1, 5, 3, 7], "texture": "#growlithe_detailings"},
				"south": {"uv": [1, 5, 3, 7], "texture": "#growlithe_detailings"},
				"west": {"uv": [1, 5, 3, 7], "texture": "#growlithe_detailings"},
				"up": {"uv": [1, 5, 3, 7], "texture": "#growlithe_detailings"},
				"down": {"uv": [1, 5, 3, 7], "texture": "#growlithe_detailings"}
			}
		},
		{
			"from": [8.75, 1.75, 0.5],
			"to": [12, 3.75, 4],
			"faces": {
				"north": {"uv": [1, 5, 3, 7], "texture": "#growlithe_detailings"},
				"east": {"uv": [1, 5, 3, 7], "texture": "#growlithe_detailings"},
				"south": {"uv": [1, 5, 3, 7], "texture": "#growlithe_detailings"},
				"west": {"uv": [1, 5, 3, 7], "texture": "#growlithe_detailings"},
				"up": {"uv": [1, 5, 3, 7], "texture": "#growlithe_detailings"},
				"down": {"uv": [1, 5, 3, 7], "texture": "#growlithe_detailings"}
			}
		},
		{
			"from": [5, 4, -4.5],
			"to": [5.0625, 9, 1.75],
			"rotation": {"angle": 22.5, "axis": "x", "origin": [5, 9, -4.5]},
			"faces": {
				"east": {"uv": [13.5, 7, 15.5, 3], "texture": "#growlithe_detailings"},
				"west": {"uv": [15.5, 7, 13.5, 3], "texture": "#growlithe_detailings"}
			}
		},
		{
			"from": [11, 3.75, -4.5],
			"to": [11.0625, 8.75, 1.75],
			"rotation": {"angle": 22.5, "axis": "x", "origin": [11, 8.75, -4.5]},
			"faces": {
				"east": {"uv": [13.5, 7, 15.5, 3], "texture": "#growlithe_detailings"},
				"west": {"uv": [15.5, 7, 13.5, 3], "texture": "#growlithe_detailings"}
			}
		},
		{
			"from": [3.75, 2.75, 0.5],
			"to": [7.25, 6.75, 4.5],
			"rotation": {"angle": 45, "axis": "x", "origin": [3.75, 6.75, 0.5]},
			"faces": {
				"north": {"uv": [1, 5, 3, 7], "texture": "#growlithe_detailings"},
				"east": {"uv": [1, 5, 3, 7], "texture": "#growlithe_detailings"},
				"south": {"uv": [1, 5, 3, 7], "texture": "#growlithe_detailings"},
				"west": {"uv": [1, 5, 3, 7], "texture": "#growlithe_detailings"},
				"up": {"uv": [1, 5, 3, 7], "texture": "#growlithe_detailings"},
				"down": {"uv": [1, 5, 3, 7], "texture": "#growlithe_detailings"}
			}
		},
		{
			"from": [8.75, 2.75, 0.5],
			"to": [12.25, 6.75, 4.5],
			"rotation": {"angle": 45, "axis": "x", "origin": [8.75, 6.75, 0.5]},
			"faces": {
				"north": {"uv": [1, 5, 3, 7], "texture": "#growlithe_detailings"},
				"east": {"uv": [1, 5, 3, 7], "texture": "#growlithe_detailings"},
				"south": {"uv": [1, 5, 3, 7], "texture": "#growlithe_detailings"},
				"west": {"uv": [1, 5, 3, 7], "texture": "#growlithe_detailings"},
				"up": {"uv": [1, 5, 3, 7], "texture": "#growlithe_detailings"},
				"down": {"uv": [1, 5, 3, 7], "texture": "#growlithe_detailings"}
			}
		},
		{
			"from": [9.75, 0.25, 8],
			"to": [11.25, 3, 11],
			"rotation": {"angle": -45, "axis": "x", "origin": [9.75, 3, 8]},
			"faces": {
				"north": {"uv": [1, 5, 3, 7], "texture": "#growlithe_detailings"},
				"east": {"uv": [1, 5, 3, 7], "texture": "#growlithe_detailings"},
				"south": {"uv": [1, 5, 3, 7], "texture": "#growlithe_detailings"},
				"west": {"uv": [1, 5, 3, 7], "texture": "#growlithe_detailings"},
				"up": {"uv": [1, 5, 3, 7], "texture": "#growlithe_detailings"},
				"down": {"uv": [1, 5, 3, 7], "texture": "#growlithe_detailings"}
			}
		},
		{
			"from": [5, 2.75, 7],
			"to": [5.0625, 6.5, 11],
			"rotation": {"angle": 22.5, "axis": "x", "origin": [5, 6.5, 7]},
			"faces": {
				"east": {"uv": [13.5, 7, 15.5, 3], "texture": "#growlithe_detailings"},
				"west": {"uv": [15.5, 7, 13.5, 3], "texture": "#growlithe_detailings"}
			}
		},
		{
			"from": [10.75, 2.75, 7],
			"to": [10.8125, 6.5, 11],
			"rotation": {"angle": 22.5, "axis": "x", "origin": [10.75, 6.5, 7]},
			"faces": {
				"east": {"uv": [13.5, 7, 15.5, 3], "texture": "#growlithe_detailings"},
				"west": {"uv": [15.5, 7, 13.5, 3], "texture": "#growlithe_detailings"}
			}
		},
		{
			"from": [0.5, 10.75, 12],
			"to": [4.25, 14.5, 12.0625],
			"rotation": {"angle": -22.5, "axis": "y", "origin": [0.5, 10.75, 12]},
			"faces": {
				"north": {"uv": [13.5, 3.25, 15.5, 6.75], "texture": "#growlithe_detailings"},
				"south": {"uv": [15.5, 3.25, 13.5, 6.75], "texture": "#growlithe_detailings"}
			}
		},
		{
			"from": [12.25, 10.75, 13.5],
			"to": [16, 14.5, 13.5625],
			"rotation": {"angle": 22.5, "axis": "y", "origin": [12.25, 10.75, 13.5]},
			"faces": {
				"north": {"uv": [15.5, 3.25, 13.5, 6.75], "texture": "#growlithe_detailings"},
				"south": {"uv": [13.5, 3.25, 15.5, 6.75], "texture": "#growlithe_detailings"}
			}
		},
		{
			"from": [6.25, 10.75, 13.25],
			"to": [10.25, 14.5, 16.25],
			"faces": {
				"north": {"uv": [1, 5, 3, 7], "texture": "#growlithe_detailings"},
				"east": {"uv": [1, 5, 3, 7], "texture": "#growlithe_detailings"},
				"south": {"uv": [1, 5, 3, 7], "texture": "#growlithe_detailings"},
				"west": {"uv": [1, 5, 3, 7], "texture": "#growlithe_detailings"},
				"up": {"uv": [1, 5, 3, 7], "texture": "#growlithe_detailings"},
				"down": {"uv": [1, 5, 3, 7], "texture": "#growlithe_detailings"}
			}
		},
		{
			"from": [3.75, 11.5, 5.5],
			"to": [3.8125, 17, 10.75],
			"rotation": {"angle": 22.5, "axis": "y", "origin": [3.75, 11.5, 5.5]},
			"faces": {
				"east": {"uv": [13.5, 7, 15.5, 3], "texture": "#growlithe_detailings"},
				"west": {"uv": [15.5, 7, 13.5, 3], "texture": "#growlithe_detailings"}
			}
		},
		{
			"from": [12.25, 11.5, 5.4375],
			"to": [12.3125, 17, 10.6875],
			"rotation": {"angle": -22.5, "axis": "y", "origin": [12.25, 11.5, 5.4375]},
			"faces": {
				"east": {"uv": [13.5, 7, 15.5, 3], "texture": "#growlithe_detailings"},
				"west": {"uv": [15.5, 7, 13.5, 3], "texture": "#growlithe_detailings"}
			}
		},
		{
			"from": [6.55, 14.4, 17.175],
			"to": [7.15, 16.75, 17.175],
			"faces": {
				"south": {"uv": [8.5, 10.5, 9.25, 13.25], "texture": "#growlithe_detailings"}
			}
		},
		{
			"from": [6.425, 14.4, 17.425],
			"to": [7.925, 16.75, 17.425],
			"rotation": {"angle": -22.5, "axis": "y", "origin": [7.925, 11, 13.925]},
			"faces": {
				"south": {"uv": [6.75, 10.5, 8.5, 13.25], "texture": "#growlithe_detailings"}
			}
		}
	],
	"display": {
		"head": {
			"rotation": [0, 180, 0],
			"translation": [0, -26.36, -3.02],
			"scale": [2.3, 2.3, 2.3]
		},
		"gui": {
			"scale": [0, 0, 0]
		},
		"thirdperson_righthand": {
			"rotation": [70, 180, 0],
			"translation": [-6, -6.9, -1.4],
			"scale": [1.5, 1.5, 1.5]
		},
		"thirdperson_lefthand": {
			"rotation": [70, 180, 0],
			"translation": [-6, -6.9, -1.4],
			"scale": [1.5, 1.5, 1.5]
		},
		"firstperson_righthand": {
			"scale": [0, 0, 0]
		},
		"firstperson_lefthand": {
			"scale": [0, 0, 0]
		}
	}
}