{
	"credit": "Designed by Ramonaskye with BDcraft Cubik PRO 0.96 Beta",
	"textures": {
		"0": "pokemon/poliwhirl/poliwhirl"
	},
	"elements": [
		{
			"from": [6.6, 13.2, 9.55],
			"to": [9.4, 14, 9.55],
			"faces": {
				"south": {"uv": [4, 9, 5.75, 9.25], "texture": "#0"}
			}
		},
		{
			"from": [3.5, 2, 5.5],
			"to": [12.5, 14, 9.5],
			"faces": {
				"north": {"uv": [1, 1, 3, 3], "texture": "#0"},
				"east": {"uv": [1, 1, 3, 3], "texture": "#0"},
				"south": {"uv": [1, 1, 3, 3], "texture": "#0"},
				"west": {"uv": [1, 1, 3, 3], "texture": "#0"},
				"up": {"uv": [1, 1, 3, 3], "texture": "#0"},
				"down": {"uv": [1, 1, 3, 3], "texture": "#0"}
			}
		},
		{
			"from": [2, 3, 6],
			"to": [3.5, 13, 9],
			"faces": {
				"north": {"uv": [1, 1, 3, 3], "texture": "#0"},
				"east": {"uv": [1, 1, 3, 3], "texture": "#0"},
				"south": {"uv": [1, 1, 3, 3], "texture": "#0"},
				"west": {"uv": [1, 1, 3, 3], "texture": "#0"},
				"up": {"uv": [1, 1, 3, 3], "texture": "#0"},
				"down": {"uv": [1, 1, 3, 3], "texture": "#0"}
			}
		},
		{
			"from": [2.5, 4, 9],
			"to": [3.5, 11.5, 10],
			"faces": {
				"north": {"uv": [1, 1, 3, 3], "texture": "#0"},
				"east": {"uv": [1, 1, 3, 3], "texture": "#0"},
				"south": {"uv": [1, 1, 3, 3], "texture": "#0"},
				"west": {"uv": [1, 1, 3, 3], "texture": "#0"},
				"up": {"uv": [1, 1, 3, 3], "texture": "#0"},
				"down": {"uv": [1, 1, 3, 3], "texture": "#0"}
			}
		},
		{
			"from": [2.5, 4, 5],
			"to": [3.5, 11.5, 6],
			"faces": {
				"north": {"uv": [1, 1, 3, 3], "texture": "#0"},
				"east": {"uv": [1, 1, 3, 3], "texture": "#0"},
				"south": {"uv": [1, 1, 3, 3], "texture": "#0"},
				"west": {"uv": [1, 1, 3, 3], "texture": "#0"},
				"up": {"uv": [1, 1, 3, 3], "texture": "#0"},
				"down": {"uv": [1, 1, 3, 3], "texture": "#0"}
			}
		},
		{
			"from": [3.5, 3, 9],
			"to": [12.5, 13, 10.5],
			"faces": {
				"north": {"uv": [1, 1, 3, 3], "texture": "#0"},
				"east": {"uv": [1, 1, 3, 3], "texture": "#0"},
				"south": {"uv": [8.25, 1, 14.75, 7.75], "texture": "#0"},
				"west": {"uv": [1, 1, 3, 3], "texture": "#0"},
				"up": {"uv": [1, 1, 3, 3], "texture": "#0"},
				"down": {"uv": [1, 1, 3, 3], "texture": "#0"}
			}
		},
		{
			"from": [12.5, 4, 9],
			"to": [13.5, 11.5, 10],
			"faces": {
				"north": {"uv": [1, 1, 3, 3], "texture": "#0"},
				"east": {"uv": [1, 1, 3, 3], "texture": "#0"},
				"south": {"uv": [1, 1, 3, 3], "texture": "#0"},
				"west": {"uv": [1, 1, 3, 3], "texture": "#0"},
				"up": {"uv": [1, 1, 3, 3], "texture": "#0"},
				"down": {"uv": [1, 1, 3, 3], "texture": "#0"}
			}
		},
		{
			"from": [12.5, 4, 5],
			"to": [13.5, 11.5, 6],
			"faces": {
				"north": {"uv": [1, 1, 3, 3], "texture": "#0"},
				"east": {"uv": [1, 1, 3, 3], "texture": "#0"},
				"south": {"uv": [1, 1, 3, 3], "texture": "#0"},
				"west": {"uv": [1, 1, 3, 3], "texture": "#0"},
				"up": {"uv": [1, 1, 3, 3], "texture": "#0"},
				"down": {"uv": [1, 1, 3, 3], "texture": "#0"}
			}
		},
		{
			"from": [12.5, 3, 6],
			"to": [14, 13, 9],
			"faces": {
				"north": {"uv": [1, 1, 3, 3], "texture": "#0"},
				"east": {"uv": [1, 1, 3, 3], "texture": "#0"},
				"south": {"uv": [1, 1, 3, 3], "texture": "#0"},
				"west": {"uv": [1, 1, 3, 3], "texture": "#0"},
				"up": {"uv": [1, 1, 3, 3], "texture": "#0"},
				"down": {"uv": [1, 1, 3, 3], "texture": "#0"}
			}
		},
		{
			"from": [3.5, 3, 4.5],
			"to": [12.5, 13, 6],
			"faces": {
				"north": {"uv": [1, 1, 3, 3], "texture": "#0"},
				"east": {"uv": [1, 1, 3, 3], "texture": "#0"},
				"south": {"uv": [1, 1, 3, 3], "texture": "#0"},
				"west": {"uv": [1, 1, 3, 3], "texture": "#0"},
				"up": {"uv": [1, 1, 3, 3], "texture": "#0"},
				"down": {"uv": [1, 1, 3, 3], "texture": "#0"}
			}
		},
		{
			"from": [1, 5, 6],
			"to": [2, 11, 9],
			"faces": {
				"north": {"uv": [1, 1, 3, 3], "texture": "#0"},
				"east": {"uv": [1, 1, 3, 3], "texture": "#0"},
				"south": {"uv": [1, 1, 3, 3], "texture": "#0"},
				"west": {"uv": [1, 1, 3, 3], "texture": "#0"},
				"up": {"uv": [1, 1, 3, 3], "texture": "#0"},
				"down": {"uv": [1, 1, 3, 3], "texture": "#0"}
			}
		},
		{
			"from": [14, 5, 6],
			"to": [15, 11, 9],
			"faces": {
				"north": {"uv": [1, 1, 3, 3], "texture": "#0"},
				"east": {"uv": [1, 1, 3, 3], "texture": "#0"},
				"south": {"uv": [1, 1, 3, 3], "texture": "#0"},
				"west": {"uv": [1, 1, 3, 3], "texture": "#0"},
				"up": {"uv": [1, 1, 3, 3], "texture": "#0"},
				"down": {"uv": [1, 1, 3, 3], "texture": "#0"}
			}
		},
		{
			"from": [1.5, 12, 5.5625],
			"to": [5, 15.5, 9.5625],
			"rotation": {"angle": 22.5, "axis": "z", "origin": [1.5, 15.5, 5.5625]},
			"faces": {
				"north": {"uv": [1, 1, 3, 3], "texture": "#0"},
				"east": {"uv": [1, 1, 3, 3], "texture": "#0"},
				"south": {"uv": [7.5, 9.25, 10, 11.75], "texture": "#0"},
				"west": {"uv": [1, 1, 3, 3], "texture": "#0"},
				"up": {"uv": [1, 1, 3, 3], "texture": "#0"},
				"down": {"uv": [1, 1, 3, 3], "texture": "#0"}
			}
		},
		{
			"from": [11.1519, 13.375, 5.5625],
			"to": [14.6519, 16.875, 9.5625],
			"rotation": {"angle": -22.5, "axis": "z", "origin": [11.1519, 16.875, 5.5625]},
			"faces": {
				"north": {"uv": [1, 1, 3, 3], "texture": "#0"},
				"east": {"uv": [1, 1, 3, 3], "texture": "#0"},
				"south": {"uv": [10, 9.25, 7.5, 11.75], "texture": "#0"},
				"west": {"uv": [1, 1, 3, 3], "texture": "#0"},
				"up": {"uv": [1, 1, 3, 3], "texture": "#0"},
				"down": {"uv": [1, 1, 3, 3], "texture": "#0"}
			}
		},
		{
			"from": [0.5625, 8.375, 6.5],
			"to": [3.5625, 10.875, 8.5],
			"rotation": {"angle": 22.5, "axis": "z", "origin": [0.5625, 10.875, 6.5]},
			"faces": {
				"north": {"uv": [1, 1, 3, 3], "texture": "#0"},
				"east": {"uv": [1, 1, 3, 3], "texture": "#0"},
				"south": {"uv": [1, 1, 3, 3], "texture": "#0"},
				"west": {"uv": [1, 1, 3, 3], "texture": "#0"},
				"up": {"uv": [1, 1, 3, 3], "texture": "#0"},
				"down": {"uv": [1, 1, 3, 3], "texture": "#0"}
			}
		},
		{
			"from": [-3, 4.5, 5.5],
			"to": [-1.5, 8, 9.5],
			"rotation": {"angle": 45, "axis": "z", "origin": [-3, 8, 5.5]},
			"faces": {
				"north": {"uv": [1, 5, 3, 7], "texture": "#0"},
				"east": {"uv": [1, 5, 3, 7], "texture": "#0"},
				"south": {"uv": [1, 5, 3, 7], "texture": "#0"},
				"west": {"uv": [1, 5, 3, 7], "texture": "#0"},
				"up": {"uv": [1, 5, 3, 7], "texture": "#0"},
				"down": {"uv": [1, 5, 3, 7], "texture": "#0"}
			}
		},
		{
			"from": [-5.5, 2, 5],
			"to": [-2, 6, 10],
			"rotation": {"angle": 45, "axis": "z", "origin": [-5.5, 6, 5]},
			"faces": {
				"north": {"uv": [1, 5, 3, 7], "texture": "#0"},
				"east": {"uv": [1, 5, 3, 7], "texture": "#0"},
				"south": {"uv": [1, 5, 3, 7], "texture": "#0"},
				"west": {"uv": [1, 5, 3, 7], "texture": "#0"},
				"up": {"uv": [1, 5, 3, 7], "texture": "#0"},
				"down": {"uv": [1, 5, 3, 7], "texture": "#0"}
			}
		},
		{
			"from": [-1, 3.5, 7],
			"to": [1, 6.5, 10.5],
			"rotation": {"angle": -22.5, "axis": "z", "origin": [-1, 6.5, 7]},
			"faces": {
				"north": {"uv": [1, 5, 3, 7], "texture": "#0"},
				"east": {"uv": [1, 5, 3, 7], "texture": "#0"},
				"south": {"uv": [1, 5, 3, 7], "texture": "#0"},
				"west": {"uv": [1, 5, 3, 7], "texture": "#0"},
				"up": {"uv": [1, 5, 3, 7], "texture": "#0"},
				"down": {"uv": [1, 5, 3, 7], "texture": "#0"}
			}
		},
		{
			"from": [-2.5, 5, 6.5],
			"to": [2, 7.5, 8.5],
			"rotation": {"angle": 45, "axis": "z", "origin": [-2.5, 7.5, 6.5]},
			"faces": {
				"north": {"uv": [1, 1, 3, 3], "texture": "#0"},
				"east": {"uv": [1, 1, 3, 3], "texture": "#0"},
				"south": {"uv": [1, 1, 3, 3], "texture": "#0"},
				"west": {"uv": [1, 1, 3, 3], "texture": "#0"},
				"up": {"uv": [1, 1, 3, 3], "texture": "#0"},
				"down": {"uv": [1, 1, 3, 3], "texture": "#0"}
			}
		},
		{
			"from": [12.875, 9.8125, 6.5],
			"to": [15.875, 12.3125, 8.5],
			"rotation": {"angle": -22.5, "axis": "z", "origin": [12.875, 12.3125, 6.5]},
			"faces": {
				"north": {"uv": [1, 1, 3, 3], "texture": "#0"},
				"east": {"uv": [1, 1, 3, 3], "texture": "#0"},
				"south": {"uv": [1, 1, 3, 3], "texture": "#0"},
				"west": {"uv": [1, 1, 3, 3], "texture": "#0"},
				"up": {"uv": [1, 1, 3, 3], "texture": "#0"},
				"down": {"uv": [1, 1, 3, 3], "texture": "#0"}
			}
		},
		{
			"from": [15.5, 8.5, 6.5],
			"to": [20, 11, 8.5],
			"rotation": {"angle": -45, "axis": "z", "origin": [15.5, 11, 6.5]},
			"faces": {
				"north": {"uv": [1, 1, 3, 3], "texture": "#0"},
				"east": {"uv": [1, 1, 3, 3], "texture": "#0"},
				"south": {"uv": [1, 1, 3, 3], "texture": "#0"},
				"west": {"uv": [1, 1, 3, 3], "texture": "#0"},
				"up": {"uv": [1, 1, 3, 3], "texture": "#0"},
				"down": {"uv": [1, 1, 3, 3], "texture": "#0"}
			}
		},
		{
			"from": [18, 5.5, 5.5],
			"to": [19.5, 9, 9.5],
			"rotation": {"angle": -45, "axis": "z", "origin": [18, 9, 5.5]},
			"faces": {
				"north": {"uv": [1, 5, 3, 7], "texture": "#0"},
				"east": {"uv": [1, 5, 3, 7], "texture": "#0"},
				"south": {"uv": [1, 5, 3, 7], "texture": "#0"},
				"west": {"uv": [1, 5, 3, 7], "texture": "#0"},
				"up": {"uv": [1, 5, 3, 7], "texture": "#0"},
				"down": {"uv": [1, 5, 3, 7], "texture": "#0"}
			}
		},
		{
			"from": [15.8125, 2.5, 7],
			"to": [17.8125, 5.5, 10.5],
			"rotation": {"angle": 22.5, "axis": "z", "origin": [15.8125, 5.5, 7]},
			"faces": {
				"north": {"uv": [1, 5, 3, 7], "texture": "#0"},
				"east": {"uv": [1, 5, 3, 7], "texture": "#0"},
				"south": {"uv": [1, 5, 3, 7], "texture": "#0"},
				"west": {"uv": [1, 5, 3, 7], "texture": "#0"},
				"up": {"uv": [1, 5, 3, 7], "texture": "#0"},
				"down": {"uv": [1, 5, 3, 7], "texture": "#0"}
			}
		},
		{
			"from": [3, -1, 6.5],
			"to": [5, 3, 8.5],
			"faces": {
				"north": {"uv": [1, 1, 3, 3], "texture": "#0"},
				"east": {"uv": [1, 1, 3, 3], "texture": "#0"},
				"south": {"uv": [1, 1, 3, 3], "texture": "#0"},
				"west": {"uv": [1, 1, 3, 3], "texture": "#0"},
				"up": {"uv": [1, 1, 3, 3], "texture": "#0"},
				"down": {"uv": [1, 1, 3, 3], "texture": "#0"}
			}
		},
		{
			"from": [11.5, -1, 6.5],
			"to": [13.5, 3, 8.5],
			"faces": {
				"north": {"uv": [1, 1, 3, 3], "texture": "#0"},
				"east": {"uv": [1, 1, 3, 3], "texture": "#0"},
				"south": {"uv": [1, 1, 3, 3], "texture": "#0"},
				"west": {"uv": [1, 1, 3, 3], "texture": "#0"},
				"up": {"uv": [1, 1, 3, 3], "texture": "#0"},
				"down": {"uv": [1, 1, 3, 3], "texture": "#0"}
			}
		},
		{
			"from": [3, -1.5, 5.625],
			"to": [6, 0.5, 10.125],
			"rotation": {"angle": -22.5, "axis": "y", "origin": [3, -1.5, 5.625]},
			"faces": {
				"north": {"uv": [1, 1, 3, 3], "texture": "#0"},
				"east": {"uv": [1, 1, 3, 3], "texture": "#0"},
				"south": {"uv": [1, 1, 3, 3], "texture": "#0"},
				"west": {"uv": [1, 1, 3, 3], "texture": "#0"},
				"up": {"uv": [1, 1, 3, 3], "texture": "#0"},
				"down": {"uv": [1, 1, 3, 3], "texture": "#0"}
			}
		},
		{
			"from": [10.375, -1.5, 6.8125],
			"to": [13.375, 0.5, 11.3125],
			"rotation": {"angle": 22.5, "axis": "y", "origin": [10.375, -1.5, 6.8125]},
			"faces": {
				"north": {"uv": [1, 1, 3, 3], "texture": "#0"},
				"east": {"uv": [1, 1, 3, 3], "texture": "#0"},
				"south": {"uv": [1, 1, 3, 3], "texture": "#0"},
				"west": {"uv": [1, 1, 3, 3], "texture": "#0"},
				"up": {"uv": [1, 1, 3, 3], "texture": "#0"},
				"down": {"uv": [1, 1, 3, 3], "texture": "#0"}
			}
		},
		{
			"from": [16.4375, 2.0625, 5],
			"to": [19.9375, 6.0625, 10],
			"rotation": {"angle": 45, "axis": "z", "origin": [16.4375, 6.0625, 5]},
			"faces": {
				"north": {"uv": [1, 5, 3, 7], "texture": "#0"},
				"east": {"uv": [1, 5, 3, 7], "texture": "#0"},
				"south": {"uv": [1, 5, 3, 7], "texture": "#0"},
				"west": {"uv": [1, 5, 3, 7], "texture": "#0"},
				"up": {"uv": [1, 5, 3, 7], "texture": "#0"},
				"down": {"uv": [1, 5, 3, 7], "texture": "#0"}
			}
		}
	],
	"display": {
		"head": {
			"rotation": [0, 180, 0],
			"translation": [0, -22.5, -0.5],
			"scale": [2.1, 2.3, 2.2]
		},
		"gui": {
			"scale": [0, 0, 0]
		},
		"thirdperson_righthand": {
			"rotation": [70, 180, 0],
			"translation": [-6, -4, 2],
			"scale": [1.25, 1.45, 1.4]
		},
		"thirdperson_lefthand": {
			"rotation": [70, 180, 0],
			"translation": [-6, -4, 2],
			"scale": [1.25, 1.45, 1.4]
		},
		"firstperson_righthand": {
			"scale": [0, 0, 0]
		},
		"firstperson_lefthand": {
			"scale": [0, 0, 0]
		}
	}
}