{
	"credit": "Designed by Ramonaskye with BDcraft Cubik PRO 0.96 Beta",
	"textures": {
		"0": "pokemon/machamp/machamp"
	},
	"elements": [
		{
			"from": [3.75, 0, 9],
			"to": [6.25, 0.8, 13.75],
			"rotation": {"angle": -22.5, "axis": "y", "origin": [3.75, 0, 9]},
			"faces": {
				"north": {"uv": [13.5, 13.5, 15.5, 15.5], "texture": "#0"},
				"east": {"uv": [13.5, 13.5, 15.5, 15.5], "texture": "#0"},
				"south": {"uv": [13.5, 13.5, 15.5, 15.5], "texture": "#0"},
				"west": {"uv": [13.5, 13.5, 15.5, 15.5], "texture": "#0"},
				"up": {"uv": [13.5, 13.5, 15.5, 15.5], "texture": "#0"},
				"down": {"uv": [13.5, 13.5, 15.5, 15.5], "texture": "#0"}
			}
		},
		{
			"from": [3.75, 0.5, 9.25],
			"to": [6.15, 5, 11.65],
			"rotation": {"angle": -22.5, "axis": "y", "origin": [3.75, 0.5, 9.25]},
			"faces": {
				"north": {"uv": [13.5, 13.5, 15.5, 15.5], "texture": "#0"},
				"east": {"uv": [13.5, 13.5, 15.5, 15.5], "texture": "#0"},
				"south": {"uv": [13.5, 13.5, 15.5, 15.5], "texture": "#0"},
				"west": {"uv": [13.5, 13.5, 15.5, 15.5], "texture": "#0"},
				"up": {"uv": [13.5, 13.5, 15.5, 15.5], "texture": "#0"},
				"down": {"uv": [13.5, 13.5, 15.5, 15.5], "texture": "#0"}
			}
		},
		{
			"from": [5, 7, 8],
			"to": [12, 11.25, 13.25],
			"faces": {
				"north": {"uv": [13.5, 10.5, 15.5, 12.5], "texture": "#0"},
				"east": {"uv": [13.5, 10.5, 15.5, 12.5], "texture": "#0"},
				"south": {"uv": [13.5, 10.5, 15.5, 12.5], "texture": "#0"},
				"west": {"uv": [13.5, 10.5, 15.5, 12.5], "texture": "#0"},
				"up": {"uv": [13.5, 10.5, 15.5, 12.5], "texture": "#0"},
				"down": {"uv": [13.5, 10.5, 15.5, 12.5], "texture": "#0"}
			}
		},
		{
			"from": [6, 20.85, 15],
			"to": [8, 22.5, 15.0625],
			"faces": {
				"south": {"uv": [0.25, 3.5, 4.25, 6.75], "texture": "#0"}
			}
		},
		{
			"from": [4.75, 4.75, 9.25],
			"to": [7.15, 9.25, 12.5],
			"rotation": {"angle": -22.5, "axis": "z", "origin": [4.75, 9.25, 9.25]},
			"faces": {
				"north": {"uv": [13.5, 13.5, 15.5, 15.5], "texture": "#0"},
				"east": {"uv": [13.5, 13.5, 15.5, 15.5], "texture": "#0"},
				"south": {"uv": [13.5, 13.5, 15.5, 15.5], "texture": "#0"},
				"west": {"uv": [13.5, 13.5, 15.5, 15.5], "texture": "#0"},
				"up": {"uv": [13.5, 13.5, 15.5, 15.5], "texture": "#0"},
				"down": {"uv": [13.5, 13.5, 15.5, 15.5], "texture": "#0"}
			}
		},
		{
			"from": [9.75, 3.75, 9.25],
			"to": [12.15, 8.25, 12.5],
			"rotation": {"angle": 22.5, "axis": "z", "origin": [9.75, 8.25, 9.25]},
			"faces": {
				"north": {"uv": [13.5, 13.5, 15.5, 15.5], "texture": "#0"},
				"east": {"uv": [13.5, 13.5, 15.5, 15.5], "texture": "#0"},
				"south": {"uv": [13.5, 13.5, 15.5, 15.5], "texture": "#0"},
				"west": {"uv": [13.5, 13.5, 15.5, 15.5], "texture": "#0"},
				"up": {"uv": [13.5, 13.5, 15.5, 15.5], "texture": "#0"},
				"down": {"uv": [13.5, 13.5, 15.5, 15.5], "texture": "#0"}
			}
		},
		{
			"from": [10.75, 0.5, 10.5],
			"to": [13.15, 5, 12.9],
			"rotation": {"angle": 22.5, "axis": "y", "origin": [10.75, 0.5, 10.5]},
			"faces": {
				"north": {"uv": [13.5, 13.5, 15.5, 15.5], "texture": "#0"},
				"east": {"uv": [13.5, 13.5, 15.5, 15.5], "texture": "#0"},
				"south": {"uv": [13.5, 13.5, 15.5, 15.5], "texture": "#0"},
				"west": {"uv": [13.5, 13.5, 15.5, 15.5], "texture": "#0"},
				"up": {"uv": [13.5, 13.5, 15.5, 15.5], "texture": "#0"},
				"down": {"uv": [13.5, 13.5, 15.5, 15.5], "texture": "#0"}
			}
		},
		{
			"from": [10.5, 0, 10],
			"to": [13, 0.8, 14.75],
			"rotation": {"angle": 22.5, "axis": "y", "origin": [10.5, 0, 10]},
			"faces": {
				"north": {"uv": [13.5, 13.5, 15.5, 15.5], "texture": "#0"},
				"east": {"uv": [13.5, 13.5, 15.5, 15.5], "texture": "#0"},
				"south": {"uv": [13.5, 13.5, 15.5, 15.5], "texture": "#0"},
				"west": {"uv": [13.5, 13.5, 15.5, 15.5], "texture": "#0"},
				"up": {"uv": [13.5, 13.5, 15.5, 15.5], "texture": "#0"},
				"down": {"uv": [13.5, 13.5, 15.5, 15.5], "texture": "#0"}
			}
		},
		{
			"from": [6.5, 6.5, 8],
			"to": [10, 7, 13.25],
			"faces": {
				"north": {"uv": [13.5, 10.5, 15.5, 12.5], "texture": "#0"},
				"east": {"uv": [13.5, 10.5, 15.5, 12.5], "texture": "#0"},
				"south": {"uv": [13.5, 10.5, 15.5, 12.5], "texture": "#0"},
				"west": {"uv": [13.5, 10.5, 15.5, 12.5], "texture": "#0"},
				"up": {"uv": [13.5, 10.5, 15.5, 12.5], "texture": "#0"},
				"down": {"uv": [13.5, 10.5, 15.5, 12.5], "texture": "#0"}
			}
		},
		{
			"from": [3.75, 12, 7.75],
			"to": [8.25, 17.25, 13.75],
			"faces": {
				"north": {"uv": [13.75, 13.5, 15.75, 15.5], "texture": "#0"},
				"east": {"uv": [13.75, 13.5, 15.75, 15.5], "texture": "#0"},
				"south": {"uv": [13.75, 13.5, 15.75, 15.5], "texture": "#0"},
				"west": {"uv": [13.75, 13.5, 15.75, 15.5], "texture": "#0"},
				"up": {"uv": [13.75, 13.5, 15.75, 15.5], "texture": "#0"},
				"down": {"uv": [13.75, 13.5, 15.75, 15.5], "texture": "#0"}
			}
		},
		{
			"from": [8.75, 12, 7.75],
			"to": [13.25, 17.25, 13.75],
			"faces": {
				"north": {"uv": [13.75, 13.5, 15.75, 15.5], "texture": "#0"},
				"east": {"uv": [13.75, 13.5, 15.75, 15.5], "texture": "#0"},
				"south": {"uv": [13.75, 13.5, 15.75, 15.5], "texture": "#0"},
				"west": {"uv": [13.75, 13.5, 15.75, 15.5], "texture": "#0"},
				"up": {"uv": [13.75, 13.5, 15.75, 15.5], "texture": "#0"},
				"down": {"uv": [13.75, 13.5, 15.75, 15.5], "texture": "#0"}
			}
		},
		{
			"from": [8.25, 12, 7.75],
			"to": [8.75, 17.25, 13.5],
			"faces": {
				"north": {"uv": [13.5, 13.5, 15.5, 15.5], "texture": "#0"},
				"east": {"uv": [13.5, 13.5, 15.5, 15.5], "texture": "#0"},
				"south": {"uv": [13.5, 13.5, 15.5, 15.5], "texture": "#0"},
				"west": {"uv": [13.5, 13.5, 15.5, 15.5], "texture": "#0"},
				"up": {"uv": [13.5, 13.5, 15.5, 15.5], "texture": "#0"},
				"down": {"uv": [13.5, 13.5, 15.5, 15.5], "texture": "#0"}
			}
		},
		{
			"from": [-1.5, 10.25, 8.75],
			"to": [5.5, 14.25, 12.75],
			"rotation": {"angle": 22.5, "axis": "z", "origin": [-1.5, 14.25, 8.75]},
			"faces": {
				"north": {"uv": [13.75, 13.5, 15.75, 15.5], "texture": "#0"},
				"east": {"uv": [13.75, 13.5, 15.75, 15.5], "texture": "#0"},
				"south": {"uv": [13.75, 13.5, 15.75, 15.5], "texture": "#0"},
				"west": {"uv": [13.75, 13.5, 15.75, 15.5], "texture": "#0"},
				"up": {"uv": [13.75, 13.5, 15.75, 15.5], "texture": "#0"},
				"down": {"uv": [13.75, 13.5, 15.75, 15.5], "texture": "#0"}
			}
		},
		{
			"from": [-1.25, 10.75, 9],
			"to": [2.75, 14.25, 18.5],
			"rotation": {"angle": -22.5, "axis": "y", "origin": [-1.25, 10.75, 9]},
			"faces": {
				"north": {"uv": [13.5, 13.5, 15.5, 15.5], "texture": "#0"},
				"east": {"uv": [13.5, 13.5, 15.5, 15.5], "texture": "#0"},
				"south": {"uv": [13.5, 13.5, 15.5, 15.5], "texture": "#0"},
				"west": {"uv": [13.5, 13.5, 15.5, 15.5], "texture": "#0"},
				"up": {"uv": [13.5, 13.5, 15.5, 15.5], "texture": "#0"},
				"down": {"uv": [13.5, 13.5, 15.5, 15.5], "texture": "#0"}
			}
		},
		{
			"from": [11.9375, 13.25, 8.75],
			"to": [18.9375, 17.25, 12.75],
			"rotation": {"angle": -22.5, "axis": "z", "origin": [11.9375, 17.25, 8.75]},
			"faces": {
				"north": {"uv": [13.5, 13.5, 15.5, 15.5], "texture": "#0"},
				"east": {"uv": [13.5, 13.5, 15.5, 15.5], "texture": "#0"},
				"south": {"uv": [13.5, 13.5, 15.5, 15.5], "texture": "#0"},
				"west": {"uv": [13.5, 13.5, 15.5, 15.5], "texture": "#0"},
				"up": {"uv": [13.5, 13.5, 15.5, 15.5], "texture": "#0"},
				"down": {"uv": [13.5, 13.5, 15.5, 15.5], "texture": "#0"}
			}
		},
		{
			"from": [-2.75, 13, 18],
			"to": [-1.25, 14.5, 22],
			"rotation": {"angle": 22.5, "axis": "y", "origin": [-2.75, 13, 18]},
			"faces": {
				"north": {"uv": [13.75, 13.5, 15.75, 15.5], "texture": "#0"},
				"east": {"uv": [13.75, 13.5, 15.75, 15.5], "texture": "#0"},
				"south": {"uv": [13.75, 13.5, 15.75, 15.5], "texture": "#0"},
				"west": {"uv": [13.75, 13.5, 15.75, 15.5], "texture": "#0"},
				"up": {"uv": [13.75, 13.5, 15.75, 15.5], "texture": "#0"},
				"down": {"uv": [13.75, 13.5, 15.75, 15.5], "texture": "#0"}
			}
		},
		{
			"from": [5.5, 19.75, 8.25],
			"to": [11.75, 23.75, 15],
			"faces": {
				"north": {"uv": [13.75, 13.5, 15.75, 15.5], "texture": "#0"},
				"east": {"uv": [13.75, 13.5, 15.75, 15.5], "texture": "#0"},
				"south": {"uv": [13.75, 13.5, 15.75, 15.5], "texture": "#0"},
				"west": {"uv": [13.75, 13.5, 15.75, 15.5], "texture": "#0"},
				"up": {"uv": [13.75, 13.5, 15.75, 15.5], "texture": "#0"},
				"down": {"uv": [13.75, 13.5, 15.75, 15.5], "texture": "#0"}
			}
		},
		{
			"from": [5, 19.375, 14.5],
			"to": [12.25, 21.125, 16.5],
			"rotation": {"angle": 45, "axis": "x", "origin": [5, 21.125, 14.5]},
			"faces": {
				"north": {"uv": [7.5, 10.5, 9.5, 12.5], "texture": "#0"},
				"east": {"uv": [7.5, 10.5, 9.5, 12.5], "texture": "#0"},
				"south": {"uv": [7.5, 10.5, 9.5, 12.5], "texture": "#0"},
				"west": {"uv": [7.5, 10.5, 9.5, 12.5], "texture": "#0"},
				"up": {"uv": [7.5, 10.5, 9.5, 12.5], "texture": "#0"},
				"down": {"uv": [7.5, 10.5, 9.5, 12.5], "texture": "#0"}
			}
		},
		{
			"from": [5, 18.25, 12.9375],
			"to": [12.25, 19, 15.9375],
			"rotation": {"angle": 22.5, "axis": "x", "origin": [5, 19, 12.9375]},
			"faces": {
				"north": {"uv": [7.5, 10.5, 9.5, 12.5], "texture": "#0"},
				"east": {"uv": [7.5, 10.5, 9.5, 12.5], "texture": "#0"},
				"south": {"uv": [7.5, 10.5, 9.5, 12.5], "texture": "#0"},
				"west": {"uv": [7.5, 10.5, 9.5, 12.5], "texture": "#0"},
				"up": {"uv": [7.5, 10.5, 9.5, 12.5], "texture": "#0"},
				"down": {"uv": [7.5, 10.5, 9.5, 12.5], "texture": "#0"}
			}
		},
		{
			"from": [5.5, 18.25, 8.25],
			"to": [11.75, 19.75, 13.5],
			"faces": {
				"north": {"uv": [13.5, 13.5, 15.5, 15.5], "texture": "#0"},
				"east": {"uv": [13.5, 13.5, 15.5, 15.5], "texture": "#0"},
				"south": {"uv": [13.5, 13.5, 15.5, 15.5], "texture": "#0"},
				"west": {"uv": [13.5, 13.5, 15.5, 15.5], "texture": "#0"},
				"up": {"uv": [13.5, 13.5, 15.5, 15.5], "texture": "#0"},
				"down": {"uv": [13.5, 13.5, 15.5, 15.5], "texture": "#0"}
			}
		},
		{
			"from": [9.25, 20.85, 15],
			"to": [11.25, 22.5, 15.0625],
			"faces": {
				"south": {"uv": [4.25, 3.5, 0.25, 6.75], "texture": "#0"}
			}
		},
		{
			"from": [5.75, 18.75, 13.25],
			"to": [11.5, 19.5, 16.25],
			"rotation": {"angle": 22.5, "axis": "x", "origin": [5.75, 19.5, 13.25]},
			"faces": {
				"north": {"uv": [10.5, 13.5, 12.5, 15.5], "texture": "#0"},
				"east": {"uv": [10.5, 13.5, 12.5, 15.5], "texture": "#0"},
				"south": {"uv": [10.5, 13.5, 12.5, 15.5], "texture": "#0"},
				"west": {"uv": [10.5, 13.5, 12.5, 15.5], "texture": "#0"},
				"up": {"uv": [10.5, 13.5, 12.5, 15.5], "texture": "#0"},
				"down": {"uv": [10.5, 13.5, 12.5, 15.5], "texture": "#0"}
			}
		},
		{
			"from": [4.75, 9.5, 7.75],
			"to": [8.5, 11.25, 13.5],
			"faces": {
				"north": {"uv": [0, 1.25, 3.75, 3], "texture": "#0"},
				"east": {"uv": [0, 1.25, 5.75, 3], "texture": "#0"},
				"south": {"uv": [2, 1.25, 5.75, 3], "texture": "#0"},
				"west": {"uv": [0, 1.25, 5.75, 3], "texture": "#0"},
				"up": {"uv": [13.5, 10.5, 15.5, 12.5], "texture": "#0"},
				"down": {"uv": [13.5, 10.5, 15.5, 12.5], "texture": "#0"}
			}
		},
		{
			"from": [8.5, 9.5, 7.75],
			"to": [12.25, 11.25, 13.5],
			"faces": {
				"north": {"uv": [0, 1.25, 3.75, 3], "texture": "#0"},
				"east": {"uv": [0, 1.25, 5.75, 3], "texture": "#0"},
				"south": {"uv": [2, 1.25, 5.75, 3], "texture": "#0"},
				"west": {"uv": [0, 1.25, 5.75, 3], "texture": "#0"},
				"up": {"uv": [13.5, 10.5, 15.5, 12.5], "texture": "#0"},
				"down": {"uv": [13.5, 10.5, 15.5, 12.5], "texture": "#0"}
			}
		},
		{
			"from": [7, 9.3125, 13.5],
			"to": [10, 11.3125, 13.5625],
			"faces": {
				"south": {"uv": [6.25, 0.75, 9.25, 3.25], "texture": "#0"}
			}
		},
		{
			"from": [8.5, 21.15, 7.75],
			"to": [8.5625, 25.95, 16],
			"faces": {
				"east": {"uv": [5.5, 7.75, 0.25, 9], "texture": "#0"},
				"west": {"uv": [0.25, 7.75, 5.5, 9], "texture": "#0"}
			}
		},
		{
			"from": [4.5, 20.4386, 7.75],
			"to": [4.5625, 25.2386, 16],
			"rotation": {"angle": 22.5, "axis": "z", "origin": [4.5, 30.0386, 7.75]},
			"faces": {
				"east": {"uv": [5.5, 7.75, 0.25, 9], "texture": "#0"},
				"west": {"uv": [0.25, 7.75, 5.5, 9], "texture": "#0"}
			}
		},
		{
			"from": [12.5625, 20.4625, 7.9375],
			"to": [12.625, 25.2625, 16.1875],
			"rotation": {"angle": -22.5, "axis": "z", "origin": [12.5625, 30.0625, 7.9375]},
			"faces": {
				"east": {"uv": [5.5, 7.75, 0.25, 9], "texture": "#0"},
				"west": {"uv": [0.25, 7.75, 5.5, 9], "texture": "#0"}
			}
		},
		{
			"from": [5, 18.5, 13.5],
			"to": [5.75, 19.25, 16.5],
			"rotation": {"angle": 22.5, "axis": "x", "origin": [5, 19.25, 13.5]},
			"faces": {
				"north": {"uv": [7.5, 10.5, 9.5, 12.5], "texture": "#0"},
				"east": {"uv": [7.5, 10.5, 9.5, 12.5], "texture": "#0"},
				"south": {"uv": [7.5, 10.5, 9.5, 12.5], "texture": "#0"},
				"west": {"uv": [7.5, 10.5, 9.5, 12.5], "texture": "#0"},
				"up": {"uv": [10.5, 10.5, 12.5, 12.5], "texture": "#0"},
				"down": {"uv": [7.5, 10.5, 9.5, 12.5], "texture": "#0"}
			}
		},
		{
			"from": [11.5, 18.5, 13.5],
			"to": [12.25, 19.25, 16.5],
			"rotation": {"angle": 22.5, "axis": "x", "origin": [11.5, 19.25, 13.5]},
			"faces": {
				"north": {"uv": [7.5, 10.5, 9.5, 12.5], "texture": "#0"},
				"east": {"uv": [7.5, 10.5, 9.5, 12.5], "texture": "#0"},
				"south": {"uv": [7.5, 10.5, 9.5, 12.5], "texture": "#0"},
				"west": {"uv": [7.5, 10.5, 9.5, 12.5], "texture": "#0"},
				"up": {"uv": [10.5, 10.5, 12.5, 12.5], "texture": "#0"},
				"down": {"uv": [7.5, 10.5, 9.5, 12.5], "texture": "#0"}
			}
		},
		{
			"from": [5.75, 17.625, 15.6875],
			"to": [11.75, 18.375, 16.4375],
			"rotation": {"angle": 22.5, "axis": "x", "origin": [5.75, 18.375, 15.6875]},
			"faces": {
				"north": {"uv": [7.5, 10.5, 9.5, 12.5], "texture": "#0"},
				"east": {"uv": [7.5, 10.5, 9.5, 12.5], "texture": "#0"},
				"south": {"uv": [7.5, 10.5, 9.5, 12.5], "texture": "#0"},
				"west": {"uv": [7.5, 10.5, 9.5, 12.5], "texture": "#0"},
				"up": {"uv": [10.5, 10.5, 12.5, 12.5], "texture": "#0"},
				"down": {"uv": [7.5, 10.5, 9.5, 12.5], "texture": "#0"}
			}
		},
		{
			"from": [4.75, 18.75, 13.1875],
			"to": [12.5, 19.75, 15.9375],
			"faces": {
				"north": {"uv": [7.5, 10.5, 9.5, 12.5], "texture": "#0"},
				"east": {"uv": [7.5, 10.5, 9.5, 12.5], "texture": "#0"},
				"south": {"uv": [7.5, 10.5, 9.5, 12.5], "texture": "#0"},
				"west": {"uv": [7.5, 10.5, 9.5, 12.5], "texture": "#0"},
				"up": {"uv": [7.5, 10.5, 9.5, 12.5], "texture": "#0"},
				"down": {"uv": [10.5, 10.5, 12.5, 12.5], "texture": "#0"}
			}
		},
		{
			"from": [5.25, 17.25, 8],
			"to": [12, 18.25, 13.5],
			"faces": {
				"north": {"uv": [13.5, 13.5, 15.5, 15.5], "texture": "#0"},
				"east": {"uv": [13.5, 13.5, 15.5, 15.5], "texture": "#0"},
				"south": {"uv": [13.5, 13.5, 15.5, 15.5], "texture": "#0"},
				"west": {"uv": [13.5, 13.5, 15.5, 15.5], "texture": "#0"},
				"up": {"uv": [13.5, 13.5, 15.5, 15.5], "texture": "#0"},
				"down": {"uv": [13.5, 13.5, 15.5, 15.5], "texture": "#0"}
			}
		},
		{
			"from": [5.25, 11, 8],
			"to": [12, 12, 13.25],
			"faces": {
				"north": {"uv": [13.75, 13.5, 15.75, 15.5], "texture": "#0"},
				"east": {"uv": [13.75, 13.5, 15.75, 15.5], "texture": "#0"},
				"south": {"uv": [13.75, 13.5, 15.75, 15.5], "texture": "#0"},
				"west": {"uv": [13.75, 13.5, 15.75, 15.5], "texture": "#0"},
				"up": {"uv": [13.75, 13.5, 15.75, 15.5], "texture": "#0"},
				"down": {"uv": [13.75, 13.5, 15.75, 15.5], "texture": "#0"}
			}
		},
		{
			"from": [7, 18.75, 15.75],
			"to": [10.25, 19.75, 16.25],
			"faces": {
				"north": {"uv": [7.5, 10.5, 9.5, 12.5], "texture": "#0"},
				"east": {"uv": [7.5, 10.5, 9.5, 12.5], "texture": "#0"},
				"south": {"uv": [7.5, 10.5, 9.5, 12.5], "texture": "#0"},
				"west": {"uv": [7.5, 10.5, 9.5, 12.5], "texture": "#0"},
				"up": {"uv": [7.5, 10.5, 9.5, 12.5], "texture": "#0"},
				"down": {"uv": [10.5, 10.5, 12.5, 12.5], "texture": "#0"}
			}
		},
		{
			"from": [2.25, 0, 13],
			"to": [3.5, 0.8, 15],
			"rotation": {"angle": -45, "axis": "y", "origin": [2.25, 0, 13]},
			"faces": {
				"north": {"uv": [13.5, 13.5, 15.5, 15.5], "texture": "#0"},
				"east": {"uv": [13.5, 13.5, 15.5, 15.5], "texture": "#0"},
				"south": {"uv": [13.5, 13.5, 15.5, 15.5], "texture": "#0"},
				"west": {"uv": [13.5, 13.5, 15.5, 15.5], "texture": "#0"},
				"up": {"uv": [13.5, 13.5, 15.5, 15.5], "texture": "#0"},
				"down": {"uv": [13.5, 13.5, 15.5, 15.5], "texture": "#0"}
			}
		},
		{
			"from": [3.125, 0, 13.75],
			"to": [4.375, 0.8, 15.75],
			"rotation": {"angle": -22.5, "axis": "y", "origin": [3.125, 0, 13.75]},
			"faces": {
				"north": {"uv": [13.5, 13.5, 15.5, 15.5], "texture": "#0"},
				"east": {"uv": [13.5, 13.5, 15.5, 15.5], "texture": "#0"},
				"south": {"uv": [13.5, 13.5, 15.5, 15.5], "texture": "#0"},
				"west": {"uv": [13.5, 13.5, 15.5, 15.5], "texture": "#0"},
				"up": {"uv": [13.5, 13.5, 15.5, 15.5], "texture": "#0"},
				"down": {"uv": [13.5, 13.5, 15.5, 15.5], "texture": "#0"}
			}
		},
		{
			"from": [13.375, 0, 13.9375],
			"to": [14.625, 0.8, 15.9375],
			"rotation": {"angle": 45, "axis": "y", "origin": [13.375, 0, 13.9375]},
			"faces": {
				"north": {"uv": [13.5, 13.5, 15.5, 15.5], "texture": "#0"},
				"east": {"uv": [13.5, 13.5, 15.5, 15.5], "texture": "#0"},
				"south": {"uv": [13.5, 13.5, 15.5, 15.5], "texture": "#0"},
				"west": {"uv": [13.5, 13.5, 15.5, 15.5], "texture": "#0"},
				"up": {"uv": [13.5, 13.5, 15.5, 15.5], "texture": "#0"},
				"down": {"uv": [13.5, 13.5, 15.5, 15.5], "texture": "#0"}
			}
		},
		{
			"from": [12.1875, 0, 14.1875],
			"to": [13.4375, 0.8, 16.1875],
			"rotation": {"angle": 22.5, "axis": "y", "origin": [12.1875, 0, 14.1875]},
			"faces": {
				"north": {"uv": [13.5, 13.5, 15.5, 15.5], "texture": "#0"},
				"east": {"uv": [13.5, 13.5, 15.5, 15.5], "texture": "#0"},
				"south": {"uv": [13.5, 13.5, 15.5, 15.5], "texture": "#0"},
				"west": {"uv": [13.5, 13.5, 15.5, 15.5], "texture": "#0"},
				"up": {"uv": [13.5, 13.5, 15.5, 15.5], "texture": "#0"},
				"down": {"uv": [13.5, 13.5, 15.5, 15.5], "texture": "#0"}
			}
		},
		{
			"from": [15, 10.75, 10.5],
			"to": [19, 14.25, 20],
			"rotation": {"angle": 22.5, "axis": "y", "origin": [15, 10.75, 10.5]},
			"faces": {
				"north": {"uv": [13.5, 13.5, 15.5, 15.5], "texture": "#0"},
				"east": {"uv": [13.5, 13.5, 15.5, 15.5], "texture": "#0"},
				"south": {"uv": [13.5, 13.5, 15.5, 15.5], "texture": "#0"},
				"west": {"uv": [13.5, 13.5, 15.5, 15.5], "texture": "#0"},
				"up": {"uv": [13.5, 13.5, 15.5, 15.5], "texture": "#0"},
				"down": {"uv": [13.5, 13.5, 15.5, 15.5], "texture": "#0"}
			}
		},
		{
			"from": [-5.25, 13.5, 19],
			"to": [-4, 14.75, 22.25],
			"rotation": {"angle": -22.5, "axis": "y", "origin": [-5.25, 13.5, 19]},
			"faces": {
				"north": {"uv": [13.75, 13.5, 15.75, 15.5], "texture": "#0"},
				"east": {"uv": [13.75, 13.5, 15.75, 15.5], "texture": "#0"},
				"south": {"uv": [13.75, 13.5, 15.75, 15.5], "texture": "#0"},
				"west": {"uv": [13.75, 13.5, 15.75, 15.5], "texture": "#0"},
				"up": {"uv": [13.75, 13.5, 15.75, 15.5], "texture": "#0"},
				"down": {"uv": [13.75, 13.5, 15.75, 15.5], "texture": "#0"}
			}
		},
		{
			"from": [-4.25, 10.75, 17.5],
			"to": [-2.75, 14.25, 19.5],
			"rotation": {"angle": -45, "axis": "y", "origin": [-4.25, 10.75, 17.5]},
			"faces": {
				"north": {"uv": [13.75, 13.5, 15.75, 15.5], "texture": "#0"},
				"east": {"uv": [13.75, 13.5, 15.75, 15.5], "texture": "#0"},
				"south": {"uv": [13.75, 13.5, 15.75, 15.5], "texture": "#0"},
				"west": {"uv": [13.75, 13.5, 15.75, 15.5], "texture": "#0"},
				"up": {"uv": [13.75, 13.5, 15.75, 15.5], "texture": "#0"},
				"down": {"uv": [13.75, 13.5, 15.75, 15.5], "texture": "#0"}
			}
		},
		{
			"from": [-5.75, 12, 19],
			"to": [-4.5, 13.25, 22.25],
			"rotation": {"angle": -22.5, "axis": "y", "origin": [-5.75, 12, 19]},
			"faces": {
				"north": {"uv": [13.75, 13.5, 15.75, 15.5], "texture": "#0"},
				"east": {"uv": [13.75, 13.5, 15.75, 15.5], "texture": "#0"},
				"south": {"uv": [13.75, 13.5, 15.75, 15.5], "texture": "#0"},
				"west": {"uv": [13.75, 13.5, 15.75, 15.5], "texture": "#0"},
				"up": {"uv": [13.75, 13.5, 15.75, 15.5], "texture": "#0"},
				"down": {"uv": [13.75, 13.5, 15.75, 15.5], "texture": "#0"}
			}
		},
		{
			"from": [-5.25, 10.5, 18.5],
			"to": [-4, 11.75, 21.75],
			"rotation": {"angle": -22.5, "axis": "y", "origin": [-5.25, 10.5, 18.5]},
			"faces": {
				"north": {"uv": [13.75, 13.5, 15.75, 15.5], "texture": "#0"},
				"east": {"uv": [13.75, 13.5, 15.75, 15.5], "texture": "#0"},
				"south": {"uv": [13.75, 13.5, 15.75, 15.5], "texture": "#0"},
				"west": {"uv": [13.75, 13.5, 15.75, 15.5], "texture": "#0"},
				"up": {"uv": [13.75, 13.5, 15.75, 15.5], "texture": "#0"},
				"down": {"uv": [13.75, 13.5, 15.75, 15.5], "texture": "#0"}
			}
		},
		{
			"from": [-4.75, 13.75, 18.25],
			"to": [-3.5, 15, 21.5],
			"rotation": {"angle": 22.5, "axis": "z", "origin": [-4.75, 15, 18.25]},
			"faces": {
				"north": {"uv": [13.75, 13.5, 15.75, 15.5], "texture": "#0"},
				"east": {"uv": [13.75, 13.5, 15.75, 15.5], "texture": "#0"},
				"south": {"uv": [13.75, 13.5, 15.75, 15.5], "texture": "#0"},
				"west": {"uv": [13.75, 13.5, 15.75, 15.5], "texture": "#0"},
				"up": {"uv": [13.75, 13.5, 15.75, 15.5], "texture": "#0"},
				"down": {"uv": [13.75, 13.5, 15.75, 15.5], "texture": "#0"}
			}
		},
		{
			"from": [20.75, 10.75, 18.5],
			"to": [22.25, 14.25, 20.5],
			"rotation": {"angle": 45, "axis": "y", "origin": [20.75, 10.75, 18.5]},
			"faces": {
				"north": {"uv": [13.5, 13.5, 15.5, 15.5], "texture": "#0"},
				"east": {"uv": [13.5, 13.5, 15.5, 15.5], "texture": "#0"},
				"south": {"uv": [13.5, 13.5, 15.5, 15.5], "texture": "#0"},
				"west": {"uv": [13.5, 13.5, 15.5, 15.5], "texture": "#0"},
				"up": {"uv": [13.5, 13.5, 15.5, 15.5], "texture": "#0"},
				"down": {"uv": [13.5, 13.5, 15.5, 15.5], "texture": "#0"}
			}
		},
		{
			"from": [18.5, 13, 17.5],
			"to": [20, 14.5, 21.5],
			"rotation": {"angle": -22.5, "axis": "y", "origin": [18.5, 13, 17.5]},
			"faces": {
				"north": {"uv": [13.5, 13.5, 15.5, 15.5], "texture": "#0"},
				"east": {"uv": [13.5, 13.5, 15.5, 15.5], "texture": "#0"},
				"south": {"uv": [13.5, 13.5, 15.5, 15.5], "texture": "#0"},
				"west": {"uv": [13.5, 13.5, 15.5, 15.5], "texture": "#0"},
				"up": {"uv": [13.5, 13.5, 15.5, 15.5], "texture": "#0"},
				"down": {"uv": [13.5, 13.5, 15.5, 15.5], "texture": "#0"}
			}
		},
		{
			"from": [20, 13.75, 17.5],
			"to": [21.25, 15, 20.75],
			"rotation": {"angle": 22.5, "axis": "z", "origin": [20, 15, 17.5]},
			"faces": {
				"north": {"uv": [13.5, 13.5, 15.5, 15.5], "texture": "#0"},
				"east": {"uv": [13.5, 13.5, 15.5, 15.5], "texture": "#0"},
				"south": {"uv": [13.5, 13.5, 15.5, 15.5], "texture": "#0"},
				"west": {"uv": [13.5, 13.5, 15.5, 15.5], "texture": "#0"},
				"up": {"uv": [13.5, 13.5, 15.5, 15.5], "texture": "#0"},
				"down": {"uv": [13.5, 13.5, 15.5, 15.5], "texture": "#0"}
			}
		},
		{
			"from": [21.75, 13.5, 19.25],
			"to": [23, 14.75, 22.5],
			"rotation": {"angle": 22.5, "axis": "y", "origin": [21.75, 13.5, 19.25]},
			"faces": {
				"north": {"uv": [13.5, 13.5, 15.5, 15.5], "texture": "#0"},
				"east": {"uv": [13.5, 13.5, 15.5, 15.5], "texture": "#0"},
				"south": {"uv": [13.5, 13.5, 15.5, 15.5], "texture": "#0"},
				"west": {"uv": [13.5, 13.5, 15.5, 15.5], "texture": "#0"},
				"up": {"uv": [13.5, 13.5, 15.5, 15.5], "texture": "#0"},
				"down": {"uv": [13.5, 13.5, 15.5, 15.5], "texture": "#0"}
			}
		},
		{
			"from": [22, 12, 19.25],
			"to": [23.25, 13.25, 22.5],
			"rotation": {"angle": 22.5, "axis": "y", "origin": [22, 12, 19.25]},
			"faces": {
				"north": {"uv": [13.5, 13.5, 15.5, 15.5], "texture": "#0"},
				"east": {"uv": [13.5, 13.5, 15.5, 15.5], "texture": "#0"},
				"south": {"uv": [13.5, 13.5, 15.5, 15.5], "texture": "#0"},
				"west": {"uv": [13.5, 13.5, 15.5, 15.5], "texture": "#0"},
				"up": {"uv": [13.5, 13.5, 15.5, 15.5], "texture": "#0"},
				"down": {"uv": [13.5, 13.5, 15.5, 15.5], "texture": "#0"}
			}
		},
		{
			"from": [21.5, 10.5, 19],
			"to": [22.75, 11.75, 22.25],
			"rotation": {"angle": 22.5, "axis": "y", "origin": [21.5, 10.5, 19]},
			"faces": {
				"north": {"uv": [13.5, 13.5, 15.5, 15.5], "texture": "#0"},
				"east": {"uv": [13.5, 13.5, 15.5, 15.5], "texture": "#0"},
				"south": {"uv": [13.5, 13.5, 15.5, 15.5], "texture": "#0"},
				"west": {"uv": [13.5, 13.5, 15.5, 15.5], "texture": "#0"},
				"up": {"uv": [13.5, 13.5, 15.5, 15.5], "texture": "#0"},
				"down": {"uv": [13.5, 13.5, 15.5, 15.5], "texture": "#0"}
			}
		},
		{
			"from": [2.75, 16.25, 4.75],
			"to": [7.5, 20.25, 8.5],
			"faces": {
				"north": {"uv": [13.75, 13.5, 15.75, 15.5], "texture": "#0"},
				"east": {"uv": [13.75, 13.5, 15.75, 15.5], "texture": "#0"},
				"south": {"uv": [13.75, 13.5, 15.75, 15.5], "texture": "#0"},
				"west": {"uv": [13.75, 13.5, 15.75, 15.5], "texture": "#0"},
				"up": {"uv": [13.75, 13.5, 15.75, 15.5], "texture": "#0"},
				"down": {"uv": [13.75, 13.5, 15.75, 15.5], "texture": "#0"}
			}
		},
		{
			"from": [7, 16, 5],
			"to": [10.5, 20, 8.25],
			"faces": {
				"north": {"uv": [13.5, 13.5, 15.5, 15.5], "texture": "#0"},
				"east": {"uv": [13.5, 13.5, 15.5, 15.5], "texture": "#0"},
				"south": {"uv": [13.5, 13.5, 15.5, 15.5], "texture": "#0"},
				"west": {"uv": [13.5, 13.5, 15.5, 15.5], "texture": "#0"},
				"up": {"uv": [13.5, 13.5, 15.5, 15.5], "texture": "#0"},
				"down": {"uv": [13.5, 13.5, 15.5, 15.5], "texture": "#0"}
			}
		},
		{
			"from": [4, 11.75, 5.25],
			"to": [13, 17.5, 8.5],
			"rotation": {"angle": -22.5, "axis": "x", "origin": [4, 17.5, 5.25]},
			"faces": {
				"north": {"uv": [13.5, 13.5, 15.5, 15.5], "texture": "#0"},
				"east": {"uv": [13.5, 13.5, 15.5, 15.5], "texture": "#0"},
				"south": {"uv": [13.5, 13.5, 15.5, 15.5], "texture": "#0"},
				"west": {"uv": [13.5, 13.5, 15.5, 15.5], "texture": "#0"},
				"up": {"uv": [13.5, 13.5, 15.5, 15.5], "texture": "#0"},
				"down": {"uv": [13.5, 13.5, 15.5, 15.5], "texture": "#0"}
			}
		},
		{
			"from": [-3, 13.5087, 5],
			"to": [4, 17.5087, 8.25],
			"rotation": {"angle": 22.5, "axis": "z", "origin": [-3, 17.5087, 5]},
			"faces": {
				"north": {"uv": [13.75, 13.5, 15.75, 15.5], "texture": "#0"},
				"east": {"uv": [13.75, 13.5, 15.75, 15.5], "texture": "#0"},
				"south": {"uv": [13.75, 13.5, 15.75, 15.5], "texture": "#0"},
				"west": {"uv": [13.75, 13.5, 15.75, 15.5], "texture": "#0"},
				"up": {"uv": [13.75, 13.5, 15.75, 15.5], "texture": "#0"},
				"down": {"uv": [13.75, 13.5, 15.75, 15.5], "texture": "#0"}
			}
		},
		{
			"from": [9.5, 16.25, 4.75],
			"to": [14.25, 20.25, 8.5],
			"faces": {
				"north": {"uv": [13.75, 13.5, 15.75, 15.5], "texture": "#0"},
				"east": {"uv": [13.75, 13.5, 15.75, 15.5], "texture": "#0"},
				"south": {"uv": [13.75, 13.5, 15.75, 15.5], "texture": "#0"},
				"west": {"uv": [13.75, 13.5, 15.75, 15.5], "texture": "#0"},
				"up": {"uv": [13.75, 13.5, 15.75, 15.5], "texture": "#0"},
				"down": {"uv": [13.75, 13.5, 15.75, 15.5], "texture": "#0"}
			}
		},
		{
			"from": [14.1875, 16.0625, 5],
			"to": [21.1875, 20.0625, 8.25],
			"rotation": {"angle": -22.5, "axis": "z", "origin": [14.1875, 20.0625, 5]},
			"faces": {
				"north": {"uv": [13.5, 13.5, 15.5, 15.5], "texture": "#0"},
				"east": {"uv": [13.5, 13.5, 15.5, 15.5], "texture": "#0"},
				"south": {"uv": [13.5, 13.5, 15.5, 15.5], "texture": "#0"},
				"west": {"uv": [13.5, 13.5, 15.5, 15.5], "texture": "#0"},
				"up": {"uv": [13.5, 13.5, 15.5, 15.5], "texture": "#0"},
				"down": {"uv": [13.5, 13.5, 15.5, 15.5], "texture": "#0"}
			}
		},
		{
			"from": [-7.5, 13.75, 9.75],
			"to": [-0.5, 17.25, 13],
			"rotation": {"angle": 45, "axis": "y", "origin": [-7.5, 13.75, 9.75]},
			"faces": {
				"north": {"uv": [13.75, 13.5, 15.75, 15.5], "texture": "#0"},
				"east": {"uv": [13.75, 13.5, 15.75, 15.5], "texture": "#0"},
				"south": {"uv": [13.75, 13.5, 15.75, 15.5], "texture": "#0"},
				"west": {"uv": [13.75, 13.5, 15.75, 15.5], "texture": "#0"},
				"up": {"uv": [13.75, 13.5, 15.75, 15.5], "texture": "#0"},
				"down": {"uv": [13.75, 13.5, 15.75, 15.5], "texture": "#0"}
			}
		},
		{
			"from": [20.75, 13.75, 4.75],
			"to": [27.75, 17.25, 8],
			"rotation": {"angle": -45, "axis": "y", "origin": [20.75, 13.75, 4.75]},
			"faces": {
				"north": {"uv": [13.5, 13.5, 15.5, 15.5], "texture": "#0"},
				"east": {"uv": [13.5, 13.5, 15.5, 15.5], "texture": "#0"},
				"south": {"uv": [13.5, 13.5, 15.5, 15.5], "texture": "#0"},
				"west": {"uv": [13.5, 13.5, 15.5, 15.5], "texture": "#0"},
				"up": {"uv": [13.5, 13.5, 15.5, 15.5], "texture": "#0"},
				"down": {"uv": [13.5, 13.5, 15.5, 15.5], "texture": "#0"}
			}
		},
		{
			"from": [-8, 13.75, 9.5],
			"to": [-5, 16.25, 12.5],
			"rotation": {"angle": -22.5, "axis": "x", "origin": [-8, 16.25, 9.5]},
			"faces": {
				"north": {"uv": [13.5, 13.5, 15.5, 15.5], "texture": "#0"},
				"east": {"uv": [13.5, 13.5, 15.5, 15.5], "texture": "#0"},
				"south": {"uv": [13.5, 13.5, 15.5, 15.5], "texture": "#0"},
				"west": {"uv": [13.5, 13.5, 15.5, 15.5], "texture": "#0"},
				"up": {"uv": [13.5, 13.5, 15.5, 15.5], "texture": "#0"},
				"down": {"uv": [13.5, 13.5, 15.5, 15.5], "texture": "#0"}
			}
		},
		{
			"from": [-8.5, 15.75, 12],
			"to": [-7.25, 17, 15.25],
			"rotation": {"angle": -22.5, "axis": "y", "origin": [-8.5, 15.75, 12]},
			"faces": {
				"north": {"uv": [13.75, 13.5, 15.75, 15.5], "texture": "#0"},
				"east": {"uv": [13.75, 13.5, 15.75, 15.5], "texture": "#0"},
				"south": {"uv": [13.75, 13.5, 15.75, 15.5], "texture": "#0"},
				"west": {"uv": [13.75, 13.5, 15.75, 15.5], "texture": "#0"},
				"up": {"uv": [13.75, 13.5, 15.75, 15.5], "texture": "#0"},
				"down": {"uv": [13.75, 13.5, 15.75, 15.5], "texture": "#0"}
			}
		},
		{
			"from": [-8, 14, 11.5],
			"to": [-5, 15.5, 14.25],
			"rotation": {"angle": -45, "axis": "x", "origin": [-8, 15.5, 11.5]},
			"faces": {
				"north": {"uv": [13.75, 13.5, 15.75, 15.5], "texture": "#0"},
				"east": {"uv": [13.75, 13.5, 15.75, 15.5], "texture": "#0"},
				"south": {"uv": [13.75, 13.5, 15.75, 15.5], "texture": "#0"},
				"west": {"uv": [13.75, 13.5, 15.75, 15.5], "texture": "#0"},
				"up": {"uv": [13.75, 13.5, 15.75, 15.5], "texture": "#0"},
				"down": {"uv": [13.75, 13.5, 15.75, 15.5], "texture": "#0"}
			}
		},
		{
			"from": [-8.25, 16.75, 13],
			"to": [-7, 18, 16.25],
			"faces": {
				"north": {"uv": [13.75, 13.5, 15.75, 15.5], "texture": "#0"},
				"east": {"uv": [13.75, 13.5, 15.75, 15.5], "texture": "#0"},
				"south": {"uv": [13.75, 13.5, 15.75, 15.5], "texture": "#0"},
				"west": {"uv": [13.75, 13.5, 15.75, 15.5], "texture": "#0"},
				"up": {"uv": [13.75, 13.5, 15.75, 15.5], "texture": "#0"},
				"down": {"uv": [13.75, 13.5, 15.75, 15.5], "texture": "#0"}
			}
		},
		{
			"from": [-6.75, 17, 13],
			"to": [-5.5, 18.25, 16.25],
			"faces": {
				"north": {"uv": [13.75, 13.5, 15.75, 15.5], "texture": "#0"},
				"east": {"uv": [13.75, 13.5, 15.75, 15.5], "texture": "#0"},
				"south": {"uv": [13.75, 13.5, 15.75, 15.5], "texture": "#0"},
				"west": {"uv": [13.75, 13.5, 15.75, 15.5], "texture": "#0"},
				"up": {"uv": [13.75, 13.5, 15.75, 15.5], "texture": "#0"},
				"down": {"uv": [13.75, 13.5, 15.75, 15.5], "texture": "#0"}
			}
		},
		{
			"from": [-6.25, 16.25, 13.25],
			"to": [-5, 17.5, 16.5],
			"rotation": {"angle": 22.5, "axis": "y", "origin": [-6.25, 16.25, 13.25]},
			"faces": {
				"north": {"uv": [13.75, 13.5, 15.75, 15.5], "texture": "#0"},
				"east": {"uv": [13.75, 13.5, 15.75, 15.5], "texture": "#0"},
				"south": {"uv": [13.75, 13.5, 15.75, 15.5], "texture": "#0"},
				"west": {"uv": [13.75, 13.5, 15.75, 15.5], "texture": "#0"},
				"up": {"uv": [13.75, 13.5, 15.75, 15.5], "texture": "#0"},
				"down": {"uv": [13.75, 13.5, 15.75, 15.5], "texture": "#0"}
			}
		},
		{
			"from": [-5.75, 14, 11.75],
			"to": [-4.25, 15.5, 15.75],
			"rotation": {"angle": 22.5, "axis": "y", "origin": [-5.75, 14, 11.75]},
			"faces": {
				"north": {"uv": [13.75, 13.5, 15.75, 15.5], "texture": "#0"},
				"east": {"uv": [13.75, 13.5, 15.75, 15.5], "texture": "#0"},
				"south": {"uv": [13.75, 13.5, 15.75, 15.5], "texture": "#0"},
				"west": {"uv": [13.75, 13.5, 15.75, 15.5], "texture": "#0"},
				"up": {"uv": [13.75, 13.5, 15.75, 15.5], "texture": "#0"},
				"down": {"uv": [13.75, 13.5, 15.75, 15.5], "texture": "#0"}
			}
		},
		{
			"from": [23, 13.75, 9.5],
			"to": [26, 16.25, 12.5],
			"rotation": {"angle": -22.5, "axis": "x", "origin": [23, 16.25, 9.5]},
			"faces": {
				"north": {"uv": [13.5, 13.5, 15.5, 15.5], "texture": "#0"},
				"east": {"uv": [13.5, 13.5, 15.5, 15.5], "texture": "#0"},
				"south": {"uv": [13.5, 13.5, 15.5, 15.5], "texture": "#0"},
				"west": {"uv": [13.5, 13.5, 15.5, 15.5], "texture": "#0"},
				"up": {"uv": [13.5, 13.5, 15.5, 15.5], "texture": "#0"},
				"down": {"uv": [13.5, 13.5, 15.5, 15.5], "texture": "#0"}
			}
		},
		{
			"from": [22.75, 14, 10.5],
			"to": [24.25, 15.5, 14.5],
			"rotation": {"angle": -22.5, "axis": "y", "origin": [22.75, 14, 10.5]},
			"faces": {
				"north": {"uv": [13.5, 13.5, 15.5, 15.5], "texture": "#0"},
				"east": {"uv": [13.5, 13.5, 15.5, 15.5], "texture": "#0"},
				"south": {"uv": [13.5, 13.5, 15.5, 15.5], "texture": "#0"},
				"west": {"uv": [13.5, 13.5, 15.5, 15.5], "texture": "#0"},
				"up": {"uv": [13.5, 13.5, 15.5, 15.5], "texture": "#0"},
				"down": {"uv": [13.5, 13.5, 15.5, 15.5], "texture": "#0"}
			}
		},
		{
			"from": [23.25, 16.25, 12],
			"to": [24.5, 17.5, 15.25],
			"rotation": {"angle": -22.5, "axis": "y", "origin": [23.25, 16.25, 12]},
			"faces": {
				"north": {"uv": [13.5, 13.5, 15.5, 15.5], "texture": "#0"},
				"east": {"uv": [13.5, 13.5, 15.5, 15.5], "texture": "#0"},
				"south": {"uv": [13.5, 13.5, 15.5, 15.5], "texture": "#0"},
				"west": {"uv": [13.5, 13.5, 15.5, 15.5], "texture": "#0"},
				"up": {"uv": [13.5, 13.5, 15.5, 15.5], "texture": "#0"},
				"down": {"uv": [13.5, 13.5, 15.5, 15.5], "texture": "#0"}
			}
		},
		{
			"from": [23.5, 17, 12.5],
			"to": [24.75, 18.25, 15.75],
			"faces": {
				"north": {"uv": [13.5, 13.5, 15.5, 15.5], "texture": "#0"},
				"east": {"uv": [13.5, 13.5, 15.5, 15.5], "texture": "#0"},
				"south": {"uv": [13.5, 13.5, 15.5, 15.5], "texture": "#0"},
				"west": {"uv": [13.5, 13.5, 15.5, 15.5], "texture": "#0"},
				"up": {"uv": [13.5, 13.5, 15.5, 15.5], "texture": "#0"},
				"down": {"uv": [13.5, 13.5, 15.5, 15.5], "texture": "#0"}
			}
		},
		{
			"from": [25, 16.75, 12.5],
			"to": [26.25, 18, 15.75],
			"faces": {
				"north": {"uv": [13.5, 13.5, 15.5, 15.5], "texture": "#0"},
				"east": {"uv": [13.5, 13.5, 15.5, 15.5], "texture": "#0"},
				"south": {"uv": [13.5, 13.5, 15.5, 15.5], "texture": "#0"},
				"west": {"uv": [13.5, 13.5, 15.5, 15.5], "texture": "#0"},
				"up": {"uv": [13.5, 13.5, 15.5, 15.5], "texture": "#0"},
				"down": {"uv": [13.5, 13.5, 15.5, 15.5], "texture": "#0"}
			}
		},
		{
			"from": [25.25, 15.75, 12],
			"to": [26.5, 17, 15.25],
			"rotation": {"angle": 22.5, "axis": "y", "origin": [25.25, 15.75, 12]},
			"faces": {
				"north": {"uv": [13.5, 13.5, 15.5, 15.5], "texture": "#0"},
				"east": {"uv": [13.5, 13.5, 15.5, 15.5], "texture": "#0"},
				"south": {"uv": [13.5, 13.5, 15.5, 15.5], "texture": "#0"},
				"west": {"uv": [13.5, 13.5, 15.5, 15.5], "texture": "#0"},
				"up": {"uv": [13.5, 13.5, 15.5, 15.5], "texture": "#0"},
				"down": {"uv": [13.5, 13.5, 15.5, 15.5], "texture": "#0"}
			}
		},
		{
			"from": [6, 23.75, 8.75],
			"to": [11.25, 24.25, 14.5],
			"faces": {
				"north": {"uv": [13.75, 13.5, 15.75, 15.5], "texture": "#0"},
				"east": {"uv": [13.75, 13.5, 15.75, 15.5], "texture": "#0"},
				"south": {"uv": [13.75, 13.5, 15.75, 15.5], "texture": "#0"},
				"west": {"uv": [13.75, 13.5, 15.75, 15.5], "texture": "#0"},
				"up": {"uv": [13.75, 13.5, 15.75, 15.5], "texture": "#0"},
				"down": {"uv": [13.75, 13.5, 15.75, 15.5], "texture": "#0"}
			}
		},
		{
			"from": [11.75, 19, 8.75],
			"to": [12.1875, 23.25, 14.5],
			"faces": {
				"north": {"uv": [13.75, 13.5, 15.75, 15.5], "texture": "#0"},
				"east": {"uv": [13.75, 13.5, 15.75, 15.5], "texture": "#0"},
				"south": {"uv": [13.75, 13.5, 15.75, 15.5], "texture": "#0"},
				"west": {"uv": [13.75, 13.5, 15.75, 15.5], "texture": "#0"},
				"up": {"uv": [13.75, 13.5, 15.75, 15.5], "texture": "#0"},
				"down": {"uv": [13.75, 13.5, 15.75, 15.5], "texture": "#0"}
			}
		},
		{
			"from": [5.0625, 19, 8.75],
			"to": [5.5, 23.25, 14.5],
			"faces": {
				"north": {"uv": [13.5, 13.5, 15.5, 15.5], "texture": "#0"},
				"east": {"uv": [13.5, 13.5, 15.5, 15.5], "texture": "#0"},
				"south": {"uv": [13.5, 13.5, 15.5, 15.5], "texture": "#0"},
				"west": {"uv": [13.5, 13.5, 15.5, 15.5], "texture": "#0"},
				"up": {"uv": [13.5, 13.5, 15.5, 15.5], "texture": "#0"},
				"down": {"uv": [13.5, 13.5, 15.5, 15.5], "texture": "#0"}
			}
		}
	],
	"display": {
		"thirdperson_righthand": {
			"rotation": [70, 180, 0],
			"translation": [-5.5, -9, 0.6],
			"scale": [0.9, 1.2, 0.9]
		},
		"thirdperson_lefthand": {
			"rotation": [70, 180, 0],
			"translation": [-6.5, -9, 0.6],
			"scale": [0.9, 1.2, 0.9]
		},
		"firstperson_righthand": {
			"scale": [0, 0, 0]
		},
		"firstperson_lefthand": {
			"scale": [0, 0, 0]
		},
		"gui": {
			"scale": [0, 0, 0]
		},
		"head": {
			"rotation": [0, 180, 0],
			"translation": [0.75, -30.67, 5],
			"scale": [1.5, 2, 1.5]
		}
	}
}