{
"__comment": "Made by MadstonMagic using Cubik Pro, Copyright � MadstonMagic Modeling 2015-2017. All rights reserved",
"textures": {
    "particle": "machine/machine_inside",
    "texture": "machine/blue_machine_base"
},
"elements": [ 
{
    "__comment": "Base",
    "from": [ 1, -0.5, 1 ],
    "to": [ 15, 2.5, 15 ],
    "faces": {
        "down":  { "uv": [ 9.5, 2.5, 13.5, 6.5 ], "texture": "#texture" },
        "up":    { "uv": [ 10, 2, 14, 6 ], "texture": "#texture" },
        "north": { "uv": [ 9.5, 2, 13.5, 6 ], "texture": "#texture" },
        "south": { "uv": [ 10, 2, 14, 6 ], "texture": "#texture" },
        "west":  { "uv": [ 10, 2, 14, 6 ], "texture": "#texture" },
        "east":  { "uv": [ 10, 2, 14, 6 ], "texture": "#texture" }
    }
},
{
    "__comment": "Base",
    "from": [ 0, 4.5, 3 ],
    "to": [ 2, 5.5, 13 ],
    "faces": {
        "down":  { "uv": [ 1, 2, 5, 6 ], "texture": "#texture" },
        "up":    { "uv": [ 2, 2, 6, 6 ], "texture": "#texture" },
        "north": { "uv": [ 2, 2.5, 6, 6.5 ], "texture": "#texture" },
        "south": { "uv": [ 2.5, 2, 6.5, 6 ], "texture": "#texture" },
        "west":  { "uv": [ 2, 2, 6, 6 ], "texture": "#texture" },
        "east":  { "uv": [ 2.5, 2, 6.5, 6 ], "texture": "#texture" }
    }
},
{
    "__comment": "Base",
    "from": [ 1, 3.5, 1 ],
    "to": [ 15, 4.5, 15 ],
    "faces": {
        "down":  { "uv": [ 9.5, 2.5, 13.5, 6.5 ], "texture": "#texture" },
        "up":    { "uv": [ 10, 2, 14, 6 ], "texture": "#texture" },
        "north": { "uv": [ 9.5, 2, 13.5, 6 ], "texture": "#texture" },
        "south": { "uv": [ 10, 2, 14, 6 ], "texture": "#texture" },
        "west":  { "uv": [ 10, 2, 14, 6 ], "texture": "#texture" },
        "east":  { "uv": [ 10, 2, 14, 6 ], "texture": "#texture" }
    }
},
{
    "__comment": "Base",
    "from": [ 1, 2.5, 1 ],
    "to": [ 15, 3.5, 15 ],
    "faces": {
        "down":  { "uv": [ 1, 2, 5, 6 ], "texture": "#texture" },
        "up":    { "uv": [ 2, 2, 6, 6 ], "texture": "#texture" },
        "north": { "uv": [ 2, 2.5, 6, 6.5 ], "texture": "#texture" },
        "south": { "uv": [ 2.5, 2, 6.5, 6 ], "texture": "#texture" },
        "west":  { "uv": [ 2, 2, 6, 6 ], "texture": "#texture" },
        "east":  { "uv": [ 2.5, 2, 6.5, 6 ], "texture": "#texture" }
    }
},
{
    "__comment": "Base",
    "from": [ 14, 4.5, 3 ],
    "to": [ 16, 5.5, 13 ],
    "faces": {
        "down":  { "uv": [ 1, 2, 5, 6 ], "texture": "#texture" },
        "up":    { "uv": [ 2, 2, 6, 6 ], "texture": "#texture" },
        "north": { "uv": [ 2, 2.5, 6, 6.5 ], "texture": "#texture" },
        "south": { "uv": [ 2.5, 2, 6.5, 6 ], "texture": "#texture" },
        "west":  { "uv": [ 2, 2, 6, 6 ], "texture": "#texture" },
        "east":  { "uv": [ 2.5, 2, 6.5, 6 ], "texture": "#texture" }
    }
},
{
    "__comment": "SIDE_1",
    "from": [ 0, 5.5, 6.5 ],
    "to": [ 2, 9.5, 9.5 ],
    "faces": {
        "down":  { "uv": [ 1, 2, 5, 6 ], "texture": "#texture" },
        "up":    { "uv": [ 2, 2, 6, 6 ], "texture": "#texture" },
        "north": { "uv": [ 2, 2.5, 6, 6.5 ], "texture": "#texture" },
        "south": { "uv": [ 2.5, 2, 6.5, 6 ], "texture": "#texture" },
        "west":  { "uv": [ 2, 2, 6, 6 ], "texture": "#texture" },
        "east":  { "uv": [ 2.5, 2, 6.5, 6 ], "texture": "#texture" }
    }
},
{
    "__comment": "SIDE_1",
    "from": [ 0, 5, 6.5 ],
    "to": [ 2, 9.5, 8.5 ],
    "rotation": { "origin": [ 0, 9.5, 6.5 ], "axis": "x", "angle": 22.5 },
    "faces": {
        "down":  { "uv": [ 1, 2, 5, 6 ], "texture": "#texture" },
        "up":    { "uv": [ 2, 2, 6, 6 ], "texture": "#texture" },
        "north": { "uv": [ 2, 2.5, 6, 6.5 ], "texture": "#texture" },
        "south": { "uv": [ 2.5, 2, 6.5, 6 ], "texture": "#texture" },
        "west":  { "uv": [ 2, 2, 6, 6 ], "texture": "#texture" },
        "east":  { "uv": [ 2.5, 2, 6.5, 6 ], "texture": "#texture" }
    }
},
{
    "__comment": "SIDE_1",
    "from": [ 0, 4.25, 7.625 ],
    "to": [ 2, 8.75, 9.625 ],
    "rotation": { "origin": [ 0, 8.75, 7.625 ], "axis": "x", "angle": -22.5 },
    "faces": {
        "down":  { "uv": [ 1, 2, 5, 6 ], "texture": "#texture" },
        "up":    { "uv": [ 2, 2, 6, 6 ], "texture": "#texture" },
        "north": { "uv": [ 2, 2.5, 6, 6.5 ], "texture": "#texture" },
        "south": { "uv": [ 2.5, 2, 6.5, 6 ], "texture": "#texture" },
        "west":  { "uv": [ 2, 2, 6, 6 ], "texture": "#texture" },
        "east":  { "uv": [ 2.5, 2, 6.5, 6 ], "texture": "#texture" }
    }
},
{
    "__comment": "SIDE_1",
    "from": [ 0, 4.5, 3 ],
    "to": [ 2, 5.5, 5.5 ],
    "rotation": { "origin": [ 0, 5.5, 3 ], "axis": "x", "angle": -22.5 },
    "faces": {
        "down":  { "uv": [ 1, 2, 5, 6 ], "texture": "#texture" },
        "up":    { "uv": [ 2, 2, 6, 6 ], "texture": "#texture" },
        "north": { "uv": [ 2, 2.5, 6, 6.5 ], "texture": "#texture" },
        "south": { "uv": [ 2.5, 2, 6.5, 6 ], "texture": "#texture" },
        "west":  { "uv": [ 2, 2, 6, 6 ], "texture": "#texture" },
        "east":  { "uv": [ 2.5, 2, 6.5, 6 ], "texture": "#texture" }
    }
},
{
    "__comment": "SIDE_1",
    "from": [ 0, 5.4375, 10.6875 ],
    "to": [ 2, 6.4375, 13.1875 ],
    "rotation": { "origin": [ 0, 6.4375, 10.6875 ], "axis": "x", "angle": 22.5 },
    "faces": {
        "down":  { "uv": [ 1, 2, 5, 6 ], "texture": "#texture" },
        "up":    { "uv": [ 2, 2, 6, 6 ], "texture": "#texture" },
        "north": { "uv": [ 2, 2.5, 6, 6.5 ], "texture": "#texture" },
        "south": { "uv": [ 2.5, 2, 6.5, 6 ], "texture": "#texture" },
        "west":  { "uv": [ 2, 2, 6, 6 ], "texture": "#texture" },
        "east":  { "uv": [ 2.5, 2, 6.5, 6 ], "texture": "#texture" }
    }
},
{
    "__comment": "SIDE_2",
    "from": [ 14, 5.5, 6.5 ],
    "to": [ 16, 9.5, 9.5 ],
    "faces": {
        "down":  { "uv": [ 1, 2, 5, 6 ], "texture": "#texture" },
        "up":    { "uv": [ 2, 2, 6, 6 ], "texture": "#texture" },
        "north": { "uv": [ 2, 2.5, 6, 6.5 ], "texture": "#texture" },
        "south": { "uv": [ 2.5, 2, 6.5, 6 ], "texture": "#texture" },
        "west":  { "uv": [ 2, 2, 6, 6 ], "texture": "#texture" },
        "east":  { "uv": [ 2.5, 2, 6.5, 6 ], "texture": "#texture" }
    }
},
{
    "__comment": "SIDE_2",
    "from": [ 14, 5, 6.5 ],
    "to": [ 16, 9.5, 8.5 ],
    "rotation": { "origin": [ 14, 9.5, 6.5 ], "axis": "x", "angle": 22.5 },
    "faces": {
        "down":  { "uv": [ 1, 2, 5, 6 ], "texture": "#texture" },
        "up":    { "uv": [ 2, 2, 6, 6 ], "texture": "#texture" },
        "north": { "uv": [ 2, 2.5, 6, 6.5 ], "texture": "#texture" },
        "south": { "uv": [ 2.5, 2, 6.5, 6 ], "texture": "#texture" },
        "west":  { "uv": [ 2, 2, 6, 6 ], "texture": "#texture" },
        "east":  { "uv": [ 2.5, 2, 6.5, 6 ], "texture": "#texture" }
    }
},
{
    "__comment": "SIDE_2",
    "from": [ 14, 4.25, 7.625 ],
    "to": [ 16, 8.75, 9.625 ],
    "rotation": { "origin": [ 14, 8.75, 7.625 ], "axis": "x", "angle": -22.5 },
    "faces": {
        "down":  { "uv": [ 1, 2, 5, 6 ], "texture": "#texture" },
        "up":    { "uv": [ 2, 2, 6, 6 ], "texture": "#texture" },
        "north": { "uv": [ 2, 2.5, 6, 6.5 ], "texture": "#texture" },
        "south": { "uv": [ 2.5, 2, 6.5, 6 ], "texture": "#texture" },
        "west":  { "uv": [ 2, 2, 6, 6 ], "texture": "#texture" },
        "east":  { "uv": [ 2.5, 2, 6.5, 6 ], "texture": "#texture" }
    }
},
{
    "__comment": "SIDE_2",
    "from": [ 14, 4.5, 3 ],
    "to": [ 16, 5.5, 5.5 ],
    "rotation": { "origin": [ 14, 5.5, 3 ], "axis": "x", "angle": -22.5 },
    "faces": {
        "down":  { "uv": [ 1, 2, 5, 6 ], "texture": "#texture" },
        "up":    { "uv": [ 2, 2, 6, 6 ], "texture": "#texture" },
        "north": { "uv": [ 2, 2.5, 6, 6.5 ], "texture": "#texture" },
        "south": { "uv": [ 2.5, 2, 6.5, 6 ], "texture": "#texture" },
        "west":  { "uv": [ 2, 2, 6, 6 ], "texture": "#texture" },
        "east":  { "uv": [ 2.5, 2, 6.5, 6 ], "texture": "#texture" }
    }
},
{
    "__comment": "SIDE_2",
    "from": [ 14, 5.4375, 10.6875 ],
    "to": [ 16, 6.4375, 13.1875 ],
    "rotation": { "origin": [ 14, 6.4375, 10.6875 ], "axis": "x", "angle": 22.5 },
    "faces": {
        "down":  { "uv": [ 1, 2, 5, 6 ], "texture": "#texture" },
        "up":    { "uv": [ 2, 2, 6, 6 ], "texture": "#texture" },
        "north": { "uv": [ 2, 2.5, 6, 6.5 ], "texture": "#texture" },
        "south": { "uv": [ 2.5, 2, 6.5, 6 ], "texture": "#texture" },
        "west":  { "uv": [ 2, 2, 6, 6 ], "texture": "#texture" },
        "east":  { "uv": [ 2.5, 2, 6.5, 6 ], "texture": "#texture" }
    }
},
{
    "__comment": "inside",
    "from": [ 5.5, 5, 5.5 ],
    "to": [ 10.5, 6, 10.5 ],
    "faces": {
        "down":  { "uv": [ 12, 1, 15, 4 ], "texture": "#particle" },
        "up":    { "uv": [ 1.5, 1.5, 5.5, 5.5 ], "rotation": 90, "texture": "#particle" },
        "north": { "uv": [ 12.5, 1, 15, 3.5 ], "texture": "#particle" },
        "south": { "uv": [ 12.5, 1, 15, 3.5 ], "texture": "#particle" },
        "west":  { "uv": [ 12.5, 1, 15, 3.5 ], "texture": "#particle" },
        "east":  { "uv": [ 12.5, 1, 15, 3.5 ], "texture": "#particle" }
    }
},
{
    "__comment": "SIDE_3",
    "from": [ 6.5, 5.5, 14 ],
    "to": [ 9.5, 9.5, 16 ],
    "faces": {
        "down":  { "uv": [ 1, 2, 5, 6 ], "texture": "#texture" },
        "up":    { "uv": [ 2, 2, 6, 6 ], "texture": "#texture" },
        "north": { "uv": [ 2, 2.5, 6, 6.5 ], "texture": "#texture" },
        "south": { "uv": [ 2.5, 2, 6.5, 6 ], "texture": "#texture" },
        "west":  { "uv": [ 2, 2, 6, 6 ], "texture": "#texture" },
        "east":  { "uv": [ 2.5, 2, 6.5, 6 ], "texture": "#texture" }
    }
},
{
    "__comment": "SIDE_3",
    "from": [ 3, 4.5, 14 ],
    "to": [ 13, 5.5, 16 ],
    "faces": {
        "down":  { "uv": [ 1, 2, 5, 6 ], "texture": "#texture" },
        "up":    { "uv": [ 2, 2, 6, 6 ], "texture": "#texture" },
        "north": { "uv": [ 2, 2.5, 6, 6.5 ], "texture": "#texture" },
        "south": { "uv": [ 2.5, 2, 6.5, 6 ], "texture": "#texture" },
        "west":  { "uv": [ 2, 2, 6, 6 ], "texture": "#texture" },
        "east":  { "uv": [ 2.5, 2, 6.5, 6 ], "texture": "#texture" }
    }
},
{
    "__comment": "SIDE_3",
    "from": [ 6.5, 5, 14 ],
    "to": [ 8.5, 9.5, 16 ],
    "rotation": { "origin": [ 6.5, 9.5, 14 ], "axis": "z", "angle": -22.5 },
    "faces": {
        "down":  { "uv": [ 1, 2, 5, 6 ], "texture": "#texture" },
        "up":    { "uv": [ 2, 2, 6, 6 ], "texture": "#texture" },
        "north": { "uv": [ 2, 2.5, 6, 6.5 ], "texture": "#texture" },
        "south": { "uv": [ 2.5, 2, 6.5, 6 ], "texture": "#texture" },
        "west":  { "uv": [ 2, 2, 6, 6 ], "texture": "#texture" },
        "east":  { "uv": [ 2.5, 2, 6.5, 6 ], "texture": "#texture" }
    }
},
{
    "__comment": "SIDE_3",
    "from": [ 7.645, 4.23, 14 ],
    "to": [ 9.645, 8.73, 16 ],
    "rotation": { "origin": [ 7.645, 8.73, 14 ], "axis": "z", "angle": 22.5 },
    "faces": {
        "down":  { "uv": [ 1, 2, 5, 6 ], "texture": "#texture" },
        "up":    { "uv": [ 2, 2, 6, 6 ], "texture": "#texture" },
        "north": { "uv": [ 2, 2.5, 6, 6.5 ], "texture": "#texture" },
        "south": { "uv": [ 2.5, 2, 6.5, 6 ], "texture": "#texture" },
        "west":  { "uv": [ 2, 2, 6, 6 ], "texture": "#texture" },
        "east":  { "uv": [ 2.5, 2, 6.5, 6 ], "texture": "#texture" }
    }
},
{
    "__comment": "SIDE_3",
    "from": [ 10.5, 5.5625, 14 ],
    "to": [ 13.1875, 6.5625, 16 ],
    "rotation": { "origin": [ 10.5, 6.5625, 14 ], "axis": "z", "angle": -22.5 },
    "faces": {
        "down":  { "uv": [ 1, 2, 5, 6 ], "texture": "#texture" },
        "up":    { "uv": [ 2, 2, 6, 6 ], "texture": "#texture" },
        "north": { "uv": [ 2, 2.5, 6, 6.5 ], "texture": "#texture" },
        "south": { "uv": [ 2.5, 2, 6.5, 6 ], "texture": "#texture" },
        "west":  { "uv": [ 2, 2, 6, 6 ], "texture": "#texture" },
        "east":  { "uv": [ 2.5, 2, 6.5, 6 ], "texture": "#texture" }
    }
},
{
    "__comment": "SIDE_3",
    "from": [ 3.0625, 4.5, 14 ],
    "to": [ 5.75, 5.5, 16 ],
    "rotation": { "origin": [ 3.0625, 5.5, 14 ], "axis": "z", "angle": 22.5 },
    "faces": {
        "down":  { "uv": [ 1, 2, 5, 6 ], "texture": "#texture" },
        "up":    { "uv": [ 2, 2, 6, 6 ], "texture": "#texture" },
        "north": { "uv": [ 2, 2.5, 6, 6.5 ], "texture": "#texture" },
        "south": { "uv": [ 2.5, 2, 6.5, 6 ], "texture": "#texture" },
        "west":  { "uv": [ 2, 2, 6, 6 ], "texture": "#texture" },
        "east":  { "uv": [ 2.5, 2, 6.5, 6 ], "texture": "#texture" }
    }
},
{
    "__comment": "Base",
    "from": [ 2, 3.5, 0 ],
    "to": [ 14, 4.5, 16 ],
    "faces": {
        "down":  { "uv": [ 9.5, 2.5, 13.5, 6.5 ], "texture": "#texture" },
        "up":    { "uv": [ 10, 2, 14, 6 ], "texture": "#texture" },
        "north": { "uv": [ 9.5, 2, 13.5, 6 ], "texture": "#texture" },
        "south": { "uv": [ 10, 2, 14, 6 ], "texture": "#texture" },
        "west":  { "uv": [ 10, 2, 14, 6 ], "texture": "#texture" },
        "east":  { "uv": [ 10, 2, 14, 6 ], "texture": "#texture" }
    }
},
{
    "__comment": "Base",
    "from": [ 0, 3.5, 2 ],
    "to": [ 16, 4.5, 14 ],
    "faces": {
        "down":  { "uv": [ 9.5, 2.5, 13.5, 6.5 ], "texture": "#texture" },
        "up":    { "uv": [ 10, 2, 14, 6 ], "texture": "#texture" },
        "north": { "uv": [ 9.5, 2, 13.5, 6 ], "texture": "#texture" },
        "south": { "uv": [ 10, 2, 14, 6 ], "texture": "#texture" },
        "west":  { "uv": [ 10, 2, 14, 6 ], "texture": "#texture" },
        "east":  { "uv": [ 10, 2, 14, 6 ], "texture": "#texture" }
    }
},
{
    "__comment": "Base",
    "from": [ 0, 2.5, 2 ],
    "to": [ 16, 3.5, 14 ],
    "faces": {
        "down":  { "uv": [ 1, 2, 5, 6 ], "texture": "#texture" },
        "up":    { "uv": [ 2, 2, 6, 6 ], "texture": "#texture" },
        "north": { "uv": [ 2, 2.5, 6, 6.5 ], "texture": "#texture" },
        "south": { "uv": [ 2.5, 2, 6.5, 6 ], "texture": "#texture" },
        "west":  { "uv": [ 2, 2, 6, 6 ], "texture": "#texture" },
        "east":  { "uv": [ 2.5, 2, 6.5, 6 ], "texture": "#texture" }
    }
},
{
    "__comment": "Base",
    "from": [ 2, 2.5, 0 ],
    "to": [ 14, 3.5, 16 ],
    "faces": {
        "down":  { "uv": [ 1, 2, 5, 6 ], "texture": "#texture" },
        "up":    { "uv": [ 2, 2, 6, 6 ], "texture": "#texture" },
        "north": { "uv": [ 2, 2.5, 6, 6.5 ], "texture": "#texture" },
        "south": { "uv": [ 2.5, 2, 6.5, 6 ], "texture": "#texture" },
        "west":  { "uv": [ 2, 2, 6, 6 ], "texture": "#texture" },
        "east":  { "uv": [ 2.5, 2, 6.5, 6 ], "texture": "#texture" }
    }
},
{
    "__comment": "Base",
    "from": [ 2, -0.5, 0 ],
    "to": [ 14, 2.5, 16 ],
    "faces": {
        "down":  { "uv": [ 9.5, 2.5, 13.5, 6.5 ], "texture": "#texture" },
        "up":    { "uv": [ 10, 2, 14, 6 ], "texture": "#texture" },
        "north": { "uv": [ 9.5, 2, 13.5, 6 ], "texture": "#texture" },
        "south": { "uv": [ 10, 2, 14, 6 ], "texture": "#texture" },
        "west":  { "uv": [ 10, 2, 14, 6 ], "texture": "#texture" },
        "east":  { "uv": [ 10, 2, 14, 6 ], "texture": "#texture" }
    }
},
{
    "__comment": "Base",
    "from": [ 0, -0.5, 2 ],
    "to": [ 16, 2.5, 14 ],
    "faces": {
        "down":  { "uv": [ 9.5, 2.5, 13.5, 6.5 ], "texture": "#texture" },
        "up":    { "uv": [ 10, 2, 14, 6 ], "texture": "#texture" },
        "north": { "uv": [ 9.5, 2, 13.5, 6 ], "texture": "#texture" },
        "south": { "uv": [ 10, 2, 14, 6 ], "texture": "#texture" },
        "west":  { "uv": [ 10, 2, 14, 6 ], "texture": "#texture" },
        "east":  { "uv": [ 10, 2, 14, 6 ], "texture": "#texture" }
    }
},
{
    "__comment": "SIDE_4",
    "from": [ 6.5, 5.5, 0 ],
    "to": [ 9.5, 9.5, 2 ],
    "faces": {
        "down":  { "uv": [ 1, 2, 5, 6 ], "texture": "#texture" },
        "up":    { "uv": [ 2, 2, 6, 6 ], "texture": "#texture" },
        "north": { "uv": [ 2, 2.5, 6, 6.5 ], "texture": "#texture" },
        "south": { "uv": [ 2.5, 2, 6.5, 6 ], "texture": "#texture" },
        "west":  { "uv": [ 2, 2, 6, 6 ], "texture": "#texture" },
        "east":  { "uv": [ 2.5, 2, 6.5, 6 ], "texture": "#texture" }
    }
},
{
    "__comment": "SIDE_4",
    "from": [ 3, 4.5, 0 ],
    "to": [ 13, 5.5, 2 ],
    "faces": {
        "down":  { "uv": [ 1, 2, 5, 6 ], "texture": "#texture" },
        "up":    { "uv": [ 2, 2, 6, 6 ], "texture": "#texture" },
        "north": { "uv": [ 2, 2.5, 6, 6.5 ], "texture": "#texture" },
        "south": { "uv": [ 2.5, 2, 6.5, 6 ], "texture": "#texture" },
        "west":  { "uv": [ 2, 2, 6, 6 ], "texture": "#texture" },
        "east":  { "uv": [ 2.5, 2, 6.5, 6 ], "texture": "#texture" }
    }
},
{
    "__comment": "SIDE_4",
    "from": [ 6.5, 5, 0 ],
    "to": [ 8.5, 9.5, 2 ],
    "rotation": { "origin": [ 6.5, 9.5, 0 ], "axis": "z", "angle": -22.5 },
    "faces": {
        "down":  { "uv": [ 1, 2, 5, 6 ], "texture": "#texture" },
        "up":    { "uv": [ 2, 2, 6, 6 ], "texture": "#texture" },
        "north": { "uv": [ 2, 2.5, 6, 6.5 ], "texture": "#texture" },
        "south": { "uv": [ 2.5, 2, 6.5, 6 ], "texture": "#texture" },
        "west":  { "uv": [ 2, 2, 6, 6 ], "texture": "#texture" },
        "east":  { "uv": [ 2.5, 2, 6.5, 6 ], "texture": "#texture" }
    }
},
{
    "__comment": "SIDE_4",
    "from": [ 7.645, 4.23, 0 ],
    "to": [ 9.645, 8.73, 2 ],
    "rotation": { "origin": [ 7.645, 8.73, 0 ], "axis": "z", "angle": 22.5 },
    "faces": {
        "down":  { "uv": [ 1, 2, 5, 6 ], "texture": "#texture" },
        "up":    { "uv": [ 2, 2, 6, 6 ], "texture": "#texture" },
        "north": { "uv": [ 2, 2.5, 6, 6.5 ], "texture": "#texture" },
        "south": { "uv": [ 2.5, 2, 6.5, 6 ], "texture": "#texture" },
        "west":  { "uv": [ 2, 2, 6, 6 ], "texture": "#texture" },
        "east":  { "uv": [ 2.5, 2, 6.5, 6 ], "texture": "#texture" }
    }
},
{
    "__comment": "SIDE_4",
    "from": [ 10.5, 5.5625, 0 ],
    "to": [ 13.1875, 6.5625, 2 ],
    "rotation": { "origin": [ 10.5, 6.5625, 0 ], "axis": "z", "angle": -22.5 },
    "faces": {
        "down":  { "uv": [ 1, 2, 5, 6 ], "texture": "#texture" },
        "up":    { "uv": [ 2, 2, 6, 6 ], "texture": "#texture" },
        "north": { "uv": [ 2, 2.5, 6, 6.5 ], "texture": "#texture" },
        "south": { "uv": [ 2.5, 2, 6.5, 6 ], "texture": "#texture" },
        "west":  { "uv": [ 2, 2, 6, 6 ], "texture": "#texture" },
        "east":  { "uv": [ 2.5, 2, 6.5, 6 ], "texture": "#texture" }
    }
},
{
    "__comment": "SIDE_4",
    "from": [ 3.0625, 4.5, 0 ],
    "to": [ 5.75, 5.5, 2 ],
    "rotation": { "origin": [ 3.0625, 5.5, 0 ], "axis": "z", "angle": 22.5 },
    "faces": {
        "down":  { "uv": [ 1, 2, 5, 6 ], "texture": "#texture" },
        "up":    { "uv": [ 2, 2, 6, 6 ], "texture": "#texture" },
        "north": { "uv": [ 2, 2.5, 6, 6.5 ], "texture": "#texture" },
        "south": { "uv": [ 2.5, 2, 6.5, 6 ], "texture": "#texture" },
        "west":  { "uv": [ 2, 2, 6, 6 ], "texture": "#texture" },
        "east":  { "uv": [ 2.5, 2, 6.5, 6 ], "texture": "#texture" }
    }
},
{
    "__comment": "inside*",
    "from": [ 5.5, 4.5, 4.5 ],
    "to": [ 10.5, 5.5, 11.5 ],
    "faces": {
        "down":  { "uv": [ 12, 1, 15, 4 ], "texture": "#particle" },
        "up":    { "uv": [ 12, 1, 14.5, 3.5 ], "rotation": 90, "texture": "#particle" },
        "north": { "uv": [ 12.5, 1, 15, 3.5 ], "texture": "#particle" },
        "south": { "uv": [ 12.5, 1, 15, 3.5 ], "texture": "#particle" },
        "west":  { "uv": [ 12.5, 1, 15, 3.5 ], "texture": "#particle" },
        "east":  { "uv": [ 12.5, 1, 15, 3.5 ], "texture": "#particle" }
    }
},
{
    "__comment": "inside*",
    "from": [ 4.5, 4.5, 5.5 ],
    "to": [ 11.5, 5.5, 10.5 ],
    "faces": {
        "down":  { "uv": [ 12, 1, 15, 4 ], "texture": "#particle" },
        "up":    { "uv": [ 12, 1, 14.5, 3.5 ], "rotation": 90, "texture": "#particle" },
        "north": { "uv": [ 12.5, 1, 15, 3.5 ], "texture": "#particle" },
        "south": { "uv": [ 12.5, 1, 15, 3.5 ], "texture": "#particle" },
        "west":  { "uv": [ 12.5, 1, 15, 3.5 ], "texture": "#particle" },
        "east":  { "uv": [ 12.5, 1, 15, 3.5 ], "texture": "#particle" }
    }
},
{
    "__comment": "inside*",
    "from": [ 6, 4.5, 4 ],
    "to": [ 10, 5, 12 ],
    "faces": {
        "down":  { "uv": [ 12, 1, 15, 4 ], "texture": "#particle" },
        "up":    { "uv": [ 12, 1, 14.5, 3.5 ], "rotation": 90, "texture": "#particle" },
        "north": { "uv": [ 12.5, 1, 15, 3.5 ], "texture": "#particle" },
        "south": { "uv": [ 12.5, 1, 15, 3.5 ], "texture": "#particle" },
        "west":  { "uv": [ 12.5, 1, 15, 3.5 ], "texture": "#particle" },
        "east":  { "uv": [ 12.5, 1, 15, 3.5 ], "texture": "#particle" }
    }
},
{
    "__comment": "inside*",
    "from": [ 4, 4.5, 6 ],
    "to": [ 12, 5, 10 ],
    "faces": {
        "down":  { "uv": [ 12, 1, 15, 4 ], "texture": "#particle" },
        "up":    { "uv": [ 12, 1, 14.5, 3.5 ], "rotation": 90, "texture": "#particle" },
        "north": { "uv": [ 12.5, 1, 15, 3.5 ], "texture": "#particle" },
        "south": { "uv": [ 12.5, 1, 15, 3.5 ], "texture": "#particle" },
        "west":  { "uv": [ 12.5, 1, 15, 3.5 ], "texture": "#particle" },
        "east":  { "uv": [ 12.5, 1, 15, 3.5 ], "texture": "#particle" }
    }
},
{
    "__comment": "inside*",
    "from": [ 5, 4.5, 5 ],
    "to": [ 11, 5, 11 ],
    "faces": {
        "down":  { "uv": [ 12, 1, 15, 4 ], "texture": "#particle" },
        "up":    { "uv": [ 12, 1, 14.5, 3.5 ], "rotation": 90, "texture": "#particle" },
        "north": { "uv": [ 12.5, 1, 15, 3.5 ], "texture": "#particle" },
        "south": { "uv": [ 12.5, 1, 15, 3.5 ], "texture": "#particle" },
        "west":  { "uv": [ 12.5, 1, 15, 3.5 ], "texture": "#particle" },
        "east":  { "uv": [ 12.5, 1, 15, 3.5 ], "texture": "#particle" }
    }
},
{
    "__comment": "inside*",
    "from": [ 6.5, 5, 5 ],
    "to": [ 9.5, 6, 5.5 ],
    "faces": {
        "down":  { "uv": [ 12, 1, 15, 4 ], "texture": "#particle" },
        "up":    { "uv": [ 12.5, 1.5, 14.5, 4 ], "rotation": 90, "texture": "#particle" },
        "north": { "uv": [ 12.5, 1, 15, 3.5 ], "texture": "#particle" },
        "south": { "uv": [ 12.5, 1, 15, 3.5 ], "texture": "#particle" },
        "west":  { "uv": [ 12.5, 1, 15, 3.5 ], "texture": "#particle" },
        "east":  { "uv": [ 12.5, 1, 15, 3.5 ], "texture": "#particle" }
    }
},
{
    "__comment": "inside*",
    "from": [ 6.5, 5, 10.5 ],
    "to": [ 9.5, 6, 11 ],
    "faces": {
        "down":  { "uv": [ 12, 1, 15, 4 ], "texture": "#particle" },
        "up":    { "uv": [ 12.5, 1.5, 14.5, 4 ], "rotation": 90, "texture": "#particle" },
        "north": { "uv": [ 12.5, 1, 15, 3.5 ], "texture": "#particle" },
        "south": { "uv": [ 12.5, 1, 15, 3.5 ], "texture": "#particle" },
        "west":  { "uv": [ 12.5, 1, 15, 3.5 ], "texture": "#particle" },
        "east":  { "uv": [ 12.5, 1, 15, 3.5 ], "texture": "#particle" }
    }
},
{
    "__comment": "inside*",
    "from": [ 5, 5, 6.5 ],
    "to": [ 5.5, 6, 9.5 ],
    "faces": {
        "down":  { "uv": [ 12, 1, 15, 4 ], "texture": "#particle" },
        "up":    { "uv": [ 12.5, 1.5, 14.5, 4 ], "rotation": 90, "texture": "#particle" },
        "north": { "uv": [ 12.5, 1, 15, 3.5 ], "texture": "#particle" },
        "south": { "uv": [ 12.5, 1, 15, 3.5 ], "texture": "#particle" },
        "west":  { "uv": [ 12.5, 1, 15, 3.5 ], "texture": "#particle" },
        "east":  { "uv": [ 12.5, 1, 15, 3.5 ], "texture": "#particle" }
    }
},
{
    "__comment": "inside*",
    "from": [ 10.5, 5, 6.5 ],
    "to": [ 11, 6, 9.5 ],
    "faces": {
        "down":  { "uv": [ 12, 1, 15, 4 ], "texture": "#particle" },
        "up":    { "uv": [ 12.5, 1.5, 14.5, 4 ], "rotation": 90, "texture": "#particle" },
        "north": { "uv": [ 12.5, 1, 15, 3.5 ], "texture": "#particle" },
        "south": { "uv": [ 12.5, 1, 15, 3.5 ], "texture": "#particle" },
        "west":  { "uv": [ 12.5, 1, 15, 3.5 ], "texture": "#particle" },
        "east":  { "uv": [ 12.5, 1, 15, 3.5 ], "texture": "#particle" }
    }
},
{
    "__comment": "Base*",
    "from": [ 2, -1.5, 2 ],
    "to": [ 14, -0.5, 14 ],
    "faces": {
        "down":  { "uv": [ 9.5, 2.5, 13.5, 6.5 ], "texture": "#texture" },
        "up":    { "uv": [ 10, 2, 14, 6 ], "texture": "#texture" },
        "north": { "uv": [ 9.5, 2, 13.5, 6 ], "texture": "#texture" },
        "south": { "uv": [ 10, 2, 14, 6 ], "texture": "#texture" },
        "west":  { "uv": [ 10, 2, 14, 6 ], "texture": "#texture" },
        "east":  { "uv": [ 10, 2, 14, 6 ], "texture": "#texture" }
    }
},
{
    "__comment": "Base*",
    "from": [ 2, -1.5625, 13.5625 ],
    "to": [ 14, -0.5625, 14.875 ],
    "rotation": { "origin": [ 2, -0.5625, 13.5625 ], "axis": "x", "angle": -22.5 },
    "faces": {
        "down":  { "uv": [ 9.5, 2.5, 13.5, 6.5 ], "texture": "#texture" },
        "up":    { "uv": [ 10, 2, 14, 6 ], "texture": "#texture" },
        "north": { "uv": [ 9.5, 2, 13.5, 6 ], "texture": "#texture" },
        "south": { "uv": [ 10, 2, 14, 6 ], "texture": "#texture" },
        "west":  { "uv": [ 10, 2, 14, 6 ], "texture": "#texture" },
        "east":  { "uv": [ 10, 2, 14, 6 ], "texture": "#texture" }
    }
},
{
    "__comment": "Base*",
    "from": [ 2, -1.0625, 1.1875 ],
    "to": [ 14, -0.0625, 2.5 ],
    "rotation": { "origin": [ 2, -0.0625, 1.1875 ], "axis": "x", "angle": 22.5 },
    "faces": {
        "down":  { "uv": [ 9.5, 2.5, 13.5, 6.5 ], "texture": "#texture" },
        "up":    { "uv": [ 10, 2, 14, 6 ], "texture": "#texture" },
        "north": { "uv": [ 9.5, 2, 13.5, 6 ], "texture": "#texture" },
        "south": { "uv": [ 10, 2, 14, 6 ], "texture": "#texture" },
        "west":  { "uv": [ 10, 2, 14, 6 ], "texture": "#texture" },
        "east":  { "uv": [ 10, 2, 14, 6 ], "texture": "#texture" }
    }
},
{
    "__comment": "Base*",
    "from": [ 2, -0.5625, 0.75 ],
    "to": [ 14, 0.4375, 1.75 ],
    "rotation": { "origin": [ 2, 0.4375, 0.75 ], "axis": "x", "angle": 45 },
    "faces": {
        "down":  { "uv": [ 9.5, 2.5, 13.5, 6.5 ], "texture": "#texture" },
        "up":    { "uv": [ 10, 2, 14, 6 ], "texture": "#texture" },
        "north": { "uv": [ 9.5, 2, 13.5, 6 ], "texture": "#texture" },
        "south": { "uv": [ 10, 2, 14, 6 ], "texture": "#texture" },
        "west":  { "uv": [ 10, 2, 14, 6 ], "texture": "#texture" },
        "east":  { "uv": [ 10, 2, 14, 6 ], "texture": "#texture" }
    }
},
{
    "__comment": "Base*",
    "from": [ 2, -1.3125, 14.4375 ],
    "to": [ 14, -0.3125, 15.4375 ],
    "rotation": { "origin": [ 2, -0.3125, 14.4375 ], "axis": "x", "angle": -45 },
    "faces": {
        "down":  { "uv": [ 9.5, 2.5, 13.5, 6.5 ], "texture": "#texture" },
        "up":    { "uv": [ 10, 2, 14, 6 ], "texture": "#texture" },
        "north": { "uv": [ 9.5, 2, 13.5, 6 ], "texture": "#texture" },
        "south": { "uv": [ 10, 2, 14, 6 ], "texture": "#texture" },
        "west":  { "uv": [ 10, 2, 14, 6 ], "texture": "#texture" },
        "east":  { "uv": [ 10, 2, 14, 6 ], "texture": "#texture" }
    }
},
{
    "__comment": "Base*",
    "from": [ 13.625, -1.5625, 2 ],
    "to": [ 14.9375, -0.5625, 14 ],
    "rotation": { "origin": [ 13.625, -0.5625, 2 ], "axis": "z", "angle": 22.5 },
    "faces": {
        "down":  { "uv": [ 9.5, 2.5, 13.5, 6.5 ], "texture": "#texture" },
        "up":    { "uv": [ 10, 2, 14, 6 ], "texture": "#texture" },
        "north": { "uv": [ 9.5, 2, 13.5, 6 ], "texture": "#texture" },
        "south": { "uv": [ 10, 2, 14, 6 ], "texture": "#texture" },
        "west":  { "uv": [ 10, 2, 14, 6 ], "texture": "#texture" },
        "east":  { "uv": [ 10, 2, 14, 6 ], "texture": "#texture" }
    }
},
{
    "__comment": "Base*",
    "from": [ 1.1875, -1.0625, 2 ],
    "to": [ 2.5, -0.0625, 14 ],
    "rotation": { "origin": [ 1.1875, -0.0625, 2 ], "axis": "z", "angle": -22.5 },
    "faces": {
        "down":  { "uv": [ 9.5, 2.5, 13.5, 6.5 ], "texture": "#texture" },
        "up":    { "uv": [ 10, 2, 14, 6 ], "texture": "#texture" },
        "north": { "uv": [ 9.5, 2, 13.5, 6 ], "texture": "#texture" },
        "south": { "uv": [ 10, 2, 14, 6 ], "texture": "#texture" },
        "west":  { "uv": [ 10, 2, 14, 6 ], "texture": "#texture" },
        "east":  { "uv": [ 10, 2, 14, 6 ], "texture": "#texture" }
    }
},
{
    "__comment": "Base*",
    "from": [ 0.8125, -0.5625, 2 ],
    "to": [ 1.8125, 0.4375, 14 ],
    "rotation": { "origin": [ 0.8125, 0.4375, 2 ], "axis": "z", "angle": -45 },
    "faces": {
        "down":  { "uv": [ 9.5, 2.5, 13.5, 6.5 ], "texture": "#texture" },
        "up":    { "uv": [ 10, 2, 14, 6 ], "texture": "#texture" },
        "north": { "uv": [ 9.5, 2, 13.5, 6 ], "texture": "#texture" },
        "south": { "uv": [ 10, 2, 14, 6 ], "texture": "#texture" },
        "west":  { "uv": [ 10, 2, 14, 6 ], "texture": "#texture" },
        "east":  { "uv": [ 10, 2, 14, 6 ], "texture": "#texture" }
    }
},
{
    "__comment": "Base*",
    "from": [ 14.5, -1.25, 2 ],
    "to": [ 15.5, -0.25, 14 ],
    "rotation": { "origin": [ 14.5, -0.25, 2 ], "axis": "z", "angle": 45 },
    "faces": {
        "down":  { "uv": [ 9.5, 2.5, 13.5, 6.5 ], "texture": "#texture" },
        "up":    { "uv": [ 10, 2, 14, 6 ], "texture": "#texture" },
        "north": { "uv": [ 9.5, 2, 13.5, 6 ], "texture": "#texture" },
        "south": { "uv": [ 10, 2, 14, 6 ], "texture": "#texture" },
        "west":  { "uv": [ 10, 2, 14, 6 ], "texture": "#texture" },
        "east":  { "uv": [ 10, 2, 14, 6 ], "texture": "#texture" }
    }
},
{
    "__comment": "BAR",
    "from": [ 6, 7.5, 0 ],
    "to": [ 7, 8.5, 8.5 ],
    "rotation": { "origin": [ 6, 7.5, 0 ], "axis": "y", "angle": -45 },
    "faces": {
        "down":  { "uv": [ 1, 2, 5, 6 ], "texture": "#texture" },
        "up":    { "uv": [ 2, 2, 6, 6 ], "texture": "#texture" },
        "north": { "uv": [ 2, 2.5, 6, 6.5 ], "texture": "#texture" },
        "south": { "uv": [ 2.5, 2, 6.5, 6 ], "texture": "#texture" },
        "west":  { "uv": [ 2, 2, 6, 6 ], "texture": "#texture" },
        "east":  { "uv": [ 2.5, 2, 6.5, 6 ], "texture": "#texture" }
    }
},
{
    "__comment": "BAR*",
    "from": [ 9.375, 7.5, 0.875 ],
    "to": [ 10.375, 8.5, 9.375 ],
    "rotation": { "origin": [ 9.375, 7.5, 0.875 ], "axis": "y", "angle": 45 },
    "faces": {
        "down":  { "uv": [ 1, 2, 5, 6 ], "texture": "#texture" },
        "up":    { "uv": [ 2, 2, 6, 6 ], "texture": "#texture" },
        "north": { "uv": [ 2, 2.5, 6, 6.5 ], "texture": "#texture" },
        "south": { "uv": [ 2.5, 2, 6.5, 6 ], "texture": "#texture" },
        "west":  { "uv": [ 2, 2, 6, 6 ], "texture": "#texture" },
        "east":  { "uv": [ 2.5, 2, 6.5, 6 ], "texture": "#texture" }
    }
},
{
    "__comment": "BAR*",
    "from": [ 0, 7.5, 9.9375 ],
    "to": [ 1, 8.5, 18.4375 ],
    "rotation": { "origin": [ 0, 7.5, 9.9375 ], "axis": "y", "angle": 45 },
    "faces": {
        "down":  { "uv": [ 1, 2, 5, 6 ], "texture": "#texture" },
        "up":    { "uv": [ 2, 2, 6, 6 ], "texture": "#texture" },
        "north": { "uv": [ 2, 2.5, 6, 6.5 ], "texture": "#texture" },
        "south": { "uv": [ 2.5, 2, 6.5, 6 ], "texture": "#texture" },
        "west":  { "uv": [ 2, 2, 6, 6 ], "texture": "#texture" },
        "east":  { "uv": [ 2.5, 2, 6.5, 6 ], "texture": "#texture" }
    }
},
{
    "__comment": "BAR*",
    "from": [ 15.3125, 7.5, 9.1875 ],
    "to": [ 16.3125, 8.5, 17.6875 ],
    "rotation": { "origin": [ 15.3125, 7.5, 9.1875 ], "axis": "y", "angle": -45 },
    "faces": {
        "down":  { "uv": [ 1, 2, 5, 6 ], "texture": "#texture" },
        "up":    { "uv": [ 2, 2, 6, 6 ], "texture": "#texture" },
        "north": { "uv": [ 2, 2.5, 6, 6.5 ], "texture": "#texture" },
        "south": { "uv": [ 2.5, 2, 6.5, 6 ], "texture": "#texture" },
        "west":  { "uv": [ 2, 2, 6, 6 ], "texture": "#texture" },
        "east":  { "uv": [ 2.5, 2, 6.5, 6 ], "texture": "#texture" }
    }
}
],
"display": {
    "head": {
        "rotation": [ 0, 0, 0 ],
        "translation": [ 0, 13, 0 ],
        "scale": [ 2, 2, 2 ]
    },
    "gui": {
        "rotation": [ 30, 45, 0 ],
        "translation": [ 0, 2, 0 ],
        "scale": [ 0.75, 0.75, 0.75 ]
    }
}
}